host,dns_unique_dst,dns_total_queries,auth_unique_users,auth_total_events,auth_failed,proc_unique_processes,proc_total_events,is_compromised
C1,4.0,6.0,9.0,98.0,0.0,8.0,192.0,0
C10,0.0,0.0,35.0,286.0,0.0,6.0,134.0,0
C100,0.0,0.0,2.0,66.0,0.0,14.0,123.0,0
C1000,0.0,0.0,1.0,77.0,0.0,11.0,88.0,0
C10001,1.0,1.0,0.0,0.0,0.0,0.0,0.0,0
C1001,0.0,0.0,2.0,92.0,0.0,13.0,96.0,0
C10012,8.0,8.0,0.0,0.0,0.0,0.0,0.0,0
C1002,0.0,0.0,2.0,77.0,0.0,11.0,80.0,0
C10029,5.0,18.0,0.0,0.0,0.0,0.0,0.0,0
C1003,0.0,0.0,15.0,59.0,0.0,6.0,87.0,0
C10031,6.0,7.0,0.0,0.0,0.0,0.0,0.0,0
C1004,0.0,0.0,1.0,63.0,0.0,11.0,86.0,0
C10041,1.0,1.0,0.0,0.0,0.0,0.0,0.0,0
C10043,4.0,4.0,0.0,0.0,0.0,0.0,0.0,0
C1005,0.0,0.0,2.0,106.0,0.0,13.0,145.0,0
C10051,6.0,29.0,0.0,0.0,0.0,0.0,0.0,0
C10056,3.0,4.0,0.0,0.0,0.0,0.0,0.0,0
C1006,17.0,194.0,2.0,99.0,0.0,9.0,1425.0,0
C1007,0.0,0.0,3.0,80.0,0.0,8.0,116.0,0
C10077,5.0,5.0,0.0,0.0,0.0,0.0,0.0,0
C1008,0.0,0.0,2.0,147.0,0.0,11.0,90.0,0
C10083,1.0,1.0,0.0,0.0,0.0,0.0,0.0,0
C1009,2.0,6.0,3.0,100.0,0.0,12.0,89.0,0
C10099,8.0,14.0,0.0,0.0,0.0,0.0,0.0,0
C101,0.0,0.0,16.0,10856.0,0.0,12.0,2863.0,0
C1010,1.0,3.0,1.0,34.0,0.0,8.0,314.0,0
C1011,0.0,0.0,2.0,82.0,0.0,17.0,91.0,0
C10112,4.0,11.0,0.0,0.0,0.0,0.0,0.0,0
C10116,13.0,127.0,0.0,0.0,0.0,0.0,0.0,0
C1012,0.0,0.0,3.0,117.0,0.0,13.0,100.0,0
C10121,5.0,8.0,0.0,0.0,0.0,0.0,0.0,0
C10125,17.0,27.0,0.0,0.0,0.0,0.0,0.0,0
C10127,4.0,5.0,0.0,0.0,0.0,0.0,0.0,0
C1013,0.0,0.0,1.0,80.0,0.0,10.0,94.0,0
C10131,6.0,8.0,0.0,0.0,0.0,0.0,0.0,0
C10134,2.0,2.0,0.0,0.0,0.0,0.0,0.0,0
C1014,0.0,0.0,2.0,98.0,0.0,12.0,96.0,0
C10140,4.0,6.0,0.0,0.0,0.0,0.0,0.0,0
C10148,6.0,8.0,0.0,0.0,0.0,0.0,0.0,0
C1015,10.0,10.0,8.0,812.0,0.0,0.0,0.0,0
C10152,19.0,86.0,0.0,0.0,0.0,0.0,0.0,0
C1016,1.0,3.0,2.0,65.0,0.0,13.0,97.0,0
C10165,9.0,17.0,0.0,0.0,0.0,0.0,0.0,0
C1017,0.0,0.0,1.0,61.0,0.0,11.0,97.0,0
C1018,11.0,19.0,3.0,89.0,0.0,15.0,112.0,0
C10187,2.0,2.0,0.0,0.0,0.0,0.0,0.0,0
C10189,2.0,24.0,0.0,0.0,0.0,0.0,0.0,0
C1019,2.0,2.0,2.0,88.0,0.0,14.0,197.0,0
C10191,8.0,17.0,0.0,0.0,0.0,0.0,0.0,0
C102,0.0,0.0,3.0,77.0,0.0,0.0,0.0,0
C1020,0.0,0.0,3.0,113.0,0.0,13.0,96.0,0
C1021,0.0,0.0,2.0,60.0,0.0,19.0,267.0,0
C10219,4.0,7.0,0.0,0.0,0.0,0.0,0.0,0
C1022,4.0,5.0,1.0,37.0,0.0,13.0,206.0,0
C1023,0.0,0.0,1.0,45.0,0.0,12.0,110.0,0
C10239,11.0,16.0,0.0,0.0,0.0,0.0,0.0,0
C1024,0.0,0.0,2.0,74.0,0.0,13.0,90.0,0
C1025,1.0,1.0,4.0,523.0,0.0,0.0,0.0,0
C1026,0.0,0.0,1.0,57.0,0.0,13.0,62.0,0
C10260,5.0,5.0,0.0,0.0,0.0,0.0,0.0,0
C10267,3.0,3.0,0.0,0.0,0.0,0.0,0.0,0
C1027,0.0,0.0,2.0,86.0,0.0,14.0,98.0,0
C10279,8.0,34.0,0.0,0.0,0.0,0.0,0.0,0
C1028,0.0,0.0,2.0,327.0,0.0,8.0,230.0,0
C10281,6.0,10.0,0.0,0.0,0.0,0.0,0.0,0
C1029,0.0,0.0,1.0,79.0,0.0,10.0,92.0,0
C10299,9.0,14.0,0.0,0.0,0.0,0.0,0.0,0
C1030,0.0,0.0,2.0,88.0,0.0,35.0,126.0,0
C1031,0.0,0.0,3.0,131.0,0.0,15.0,361.0,0
C10313,1.0,1.0,0.0,0.0,0.0,0.0,0.0,0
C1032,0.0,0.0,2.0,57.0,0.0,14.0,220.0,0
C10328,5.0,5.0,0.0,0.0,0.0,0.0,0.0,0
C1033,0.0,0.0,3.0,137.0,0.0,13.0,99.0,0
C10330,4.0,7.0,0.0,0.0,0.0,0.0,0.0,0
C10331,13.0,27.0,0.0,0.0,0.0,0.0,0.0,0
C10336,11.0,49.0,0.0,0.0,0.0,0.0,0.0,0
C1034,0.0,0.0,1.0,3.0,0.0,13.0,99.0,0
C10340,1.0,2.0,0.0,0.0,0.0,0.0,0.0,0
C10345,5.0,7.0,0.0,0.0,0.0,0.0,0.0,0
C1035,9.0,18.0,1.0,130.0,0.0,10.0,391.0,0
C10355,9.0,18.0,0.0,0.0,0.0,0.0,0.0,0
C1036,0.0,0.0,2.0,108.0,0.0,9.0,85.0,0
C10364,3.0,6.0,0.0,0.0,0.0,0.0,0.0,0
C1037,0.0,0.0,2.0,63.0,0.0,13.0,98.0,0
C10378,15.0,46.0,0.0,0.0,0.0,0.0,0.0,0
C1038,0.0,0.0,2.0,81.0,0.0,14.0,108.0,0
C1039,0.0,0.0,3.0,108.0,0.0,13.0,92.0,0
C10397,8.0,18.0,0.0,0.0,0.0,0.0,0.0,0
C10399,1.0,1.0,0.0,0.0,0.0,0.0,0.0,0
C1040,0.0,0.0,2.0,87.0,0.0,17.0,107.0,0
C10401,1.0,1.0,0.0,0.0,0.0,0.0,0.0,0
C10407,18.0,31.0,0.0,0.0,0.0,0.0,0.0,0
C1041,0.0,0.0,1.0,76.0,0.0,13.0,622.0,0
C10417,7.0,16.0,0.0,0.0,0.0,0.0,0.0,0
C1042,0.0,0.0,5.0,342.0,0.0,63.0,2896.0,0
C1043,0.0,0.0,2.0,105.0,0.0,18.0,113.0,0
C10430,19.0,1075.0,0.0,0.0,0.0,0.0,0.0,0
C10438,15.0,148.0,0.0,0.0,0.0,0.0,0.0,0
C1044,0.0,0.0,2.0,99.0,0.0,11.0,86.0,0
C10442,6.0,8.0,0.0,0.0,0.0,0.0,0.0,0
C1045,1.0,1.0,3.0,113.0,6.0,18.0,285.0,0
C1046,1.0,1.0,3.0,49.0,0.0,6.0,96.0,0
C1047,0.0,0.0,2.0,103.0,0.0,12.0,92.0,0
C1048,0.0,0.0,3.0,117.0,0.0,12.0,93.0,0
C1049,0.0,0.0,1.0,54.0,0.0,10.0,63.0,0
C10490,8.0,13.0,0.0,0.0,0.0,0.0,0.0,0
C10495,3.0,7.0,0.0,0.0,0.0,0.0,0.0,0
C10497,5.0,11.0,0.0,0.0,0.0,0.0,0.0,0
C105,0.0,0.0,35.0,9067.0,24.0,0.0,0.0,0
C1050,0.0,0.0,2.0,187.0,0.0,11.0,101.0,0
C1051,2.0,2.0,2.0,87.0,0.0,13.0,93.0,0
C10514,5.0,19.0,0.0,0.0,0.0,0.0,0.0,0
C1052,0.0,0.0,1.0,58.0,0.0,11.0,86.0,0
C10529,27.0,1483.0,0.0,0.0,0.0,0.0,0.0,0
C1053,4.0,5.0,3.0,93.0,0.0,13.0,93.0,0
C10533,1.0,1.0,0.0,0.0,0.0,0.0,0.0,0
C10537,2.0,2.0,0.0,0.0,0.0,0.0,0.0,0
C1054,0.0,0.0,1.0,39.0,0.0,11.0,90.0,0
C10541,3.0,3.0,0.0,0.0,0.0,0.0,0.0,0
C10545,13.0,112.0,0.0,0.0,0.0,0.0,0.0,0
C1055,0.0,0.0,1.0,34.0,0.0,17.0,105.0,0
C10551,1.0,1.0,0.0,0.0,0.0,0.0,0.0,0
C10554,6.0,9.0,0.0,0.0,0.0,0.0,0.0,0
C10557,3.0,5.0,0.0,0.0,0.0,0.0,0.0,0
C1056,0.0,0.0,14.0,771.0,0.0,10.0,158.0,0
C10563,13.0,18.0,0.0,0.0,0.0,0.0,0.0,0
C10570,3.0,4.0,0.0,0.0,0.0,0.0,0.0,0
C10576,4.0,4.0,0.0,0.0,0.0,0.0,0.0,0
C1058,0.0,0.0,2.0,88.0,0.0,15.0,136.0,0
C10585,9.0,17.0,0.0,0.0,0.0,0.0,0.0,0
C1059,3.0,4.0,2.0,85.0,0.0,13.0,182.0,0
C106,1.0,1.0,2.0,69.0,0.0,13.0,103.0,0
C1060,0.0,0.0,1.0,65.0,0.0,11.0,92.0,0
C1061,0.0,0.0,1.0,49.0,0.0,6.0,71.0,0
C10611,6.0,73.0,0.0,0.0,0.0,0.0,0.0,0
C10616,7.0,11.0,0.0,0.0,0.0,0.0,0.0,0
C1062,0.0,0.0,3.0,101.0,0.0,14.0,109.0,0
C10624,15.0,90.0,0.0,0.0,0.0,0.0,0.0,0
C1063,0.0,0.0,2.0,68.0,0.0,13.0,106.0,0
C10636,18.0,114.0,0.0,0.0,0.0,0.0,0.0,0
C1064,0.0,0.0,2.0,72.0,0.0,11.0,92.0,0
C1065,1.0,1.0,2426.0,33424.0,170.0,8.0,168.0,0
C1066,3.0,3.0,3.0,81.0,0.0,0.0,0.0,0
C10660,11.0,18.0,0.0,0.0,0.0,0.0,0.0,0
C10664,8.0,9.0,0.0,0.0,0.0,0.0,0.0,0
C10668,11.0,19.0,0.0,0.0,0.0,0.0,0.0,0
C1067,8.0,11.0,2.0,89.0,0.0,14.0,101.0,0
C10675,13.0,95.0,0.0,0.0,0.0,0.0,0.0,0
C10677,8.0,13.0,0.0,0.0,0.0,0.0,0.0,0
C1068,0.0,0.0,1.0,75.0,0.0,10.0,96.0,0
C10682,6.0,15.0,0.0,0.0,0.0,0.0,0.0,0
C1069,0.0,0.0,2.0,67.0,0.0,15.0,102.0,0
C10694,23.0,282.0,0.0,0.0,0.0,0.0,0.0,0
C10695,1.0,1.0,0.0,0.0,0.0,0.0,0.0,0
C107,0.0,0.0,1.0,55.0,0.0,11.0,88.0,0
C1070,0.0,0.0,1.0,72.0,0.0,11.0,87.0,0
C10704,11.0,47.0,0.0,0.0,0.0,0.0,0.0,0
C1071,0.0,0.0,2.0,45.0,0.0,12.0,89.0,0
C10713,28.0,1096.0,0.0,0.0,0.0,0.0,0.0,0
C10719,1.0,1.0,0.0,0.0,0.0,0.0,0.0,0
C1072,1.0,1.0,1.0,54.0,0.0,11.0,93.0,0
C1073,0.0,0.0,3.0,127.0,0.0,17.0,93.0,0
C10730,3.0,5.0,0.0,0.0,0.0,0.0,0.0,0
C10736,1.0,1.0,0.0,0.0,0.0,0.0,0.0,0
C10738,4.0,6.0,0.0,0.0,0.0,0.0,0.0,0
C1074,11.0,20.0,2.0,82.0,0.0,13.0,103.0,0
C1075,0.0,0.0,2.0,50.0,0.0,7.0,454.0,0
C10755,3.0,3.0,0.0,0.0,0.0,0.0,0.0,0
C1076,0.0,0.0,1.0,45.0,0.0,11.0,89.0,0
C1077,0.0,0.0,1.0,70.0,0.0,11.0,87.0,0
C10772,3.0,3.0,0.0,0.0,0.0,0.0,0.0,0
C10774,4.0,10.0,0.0,0.0,0.0,0.0,0.0,0
C1078,2.0,3.0,1.0,63.0,0.0,11.0,88.0,0
C10788,11.0,26.0,0.0,0.0,0.0,0.0,0.0,0
C1079,0.0,0.0,1.0,55.0,0.0,11.0,88.0,0
C10799,19.0,73.0,0.0,0.0,0.0,0.0,0.0,0
C108,3.0,3.0,1.0,63.0,0.0,11.0,148.0,0
C1080,0.0,0.0,1.0,39.0,0.0,10.0,84.0,0
C10801,2.0,3.0,0.0,0.0,0.0,0.0,0.0,0
C10803,4.0,8.0,0.0,0.0,0.0,0.0,0.0,0
C10807,5.0,11.0,0.0,0.0,0.0,0.0,0.0,0
C10809,11.0,22.0,0.0,0.0,0.0,0.0,0.0,0
C1081,0.0,0.0,2.0,77.0,0.0,14.0,95.0,0
C10811,2.0,2.0,0.0,0.0,0.0,0.0,0.0,0
C1082,13.0,20.0,2.0,77.0,0.0,15.0,108.0,0
C10825,1.0,1.0,0.0,0.0,0.0,0.0,0.0,0
C10829,8.0,8.0,0.0,0.0,0.0,0.0,0.0,0
C1083,0.0,0.0,2.0,110.0,0.0,11.0,91.0,0
C1084,0.0,0.0,2.0,88.0,0.0,15.0,105.0,0
C1085,0.0,0.0,18.0,6393.0,22.0,16.0,3105.0,0
C1086,0.0,0.0,3.0,116.0,0.0,14.0,102.0,0
C10860,5.0,6.0,0.0,0.0,0.0,0.0,0.0,0
C1087,1.0,1.0,2.0,64.0,0.0,17.0,166.0,0
C10870,4.0,8.0,0.0,0.0,0.0,0.0,0.0,0
C1088,1.0,3.0,1.0,62.0,0.0,10.0,90.0,0
C10886,5.0,16.0,0.0,0.0,0.0,0.0,0.0,0
C1089,19.0,27.0,4.0,299.0,1.0,57.0,2727.0,0
C109,0.0,0.0,3.0,61.0,0.0,7.0,162.0,0
C1090,7.0,21.0,2.0,84.0,0.0,16.0,126.0,0
C10904,13.0,47.0,0.0,0.0,0.0,0.0,0.0,0
C1091,0.0,0.0,1.0,44.0,0.0,11.0,178.0,0
C10916,14.0,17.0,0.0,0.0,0.0,0.0,0.0,0
C10919,2.0,2.0,0.0,0.0,0.0,0.0,0.0,0
C1092,0.0,0.0,2.0,98.0,0.0,12.0,205.0,0
C10925,21.0,571.0,0.0,0.0,0.0,0.0,0.0,0
C1093,0.0,0.0,1.0,64.0,0.0,11.0,94.0,0
C10931,12.0,30.0,0.0,0.0,0.0,0.0,0.0,0
C1095,0.0,0.0,1.0,19.0,0.0,0.0,0.0,0
C10951,25.0,769.0,0.0,0.0,0.0,0.0,0.0,0
C10952,18.0,120.0,0.0,0.0,0.0,0.0,0.0,0
C10957,8.0,14.0,0.0,0.0,0.0,0.0,0.0,0
C1096,5.0,5.0,1.0,67.0,0.0,14.0,94.0,0
C10962,2.0,2.0,0.0,0.0,0.0,0.0,0.0,0
C10966,3.0,4.0,0.0,0.0,0.0,0.0,0.0,0
C1097,0.0,0.0,1.0,51.0,0.0,11.0,86.0,0
C10970,5.0,8.0,0.0,0.0,0.0,0.0,0.0,0
C1098,2.0,2.0,2.0,119.0,0.0,20.0,115.0,0
C10984,1.0,1.0,0.0,0.0,0.0,0.0,0.0,0
C1099,0.0,0.0,2.0,96.0,0.0,11.0,90.0,0
C10992,10.0,20.0,0.0,0.0,0.0,0.0,0.0,0
C10999,7.0,8.0,0.0,0.0,0.0,0.0,0.0,0
C11,0.0,0.0,2.0,74.0,0.0,0.0,0.0,0
C110,0.0,0.0,1.0,39.0,0.0,11.0,88.0,0
C1100,3.0,3.0,2.0,68.0,0.0,17.0,103.0,0
C11003,2.0,13.0,0.0,0.0,0.0,0.0,0.0,0
C11004,19.0,1392.0,0.0,0.0,0.0,0.0,0.0,0
C1101,0.0,0.0,2.0,61.0,0.0,17.0,271.0,0
C11011,8.0,8.0,0.0,0.0,0.0,0.0,0.0,0
C11015,5.0,6.0,0.0,0.0,0.0,0.0,0.0,0
C11017,8.0,24.0,0.0,0.0,0.0,0.0,0.0,0
C1102,13.0,321.0,2.0,130.0,0.0,12.0,85.0,0
C11027,5.0,5.0,0.0,0.0,0.0,0.0,0.0,0
C1103,0.0,0.0,2.0,91.0,0.0,14.0,198.0,0
C11033,6.0,11.0,0.0,0.0,0.0,0.0,0.0,0
C11037,13.0,15.0,0.0,0.0,0.0,0.0,0.0,0
C11039,3.0,3.0,0.0,0.0,0.0,0.0,0.0,0
C1104,0.0,0.0,2.0,77.0,0.0,11.0,90.0,0
C11044,2.0,4.0,0.0,0.0,0.0,0.0,0.0,0
C11049,4.0,5.0,0.0,0.0,0.0,0.0,0.0,0
C1105,11.0,22.0,3.0,122.0,0.0,13.0,102.0,0
C11051,7.0,13.0,0.0,0.0,0.0,0.0,0.0,0
C11055,8.0,22.0,0.0,0.0,0.0,0.0,0.0,0
C11059,1.0,1.0,0.0,0.0,0.0,0.0,0.0,0
C1106,7.0,34.0,2.0,48.0,0.0,11.0,174.0,0
C11061,9.0,10.0,0.0,0.0,0.0,0.0,0.0,0
C11069,7.0,8.0,0.0,0.0,0.0,0.0,0.0,0
C1107,8.0,20.0,2.0,83.0,0.0,16.0,109.0,0
C11077,12.0,25.0,0.0,0.0,0.0,0.0,0.0,0
C1108,21.0,1071.0,1.0,62.0,0.0,11.0,88.0,0
C11082,3.0,6.0,0.0,0.0,0.0,0.0,0.0,0
C1109,0.0,0.0,2.0,118.0,0.0,12.0,107.0,0
C11092,8.0,19.0,0.0,0.0,0.0,0.0,0.0,0
C11094,2.0,2.0,0.0,0.0,0.0,0.0,0.0,0
C111,0.0,0.0,1.0,74.0,0.0,14.0,94.0,0
C1110,0.0,0.0,2.0,65.0,0.0,14.0,227.0,0
C11103,7.0,14.0,0.0,0.0,0.0,0.0,0.0,0
C1111,7.0,8.0,2.0,64.0,0.0,19.0,212.0,0
C11114,25.0,970.0,0.0,0.0,0.0,0.0,0.0,0
C11118,9.0,17.0,0.0,0.0,0.0,0.0,0.0,0
C1112,0.0,0.0,1.0,48.0,0.0,11.0,86.0,0
C11120,6.0,7.0,0.0,0.0,0.0,0.0,0.0,0
C11124,4.0,35.0,0.0,0.0,0.0,0.0,0.0,0
C11129,10.0,13.0,0.0,0.0,0.0,0.0,0.0,0
C1113,0.0,0.0,1.0,54.0,0.0,11.0,172.0,0
C11132,18.0,36.0,0.0,0.0,0.0,0.0,0.0,0
C11138,7.0,8.0,0.0,0.0,0.0,0.0,0.0,0
C11139,4.0,5.0,0.0,0.0,0.0,0.0,0.0,0
C11142,30.0,1557.0,0.0,0.0,0.0,0.0,0.0,0
C11147,5.0,5.0,0.0,0.0,0.0,0.0,0.0,0
C1115,0.0,0.0,35.0,10507.0,67.0,0.0,0.0,0
C11157,5.0,5.0,0.0,0.0,0.0,0.0,0.0,0
C1116,0.0,0.0,2.0,77.0,0.0,14.0,96.0,0
C11161,24.0,1165.0,0.0,0.0,0.0,0.0,0.0,0
C11163,6.0,16.0,0.0,0.0,0.0,0.0,0.0,0
C11167,5.0,6.0,0.0,0.0,0.0,0.0,0.0,0
C1117,0.0,0.0,3.0,126.0,0.0,20.0,210.0,0
C11176,5.0,9.0,0.0,0.0,0.0,0.0,0.0,0
C1118,0.0,0.0,1.0,52.0,0.0,13.0,93.0,0
C1119,0.0,0.0,2.0,74.0,0.0,11.0,92.0,0
C112,0.0,0.0,2.0,75.0,0.0,13.0,95.0,0
C1120,0.0,0.0,1.0,38.0,0.0,17.0,103.0,0
C1121,0.0,0.0,2.0,8.0,0.0,7.0,139.0,0
C11217,1.0,1.0,0.0,0.0,0.0,0.0,0.0,0
C1122,9.0,30.0,3.0,168.0,0.0,14.0,100.0,0
C1123,0.0,0.0,2.0,52.0,0.0,14.0,148.0,0
C11238,11.0,20.0,0.0,0.0,0.0,0.0,0.0,0
C1124,0.0,0.0,1.0,38.0,0.0,9.0,148.0,0
C1125,0.0,0.0,3.0,98.0,0.0,15.0,125.0,0
C11255,6.0,45.0,0.0,0.0,0.0,0.0,0.0,0
C1126,0.0,0.0,2.0,98.0,0.0,12.0,90.0,0
C1127,0.0,0.0,2.0,111.0,0.0,11.0,92.0,0
C11270,5.0,6.0,0.0,0.0,0.0,0.0,0.0,0
C11272,8.0,18.0,0.0,0.0,0.0,0.0,0.0,0
C1128,0.0,0.0,1.0,46.0,0.0,10.0,90.0,0
C11281,6.0,21.0,0.0,0.0,0.0,0.0,0.0,0
C11288,5.0,12.0,0.0,0.0,0.0,0.0,0.0,0
C1129,0.0,0.0,2.0,81.0,0.0,13.0,101.0,0
C11290,1.0,1.0,0.0,0.0,0.0,0.0,0.0,0
C11298,1.0,1.0,0.0,0.0,0.0,0.0,0.0,0
C113,0.0,0.0,2.0,84.0,0.0,16.0,100.0,0
C1130,11.0,17.0,2.0,114.0,0.0,12.0,88.0,0
C11303,2.0,2.0,0.0,0.0,0.0,0.0,0.0,0
C1131,0.0,0.0,1.0,34.0,0.0,14.0,111.0,0
C11315,18.0,805.0,0.0,0.0,0.0,0.0,0.0,0
C11317,6.0,6.0,0.0,0.0,0.0,0.0,0.0,0
C1132,0.0,0.0,1.0,65.0,0.0,12.0,103.0,0
C11327,3.0,4.0,0.0,0.0,0.0,0.0,0.0,0
C1133,0.0,0.0,1.0,37.0,0.0,11.0,91.0,0
C11332,6.0,7.0,0.0,0.0,0.0,0.0,0.0,0
C11334,13.0,20.0,0.0,0.0,0.0,0.0,0.0,0
C11336,19.0,259.0,0.0,0.0,0.0,0.0,0.0,0
C11338,3.0,6.0,0.0,0.0,0.0,0.0,0.0,0
C1134,11.0,37.0,2.0,133.0,0.0,11.0,94.0,0
C11346,20.0,1071.0,0.0,0.0,0.0,0.0,0.0,0
C11348,13.0,23.0,0.0,0.0,0.0,0.0,0.0,0
C1135,0.0,0.0,2.0,79.0,0.0,13.0,98.0,0
C1136,0.0,0.0,3.0,128.0,0.0,16.0,467.0,0
C11366,1.0,1.0,0.0,0.0,0.0,0.0,0.0,0
C1137,9.0,39.0,2.0,112.0,0.0,11.0,93.0,0
C11370,8.0,27.0,0.0,0.0,0.0,0.0,0.0,0
C1138,0.0,0.0,1.0,54.0,0.0,10.0,36.0,0
C11388,12.0,28.0,0.0,0.0,0.0,0.0,0.0,0
C1139,0.0,0.0,4.0,320.0,1.0,56.0,2673.0,0
C11394,12.0,44.0,0.0,0.0,0.0,0.0,0.0,0
C114,15.0,46.0,1.0,80.0,0.0,10.0,93.0,0
C1140,0.0,0.0,1.0,58.0,0.0,11.0,94.0,0
C11400,5.0,9.0,0.0,0.0,0.0,0.0,0.0,0
C11402,3.0,3.0,0.0,0.0,0.0,0.0,0.0,0
C1141,9.0,12.0,2.0,40.0,0.0,5.0,92.0,0
C11410,7.0,9.0,0.0,0.0,0.0,0.0,0.0,0
C1142,21.0,2070.0,2.0,81.0,0.0,13.0,94.0,0
C11427,2.0,2.0,0.0,0.0,0.0,0.0,0.0,0
C1143,0.0,0.0,2.0,103.0,0.0,16.0,102.0,0
C1144,6.0,35.0,1.0,88.0,0.0,10.0,93.0,0
C11445,3.0,7.0,0.0,0.0,0.0,0.0,0.0,0
C1145,4.0,7.0,3.0,133.0,0.0,14.0,108.0,0
C11455,16.0,3102.0,0.0,0.0,0.0,0.0,0.0,0
C11459,8.0,9.0,0.0,0.0,0.0,0.0,0.0,0
C1146,0.0,0.0,2.0,115.0,0.0,12.0,103.0,0
C11467,1.0,1.0,0.0,0.0,0.0,0.0,0.0,0
C1147,1.0,1.0,2.0,78.0,0.0,15.0,111.0,0
C11475,16.0,31.0,0.0,0.0,0.0,0.0,0.0,0
C11479,3.0,4.0,0.0,0.0,0.0,0.0,0.0,0
C1148,6.0,13.0,3.0,93.0,0.0,13.0,95.0,0
C11486,4.0,4.0,0.0,0.0,0.0,0.0,0.0,0
C11488,22.0,226.0,0.0,0.0,0.0,0.0,0.0,0
C1149,1.0,1.0,4.0,203.0,12.0,11.0,37.0,0
C11491,1.0,1.0,0.0,0.0,0.0,0.0,0.0,0
C115,0.0,0.0,1.0,50.0,0.0,7.0,132.0,0
C1150,0.0,0.0,2.0,72.0,0.0,14.0,101.0,0
C1151,3.0,3.0,2.0,92.0,0.0,11.0,93.0,0
C1152,24.0,51.0,4.0,639.0,0.0,8.0,361.0,0
C11525,3.0,4.0,0.0,0.0,0.0,0.0,0.0,0
C11529,3.0,6.0,0.0,0.0,0.0,0.0,0.0,0
C1153,7.0,7.0,2.0,57.0,0.0,9.0,94.0,0
C11535,18.0,60.0,0.0,0.0,0.0,0.0,0.0,0
C1154,0.0,0.0,1.0,73.0,0.0,11.0,96.0,0
C11547,4.0,4.0,0.0,0.0,0.0,0.0,0.0,0
C1155,0.0,0.0,2.0,71.0,0.0,11.0,54.0,0
C11551,1.0,1.0,0.0,0.0,0.0,0.0,0.0,0
C11553,9.0,72.0,0.0,0.0,0.0,0.0,0.0,0
C11557,24.0,848.0,0.0,0.0,0.0,0.0,0.0,0
C1156,0.0,0.0,2.0,58.0,0.0,14.0,143.0,0
C11564,20.0,750.0,0.0,0.0,0.0,0.0,0.0,0
C1157,0.0,0.0,1.0,49.0,0.0,10.0,171.0,0
C11571,18.0,47.0,0.0,0.0,0.0,0.0,0.0,0
C1158,0.0,0.0,1.0,42.0,0.0,12.0,94.0,0
C11589,8.0,10.0,0.0,0.0,0.0,0.0,0.0,0
C1159,3.0,12.0,2.0,89.0,0.0,11.0,89.0,0
C11593,2.0,3.0,0.0,0.0,0.0,0.0,0.0,0
C11594,6.0,7.0,0.0,0.0,0.0,0.0,0.0,0
C11596,14.0,25.0,0.0,0.0,0.0,0.0,0.0,0
C116,0.0,0.0,1.0,53.0,0.0,11.0,90.0,0
C1160,3.0,3.0,2.0,124.0,0.0,17.0,100.0,0
C11600,9.0,13.0,0.0,0.0,0.0,0.0,0.0,0
C11605,6.0,7.0,0.0,0.0,0.0,0.0,0.0,0
C1161,0.0,0.0,2.0,60.0,0.0,18.0,110.0,0
C1162,0.0,0.0,2.0,98.0,0.0,13.0,98.0,0
C11622,17.0,56.0,0.0,0.0,0.0,0.0,0.0,0
C1163,13.0,40.0,1.0,83.0,0.0,10.0,93.0,0
C1164,16.0,28.0,2.0,102.0,0.0,33.0,159.0,0
C11641,5.0,5.0,0.0,0.0,0.0,0.0,0.0,0
C11643,21.0,154.0,0.0,0.0,0.0,0.0,0.0,0
C11646,4.0,7.0,0.0,0.0,0.0,0.0,0.0,0
C11648,7.0,12.0,0.0,0.0,0.0,0.0,0.0,0
C1165,8.0,14.0,2.0,41.0,0.0,14.0,98.0,0
C11650,11.0,21.0,0.0,0.0,0.0,0.0,0.0,0
C11654,1.0,1.0,0.0,0.0,0.0,0.0,0.0,0
C11658,20.0,717.0,0.0,0.0,0.0,0.0,0.0,0
C1166,0.0,0.0,1.0,84.0,0.0,12.0,88.0,0
C11663,2.0,3.0,0.0,0.0,0.0,0.0,0.0,0
C1167,17.0,21.0,3.0,145.0,0.0,14.0,99.0,0
C1168,11.0,36.0,2.0,58.0,0.0,13.0,95.0,0
C11686,12.0,23.0,0.0,0.0,0.0,0.0,0.0,0
C11688,4.0,9.0,0.0,0.0,0.0,0.0,0.0,0
C1169,22.0,58.0,1.0,50.0,0.0,11.0,90.0,0
C11697,2.0,2.0,0.0,0.0,0.0,0.0,0.0,0
C117,0.0,0.0,3.0,106.0,0.0,15.0,105.0,0
C1170,0.0,0.0,2.0,112.0,0.0,11.0,92.0,0
C1171,0.0,0.0,3.0,125.0,0.0,14.0,136.0,0
C11714,2.0,3.0,0.0,0.0,0.0,0.0,0.0,0
C1172,0.0,0.0,1.0,30.0,0.0,11.0,89.0,0
C1173,4.0,4.0,11.0,73.0,0.0,9.0,160.0,0
C11731,2.0,5.0,0.0,0.0,0.0,0.0,0.0,0
C11738,17.0,44.0,0.0,0.0,0.0,0.0,0.0,0
C1174,0.0,0.0,1.0,47.0,0.0,13.0,92.0,0
C11741,8.0,16.0,0.0,0.0,0.0,0.0,0.0,0
C11743,10.0,77.0,0.0,0.0,0.0,0.0,0.0,0
C11748,7.0,8.0,0.0,0.0,0.0,0.0,0.0,0
C1175,0.0,0.0,1.0,65.0,0.0,18.0,99.0,0
C11751,5.0,7.0,0.0,0.0,0.0,0.0,0.0,0
C11757,8.0,20.0,0.0,0.0,0.0,0.0,0.0,0
C1176,9.0,37.0,1.0,51.0,0.0,9.0,88.0,0
C11768,20.0,2535.0,0.0,0.0,0.0,0.0,0.0,0
C1177,0.0,0.0,2.0,53.0,0.0,16.0,216.0,0
C11774,11.0,13.0,0.0,0.0,0.0,0.0,0.0,0
C11777,5.0,9.0,0.0,0.0,0.0,0.0,0.0,0
C1178,0.0,0.0,2.0,81.0,0.0,13.0,113.0,0
C11787,4.0,4.0,0.0,0.0,0.0,0.0,0.0,0
C1179,4.0,7.0,1.0,56.0,0.0,11.0,90.0,0
C118,8.0,8.0,2.0,120.0,0.0,7.0,79.0,0
C1180,0.0,0.0,2.0,69.0,0.0,16.0,104.0,0
C11803,11.0,16.0,0.0,0.0,0.0,0.0,0.0,0
C11806,3.0,5.0,0.0,0.0,0.0,0.0,0.0,0
C1181,0.0,0.0,2.0,62.0,0.0,15.0,104.0,0
C1182,0.0,0.0,3.0,103.0,0.0,9.0,610.0,0
C11821,11.0,18.0,0.0,0.0,0.0,0.0,0.0,0
C11827,22.0,1533.0,0.0,0.0,0.0,0.0,0.0,0
C1183,6.0,10.0,5.0,497.0,0.0,14.0,213.0,0
C1184,0.0,0.0,3.0,124.0,0.0,16.0,96.0,0
C1185,0.0,0.0,3.0,103.0,0.0,13.0,98.0,0
C11851,2.0,3.0,0.0,0.0,0.0,0.0,0.0,0
C1186,0.0,0.0,2.0,94.0,0.0,13.0,103.0,0
C1187,0.0,0.0,2.0,97.0,0.0,13.0,154.0,0
C11875,2.0,3.0,0.0,0.0,0.0,0.0,0.0,0
C11877,13.0,59.0,0.0,0.0,0.0,0.0,0.0,0
C1188,0.0,0.0,2.0,90.0,0.0,11.0,88.0,0
C11885,25.0,1251.0,0.0,0.0,0.0,0.0,0.0,0
C1189,0.0,0.0,3.0,107.0,0.0,13.0,94.0,0
C119,0.0,0.0,3.0,117.0,0.0,15.0,121.0,0
C1190,0.0,0.0,1.0,41.0,0.0,11.0,86.0,0
C11900,9.0,13.0,0.0,0.0,0.0,0.0,0.0,0
C11908,3.0,4.0,0.0,0.0,0.0,0.0,0.0,0
C1191,35.0,4465.0,6.0,83.0,0.0,11.0,200.0,0
C11917,25.0,97.0,0.0,0.0,0.0,0.0,0.0,0
C1192,9.0,25.0,1.0,50.0,0.0,14.0,96.0,0
C11929,11.0,23.0,0.0,0.0,0.0,0.0,0.0,0
C1193,0.0,0.0,3.0,143.0,0.0,13.0,117.0,0
C11936,7.0,12.0,0.0,0.0,0.0,0.0,0.0,0
C1194,3.0,3.0,2.0,71.0,0.0,15.0,105.0,0
C1195,0.0,0.0,1.0,61.0,0.0,11.0,88.0,0
C1196,0.0,0.0,2.0,110.0,0.0,14.0,104.0,0
C11961,7.0,11.0,0.0,0.0,0.0,0.0,0.0,0
C11964,5.0,9.0,0.0,0.0,0.0,0.0,0.0,0
C11966,1.0,2.0,0.0,0.0,0.0,0.0,0.0,0
C1197,0.0,0.0,2.0,107.0,0.0,12.0,104.0,0
C1198,0.0,0.0,1.0,70.0,0.0,11.0,88.0,0
C11985,2.0,4.0,0.0,0.0,0.0,0.0,0.0,0
C1199,0.0,0.0,1.0,68.0,0.0,11.0,89.0,0
C11992,14.0,37.0,0.0,0.0,0.0,0.0,0.0,0
C11996,18.0,1072.0,0.0,0.0,0.0,0.0,0.0,0
C11998,4.0,15.0,0.0,0.0,0.0,0.0,0.0,0
C12,0.0,0.0,2.0,59.0,0.0,13.0,93.0,0
C120,2.0,3.0,1.0,71.0,0.0,11.0,90.0,0
C1200,1.0,2.0,1.0,60.0,0.0,11.0,1532.0,0
C12002,12.0,18.0,0.0,0.0,0.0,0.0,0.0,0
C12004,4.0,5.0,0.0,0.0,0.0,0.0,0.0,0
C1201,0.0,0.0,1.0,55.0,0.0,8.0,83.0,0
C12010,2.0,4.0,0.0,0.0,0.0,0.0,0.0,0
C12016,10.0,574.0,0.0,0.0,0.0,0.0,0.0,0
C12019,9.0,18.0,0.0,0.0,0.0,0.0,0.0,0
C1202,0.0,0.0,1.0,64.0,0.0,12.0,107.0,0
C12024,12.0,28.0,0.0,0.0,0.0,0.0,0.0,0
C1203,13.0,43.0,1.0,99.0,0.0,10.0,95.0,0
C12030,6.0,9.0,0.0,0.0,0.0,0.0,0.0,0
C12032,1.0,1.0,0.0,0.0,0.0,0.0,0.0,0
C12038,22.0,442.0,0.0,0.0,0.0,0.0,0.0,0
C1204,9.0,29.0,1.0,49.0,0.0,10.0,91.0,0
C12042,5.0,7.0,0.0,0.0,0.0,0.0,0.0,0
C1205,21.0,988.0,3.0,89.0,0.0,13.0,96.0,0
C1206,0.0,0.0,3.0,155.0,0.0,18.0,110.0,0
C1207,0.0,0.0,1.0,41.0,0.0,14.0,131.0,0
C12078,5.0,5.0,0.0,0.0,0.0,0.0,0.0,0
C1208,0.0,0.0,3.0,140.0,0.0,11.0,91.0,0
C12087,4.0,5.0,0.0,0.0,0.0,0.0,0.0,0
C1209,0.0,0.0,3.0,117.0,0.0,15.0,104.0,0
C12093,8.0,12.0,0.0,0.0,0.0,0.0,0.0,0
C121,0.0,0.0,1.0,58.0,0.0,11.0,90.0,0
C1210,0.0,0.0,2.0,61.0,0.0,13.0,94.0,0
C12104,7.0,23.0,0.0,0.0,0.0,0.0,0.0,0
C12106,2.0,5.0,0.0,0.0,0.0,0.0,0.0,0
C1211,0.0,0.0,1.0,21.0,0.0,9.0,81.0,0
C12111,3.0,8.0,0.0,0.0,0.0,0.0,0.0,0
C12113,3.0,9.0,0.0,0.0,0.0,0.0,0.0,0
C12115,5.0,6.0,0.0,0.0,0.0,0.0,0.0,0
C1212,1.0,1.0,1.0,49.0,0.0,10.0,84.0,0
C12122,20.0,35.0,0.0,0.0,0.0,0.0,0.0,0
C12129,17.0,23.0,0.0,0.0,0.0,0.0,0.0,0
C1213,6.0,19.0,1.0,46.0,0.0,11.0,91.0,0
C12135,17.0,37.0,0.0,0.0,0.0,0.0,0.0,0
C12139,11.0,23.0,0.0,0.0,0.0,0.0,0.0,0
C1214,0.0,0.0,2.0,89.0,0.0,14.0,100.0,0
C12141,4.0,7.0,0.0,0.0,0.0,0.0,0.0,0
C12145,2.0,3.0,0.0,0.0,0.0,0.0,0.0,0
C12147,16.0,758.0,0.0,0.0,0.0,0.0,0.0,0
C12149,14.0,29.0,0.0,0.0,0.0,0.0,0.0,0
C1215,0.0,0.0,2.0,70.0,0.0,7.0,134.0,0
C12152,1.0,1.0,0.0,0.0,0.0,0.0,0.0,0
C12154,10.0,14.0,0.0,0.0,0.0,0.0,0.0,0
C12159,6.0,59.0,0.0,0.0,0.0,0.0,0.0,0
C1216,0.0,0.0,2.0,74.0,0.0,16.0,159.0,0
C12162,16.0,76.0,0.0,0.0,0.0,0.0,0.0,0
C12168,6.0,9.0,0.0,0.0,0.0,0.0,0.0,0
C1217,0.0,0.0,3.0,129.0,0.0,19.0,108.0,0
C12172,21.0,1857.0,0.0,0.0,0.0,0.0,0.0,0
C12177,11.0,927.0,0.0,0.0,0.0,0.0,0.0,0
C12178,7.0,23.0,0.0,0.0,0.0,0.0,0.0,0
C1218,0.0,0.0,2.0,82.0,0.0,13.0,99.0,0
C12181,5.0,6.0,0.0,0.0,0.0,0.0,0.0,0
C12183,3.0,5.0,0.0,0.0,0.0,0.0,0.0,0
C1219,0.0,0.0,1.0,44.0,0.0,12.0,97.0,0
C12192,9.0,33.0,0.0,0.0,0.0,0.0,0.0,0
C12194,3.0,4.0,0.0,0.0,0.0,0.0,0.0,0
C12195,12.0,22.0,0.0,0.0,0.0,0.0,0.0,0
C122,21.0,1290.0,1.0,56.0,0.0,11.0,92.0,0
C1220,2.0,3.0,2.0,50.0,0.0,12.0,92.0,0
C12205,1.0,3.0,0.0,0.0,0.0,0.0,0.0,0
C1221,0.0,0.0,2.0,92.0,0.0,23.0,193.0,0
C1222,0.0,0.0,2.0,115.0,0.0,16.0,116.0,0
C12222,5.0,6.0,0.0,0.0,0.0,0.0,0.0,0
C12228,16.0,39.0,0.0,0.0,0.0,0.0,0.0,0
C1223,0.0,0.0,2.0,86.0,0.0,12.0,98.0,0
C1224,0.0,0.0,1.0,72.0,0.0,11.0,88.0,0
C12246,4.0,23.0,0.0,0.0,0.0,0.0,0.0,0
C1225,2.0,3.0,2.0,61.0,0.0,13.0,93.0,0
C12253,3.0,4.0,0.0,0.0,0.0,0.0,0.0,0
C12254,1.0,1.0,0.0,0.0,0.0,0.0,0.0,0
C12255,5.0,10.0,0.0,0.0,0.0,0.0,0.0,0
C12257,24.0,1079.0,0.0,0.0,0.0,0.0,0.0,0
C1226,0.0,0.0,1.0,50.0,0.0,10.0,176.0,0
C12265,2.0,2.0,0.0,0.0,0.0,0.0,0.0,0
C12267,4.0,7.0,0.0,0.0,0.0,0.0,0.0,0
C1227,0.0,0.0,1.0,41.0,0.0,11.0,89.0,0
C12277,4.0,8.0,0.0,0.0,0.0,0.0,0.0,0
C1228,4.0,5.0,2.0,78.0,0.0,15.0,210.0,0
C12289,15.0,31.0,0.0,0.0,0.0,0.0,0.0,0
C1229,0.0,0.0,1.0,58.0,0.0,11.0,92.0,0
C12290,3.0,6.0,0.0,0.0,0.0,0.0,0.0,0
C1230,0.0,0.0,2.0,93.0,0.0,11.0,86.0,0
C12300,1.0,1.0,0.0,0.0,0.0,0.0,0.0,0
C1231,0.0,0.0,2.0,65.0,0.0,14.0,150.0,0
C12313,1.0,1.0,0.0,0.0,0.0,0.0,0.0,0
C12315,2.0,14.0,0.0,0.0,0.0,0.0,0.0,0
C12316,8.0,23.0,0.0,0.0,0.0,0.0,0.0,0
C12318,23.0,1446.0,0.0,0.0,0.0,0.0,0.0,0
C1232,0.0,0.0,1.0,59.0,0.0,11.0,94.0,0
C12323,2.0,30.0,0.0,0.0,0.0,0.0,0.0,0
C1233,0.0,0.0,2.0,111.0,0.0,16.0,111.0,0
C12330,1.0,1.0,0.0,0.0,0.0,0.0,0.0,0
C1234,1.0,1.0,3.0,58.0,0.0,9.0,90.0,0
C12347,23.0,1366.0,0.0,0.0,0.0,0.0,0.0,0
C1235,0.0,0.0,3.0,137.0,0.0,0.0,0.0,0
C12352,9.0,20.0,0.0,0.0,0.0,0.0,0.0,0
C1236,0.0,0.0,2.0,68.0,0.0,16.0,110.0,0
C12360,18.0,1087.0,0.0,0.0,0.0,0.0,0.0,0
C12362,6.0,9.0,0.0,0.0,0.0,0.0,0.0,0
C12365,9.0,21.0,0.0,0.0,0.0,0.0,0.0,0
C1237,8.0,34.0,1.0,56.0,0.0,10.0,96.0,0
C12375,1.0,87.0,0.0,0.0,0.0,0.0,0.0,0
C1238,0.0,0.0,2.0,85.0,0.0,14.0,102.0,0
C12384,6.0,19.0,0.0,0.0,0.0,0.0,0.0,0
C1239,0.0,0.0,1.0,51.0,0.0,11.0,89.0,0
C12393,22.0,1929.0,0.0,0.0,0.0,0.0,0.0,0
C124,0.0,0.0,2.0,87.0,0.0,12.0,95.0,0
C1240,0.0,0.0,2.0,61.0,0.0,14.0,112.0,0
C12402,3.0,5.0,0.0,0.0,0.0,0.0,0.0,0
C12406,25.0,1896.0,0.0,0.0,0.0,0.0,0.0,0
C1241,0.0,0.0,1.0,35.0,0.0,11.0,90.0,0
C12414,16.0,582.0,0.0,0.0,0.0,0.0,0.0,0
C12416,4.0,5.0,0.0,0.0,0.0,0.0,0.0,0
C1242,0.0,0.0,2.0,56.0,0.0,13.0,95.0,0
C12423,29.0,1002.0,0.0,0.0,0.0,0.0,0.0,0
C12427,22.0,868.0,0.0,0.0,0.0,0.0,0.0,0
C1243,21.0,1762.0,3.0,80.0,0.0,16.0,100.0,0
C1244,0.0,0.0,1.0,45.0,0.0,11.0,95.0,0
C12445,14.0,14.0,0.0,0.0,0.0,0.0,0.0,0
C1245,0.0,0.0,2.0,127.0,0.0,11.0,96.0,0
C12453,5.0,6.0,0.0,0.0,0.0,0.0,0.0,0
C1246,5.0,7.0,2.0,71.0,0.0,13.0,95.0,0
C12467,1.0,1.0,0.0,0.0,0.0,0.0,0.0,0
C1247,0.0,0.0,3.0,151.0,0.0,9.0,89.0,0
C1248,0.0,0.0,2.0,91.0,0.0,12.0,100.0,0
C12486,4.0,10.0,0.0,0.0,0.0,0.0,0.0,0
C12488,9.0,26.0,0.0,0.0,0.0,0.0,0.0,0
C1249,0.0,0.0,1.0,58.0,0.0,9.0,75.0,0
C12498,4.0,17.0,0.0,0.0,0.0,0.0,0.0,0
C125,0.0,0.0,1.0,35.0,0.0,11.0,105.0,0
C1250,0.0,0.0,2.0,94.0,0.0,11.0,91.0,0
C12505,7.0,17.0,0.0,0.0,0.0,0.0,0.0,0
C12508,18.0,28.0,0.0,0.0,0.0,0.0,0.0,0
C1251,0.0,0.0,2.0,46.0,0.0,14.0,94.0,0
C12510,7.0,14.0,0.0,0.0,0.0,0.0,0.0,0
C12512,9.0,18.0,0.0,0.0,0.0,0.0,0.0,0
C1252,0.0,0.0,2.0,66.0,0.0,11.0,166.0,0
C12523,11.0,20.0,0.0,0.0,0.0,0.0,0.0,0
C1253,0.0,0.0,2.0,80.0,0.0,13.0,100.0,0
C1254,0.0,0.0,3.0,117.0,0.0,14.0,101.0,0
C12541,18.0,447.0,0.0,0.0,0.0,0.0,0.0,0
C12543,2.0,2.0,0.0,0.0,0.0,0.0,0.0,0
C12547,21.0,891.0,0.0,0.0,0.0,0.0,0.0,0
C1255,4.0,7.0,2.0,113.0,0.0,12.0,100.0,0
C12557,2.0,3.0,0.0,0.0,0.0,0.0,0.0,0
C1256,5.0,6.0,3.0,135.0,0.0,13.0,92.0,0
C12562,6.0,8.0,0.0,0.0,0.0,0.0,0.0,0
C12566,10.0,16.0,0.0,0.0,0.0,0.0,0.0,0
C1257,0.0,0.0,1.0,66.0,0.0,11.0,93.0,0
C1258,2.0,2.0,1.0,29.0,0.0,11.0,90.0,0
C12580,11.0,13.0,0.0,0.0,0.0,0.0,0.0,0
C12585,6.0,6.0,0.0,0.0,0.0,0.0,0.0,0
C1259,0.0,0.0,2.0,58.0,0.0,14.0,110.0,0
C12594,4.0,4.0,0.0,0.0,0.0,0.0,0.0,0
C12596,3.0,5.0,0.0,0.0,0.0,0.0,0.0,0
C126,0.0,0.0,2.0,153.0,0.0,17.0,128.0,0
C1260,0.0,0.0,1.0,68.0,0.0,11.0,90.0,0
C12602,6.0,15.0,0.0,0.0,0.0,0.0,0.0,0
C1261,6.0,9.0,2.0,116.0,0.0,10.0,169.0,0
C12611,4.0,6.0,0.0,0.0,0.0,0.0,0.0,0
C12613,16.0,61.0,0.0,0.0,0.0,0.0,0.0,0
C1262,0.0,0.0,3.0,70.0,0.0,19.0,258.0,0
C12622,3.0,4.0,0.0,0.0,0.0,0.0,0.0,0
C12628,2.0,2.0,0.0,0.0,0.0,0.0,0.0,0
C1263,0.0,0.0,1.0,52.0,0.0,11.0,86.0,0
C12630,23.0,683.0,0.0,0.0,0.0,0.0,0.0,0
C12632,1.0,1.0,0.0,0.0,0.0,0.0,0.0,0
C12634,1.0,1.0,0.0,0.0,0.0,0.0,0.0,0
C1264,0.0,0.0,3.0,122.0,0.0,14.0,102.0,0
C12640,5.0,8.0,0.0,0.0,0.0,0.0,0.0,0
C1265,15.0,153.0,2.0,50.0,0.0,11.0,80.0,0
C12651,25.0,214.0,0.0,0.0,0.0,0.0,0.0,0
C12652,6.0,8.0,0.0,0.0,0.0,0.0,0.0,0
C12654,22.0,814.0,0.0,0.0,0.0,0.0,0.0,0
C12657,13.0,32.0,0.0,0.0,0.0,0.0,0.0,0
C12659,3.0,7.0,0.0,0.0,0.0,0.0,0.0,0
C1266,0.0,0.0,2.0,55.0,0.0,11.0,88.0,0
C1267,1.0,1.0,1.0,68.0,0.0,9.0,91.0,0
C1268,0.0,0.0,10.0,192.0,0.0,5.0,62.0,0
C12682,25.0,1296.0,0.0,0.0,0.0,0.0,0.0,0
C12686,2.0,2.0,0.0,0.0,0.0,0.0,0.0,0
C12689,14.0,89.0,0.0,0.0,0.0,0.0,0.0,0
C1269,0.0,0.0,1.0,52.0,0.0,9.0,71.0,0
C12691,17.0,318.0,0.0,0.0,0.0,0.0,0.0,0
C12699,7.0,8.0,0.0,0.0,0.0,0.0,0.0,0
C127,0.0,0.0,1.0,34.0,0.0,11.0,91.0,0
C1270,4.0,4.0,1.0,65.0,0.0,8.0,75.0,0
C12704,6.0,31.0,0.0,0.0,0.0,0.0,0.0,0
C12705,3.0,3.0,0.0,0.0,0.0,0.0,0.0,0
C12707,20.0,1182.0,0.0,0.0,0.0,0.0,0.0,0
C1271,0.0,0.0,1.0,39.0,0.0,11.0,89.0,0
C12716,14.0,680.0,0.0,0.0,0.0,0.0,0.0,0
C1272,0.0,0.0,1.0,48.0,0.0,11.0,89.0,0
C12724,5.0,7.0,0.0,0.0,0.0,0.0,0.0,0
C1273,0.0,0.0,2.0,55.0,0.0,14.0,98.0,0
C12735,11.0,17.0,0.0,0.0,0.0,0.0,0.0,0
C12737,8.0,14.0,0.0,0.0,0.0,0.0,0.0,0
C1274,0.0,0.0,1.0,63.0,0.0,11.0,88.0,0
C12741,2.0,3.0,0.0,0.0,0.0,0.0,0.0,0
C12744,12.0,33.0,0.0,0.0,0.0,0.0,0.0,0
C12745,17.0,805.0,0.0,0.0,0.0,0.0,0.0,0
C1275,0.0,0.0,1.0,55.0,0.0,10.0,85.0,0
C12753,3.0,5.0,0.0,0.0,0.0,0.0,0.0,0
C12755,2.0,2.0,0.0,0.0,0.0,0.0,0.0,0
C1276,0.0,0.0,3.0,137.0,0.0,13.0,93.0,0
C12766,34.0,1695.0,0.0,0.0,0.0,0.0,0.0,0
C1277,0.0,0.0,1.0,54.0,0.0,12.0,93.0,0
C12777,2.0,2.0,0.0,0.0,0.0,0.0,0.0,0
C1278,0.0,0.0,1.0,84.0,0.0,10.0,94.0,0
C1279,0.0,0.0,2.0,71.0,0.0,13.0,95.0,0
C128,0.0,0.0,1.0,75.0,0.0,11.0,89.0,0
C1280,0.0,0.0,2.0,105.0,0.0,11.0,102.0,0
C12800,2.0,3.0,0.0,0.0,0.0,0.0,0.0,0
C12802,11.0,26.0,0.0,0.0,0.0,0.0,0.0,0
C12808,2.0,4.0,0.0,0.0,0.0,0.0,0.0,0
C1281,0.0,0.0,1.0,50.0,0.0,9.0,84.0,0
C12810,14.0,83.0,0.0,0.0,0.0,0.0,0.0,0
C12816,1.0,1.0,0.0,0.0,0.0,0.0,0.0,0
C12818,4.0,5.0,0.0,0.0,0.0,0.0,0.0,0
C1282,0.0,0.0,1.0,68.0,0.0,11.0,90.0,0
C12820,7.0,9.0,0.0,0.0,0.0,0.0,0.0,0
C12826,7.0,9.0,0.0,0.0,0.0,0.0,0.0,0
C12828,8.0,15.0,0.0,0.0,0.0,0.0,0.0,0
C1283,0.0,0.0,3.0,149.0,0.0,18.0,120.0,0
C1284,0.0,0.0,2.0,107.0,0.0,14.0,96.0,0
C12841,15.0,94.0,0.0,0.0,0.0,0.0,0.0,0
C12845,18.0,1102.0,0.0,0.0,0.0,0.0,0.0,0
C12849,2.0,2.0,0.0,0.0,0.0,0.0,0.0,0
C1285,0.0,0.0,3.0,136.0,0.0,14.0,111.0,0
C12852,17.0,21.0,0.0,0.0,0.0,0.0,0.0,0
C12856,4.0,4.0,0.0,0.0,0.0,0.0,0.0,0
C12859,4.0,6.0,0.0,0.0,0.0,0.0,0.0,0
C1286,5.0,13.0,1.0,70.0,0.0,12.0,95.0,0
C12860,1.0,1.0,0.0,0.0,0.0,0.0,0.0,0
C12862,10.0,15.0,0.0,0.0,0.0,0.0,0.0,0
C1287,13.0,35.0,1.0,60.0,0.0,11.0,93.0,0
C1288,0.0,0.0,1.0,35.0,0.0,10.0,140.0,0
C12882,5.0,7.0,0.0,0.0,0.0,0.0,0.0,0
C1289,0.0,0.0,2.0,75.0,0.0,11.0,88.0,0
C129,12.0,48.0,2.0,126.0,0.0,11.0,95.0,0
C1290,10.0,127.0,2.0,447.0,0.0,10.0,94.0,0
C1291,0.0,0.0,2.0,96.0,0.0,19.0,103.0,0
C1292,0.0,0.0,1.0,54.0,0.0,11.0,90.0,0
C1293,1.0,1.0,1.0,52.0,0.0,11.0,91.0,0
C12939,6.0,7.0,0.0,0.0,0.0,0.0,0.0,0
C1294,0.0,0.0,3.0,178.0,1.0,8.0,151.0,0
C12943,23.0,840.0,0.0,0.0,0.0,0.0,0.0,0
C12945,10.0,16.0,0.0,0.0,0.0,0.0,0.0,0
C1295,21.0,1468.0,2.0,105.0,0.0,13.0,106.0,0
C12951,9.0,10.0,0.0,0.0,0.0,0.0,0.0,0
C12958,4.0,7.0,0.0,0.0,0.0,0.0,0.0,0
C1296,0.0,0.0,3.0,114.0,0.0,17.0,108.0,0
C12962,3.0,6.0,0.0,0.0,0.0,0.0,0.0,0
C1297,0.0,0.0,1.0,43.0,0.0,11.0,86.0,0
C12970,2.0,2.0,0.0,0.0,0.0,0.0,0.0,0
C12973,2.0,3.0,0.0,0.0,0.0,0.0,0.0,0
C12975,5.0,12.0,0.0,0.0,0.0,0.0,0.0,0
C12979,5.0,6.0,0.0,0.0,0.0,0.0,0.0,0
C1298,0.0,0.0,2.0,62.0,0.0,12.0,50.0,0
C12981,5.0,6.0,0.0,0.0,0.0,0.0,0.0,0
C12989,7.0,12.0,0.0,0.0,0.0,0.0,0.0,0
C1299,14.0,111.0,2.0,80.0,0.0,21.0,243.0,0
C12996,1.0,1.0,0.0,0.0,0.0,0.0,0.0,0
C13,0.0,0.0,2.0,59.0,0.0,14.0,110.0,0
C130,0.0,0.0,2.0,42.0,0.0,11.0,180.0,0
C1300,21.0,1288.0,2.0,96.0,0.0,17.0,107.0,0
C1301,0.0,0.0,1.0,74.0,0.0,10.0,101.0,0
C13014,2.0,2.0,0.0,0.0,0.0,0.0,0.0,0
C13016,8.0,10.0,0.0,0.0,0.0,0.0,0.0,0
C13018,25.0,732.0,0.0,0.0,0.0,0.0,0.0,0
C1302,0.0,0.0,1.0,46.0,0.0,6.0,132.0,0
C13020,2.0,2.0,0.0,0.0,0.0,0.0,0.0,0
C13023,11.0,735.0,0.0,0.0,0.0,0.0,0.0,0
C13024,4.0,5.0,0.0,0.0,0.0,0.0,0.0,0
C13026,17.0,562.0,0.0,0.0,0.0,0.0,0.0,0
C1303,0.0,0.0,3.0,134.0,0.0,15.0,103.0,0
C1304,0.0,0.0,2.0,62.0,0.0,15.0,154.0,0
C13041,8.0,13.0,0.0,0.0,0.0,0.0,0.0,0
C13046,9.0,18.0,0.0,0.0,0.0,0.0,0.0,0
C1305,0.0,0.0,1.0,55.0,0.0,11.0,89.0,0
C13053,3.0,64.0,0.0,0.0,0.0,0.0,0.0,0
C13054,5.0,18.0,0.0,0.0,0.0,0.0,0.0,0
C1306,10.0,23.0,1.0,83.0,0.0,10.0,96.0,0
C1307,0.0,0.0,2.0,108.0,0.0,17.0,108.0,0
C13070,5.0,7.0,0.0,0.0,0.0,0.0,0.0,0
C1308,8.0,40.0,2.0,48.0,0.0,15.0,107.0,0
C1309,7.0,20.0,1.0,50.0,0.0,8.0,134.0,0
C13099,7.0,15.0,0.0,0.0,0.0,0.0,0.0,0
C131,7.0,12.0,2.0,33.0,0.0,13.0,90.0,0
C1310,6.0,13.0,2.0,62.0,0.0,18.0,102.0,0
C13101,12.0,24.0,0.0,0.0,0.0,0.0,0.0,0
C13109,5.0,9.0,0.0,0.0,0.0,0.0,0.0,0
C1311,0.0,0.0,1.0,56.0,0.0,8.0,72.0,0
C13111,1.0,1.0,0.0,0.0,0.0,0.0,0.0,0
C1312,2.0,3.0,2.0,98.0,0.0,10.0,86.0,0
C13124,24.0,787.0,0.0,0.0,0.0,0.0,0.0,0
C1313,14.0,90.0,2.0,97.0,0.0,13.0,102.0,0
C13130,6.0,9.0,0.0,0.0,0.0,0.0,0.0,0
C13138,18.0,44.0,0.0,0.0,0.0,0.0,0.0,0
C1314,7.0,8.0,1.0,61.0,0.0,11.0,60.0,0
C1315,1.0,1.0,2.0,66.0,0.0,13.0,92.0,0
C13154,5.0,7.0,0.0,0.0,0.0,0.0,0.0,0
C13156,15.0,30.0,0.0,0.0,0.0,0.0,0.0,0
C1316,0.0,0.0,2.0,91.0,0.0,0.0,0.0,0
C1317,14.0,73.0,1.0,69.0,0.0,11.0,101.0,0
C13171,4.0,6.0,0.0,0.0,0.0,0.0,0.0,0
C13175,17.0,38.0,0.0,0.0,0.0,0.0,0.0,0
C13177,3.0,13.0,0.0,0.0,0.0,0.0,0.0,0
C1318,0.0,0.0,3.0,135.0,0.0,13.0,97.0,0
C13181,7.0,16.0,0.0,0.0,0.0,0.0,0.0,0
C13183,19.0,556.0,0.0,0.0,0.0,0.0,0.0,0
C1319,6.0,6.0,1.0,262.0,0.0,11.0,3262.0,0
C13190,7.0,212.0,0.0,0.0,0.0,0.0,0.0,0
C132,0.0,0.0,2.0,118.0,0.0,11.0,94.0,0
C1320,9.0,39.0,2.0,125.0,0.0,17.0,94.0,0
C13204,4.0,6.0,0.0,0.0,0.0,0.0,0.0,0
C13209,8.0,14.0,0.0,0.0,0.0,0.0,0.0,0
C1321,0.0,0.0,2.0,51.0,0.0,13.0,101.0,0
C13218,23.0,651.0,0.0,0.0,0.0,0.0,0.0,0
C1322,0.0,0.0,2.0,103.0,0.0,11.0,92.0,0
C13221,3.0,4.0,0.0,0.0,0.0,0.0,0.0,0
C1323,0.0,0.0,2.0,55.0,0.0,14.0,100.0,0
C13238,1.0,1.0,0.0,0.0,0.0,0.0,0.0,0
C1324,0.0,0.0,2.0,32.0,0.0,14.0,106.0,0
C13243,10.0,652.0,0.0,0.0,0.0,0.0,0.0,0
C13246,11.0,18.0,0.0,0.0,0.0,0.0,0.0,0
C1325,0.0,0.0,2.0,81.0,0.0,20.0,112.0,0
C1326,12.0,18.0,2.0,61.0,0.0,24.0,237.0,0
C1327,13.0,3680.0,2.0,121.0,0.0,11.0,95.0,0
C13270,10.0,11.0,0.0,0.0,0.0,0.0,0.0,0
C13277,7.0,9.0,0.0,0.0,0.0,0.0,0.0,0
C1328,0.0,0.0,1.0,30.0,0.0,11.0,87.0,0
C13283,3.0,4.0,0.0,0.0,0.0,0.0,0.0,0
C13285,23.0,1227.0,0.0,0.0,0.0,0.0,0.0,0
C13287,16.0,893.0,0.0,0.0,0.0,0.0,0.0,0
C1329,0.0,0.0,1.0,71.0,0.0,6.0,69.0,0
C13290,18.0,1075.0,0.0,0.0,0.0,0.0,0.0,0
C13292,7.0,8.0,0.0,0.0,0.0,0.0,0.0,0
C133,0.0,0.0,2.0,116.0,0.0,13.0,98.0,0
C1330,2.0,2.0,1.0,59.0,0.0,11.0,90.0,0
C13303,22.0,1150.0,0.0,0.0,0.0,0.0,0.0,0
C13309,1.0,2.0,0.0,0.0,0.0,0.0,0.0,0
C1331,0.0,0.0,2.0,96.0,0.0,11.0,90.0,0
C13311,22.0,643.0,0.0,0.0,0.0,0.0,0.0,0
C13314,7.0,10.0,0.0,0.0,0.0,0.0,0.0,0
C13316,18.0,1372.0,0.0,0.0,0.0,0.0,0.0,0
C1332,0.0,0.0,3.0,112.0,0.0,14.0,103.0,0
C13323,4.0,4.0,0.0,0.0,0.0,0.0,0.0,0
C1333,3.0,3.0,1.0,64.0,0.0,13.0,92.0,0
C13333,4.0,7.0,0.0,0.0,0.0,0.0,0.0,0
C13337,9.0,973.0,0.0,0.0,0.0,0.0,0.0,0
C1334,0.0,0.0,2.0,61.0,0.0,18.0,127.0,0
C13340,4.0,8.0,0.0,0.0,0.0,0.0,0.0,0
C1335,0.0,0.0,1.0,45.0,0.0,11.0,87.0,0
C1336,0.0,0.0,3.0,130.0,0.0,13.0,101.0,0
C13360,29.0,1988.0,0.0,0.0,0.0,0.0,0.0,0
C13367,2.0,2.0,0.0,0.0,0.0,0.0,0.0,0
C1337,0.0,0.0,1.0,55.0,0.0,11.0,89.0,0
C13378,22.0,724.0,0.0,0.0,0.0,0.0,0.0,0
C1338,0.0,0.0,3.0,131.0,0.0,16.0,239.0,0
C13382,10.0,26.0,0.0,0.0,0.0,0.0,0.0,0
C1339,0.0,0.0,1.0,47.0,0.0,11.0,87.0,0
C13391,4.0,4.0,0.0,0.0,0.0,0.0,0.0,0
C13393,12.0,41.0,0.0,0.0,0.0,0.0,0.0,0
C134,0.0,0.0,2.0,86.0,0.0,11.0,183.0,0
C1340,0.0,0.0,3.0,100.0,0.0,12.0,69.0,0
C13401,6.0,9.0,0.0,0.0,0.0,0.0,0.0,0
C1341,0.0,0.0,1.0,41.0,0.0,11.0,86.0,0
C13416,3.0,7.0,0.0,0.0,0.0,0.0,0.0,0
C13417,3.0,27.0,0.0,0.0,0.0,0.0,0.0,0
C13419,6.0,9.0,0.0,0.0,0.0,0.0,0.0,0
C1342,0.0,0.0,2.0,72.0,0.0,13.0,93.0,0
C13421,1.0,1.0,0.0,0.0,0.0,0.0,0.0,0
C1343,0.0,0.0,1.0,25.0,0.0,11.0,89.0,0
C13431,21.0,1437.0,0.0,0.0,0.0,0.0,0.0,0
C13439,5.0,12.0,0.0,0.0,0.0,0.0,0.0,0
C1344,0.0,0.0,3.0,136.0,0.0,17.0,131.0,0
C13448,9.0,15.0,0.0,0.0,0.0,0.0,0.0,0
C1345,0.0,0.0,3.0,85.0,0.0,13.0,99.0,0
C13454,1.0,1.0,0.0,0.0,0.0,0.0,0.0,0
C13457,22.0,2068.0,0.0,0.0,0.0,0.0,0.0,0
C1346,9.0,25.0,2.0,144.0,0.0,9.0,91.0,0
C13460,12.0,26.0,0.0,0.0,0.0,0.0,0.0,0
C13462,1.0,1.0,0.0,0.0,0.0,0.0,0.0,0
C1347,0.0,0.0,2.0,142.0,0.0,11.0,103.0,0
C13471,4.0,6.0,0.0,0.0,0.0,0.0,0.0,0
C13473,4.0,4.0,0.0,0.0,0.0,0.0,0.0,0
C13477,6.0,10.0,0.0,0.0,0.0,0.0,0.0,0
C1348,4.0,6.0,2.0,42.0,0.0,14.0,214.0,0
C13488,10.0,797.0,0.0,0.0,0.0,0.0,0.0,0
C1349,0.0,0.0,1.0,52.0,0.0,11.0,90.0,0
C13492,16.0,661.0,0.0,0.0,0.0,0.0,0.0,0
C13496,4.0,4.0,0.0,0.0,0.0,0.0,0.0,0
C135,17.0,183.0,5.0,187.0,2.0,59.0,370.0,0
C1350,0.0,0.0,2.0,65.0,0.0,13.0,94.0,0
C13502,8.0,20.0,0.0,0.0,0.0,0.0,0.0,0
C13503,2.0,2.0,0.0,0.0,0.0,0.0,0.0,0
C1351,0.0,0.0,1.0,68.0,0.0,7.0,90.0,0
C13511,3.0,3.0,0.0,0.0,0.0,0.0,0.0,0
C13519,27.0,2158.0,0.0,0.0,0.0,0.0,0.0,0
C1352,0.0,0.0,2.0,93.0,0.0,8.0,69.0,0
C13521,11.0,13.0,0.0,0.0,0.0,0.0,0.0,0
C13523,2.0,3.0,0.0,0.0,0.0,0.0,0.0,0
C1353,0.0,0.0,2.0,79.0,0.0,16.0,112.0,0
C13530,5.0,6.0,0.0,0.0,0.0,0.0,0.0,0
C13534,6.0,773.0,0.0,0.0,0.0,0.0,0.0,0
C13536,4.0,7.0,0.0,0.0,0.0,0.0,0.0,0
C13537,3.0,3.0,0.0,0.0,0.0,0.0,0.0,0
C13539,19.0,1137.0,0.0,0.0,0.0,0.0,0.0,0
C1354,0.0,0.0,3.0,129.0,0.0,17.0,218.0,0
C13544,2.0,2.0,0.0,0.0,0.0,0.0,0.0,0
C1355,0.0,0.0,3.0,76.0,0.0,14.0,518.0,0
C1356,0.0,0.0,1.0,45.0,0.0,11.0,88.0,0
C13566,4.0,5.0,0.0,0.0,0.0,0.0,0.0,0
C13568,22.0,881.0,0.0,0.0,0.0,0.0,0.0,0
C1357,19.0,2113.0,3.0,108.0,0.0,17.0,126.0,0
C13574,32.0,470.0,0.0,0.0,0.0,0.0,0.0,0
C1358,3.0,3.0,1.0,41.0,0.0,14.0,102.0,0
C13581,3.0,3.0,0.0,0.0,0.0,0.0,0.0,0
C13583,24.0,1281.0,0.0,0.0,0.0,0.0,0.0,0
C13585,9.0,14.0,0.0,0.0,0.0,0.0,0.0,0
C13589,3.0,3.0,0.0,0.0,0.0,0.0,0.0,0
C1359,3.0,5.0,1.0,58.0,0.0,11.0,92.0,0
C136,9.0,12.0,1.0,61.0,0.0,9.0,154.0,0
C1360,0.0,0.0,1.0,47.0,0.0,11.0,77.0,0
C13602,12.0,20.0,0.0,0.0,0.0,0.0,0.0,0
C13608,1.0,3.0,0.0,0.0,0.0,0.0,0.0,0
C1361,12.0,17.0,1.0,37.0,0.0,12.0,89.0,0
C13612,6.0,10.0,0.0,0.0,0.0,0.0,0.0,0
C1362,0.0,0.0,2.0,63.0,0.0,15.0,161.0,0
C13629,23.0,630.0,0.0,0.0,0.0,0.0,0.0,0
C1363,3.0,11.0,1.0,58.0,0.0,11.0,85.0,0
C13631,23.0,1130.0,0.0,0.0,0.0,0.0,0.0,0
C13638,24.0,830.0,0.0,0.0,0.0,0.0,0.0,0
C1364,0.0,0.0,2.0,81.0,0.0,14.0,95.0,0
C13642,1.0,3.0,0.0,0.0,0.0,0.0,0.0,0
C13646,5.0,9.0,0.0,0.0,0.0,0.0,0.0,0
C13648,6.0,9.0,0.0,0.0,0.0,0.0,0.0,0
C1365,0.0,0.0,3.0,106.0,0.0,12.0,103.0,0
C13656,2.0,2.0,0.0,0.0,0.0,0.0,0.0,0
C13657,4.0,5.0,0.0,0.0,0.0,0.0,0.0,0
C1366,0.0,0.0,2.0,73.0,0.0,15.0,218.0,0
C13661,21.0,1983.0,0.0,0.0,0.0,0.0,0.0,0
C13665,10.0,16.0,0.0,0.0,0.0,0.0,0.0,0
C13667,19.0,1083.0,0.0,0.0,0.0,0.0,0.0,0
C13669,18.0,759.0,0.0,0.0,0.0,0.0,0.0,0
C1367,0.0,0.0,1.0,65.0,0.0,18.0,105.0,0
C13675,16.0,383.0,0.0,0.0,0.0,0.0,0.0,0
C1368,12.0,20.0,2.0,72.0,0.0,13.0,126.0,0
C13680,6.0,12.0,0.0,0.0,0.0,0.0,0.0,0
C1369,5.0,5.0,4.0,222.0,2.0,14.0,371.0,0
C137,0.0,0.0,1.0,51.0,0.0,14.0,80.0,0
C1370,3.0,3.0,1.0,64.0,0.0,11.0,92.0,0
C13703,2.0,31.0,0.0,0.0,0.0,0.0,0.0,0
C13704,2.0,20.0,0.0,0.0,0.0,0.0,0.0,0
C1371,0.0,0.0,1.0,62.0,0.0,12.0,96.0,0
C13715,8.0,9.0,0.0,0.0,0.0,0.0,0.0,0
C13717,20.0,1312.0,0.0,0.0,0.0,0.0,0.0,0
C13719,9.0,13.0,0.0,0.0,0.0,0.0,0.0,0
C1372,0.0,0.0,1.0,25.0,0.0,11.0,170.0,0
C13726,22.0,557.0,0.0,0.0,0.0,0.0,0.0,0
C1373,0.0,0.0,2.0,74.0,0.0,18.0,208.0,0
C13736,1.0,1.0,0.0,0.0,0.0,0.0,0.0,0
C1374,0.0,0.0,3.0,108.0,0.0,13.0,92.0,0
C13740,8.0,8.0,0.0,0.0,0.0,0.0,0.0,0
C13742,6.0,10.0,0.0,0.0,0.0,0.0,0.0,0
C1375,0.0,0.0,2.0,55.0,0.0,13.0,94.0,0
C13754,24.0,827.0,0.0,0.0,0.0,0.0,0.0,0
C13759,2.0,10.0,0.0,0.0,0.0,0.0,0.0,0
C1376,0.0,0.0,2.0,65.0,0.0,13.0,97.0,0
C1377,0.0,0.0,1.0,42.0,0.0,14.0,97.0,0
C13774,2.0,2.0,0.0,0.0,0.0,0.0,0.0,0
C13776,5.0,8.0,0.0,0.0,0.0,0.0,0.0,0
C13778,12.0,191.0,0.0,0.0,0.0,0.0,0.0,0
C1378,0.0,0.0,2.0,79.0,0.0,14.0,114.0,0
C13781,4.0,7.0,0.0,0.0,0.0,0.0,0.0,0
C13789,3.0,5.0,0.0,0.0,0.0,0.0,0.0,0
C1379,0.0,0.0,2.0,107.0,0.0,13.0,97.0,0
C13795,21.0,793.0,0.0,0.0,0.0,0.0,0.0,0
C138,0.0,0.0,1.0,52.0,0.0,11.0,87.0,0
C1380,0.0,0.0,1.0,58.0,0.0,11.0,93.0,0
C1381,0.0,0.0,3.0,110.0,0.0,18.0,133.0,0
C13813,2.0,5.0,0.0,0.0,0.0,0.0,0.0,0
C13815,2.0,3.0,0.0,0.0,0.0,0.0,0.0,0
C1382,0.0,0.0,1.0,269.0,0.0,57.0,3078.0,0
C13823,6.0,8.0,0.0,0.0,0.0,0.0,0.0,0
C13827,12.0,44.0,0.0,0.0,0.0,0.0,0.0,0
C1383,0.0,0.0,1.0,61.0,0.0,17.0,248.0,0
C13836,9.0,15.0,0.0,0.0,0.0,0.0,0.0,0
C1384,0.0,0.0,1.0,32.0,0.0,12.0,95.0,0
C13844,6.0,11.0,0.0,0.0,0.0,0.0,0.0,0
C13849,16.0,27.0,0.0,0.0,0.0,0.0,0.0,0
C1385,9.0,32.0,2.0,108.0,0.0,29.0,123.0,0
C13855,10.0,18.0,0.0,0.0,0.0,0.0,0.0,0
C13859,8.0,22.0,0.0,0.0,0.0,0.0,0.0,0
C1386,0.0,0.0,3.0,102.0,0.0,15.0,115.0,0
C13861,1.0,3.0,0.0,0.0,0.0,0.0,0.0,0
C13868,8.0,10.0,0.0,0.0,0.0,0.0,0.0,0
C1387,0.0,0.0,2.0,97.0,0.0,13.0,123.0,0
C13870,1.0,1.0,0.0,0.0,0.0,0.0,0.0,0
C13871,2.0,3.0,0.0,0.0,0.0,0.0,0.0,0
C1388,0.0,0.0,2.0,73.0,0.0,13.0,101.0,0
C13883,15.0,39.0,0.0,0.0,0.0,0.0,0.0,0
C13888,8.0,18.0,0.0,0.0,0.0,0.0,0.0,0
C1389,0.0,0.0,2.0,64.0,0.0,16.0,106.0,0
C13894,7.0,10.0,0.0,0.0,0.0,0.0,0.0,0
C13898,25.0,1415.0,0.0,0.0,0.0,0.0,0.0,0
C139,0.0,0.0,2.0,76.0,0.0,13.0,96.0,0
C1390,1.0,1.0,1.0,56.0,0.0,10.0,89.0,0
C13907,23.0,946.0,0.0,0.0,0.0,0.0,0.0,0
C1391,0.0,0.0,1.0,51.0,0.0,11.0,88.0,0
C13911,14.0,339.0,0.0,0.0,0.0,0.0,0.0,0
C1392,0.0,0.0,3.0,231.0,0.0,14.0,107.0,0
C13920,16.0,342.0,0.0,0.0,0.0,0.0,0.0,0
C1393,0.0,0.0,3.0,113.0,0.0,16.0,99.0,0
C13933,5.0,11.0,0.0,0.0,0.0,0.0,0.0,0
C13937,23.0,659.0,0.0,0.0,0.0,0.0,0.0,0
C1394,0.0,0.0,1.0,51.0,0.0,14.0,98.0,0
C13945,1.0,2.0,0.0,0.0,0.0,0.0,0.0,0
C13948,21.0,1363.0,0.0,0.0,0.0,0.0,0.0,0
C1395,5.0,5.0,2.0,107.0,0.0,13.0,94.0,0
C13950,6.0,6.0,0.0,0.0,0.0,0.0,0.0,0
C13958,12.0,24.0,0.0,0.0,0.0,0.0,0.0,0
C1396,0.0,0.0,2.0,78.0,0.0,15.0,99.0,0
C13960,19.0,1082.0,0.0,0.0,0.0,0.0,0.0,0
C13962,1.0,1.0,0.0,0.0,0.0,0.0,0.0,0
C13968,19.0,1256.0,0.0,0.0,0.0,0.0,0.0,0
C1397,0.0,0.0,1.0,47.0,0.0,11.0,78.0,0
C13979,9.0,17.0,0.0,0.0,0.0,0.0,0.0,0
C1398,0.0,0.0,2.0,99.0,0.0,27.0,143.0,0
C13988,22.0,622.0,0.0,0.0,0.0,0.0,0.0,0
C1399,0.0,0.0,1.0,41.0,0.0,13.0,271.0,0
C13994,11.0,43.0,0.0,0.0,0.0,0.0,0.0,0
C13998,24.0,213.0,0.0,0.0,0.0,0.0,0.0,0
C14,0.0,0.0,2.0,64.0,0.0,13.0,98.0,0
C140,0.0,0.0,2.0,83.0,0.0,15.0,105.0,0
C1400,0.0,0.0,1.0,49.0,0.0,11.0,78.0,0
C14007,12.0,16.0,0.0,0.0,0.0,0.0,0.0,0
C1401,0.0,0.0,1.0,75.0,0.0,14.0,97.0,0
C14014,7.0,1351.0,0.0,0.0,0.0,0.0,0.0,0
C1402,3.0,7.0,2.0,77.0,0.0,12.0,95.0,0
C14025,23.0,2028.0,0.0,0.0,0.0,0.0,0.0,0
C1403,0.0,0.0,2.0,82.0,0.0,16.0,301.0,0
C14030,3.0,5.0,0.0,0.0,0.0,0.0,0.0,0
C14032,8.0,18.0,0.0,0.0,0.0,0.0,0.0,0
C14036,4.0,5.0,0.0,0.0,0.0,0.0,0.0,0
C1404,0.0,0.0,2.0,98.0,0.0,14.0,110.0,0
C14040,21.0,985.0,0.0,0.0,0.0,0.0,0.0,0
C14044,3.0,3.0,0.0,0.0,0.0,0.0,0.0,0
C14047,4.0,4.0,0.0,0.0,0.0,0.0,0.0,0
C14049,16.0,1156.0,0.0,0.0,0.0,0.0,0.0,0
C1405,0.0,0.0,1.0,66.0,0.0,11.0,88.0,0
C14053,23.0,1945.0,0.0,0.0,0.0,0.0,0.0,0
C14057,1.0,1.0,0.0,0.0,0.0,0.0,0.0,0
C1406,0.0,0.0,1.0,42.0,0.0,11.0,95.0,0
C14066,19.0,1043.0,0.0,0.0,0.0,0.0,0.0,0
C14068,2.0,3.0,0.0,0.0,0.0,0.0,0.0,0
C14069,6.0,8.0,0.0,0.0,0.0,0.0,0.0,0
C1407,0.0,0.0,1.0,61.0,0.0,12.0,103.0,0
C14071,3.0,11.0,0.0,0.0,0.0,0.0,0.0,0
C1408,11.0,107.0,2.0,68.0,0.0,13.0,102.0,0
C14081,8.0,12.0,0.0,0.0,0.0,0.0,0.0,0
C1409,0.0,0.0,1.0,33.0,0.0,12.0,199.0,0
C14090,23.0,1075.0,0.0,0.0,0.0,0.0,0.0,0
C14095,9.0,12.0,0.0,0.0,0.0,0.0,0.0,0
C14099,10.0,37.0,0.0,0.0,0.0,0.0,0.0,0
C141,0.0,0.0,1.0,50.0,0.0,11.0,87.0,0
C1410,0.0,0.0,2.0,95.0,0.0,12.0,100.0,0
C14104,9.0,14.0,0.0,0.0,0.0,0.0,0.0,0
C1411,2.0,2.0,2.0,99.0,0.0,15.0,110.0,0
C14112,3.0,4.0,0.0,0.0,0.0,0.0,0.0,0
C14119,1.0,1.0,0.0,0.0,0.0,0.0,0.0,0
C1412,0.0,0.0,2.0,66.0,6.0,11.0,94.0,0
C14121,22.0,143.0,0.0,0.0,0.0,0.0,0.0,0
C14122,18.0,1439.0,0.0,0.0,0.0,0.0,0.0,0
C1413,0.0,0.0,3.0,96.0,0.0,13.0,91.0,0
C14136,12.0,31.0,0.0,0.0,0.0,0.0,0.0,0
C14139,15.0,147.0,0.0,0.0,0.0,0.0,0.0,0
C1414,0.0,0.0,2.0,79.0,0.0,13.0,93.0,0
C14149,2.0,2.0,0.0,0.0,0.0,0.0,0.0,0
C1415,0.0,0.0,1.0,63.0,0.0,11.0,92.0,0
C14156,6.0,7.0,0.0,0.0,0.0,0.0,0.0,0
C14157,3.0,6.0,0.0,0.0,0.0,0.0,0.0,0
C1416,0.0,0.0,1.0,58.0,0.0,9.0,74.0,0
C14166,5.0,6.0,0.0,0.0,0.0,0.0,0.0,0
C1417,6.0,13.0,1.0,35.0,0.0,11.0,188.0,0
C14179,16.0,675.0,0.0,0.0,0.0,0.0,0.0,0
C1418,0.0,0.0,2.0,85.0,0.0,12.0,102.0,0
C14181,3.0,4.0,0.0,0.0,0.0,0.0,0.0,0
C14186,16.0,673.0,0.0,0.0,0.0,0.0,0.0,0
C1419,0.0,0.0,2.0,76.0,0.0,7.0,79.0,0
C14190,3.0,4.0,0.0,0.0,0.0,0.0,0.0,0
C142,0.0,0.0,1.0,59.0,0.0,11.0,86.0,0
C1420,21.0,1124.0,4.0,118.0,0.0,16.0,101.0,0
C14202,28.0,2655.0,0.0,0.0,0.0,0.0,0.0,0
C14204,16.0,591.0,0.0,0.0,0.0,0.0,0.0,0
C1421,1.0,1.0,1.0,35.0,0.0,6.0,137.0,0
C14216,19.0,848.0,0.0,0.0,0.0,0.0,0.0,0
C14218,20.0,206.0,0.0,0.0,0.0,0.0,0.0,0
C1422,0.0,0.0,3.0,100.0,0.0,13.0,90.0,0
C14222,12.0,405.0,0.0,0.0,0.0,0.0,0.0,0
C14223,1.0,3.0,0.0,0.0,0.0,0.0,0.0,0
C14225,20.0,776.0,0.0,0.0,0.0,0.0,0.0,0
C14229,37.0,1471.0,0.0,0.0,0.0,0.0,0.0,0
C1423,27.0,2147.0,3.0,66.0,0.0,13.0,90.0,0
C1424,0.0,0.0,4.0,144.0,0.0,33.0,197.0,0
C14244,4.0,1463.0,0.0,0.0,0.0,0.0,0.0,0
C14245,4.0,7.0,0.0,0.0,0.0,0.0,0.0,0
C14247,20.0,1827.0,0.0,0.0,0.0,0.0,0.0,0
C1425,0.0,0.0,3.0,124.0,0.0,13.0,103.0,0
C14253,11.0,749.0,0.0,0.0,0.0,0.0,0.0,0
C14256,4.0,11.0,0.0,0.0,0.0,0.0,0.0,0
C1426,0.0,0.0,1.0,65.0,0.0,11.0,93.0,0
C14264,14.0,21.0,0.0,0.0,0.0,0.0,0.0,0
C14266,24.0,1120.0,0.0,0.0,0.0,0.0,0.0,0
C1427,0.0,0.0,1.0,50.0,0.0,11.0,93.0,0
C14270,11.0,661.0,0.0,0.0,0.0,0.0,0.0,0
C14274,2.0,2.0,0.0,0.0,0.0,0.0,0.0,0
C14278,12.0,55.0,0.0,0.0,0.0,0.0,0.0,0
C1428,0.0,0.0,1.0,40.0,0.0,11.0,173.0,0
C14280,11.0,386.0,0.0,0.0,0.0,0.0,0.0,0
C1429,0.0,0.0,2.0,60.0,0.0,13.0,92.0,0
C14292,3.0,3.0,0.0,0.0,0.0,0.0,0.0,0
C14296,23.0,2394.0,0.0,0.0,0.0,0.0,0.0,0
C143,0.0,0.0,2.0,89.0,0.0,12.0,94.0,0
C1430,0.0,0.0,2.0,79.0,0.0,13.0,97.0,0
C14301,4.0,45.0,0.0,0.0,0.0,0.0,0.0,0
C1431,0.0,0.0,1.0,55.0,0.0,11.0,89.0,0
C14313,1.0,1.0,0.0,0.0,0.0,0.0,0.0,0
C1432,3.0,20.0,2.0,187.0,6.0,30.0,5400.0,0
C1433,6.0,26.0,2.0,94.0,0.0,15.0,113.0,0
C14336,3.0,7.0,0.0,0.0,0.0,0.0,0.0,0
C14337,8.0,23.0,0.0,0.0,0.0,0.0,0.0,0
C1434,0.0,0.0,2.0,116.0,0.0,11.0,91.0,0
C14343,6.0,731.0,0.0,0.0,0.0,0.0,0.0,0
C1435,15.0,1113.0,3.0,87.0,0.0,8.0,87.0,0
C14351,14.0,107.0,0.0,0.0,0.0,0.0,0.0,0
C14358,2.0,2.0,0.0,0.0,0.0,0.0,0.0,0
C1436,0.0,0.0,1.0,41.0,0.0,11.0,182.0,0
C1437,0.0,0.0,2.0,125.0,0.0,8.0,86.0,0
C14377,8.0,10.0,0.0,0.0,0.0,0.0,0.0,0
C1438,1.0,1.0,1.0,53.0,0.0,6.0,126.0,0
C14385,11.0,26.0,0.0,0.0,0.0,0.0,0.0,0
C1439,0.0,0.0,2.0,62.0,0.0,14.0,114.0,0
C14391,1.0,1.0,0.0,0.0,0.0,0.0,0.0,0
C14393,3.0,3.0,0.0,0.0,0.0,0.0,0.0,0
C14395,2.0,6.0,0.0,0.0,0.0,0.0,0.0,0
C144,0.0,0.0,2.0,85.0,0.0,15.0,109.0,0
C1440,0.0,0.0,3.0,103.0,0.0,18.0,101.0,0
C14407,8.0,140.0,0.0,0.0,0.0,0.0,0.0,0
C14409,11.0,21.0,0.0,0.0,0.0,0.0,0.0,0
C1441,0.0,0.0,3.0,119.0,0.0,14.0,109.0,0
C14411,1.0,1.0,0.0,0.0,0.0,0.0,0.0,0
C14418,1.0,1.0,0.0,0.0,0.0,0.0,0.0,0
C1442,0.0,0.0,3.0,112.0,0.0,15.0,109.0,0
C14425,9.0,633.0,0.0,0.0,0.0,0.0,0.0,0
C1443,6.0,9.0,2.0,223.0,0.0,14.0,187.0,0
C14431,6.0,11.0,0.0,0.0,0.0,0.0,0.0,0
C14439,22.0,1170.0,0.0,0.0,0.0,0.0,0.0,0
C1444,0.0,0.0,2.0,72.0,0.0,16.0,110.0,0
C14445,23.0,1996.0,0.0,0.0,0.0,0.0,0.0,0
C14447,12.0,18.0,0.0,0.0,0.0,0.0,0.0,0
C1445,0.0,0.0,2.0,76.0,0.0,13.0,95.0,0
C1446,0.0,0.0,1.0,48.0,0.0,13.0,97.0,0
C14464,1.0,1.0,0.0,0.0,0.0,0.0,0.0,0
C1447,5.0,16.0,1.0,43.0,0.0,12.0,100.0,0
C14471,3.0,5.0,0.0,0.0,0.0,0.0,0.0,0
C14476,22.0,405.0,0.0,0.0,0.0,0.0,0.0,0
C14477,21.0,1390.0,0.0,0.0,0.0,0.0,0.0,0
C1448,1.0,1.0,1.0,42.0,0.0,7.0,132.0,0
C14483,16.0,900.0,0.0,0.0,0.0,0.0,0.0,0
C14488,27.0,1802.0,0.0,0.0,0.0,0.0,0.0,0
C1449,0.0,0.0,1.0,59.0,0.0,14.0,207.0,0
C14494,22.0,1464.0,0.0,0.0,0.0,0.0,0.0,0
C14498,6.0,13.0,0.0,0.0,0.0,0.0,0.0,0
C145,0.0,0.0,3.0,101.0,0.0,13.0,97.0,0
C1450,5.0,6.0,2.0,131.0,0.0,14.0,98.0,0
C14500,22.0,667.0,0.0,0.0,0.0,0.0,0.0,0
C14504,3.0,5.0,0.0,0.0,0.0,0.0,0.0,0
C14506,13.0,19.0,0.0,0.0,0.0,0.0,0.0,0
C1451,0.0,0.0,1.0,54.0,0.0,18.0,95.0,0
C14510,29.0,1527.0,0.0,0.0,0.0,0.0,0.0,0
C14519,22.0,902.0,0.0,0.0,0.0,0.0,0.0,0
C1452,0.0,0.0,1.0,79.0,0.0,13.0,105.0,0
C14521,22.0,1444.0,0.0,0.0,0.0,0.0,0.0,0
C14527,19.0,853.0,0.0,0.0,0.0,0.0,0.0,0
C14529,21.0,1002.0,0.0,0.0,0.0,0.0,0.0,0
C1453,23.0,2619.0,4.0,153.0,0.0,13.0,95.0,0
C14534,4.0,25.0,0.0,0.0,0.0,0.0,0.0,0
C14539,21.0,289.0,0.0,0.0,0.0,0.0,0.0,0
C1454,0.0,0.0,3.0,150.0,0.0,13.0,104.0,0
C14540,20.0,1184.0,0.0,0.0,0.0,0.0,0.0,0
C1455,0.0,0.0,1.0,36.0,0.0,11.0,93.0,0
C14551,19.0,555.0,0.0,0.0,0.0,0.0,0.0,0
C14557,21.0,1374.0,0.0,0.0,0.0,0.0,0.0,0
C1456,0.0,0.0,1.0,53.0,0.0,11.0,89.0,0
C14561,12.0,16.0,0.0,0.0,0.0,0.0,0.0,0
C14566,3.0,11.0,0.0,0.0,0.0,0.0,0.0,0
C1457,0.0,0.0,1.0,41.0,0.0,6.0,68.0,0
C14578,9.0,10.0,0.0,0.0,0.0,0.0,0.0,0
C1458,0.0,0.0,1.0,42.0,0.0,11.0,90.0,0
C14589,21.0,464.0,0.0,0.0,0.0,0.0,0.0,0
C1459,6.0,8.0,1.0,46.0,0.0,11.0,180.0,0
C14592,14.0,923.0,0.0,0.0,0.0,0.0,0.0,0
C146,0.0,0.0,1.0,41.0,0.0,6.0,113.0,0
C1460,0.0,0.0,2.0,101.0,0.0,13.0,92.0,0
C1461,14.0,32.0,2.0,72.0,0.0,14.0,143.0,0
C14619,24.0,3202.0,0.0,0.0,0.0,0.0,0.0,0
C1462,0.0,0.0,2.0,80.0,0.0,13.0,102.0,0
C14621,11.0,35.0,0.0,0.0,0.0,0.0,0.0,0
C1463,0.0,0.0,2.0,81.0,0.0,16.0,201.0,0
C14638,14.0,20.0,0.0,0.0,0.0,0.0,0.0,0
C1464,0.0,0.0,1.0,65.0,0.0,11.0,90.0,0
C14640,20.0,805.0,0.0,0.0,0.0,0.0,0.0,0
C14646,8.0,717.0,0.0,0.0,0.0,0.0,0.0,0
C1465,0.0,0.0,1.0,81.0,0.0,10.0,93.0,0
C14655,1.0,3.0,0.0,0.0,0.0,0.0,0.0,0
C14657,17.0,1130.0,0.0,0.0,0.0,0.0,0.0,0
C1466,0.0,0.0,1.0,69.0,0.0,11.0,87.0,0
C14660,2.0,2.0,0.0,0.0,0.0,0.0,0.0,0
C14663,10.0,63.0,0.0,0.0,0.0,0.0,0.0,0
C14667,4.0,4.0,0.0,0.0,0.0,0.0,0.0,0
C1467,0.0,0.0,2.0,124.0,0.0,13.0,96.0,0
C14678,17.0,452.0,0.0,0.0,0.0,0.0,0.0,0
C1468,0.0,0.0,3.0,129.0,0.0,13.0,94.0,0
C14689,3.0,7.0,0.0,0.0,0.0,0.0,0.0,0
C1469,7.0,8.0,1.0,57.0,0.0,11.0,90.0,0
C14692,23.0,795.0,0.0,0.0,0.0,0.0,0.0,0
C14696,3.0,4.0,0.0,0.0,0.0,0.0,0.0,0
C147,0.0,0.0,1.0,46.0,0.0,12.0,94.0,0
C1470,0.0,0.0,1.0,73.0,0.0,8.0,86.0,0
C14700,20.0,1051.0,0.0,0.0,0.0,0.0,0.0,0
C1471,0.0,0.0,2.0,105.0,0.0,14.0,97.0,0
C14713,5.0,49.0,0.0,0.0,0.0,0.0,0.0,0
C14717,4.0,23.0,0.0,0.0,0.0,0.0,0.0,0
C14718,2.0,3.0,0.0,0.0,0.0,0.0,0.0,0
C1472,0.0,0.0,2.0,110.0,0.0,10.0,80.0,0
C14726,3.0,6.0,0.0,0.0,0.0,0.0,0.0,0
C1473,3.0,27.0,1.0,48.0,0.0,11.0,93.0,0
C14734,3.0,4.0,0.0,0.0,0.0,0.0,0.0,0
C1474,0.0,0.0,2.0,76.0,0.0,12.0,100.0,0
C14741,1.0,1.0,0.0,0.0,0.0,0.0,0.0,0
C14744,18.0,641.0,0.0,0.0,0.0,0.0,0.0,0
C1475,0.0,0.0,1.0,46.0,0.0,11.0,95.0,0
C14751,6.0,93.0,0.0,0.0,0.0,0.0,0.0,0
C14754,5.0,407.0,0.0,0.0,0.0,0.0,0.0,0
C1476,6.0,9.0,1.0,78.0,0.0,10.0,86.0,0
C14760,1.0,37.0,0.0,0.0,0.0,0.0,0.0,0
C14763,9.0,139.0,0.0,0.0,0.0,0.0,0.0,0
C14766,3.0,29.0,0.0,0.0,0.0,0.0,0.0,0
C1477,10.0,10.0,2.0,75.0,0.0,14.0,124.0,0
C14777,21.0,1376.0,0.0,0.0,0.0,0.0,0.0,0
C1478,1.0,1.0,3.0,89.0,0.0,14.0,137.0,0
C14783,5.0,35.0,0.0,0.0,0.0,0.0,0.0,0
C14784,5.0,80.0,0.0,0.0,0.0,0.0,0.0,0
C14787,8.0,17.0,0.0,0.0,0.0,0.0,0.0,0
C1479,0.0,0.0,2.0,29.0,0.0,6.0,96.0,0
C14794,12.0,59.0,0.0,0.0,0.0,0.0,0.0,0
C148,0.0,0.0,2.0,88.0,0.0,12.0,123.0,0
C1480,4.0,6.0,1.0,51.0,0.0,8.0,71.0,0
C14804,18.0,774.0,0.0,0.0,0.0,0.0,0.0,0
C14806,6.0,7.0,0.0,0.0,0.0,0.0,0.0,0
C14809,24.0,1263.0,0.0,0.0,0.0,0.0,0.0,0
C1481,0.0,0.0,1.0,54.0,0.0,11.0,89.0,0
C14810,5.0,7.0,0.0,0.0,0.0,0.0,0.0,0
C14818,16.0,780.0,0.0,0.0,0.0,0.0,0.0,0
C1482,4.0,7.0,1.0,38.0,0.0,6.0,130.0,0
C14823,2.0,2.0,0.0,0.0,0.0,0.0,0.0,0
C14825,7.0,41.0,0.0,0.0,0.0,0.0,0.0,0
C14827,8.0,10.0,0.0,0.0,0.0,0.0,0.0,0
C14829,2.0,2.0,0.0,0.0,0.0,0.0,0.0,0
C1483,9.0,15.0,1.0,54.0,0.0,11.0,91.0,0
C1484,1.0,1.0,2.0,264.0,0.0,15.0,1175.0,0
C14845,3.0,3.0,0.0,0.0,0.0,0.0,0.0,0
C1485,0.0,0.0,1.0,39.0,0.0,11.0,86.0,0
C14856,22.0,865.0,0.0,0.0,0.0,0.0,0.0,0
C14858,18.0,49.0,0.0,0.0,0.0,0.0,0.0,0
C1486,0.0,0.0,1.0,58.0,0.0,11.0,94.0,0
C14860,15.0,29.0,0.0,0.0,0.0,0.0,0.0,0
C14862,7.0,9.0,0.0,0.0,0.0,0.0,0.0,0
C14864,14.0,1036.0,0.0,0.0,0.0,0.0,0.0,0
C14866,12.0,471.0,0.0,0.0,0.0,0.0,0.0,0
C14868,14.0,686.0,0.0,0.0,0.0,0.0,0.0,0
C1487,0.0,0.0,5.0,1064.0,0.0,10.0,144.0,0
C14870,19.0,787.0,0.0,0.0,0.0,0.0,0.0,0
C1488,0.0,0.0,2.0,72.0,0.0,13.0,92.0,0
C14880,12.0,17.0,0.0,0.0,0.0,0.0,0.0,0
C14889,3.0,3.0,0.0,0.0,0.0,0.0,0.0,0
C1489,0.0,0.0,1.0,104.0,0.0,11.0,146.0,0
C14897,16.0,19.0,0.0,0.0,0.0,0.0,0.0,0
C149,0.0,0.0,2.0,89.0,0.0,14.0,102.0,0
C1490,0.0,0.0,1.0,49.0,0.0,11.0,172.0,0
C14903,24.0,995.0,0.0,0.0,0.0,0.0,0.0,0
C14905,7.0,18.0,0.0,0.0,0.0,0.0,0.0,0
C14907,21.0,1814.0,0.0,0.0,0.0,0.0,0.0,0
C1491,0.0,0.0,1.0,63.0,0.0,10.0,83.0,0
C14917,18.0,1458.0,0.0,0.0,0.0,0.0,0.0,0
C1492,0.0,0.0,2.0,89.0,0.0,11.0,86.0,0
C14921,12.0,246.0,0.0,0.0,0.0,0.0,0.0,0
C1493,1.0,3.0,2.0,102.0,0.0,17.0,104.0,0
C14938,21.0,644.0,0.0,0.0,0.0,0.0,0.0,0
C1494,3.0,4.0,2.0,78.0,0.0,0.0,0.0,0
C14940,22.0,1961.0,0.0,0.0,0.0,0.0,0.0,0
C14949,1.0,1.0,0.0,0.0,0.0,0.0,0.0,0
C1495,0.0,0.0,2.0,93.0,0.0,13.0,1860.0,0
C14954,5.0,9.0,0.0,0.0,0.0,0.0,0.0,0
C1496,5.0,20.0,2.0,107.0,0.0,13.0,101.0,0
C14967,14.0,32.0,0.0,0.0,0.0,0.0,0.0,0
C14969,11.0,25.0,0.0,0.0,0.0,0.0,0.0,0
C1497,6.0,7.0,3.0,142.0,0.0,14.0,106.0,0
C1498,0.0,0.0,2.0,62.0,0.0,14.0,109.0,0
C14984,21.0,2313.0,0.0,0.0,0.0,0.0,0.0,0
C14986,19.0,57.0,0.0,0.0,0.0,0.0,0.0,0
C1499,0.0,0.0,2.0,104.0,0.0,16.0,103.0,0
C14992,3.0,3.0,0.0,0.0,0.0,0.0,0.0,0
C14993,25.0,1662.0,0.0,0.0,0.0,0.0,0.0,0
C14994,5.0,43.0,0.0,0.0,0.0,0.0,0.0,0
C15,0.0,0.0,2.0,99.0,0.0,17.0,333.0,0
C150,0.0,0.0,3.0,101.0,0.0,13.0,92.0,0
C1500,0.0,0.0,5.0,67.0,0.0,15.0,63.0,0
C15001,21.0,2021.0,0.0,0.0,0.0,0.0,0.0,0
C15003,23.0,1154.0,0.0,0.0,0.0,0.0,0.0,0
C15005,21.0,311.0,0.0,0.0,0.0,0.0,0.0,0
C15007,24.0,1164.0,0.0,0.0,0.0,0.0,0.0,0
C1501,0.0,0.0,1.0,39.0,0.0,11.0,93.0,0
C15010,2.0,2.0,0.0,0.0,0.0,0.0,0.0,0
C15012,22.0,1655.0,0.0,0.0,0.0,0.0,0.0,0
C15015,3.0,18.0,0.0,0.0,0.0,0.0,0.0,0
C15016,2.0,2.0,0.0,0.0,0.0,0.0,0.0,0
C1502,0.0,0.0,1.0,61.0,0.0,12.0,91.0,0
C15022,3.0,4.0,0.0,0.0,0.0,0.0,0.0,0
C15028,8.0,11.0,0.0,0.0,0.0,0.0,0.0,0
C1503,0.0,0.0,4.0,331.0,1.0,59.0,2747.0,0
C15030,5.0,13.0,0.0,0.0,0.0,0.0,0.0,0
C15032,1.0,2.0,0.0,0.0,0.0,0.0,0.0,0
C1504,10.0,28.0,2.0,54.0,0.0,13.0,298.0,0
C1505,0.0,0.0,2.0,105.0,0.0,11.0,89.0,0
C1506,21.0,2244.0,1.0,53.0,0.0,11.0,87.0,0
C15064,2.0,5.0,0.0,0.0,0.0,0.0,0.0,0
C15068,1.0,1.0,0.0,0.0,0.0,0.0,0.0,0
C1507,0.0,0.0,1.0,61.0,0.0,11.0,90.0,0
C1508,0.0,0.0,3.0,127.0,0.0,13.0,103.0,0
C1509,0.0,0.0,2.0,419.0,0.0,0.0,0.0,0
C15091,14.0,138.0,0.0,0.0,0.0,0.0,0.0,0
C15093,7.0,7.0,0.0,0.0,0.0,0.0,0.0,0
C15095,18.0,595.0,0.0,0.0,0.0,0.0,0.0,0
C151,4.0,4.0,1.0,37.0,0.0,19.0,194.0,0
C15104,4.0,5.0,0.0,0.0,0.0,0.0,0.0,0
C15106,6.0,10.0,0.0,0.0,0.0,0.0,0.0,0
C15108,4.0,24.0,0.0,0.0,0.0,0.0,0.0,0
C1511,0.0,0.0,2.0,134.0,0.0,11.0,91.0,0
C15111,4.0,83.0,0.0,0.0,0.0,0.0,0.0,0
C15112,1.0,1.0,0.0,0.0,0.0,0.0,0.0,0
C15114,21.0,1140.0,0.0,0.0,0.0,0.0,0.0,0
C1512,0.0,0.0,2.0,73.0,0.0,13.0,95.0,0
C15122,21.0,648.0,0.0,0.0,0.0,0.0,0.0,0
C15128,15.0,55.0,0.0,0.0,0.0,0.0,0.0,0
C15129,21.0,534.0,0.0,0.0,0.0,0.0,0.0,0
C1513,0.0,0.0,2.0,94.0,0.0,11.0,93.0,0
C15133,3.0,3.0,0.0,0.0,0.0,0.0,0.0,0
C15139,16.0,50.0,0.0,0.0,0.0,0.0,0.0,0
C1514,0.0,0.0,1.0,52.0,0.0,0.0,0.0,0
C15141,7.0,23.0,0.0,0.0,0.0,0.0,0.0,0
C1515,22.0,1678.0,3.0,63.0,0.0,14.0,103.0,0
C15154,1.0,1.0,0.0,0.0,0.0,0.0,0.0,0
C15158,21.0,441.0,0.0,0.0,0.0,0.0,0.0,0
C1516,0.0,0.0,3.0,83.0,0.0,12.0,156.0,0
C15160,23.0,1113.0,0.0,0.0,0.0,0.0,0.0,0
C15165,22.0,379.0,0.0,0.0,0.0,0.0,0.0,0
C1517,0.0,0.0,2.0,58.0,0.0,11.0,91.0,0
C15171,1.0,1.0,0.0,0.0,0.0,0.0,0.0,0
C1518,0.0,0.0,2.0,88.0,0.0,9.0,75.0,0
C15180,31.0,2080.0,0.0,0.0,0.0,0.0,0.0,0
C15182,3.0,52.0,0.0,0.0,0.0,0.0,0.0,0
C15187,21.0,534.0,0.0,0.0,0.0,0.0,0.0,0
C1519,9.0,15.0,1.0,45.0,0.0,15.0,100.0,0
C152,6.0,8.0,2.0,80.0,0.0,13.0,357.0,0
C1520,0.0,0.0,2.0,67.0,0.0,15.0,106.0,0
C15207,21.0,1356.0,0.0,0.0,0.0,0.0,0.0,0
C1521,0.0,0.0,240.0,2788.0,4.0,0.0,0.0,0
C15210,1.0,1.0,0.0,0.0,0.0,0.0,0.0,0
C15214,15.0,349.0,0.0,0.0,0.0,0.0,0.0,0
C15218,17.0,897.0,0.0,0.0,0.0,0.0,0.0,0
C1522,3.0,7.0,2.0,46.0,0.0,15.0,95.0,0
C15222,24.0,289.0,0.0,0.0,0.0,0.0,0.0,0
C1523,2.0,10.0,3.0,74.0,0.0,8.0,461.0,0
C15235,15.0,509.0,0.0,0.0,0.0,0.0,0.0,0
C1524,2.0,2.0,2.0,63.0,0.0,13.0,103.0,0
C1525,0.0,0.0,2.0,76.0,0.0,12.0,99.0,0
C15255,6.0,12.0,0.0,0.0,0.0,0.0,0.0,0
C1526,9.0,25.0,2.0,57.0,0.0,20.0,116.0,0
C15266,24.0,1957.0,0.0,0.0,0.0,0.0,0.0,0
C15268,23.0,582.0,0.0,0.0,0.0,0.0,0.0,0
C1527,0.0,0.0,1.0,113.0,113.0,7.0,132.0,0
C15270,1.0,1.0,0.0,0.0,0.0,0.0,0.0,0
C15274,1.0,1.0,0.0,0.0,0.0,0.0,0.0,0
C1528,0.0,0.0,1.0,42.0,0.0,11.0,96.0,0
C15285,18.0,1133.0,0.0,0.0,0.0,0.0,0.0,0
C15288,8.0,9.0,0.0,0.0,0.0,0.0,0.0,0
C1529,0.0,0.0,3.0,138.0,0.0,4.0,50.0,0
C15292,5.0,5.0,0.0,0.0,0.0,0.0,0.0,0
C15293,9.0,129.0,0.0,0.0,0.0,0.0,0.0,0
C153,0.0,0.0,2.0,45.0,0.0,13.0,96.0,0
C15303,17.0,780.0,0.0,0.0,0.0,0.0,0.0,0
C1531,0.0,0.0,2.0,80.0,0.0,15.0,98.0,0
C15312,5.0,5.0,0.0,0.0,0.0,0.0,0.0,0
C15317,15.0,45.0,0.0,0.0,0.0,0.0,0.0,0
C1532,0.0,0.0,2.0,139.0,0.0,16.0,987.0,0
C15320,4.0,9.0,0.0,0.0,0.0,0.0,0.0,0
C15323,8.0,376.0,0.0,0.0,0.0,0.0,0.0,0
C15328,16.0,24.0,0.0,0.0,0.0,0.0,0.0,0
C1533,0.0,0.0,5.0,59.0,0.0,0.0,0.0,0
C15342,3.0,3.0,0.0,0.0,0.0,0.0,0.0,0
C1535,0.0,0.0,1.0,53.0,0.0,9.0,74.0,0
C15355,6.0,546.0,0.0,0.0,0.0,0.0,0.0,0
C1536,0.0,0.0,1.0,39.0,0.0,11.0,91.0,0
C15365,15.0,40.0,0.0,0.0,0.0,0.0,0.0,0
C1537,0.0,0.0,1.0,67.0,0.0,12.0,101.0,0
C15370,19.0,1127.0,0.0,0.0,0.0,0.0,0.0,0
C15376,11.0,20.0,0.0,0.0,0.0,0.0,0.0,0
C1538,0.0,0.0,2.0,61.0,0.0,16.0,224.0,0
C15380,17.0,73.0,0.0,0.0,0.0,0.0,0.0,0
C15382,3.0,3.0,0.0,0.0,0.0,0.0,0.0,0
C15384,14.0,34.0,0.0,0.0,0.0,0.0,0.0,0
C15386,2.0,2.0,0.0,0.0,0.0,0.0,0.0,0
C1539,0.0,0.0,2.0,71.0,0.0,13.0,93.0,0
C15394,15.0,919.0,0.0,0.0,0.0,0.0,0.0,0
C15397,22.0,502.0,0.0,0.0,0.0,0.0,0.0,0
C15399,7.0,9.0,0.0,0.0,0.0,0.0,0.0,0
C154,16.0,1386.0,1.0,46.0,0.0,11.0,86.0,0
C1540,0.0,0.0,2.0,84.0,0.0,13.0,105.0,0
C15403,21.0,1195.0,0.0,0.0,0.0,0.0,0.0,0
C15405,3.0,6.0,0.0,0.0,0.0,0.0,0.0,0
C1541,0.0,0.0,1.0,54.0,0.0,11.0,181.0,0
C15412,7.0,11.0,0.0,0.0,0.0,0.0,0.0,0
C15418,10.0,16.0,0.0,0.0,0.0,0.0,0.0,0
C1542,0.0,0.0,1.0,49.0,0.0,10.0,53.0,0
C15423,21.0,435.0,0.0,0.0,0.0,0.0,0.0,0
C1543,0.0,0.0,3.0,113.0,0.0,13.0,92.0,0
C1544,0.0,0.0,2.0,66.0,0.0,14.0,114.0,0
C15440,3.0,65.0,0.0,0.0,0.0,0.0,0.0,0
C15445,22.0,1555.0,0.0,0.0,0.0,0.0,0.0,0
C15449,3.0,4.0,0.0,0.0,0.0,0.0,0.0,0
C1545,0.0,0.0,1.0,64.0,0.0,11.0,86.0,0
C15450,19.0,907.0,0.0,0.0,0.0,0.0,0.0,0
C15453,2.0,2.0,0.0,0.0,0.0,0.0,0.0,0
C1546,0.0,0.0,1.0,44.0,0.0,11.0,94.0,0
C15464,12.0,38.0,0.0,0.0,0.0,0.0,0.0,0
C1547,0.0,0.0,3.0,150.0,0.0,14.0,98.0,0
C15475,7.0,8.0,0.0,0.0,0.0,0.0,0.0,0
C15476,3.0,39.0,0.0,0.0,0.0,0.0,0.0,0
C15477,19.0,463.0,0.0,0.0,0.0,0.0,0.0,0
C1548,0.0,0.0,1.0,69.0,0.0,19.0,105.0,0
C15480,10.0,57.0,0.0,0.0,0.0,0.0,0.0,0
C15482,9.0,18.0,0.0,0.0,0.0,0.0,0.0,0
C15485,3.0,25.0,0.0,0.0,0.0,0.0,0.0,0
C1549,3.0,4.0,2.0,40.0,0.0,7.0,101.0,0
C15493,14.0,101.0,0.0,0.0,0.0,0.0,0.0,0
C15495,18.0,37.0,0.0,0.0,0.0,0.0,0.0,0
C15498,21.0,2205.0,0.0,0.0,0.0,0.0,0.0,0
C155,2.0,2.0,2.0,54.0,0.0,9.0,148.0,0
C1550,0.0,0.0,1.0,51.0,0.0,11.0,94.0,0
C1551,5.0,22.0,1.0,43.0,0.0,13.0,184.0,0
C15516,5.0,8.0,0.0,0.0,0.0,0.0,0.0,0
C1552,2.0,2.0,1.0,58.0,0.0,10.0,89.0,0
C15520,4.0,13.0,0.0,0.0,0.0,0.0,0.0,0
C15525,5.0,17.0,0.0,0.0,0.0,0.0,0.0,0
C15526,7.0,89.0,0.0,0.0,0.0,0.0,0.0,0
C15527,6.0,11.0,0.0,0.0,0.0,0.0,0.0,0
C15529,1.0,1.0,0.0,0.0,0.0,0.0,0.0,0
C1553,0.0,0.0,3.0,114.0,0.0,17.0,395.0,0
C15533,7.0,12.0,0.0,0.0,0.0,0.0,0.0,0
C1554,0.0,0.0,3.0,110.0,0.0,11.0,180.0,0
C15546,6.0,6.0,0.0,0.0,0.0,0.0,0.0,0
C1555,3.0,5.0,2.0,42.0,0.0,5.0,98.0,0
C15550,20.0,97.0,0.0,0.0,0.0,0.0,0.0,0
C15555,3.0,32.0,0.0,0.0,0.0,0.0,0.0,0
C15556,32.0,1266.0,0.0,0.0,0.0,0.0,0.0,0
C15558,1.0,1.0,0.0,0.0,0.0,0.0,0.0,0
C1556,0.0,0.0,2.0,75.0,0.0,13.0,103.0,0
C15563,4.0,4.0,0.0,0.0,0.0,0.0,0.0,0
C1557,0.0,0.0,2.0,123.0,0.0,14.0,100.0,0
C15575,7.0,12.0,0.0,0.0,0.0,0.0,0.0,0
C1558,14.0,191.0,1.0,100.0,0.0,10.0,101.0,0
C15580,1.0,3.0,0.0,0.0,0.0,0.0,0.0,0
C15586,11.0,20.0,0.0,0.0,0.0,0.0,0.0,0
C1559,0.0,0.0,2.0,90.0,0.0,13.0,94.0,0
C15591,1.0,1.0,0.0,0.0,0.0,0.0,0.0,0
C15593,1.0,5.0,0.0,0.0,0.0,0.0,0.0,0
C15595,4.0,5.0,0.0,0.0,0.0,0.0,0.0,0
C156,5.0,7.0,1.0,23.0,0.0,11.0,93.0,0
C1560,0.0,0.0,2.0,61.0,0.0,13.0,90.0,0
C15604,18.0,300.0,0.0,0.0,0.0,0.0,0.0,0
C15607,4.0,4.0,0.0,0.0,0.0,0.0,0.0,0
C15609,18.0,1036.0,0.0,0.0,0.0,0.0,0.0,0
C1561,0.0,0.0,2.0,68.0,0.0,13.0,94.0,0
C15615,20.0,1031.0,0.0,0.0,0.0,0.0,0.0,0
C15616,1.0,1.0,0.0,0.0,0.0,0.0,0.0,0
C15618,18.0,1040.0,0.0,0.0,0.0,0.0,0.0,0
C1562,0.0,0.0,2.0,84.0,0.0,15.0,126.0,0
C15624,3.0,4.0,0.0,0.0,0.0,0.0,0.0,0
C15626,19.0,1387.0,0.0,0.0,0.0,0.0,0.0,0
C15628,22.0,1017.0,0.0,0.0,0.0,0.0,0.0,0
C1563,0.0,0.0,1.0,69.0,0.0,10.0,92.0,0
C15632,1.0,1.0,0.0,0.0,0.0,0.0,0.0,0
C1564,0.0,0.0,1.0,64.0,0.0,8.0,83.0,0
C15640,29.0,1053.0,0.0,0.0,0.0,0.0,0.0,0
C15642,1.0,1.0,0.0,0.0,0.0,0.0,0.0,0
C15644,13.0,1026.0,0.0,0.0,0.0,0.0,0.0,0
C15646,16.0,42.0,0.0,0.0,0.0,0.0,0.0,0
C1565,0.0,0.0,2.0,61.0,0.0,16.0,102.0,0
C15656,16.0,21.0,0.0,0.0,0.0,0.0,0.0,0
C1566,5.0,13.0,1.0,58.0,0.0,12.0,189.0,0
C15667,9.0,17.0,0.0,0.0,0.0,0.0,0.0,0
C1567,0.0,0.0,5.0,303.0,1.0,57.0,2734.0,0
C15678,21.0,961.0,0.0,0.0,0.0,0.0,0.0,0
C1568,0.0,0.0,2.0,79.0,0.0,14.0,115.0,0
C1569,0.0,0.0,1.0,64.0,0.0,14.0,81.0,0
C15699,17.0,531.0,0.0,0.0,0.0,0.0,0.0,0
C157,0.0,0.0,1.0,60.0,0.0,11.0,98.0,0
C1570,0.0,0.0,8.0,277.0,0.0,78.0,3297.0,0
C15701,5.0,11.0,0.0,0.0,0.0,0.0,0.0,0
C15708,1.0,2.0,0.0,0.0,0.0,0.0,0.0,0
C15709,2.0,18.0,0.0,0.0,0.0,0.0,0.0,0
C1571,0.0,0.0,1.0,66.0,0.0,11.0,91.0,0
C1572,5.0,5.0,1.0,54.0,0.0,15.0,103.0,0
C15720,1.0,1.0,0.0,0.0,0.0,0.0,0.0,0
C15722,19.0,5597.0,0.0,0.0,0.0,0.0,0.0,0
C1573,0.0,0.0,2.0,100.0,0.0,12.0,199.0,0
C15731,3.0,6.0,0.0,0.0,0.0,0.0,0.0,0
C15733,11.0,859.0,0.0,0.0,0.0,0.0,0.0,0
C1574,0.0,0.0,2.0,75.0,0.0,14.0,104.0,0
C15746,16.0,78.0,0.0,0.0,0.0,0.0,0.0,0
C15748,15.0,84.0,0.0,0.0,0.0,0.0,0.0,0
C1575,4.0,11.0,2.0,64.0,0.0,15.0,99.0,0
C15751,2.0,2.0,0.0,0.0,0.0,0.0,0.0,0
C15753,24.0,1479.0,0.0,0.0,0.0,0.0,0.0,0
C1576,4.0,4.0,1.0,262.0,0.0,16.0,3301.0,0
C15763,19.0,54.0,0.0,0.0,0.0,0.0,0.0,0
C15767,22.0,1940.0,0.0,0.0,0.0,0.0,0.0,0
C1577,0.0,0.0,2.0,84.0,0.0,13.0,244.0,0
C15770,2.0,4.0,0.0,0.0,0.0,0.0,0.0,0
C1578,0.0,0.0,2.0,62.0,0.0,13.0,91.0,0
C15780,2.0,4.0,0.0,0.0,0.0,0.0,0.0,0
C15782,16.0,379.0,0.0,0.0,0.0,0.0,0.0,0
C15787,2.0,2.0,0.0,0.0,0.0,0.0,0.0,0
C1579,0.0,0.0,2.0,72.0,0.0,13.0,91.0,0
C15792,12.0,19.0,0.0,0.0,0.0,0.0,0.0,0
C15794,3.0,9.0,0.0,0.0,0.0,0.0,0.0,0
C158,0.0,0.0,1.0,69.0,0.0,10.0,92.0,0
C1580,0.0,0.0,1.0,44.0,0.0,14.0,97.0,0
C15802,22.0,1106.0,0.0,0.0,0.0,0.0,0.0,0
C15804,6.0,28.0,0.0,0.0,0.0,0.0,0.0,0
C15806,14.0,140.0,0.0,0.0,0.0,0.0,0.0,0
C15809,8.0,13.0,0.0,0.0,0.0,0.0,0.0,0
C1581,4.0,5.0,85.0,2124.0,5.0,11.0,113.0,0
C15812,9.0,25.0,0.0,0.0,0.0,0.0,0.0,0
C1582,0.0,0.0,2.0,104.0,0.0,12.0,92.0,0
C15828,2.0,2.0,0.0,0.0,0.0,0.0,0.0,0
C1583,0.0,0.0,2.0,66.0,0.0,13.0,94.0,0
C15832,6.0,6.0,0.0,0.0,0.0,0.0,0.0,0
C15838,22.0,1122.0,0.0,0.0,0.0,0.0,0.0,0
C15839,17.0,123.0,0.0,0.0,0.0,0.0,0.0,0
C1584,1.0,1.0,2.0,106.0,0.0,11.0,97.0,0
C15843,18.0,327.0,0.0,0.0,0.0,0.0,0.0,0
C1585,9.0,15.0,2.0,76.0,0.0,42.0,214.0,0
C15855,17.0,581.0,0.0,0.0,0.0,0.0,0.0,0
C1586,0.0,0.0,4.0,446.0,1.0,0.0,0.0,0
C15865,3.0,6.0,0.0,0.0,0.0,0.0,0.0,0
C1587,0.0,0.0,1.0,65.0,0.0,14.0,208.0,0
C1588,0.0,0.0,1.0,71.0,0.0,11.0,91.0,0
C15880,2.0,2.0,0.0,0.0,0.0,0.0,0.0,0
C15882,7.0,10.0,0.0,0.0,0.0,0.0,0.0,0
C1589,12.0,95.0,2.0,93.0,0.0,13.0,98.0,0
C15897,12.0,31.0,0.0,0.0,0.0,0.0,0.0,0
C15899,5.0,6.0,0.0,0.0,0.0,0.0,0.0,0
C159,22.0,1611.0,1.0,37.0,0.0,15.0,113.0,0
C1590,17.0,30.0,3.0,210.0,0.0,16.0,271.0,0
C15906,10.0,17.0,0.0,0.0,0.0,0.0,0.0,0
C15908,7.0,181.0,0.0,0.0,0.0,0.0,0.0,0
C1591,10.0,90.0,1.0,67.0,0.0,10.0,95.0,0
C15911,1.0,1.0,0.0,0.0,0.0,0.0,0.0,0
C15913,5.0,61.0,0.0,0.0,0.0,0.0,0.0,0
C15914,21.0,1222.0,0.0,0.0,0.0,0.0,0.0,0
C1592,0.0,0.0,3.0,111.0,0.0,16.0,126.0,0
C1593,0.0,0.0,1.0,36.0,0.0,11.0,95.0,0
C15937,4.0,7.0,0.0,0.0,0.0,0.0,0.0,0
C15948,4.0,4.0,0.0,0.0,0.0,0.0,0.0,0
C1595,0.0,0.0,1.0,851.0,0.0,0.0,0.0,0
C15950,6.0,6.0,0.0,0.0,0.0,0.0,0.0,0
C15954,5.0,5.0,0.0,0.0,0.0,0.0,0.0,0
C1596,0.0,0.0,4.0,69.0,28.0,9.0,161.0,0
C15964,1.0,1.0,0.0,0.0,0.0,0.0,0.0,0
C1597,0.0,0.0,2.0,165.0,0.0,0.0,0.0,0
C15984,5.0,17.0,0.0,0.0,0.0,0.0,0.0,0
C1599,7.0,9.0,3.0,43.0,0.0,6.0,98.0,0
C15993,3.0,3.0,0.0,0.0,0.0,0.0,0.0,0
C16,0.0,0.0,1.0,42.0,0.0,11.0,90.0,0
C160,0.0,0.0,1.0,54.0,0.0,12.0,102.0,0
C16001,8.0,12.0,0.0,0.0,0.0,0.0,0.0,0
C16008,1.0,1.0,0.0,0.0,0.0,0.0,0.0,0
C1601,3.0,4.0,4.0,123.0,0.0,2.0,21.0,0
C1602,0.0,0.0,2.0,78.0,0.0,11.0,89.0,0
C16026,3.0,4.0,0.0,0.0,0.0,0.0,0.0,0
C16029,1.0,1.0,0.0,0.0,0.0,0.0,0.0,0
C1603,0.0,0.0,8.0,93.0,0.0,5.0,93.0,0
C16032,15.0,143.0,0.0,0.0,0.0,0.0,0.0,0
C16033,23.0,666.0,0.0,0.0,0.0,0.0,0.0,0
C16036,4.0,5.0,0.0,0.0,0.0,0.0,0.0,0
C1604,1.0,1.0,1.0,57.0,0.0,0.0,0.0,0
C16045,6.0,21.0,0.0,0.0,0.0,0.0,0.0,0
C16054,22.0,1175.0,0.0,0.0,0.0,0.0,0.0,0
C16055,22.0,331.0,0.0,0.0,0.0,0.0,0.0,0
C16060,2.0,2.0,0.0,0.0,0.0,0.0,0.0,0
C16061,2.0,2.0,0.0,0.0,0.0,0.0,0.0,0
C16062,27.0,551.0,0.0,0.0,0.0,0.0,0.0,0
C16065,25.0,364.0,0.0,0.0,0.0,0.0,0.0,0
C16067,21.0,1148.0,0.0,0.0,0.0,0.0,0.0,0
C16069,23.0,236.0,0.0,0.0,0.0,0.0,0.0,0
C1607,0.0,0.0,1.0,125.0,0.0,0.0,0.0,0
C16070,19.0,602.0,0.0,0.0,0.0,0.0,0.0,0
C16071,19.0,229.0,0.0,0.0,0.0,0.0,0.0,0
C16072,17.0,113.0,0.0,0.0,0.0,0.0,0.0,0
C16073,17.0,9587.0,0.0,0.0,0.0,0.0,0.0,0
C16076,10.0,13.0,0.0,0.0,0.0,0.0,0.0,0
C16079,25.0,2244.0,0.0,0.0,0.0,0.0,0.0,0
C1608,0.0,0.0,2.0,38.0,0.0,30.0,821.0,0
C16080,1.0,28.0,0.0,0.0,0.0,0.0,0.0,0
C16085,15.0,111.0,0.0,0.0,0.0,0.0,0.0,0
C16087,19.0,168.0,0.0,0.0,0.0,0.0,0.0,0
C16088,14.0,30.0,0.0,0.0,0.0,0.0,0.0,0
C1609,0.0,0.0,5.0,92.0,0.0,0.0,0.0,0
C16096,15.0,681.0,0.0,0.0,0.0,0.0,0.0,0
C161,24.0,1118.0,3.0,178.0,0.0,67.0,635.0,0
C1610,8.0,15.0,3.0,46.0,0.0,9.0,136.0,0
C16103,26.0,2356.0,0.0,0.0,0.0,0.0,0.0,0
C1611,0.0,0.0,4.0,323.0,1.0,57.0,2715.0,0
C1613,1.0,1.0,3.0,43.0,0.0,0.0,0.0,0
C16130,19.0,579.0,0.0,0.0,0.0,0.0,0.0,0
C16137,22.0,196.0,0.0,0.0,0.0,0.0,0.0,0
C16146,13.0,139.0,0.0,0.0,0.0,0.0,0.0,0
C16148,12.0,54.0,0.0,0.0,0.0,0.0,0.0,0
C1615,0.0,0.0,2.0,54.0,0.0,5.0,34.0,0
C16152,10.0,21.0,0.0,0.0,0.0,0.0,0.0,0
C16156,3.0,9.0,0.0,0.0,0.0,0.0,0.0,0
C16158,2.0,6.0,0.0,0.0,0.0,0.0,0.0,0
C1616,0.0,0.0,1.0,29.0,0.0,8.0,136.0,0
C16168,23.0,257.0,0.0,0.0,0.0,0.0,0.0,0
C16169,2.0,3.0,0.0,0.0,0.0,0.0,0.0,0
C16177,4.0,4.0,0.0,0.0,0.0,0.0,0.0,0
C16179,22.0,608.0,0.0,0.0,0.0,0.0,0.0,0
C1618,0.0,0.0,49.0,5659.0,6.0,0.0,0.0,0
C16182,9.0,13.0,0.0,0.0,0.0,0.0,0.0,0
C16184,14.0,27.0,0.0,0.0,0.0,0.0,0.0,0
C1619,0.0,0.0,38.0,12925.0,6.0,0.0,0.0,0
C16191,14.0,27.0,0.0,0.0,0.0,0.0,0.0,0
C162,0.0,0.0,1.0,36.0,0.0,11.0,170.0,0
C16204,2.0,2.0,0.0,0.0,0.0,0.0,0.0,0
C1621,1.0,1.0,1.0,1016.0,0.0,0.0,0.0,0
C1622,3.0,3.0,2.0,205.0,0.0,12.0,42.0,0
C16226,15.0,48.0,0.0,0.0,0.0,0.0,0.0,0
C16228,5.0,40.0,0.0,0.0,0.0,0.0,0.0,0
C1623,19.0,105.0,1.0,88.0,0.0,12.0,99.0,0
C16230,2.0,32.0,0.0,0.0,0.0,0.0,0.0,0
C1624,17.0,1042.0,3.0,135.0,0.0,11.0,10182.0,0
C16242,8.0,486.0,0.0,0.0,0.0,0.0,0.0,0
C16247,25.0,678.0,0.0,0.0,0.0,0.0,0.0,0
C1625,15.0,200.0,1.0,76.0,0.0,10.0,92.0,0
C1626,0.0,0.0,2.0,88.0,0.0,13.0,100.0,0
C16266,2.0,3.0,0.0,0.0,0.0,0.0,0.0,0
C16268,1.0,3.0,0.0,0.0,0.0,0.0,0.0,0
C1627,0.0,0.0,2.0,87.0,0.0,19.0,185.0,0
C16277,6.0,10.0,0.0,0.0,0.0,0.0,0.0,0
C1628,6.0,6.0,5.0,299.0,0.0,10.0,80.0,0
C16289,7.0,10.0,0.0,0.0,0.0,0.0,0.0,0
C16291,5.0,8.0,0.0,0.0,0.0,0.0,0.0,0
C163,3.0,3.0,2.0,65.0,0.0,12.0,91.0,0
C1630,3.0,6.0,4.0,77.0,0.0,0.0,0.0,0
C16307,3.0,13.0,0.0,0.0,0.0,0.0,0.0,0
C16312,14.0,19.0,0.0,0.0,0.0,0.0,0.0,0
C16316,5.0,7.0,0.0,0.0,0.0,0.0,0.0,0
C1632,0.0,0.0,1.0,58.0,0.0,12.0,455.0,0
C1633,14.0,91.0,2.0,429.0,0.0,11.0,94.0,0
C16334,11.0,42.0,0.0,0.0,0.0,0.0,0.0,0
C1634,1.0,2.0,3.0,994.0,0.0,0.0,0.0,0
C16341,4.0,5.0,0.0,0.0,0.0,0.0,0.0,0
C16351,1.0,1.0,0.0,0.0,0.0,0.0,0.0,0
C1636,0.0,0.0,1.0,960.0,0.0,0.0,0.0,0
C16363,21.0,1151.0,0.0,0.0,0.0,0.0,0.0,0
C16366,1.0,4.0,0.0,0.0,0.0,0.0,0.0,0
C1637,3.0,4.0,2.0,74.0,0.0,17.0,144.0,0
C16377,10.0,17.0,0.0,0.0,0.0,0.0,0.0,0
C1638,1.0,1.0,1.0,28.0,0.0,9.0,154.0,0
C16383,6.0,10.0,0.0,0.0,0.0,0.0,0.0,0
C16387,2.0,2.0,0.0,0.0,0.0,0.0,0.0,0
C16397,39.0,5156.0,0.0,0.0,0.0,0.0,0.0,0
C164,3.0,3.0,2.0,66.0,0.0,14.0,107.0,0
C16403,14.0,28.0,0.0,0.0,0.0,0.0,0.0,0
C16407,10.0,18.0,0.0,0.0,0.0,0.0,0.0,0
C1641,9.0,28.0,3.0,121.0,0.0,53.0,220.0,0
C16414,2.0,2.0,0.0,0.0,0.0,0.0,0.0,0
C1643,0.0,0.0,1.0,291.0,0.0,0.0,0.0,0
C16432,1.0,1.0,0.0,0.0,0.0,0.0,0.0,0
C1644,2.0,4.0,9.0,392.0,0.0,10.0,151.0,0
C16440,2.0,2.0,0.0,0.0,0.0,0.0,0.0,0
C16447,14.0,39.0,0.0,0.0,0.0,0.0,0.0,0
C16449,4.0,54.0,0.0,0.0,0.0,0.0,0.0,0
C1645,22.0,1931.0,3.0,132.0,0.0,14.0,116.0,0
C16451,3.0,6.0,0.0,0.0,0.0,0.0,0.0,0
C16459,1.0,1.0,0.0,0.0,0.0,0.0,0.0,0
C1646,3.0,6.0,3.0,602.0,3.0,9.0,1246.0,0
C16467,5.0,5.0,0.0,0.0,0.0,0.0,0.0,0
C1647,15.0,99.0,1.0,66.0,0.0,10.0,93.0,0
C16478,9.0,12.0,0.0,0.0,0.0,0.0,0.0,0
C1648,9.0,38.0,1.0,79.0,0.0,9.0,88.0,0
C16484,6.0,8.0,0.0,0.0,0.0,0.0,0.0,0
C1649,15.0,95.0,2.0,451.0,0.0,11.0,94.0,0
C16490,27.0,1564.0,0.0,0.0,0.0,0.0,0.0,0
C16492,5.0,6.0,0.0,0.0,0.0,0.0,0.0,0
C16496,5.0,31.0,0.0,0.0,0.0,0.0,0.0,0
C165,0.0,0.0,2.0,83.0,0.0,17.0,105.0,0
C1650,0.0,0.0,2.0,86.0,0.0,15.0,125.0,0
C16502,5.0,5.0,0.0,0.0,0.0,0.0,0.0,0
C16507,25.0,840.0,0.0,0.0,0.0,0.0,0.0,0
C16508,6.0,8.0,0.0,0.0,0.0,0.0,0.0,0
C1651,0.0,0.0,1.0,108.0,0.0,12.0,99.0,0
C16510,14.0,28.0,0.0,0.0,0.0,0.0,0.0,0
C16518,9.0,11.0,0.0,0.0,0.0,0.0,0.0,0
C1652,14.0,51.0,1.0,95.0,0.0,10.0,93.0,0
C16520,28.0,1184.0,0.0,0.0,0.0,0.0,0.0,0
C16526,4.0,8.0,0.0,0.0,0.0,0.0,0.0,0
C1653,23.0,2265.0,1.0,92.0,0.0,10.0,96.0,0
C16535,2.0,2.0,0.0,0.0,0.0,0.0,0.0,0
C16539,15.0,96.0,0.0,0.0,0.0,0.0,0.0,0
C1654,2.0,2.0,2.0,54.0,2.0,11.0,1960.0,0
C1655,0.0,0.0,3.0,128.0,0.0,13.0,100.0,0
C16555,8.0,10.0,0.0,0.0,0.0,0.0,0.0,0
C16557,30.0,414.0,0.0,0.0,0.0,0.0,0.0,0
C1656,13.0,36.0,1.0,70.0,0.0,10.0,95.0,0
C16561,2.0,2.0,0.0,0.0,0.0,0.0,0.0,0
C16569,14.0,46.0,0.0,0.0,0.0,0.0,0.0,0
C1657,2.0,3.0,2.0,67.0,0.0,5.0,70.0,0
C16578,2.0,2.0,0.0,0.0,0.0,0.0,0.0,0
C1658,0.0,0.0,2.0,8.0,0.0,5.0,18.0,0
C16580,7.0,8.0,0.0,0.0,0.0,0.0,0.0,0
C16583,10.0,24.0,0.0,0.0,0.0,0.0,0.0,0
C16587,6.0,12.0,0.0,0.0,0.0,0.0,0.0,0
C1659,0.0,0.0,1.0,55.0,0.0,9.0,89.0,0
C16590,16.0,39.0,0.0,0.0,0.0,0.0,0.0,0
C16598,1.0,1.0,0.0,0.0,0.0,0.0,0.0,0
C166,0.0,0.0,2.0,65.0,0.0,14.0,115.0,0
C1660,1.0,1.0,2.0,89.0,0.0,0.0,0.0,0
C1661,0.0,0.0,2.0,67.0,0.0,6.0,151.0,0
C16614,2.0,2.0,0.0,0.0,0.0,0.0,0.0,0
C16616,11.0,32.0,0.0,0.0,0.0,0.0,0.0,0
C16618,1.0,1.0,0.0,0.0,0.0,0.0,0.0,0
C16627,12.0,26.0,0.0,0.0,0.0,0.0,0.0,0
C1663,0.0,0.0,2.0,133.0,0.0,13.0,98.0,0
C16633,11.0,14.0,0.0,0.0,0.0,0.0,0.0,0
C1664,1.0,1.0,3.0,6.0,0.0,5.0,43.0,0
C16640,3.0,44.0,0.0,0.0,0.0,0.0,0.0,0
C16645,2.0,2.0,0.0,0.0,0.0,0.0,0.0,0
C1665,0.0,0.0,3.0,50.0,0.0,12.0,105.0,0
C16653,16.0,93.0,0.0,0.0,0.0,0.0,0.0,0
C1666,6.0,10.0,3.0,901.0,0.0,4.0,15.0,0
C1667,3.0,9.0,2.0,62.0,0.0,0.0,0.0,0
C16671,16.0,52.0,0.0,0.0,0.0,0.0,0.0,0
C16675,19.0,1309.0,0.0,0.0,0.0,0.0,0.0,0
C1668,0.0,0.0,1.0,73.0,0.0,13.0,103.0,0
C1669,3.0,4.0,2.0,895.0,0.0,16.0,2522.0,0
C16694,13.0,133.0,0.0,0.0,0.0,0.0,0.0,0
C16698,16.0,111.0,0.0,0.0,0.0,0.0,0.0,0
C167,11.0,85.0,1.0,50.0,0.0,0.0,0.0,0
C1670,0.0,0.0,3.0,70.0,0.0,4.0,33.0,0
C16700,15.0,99.0,0.0,0.0,0.0,0.0,0.0,0
C16706,1.0,1.0,0.0,0.0,0.0,0.0,0.0,0
C1671,0.0,0.0,3.0,124.0,0.0,11.0,120.0,0
C16711,4.0,30.0,0.0,0.0,0.0,0.0,0.0,0
C16714,1.0,1.0,0.0,0.0,0.0,0.0,0.0,0
C1672,0.0,0.0,3.0,148.0,0.0,0.0,0.0,0
C16724,3.0,3.0,0.0,0.0,0.0,0.0,0.0,0
C16727,18.0,60.0,0.0,0.0,0.0,0.0,0.0,0
C1673,1.0,1.0,2.0,286.0,0.0,5.0,146.0,0
C16739,8.0,15.0,0.0,0.0,0.0,0.0,0.0,0
C1674,0.0,0.0,2.0,85.0,0.0,11.0,95.0,0
C16744,4.0,5.0,0.0,0.0,0.0,0.0,0.0,0
C1675,0.0,0.0,2.0,61.0,0.0,12.0,174.0,0
C16756,4.0,5.0,0.0,0.0,0.0,0.0,0.0,0
C16758,7.0,14.0,0.0,0.0,0.0,0.0,0.0,0
C16760,1.0,1.0,0.0,0.0,0.0,0.0,0.0,0
C1677,0.0,0.0,1.0,103.0,0.0,10.0,96.0,0
C16775,1.0,1.0,0.0,0.0,0.0,0.0,0.0,0
C16777,6.0,8.0,0.0,0.0,0.0,0.0,0.0,0
C1678,3.0,3.0,2.0,209.0,0.0,5.0,16.0,0
C16787,7.0,25.0,0.0,0.0,0.0,0.0,0.0,0
C1679,2.0,4.0,7.0,1724.0,2.0,0.0,0.0,0
C16796,11.0,15.0,0.0,0.0,0.0,0.0,0.0,0
C168,0.0,0.0,1.0,71.0,0.0,11.0,89.0,0
C1680,0.0,0.0,3.0,38.0,0.0,0.0,0.0,0
C16809,2.0,2.0,0.0,0.0,0.0,0.0,0.0,0
C1681,4.0,6.0,8.0,2160.0,0.0,6.0,48.0,0
C16811,23.0,1070.0,0.0,0.0,0.0,0.0,0.0,0
C16814,11.0,11.0,0.0,0.0,0.0,0.0,0.0,0
C1682,0.0,0.0,1.0,55.0,0.0,10.0,96.0,0
C16825,24.0,412.0,0.0,0.0,0.0,0.0,0.0,0
C16828,20.0,39.0,0.0,0.0,0.0,0.0,0.0,0
C16839,22.0,182.0,0.0,0.0,0.0,0.0,0.0,0
C1684,8.0,28.0,1.0,58.0,0.0,11.0,95.0,0
C1685,0.0,0.0,1.0,64.0,0.0,15.0,14651.0,0
C16852,13.0,47.0,0.0,0.0,0.0,0.0,0.0,0
C1686,0.0,0.0,2.0,78.0,0.0,13.0,99.0,0
C16860,2.0,2.0,0.0,0.0,0.0,0.0,0.0,0
C16888,6.0,8.0,0.0,0.0,0.0,0.0,0.0,0
C1689,0.0,0.0,1.0,1021.0,0.0,0.0,0.0,0
C16896,2.0,6.0,0.0,0.0,0.0,0.0,0.0,0
C16897,3.0,8.0,0.0,0.0,0.0,0.0,0.0,0
C169,0.0,0.0,2.0,95.0,0.0,11.0,86.0,0
C1690,0.0,0.0,1.0,61.0,0.0,13.0,102.0,0
C16907,2.0,4.0,0.0,0.0,0.0,0.0,0.0,0
C1691,5.0,25.0,14.0,4128.0,0.0,5.0,84.0,0
C16916,11.0,17.0,0.0,0.0,0.0,0.0,0.0,0
C1692,14.0,662.0,3.0,231.0,193.0,6.0,1620.0,0
C16921,3.0,5.0,0.0,0.0,0.0,0.0,0.0,0
C16924,14.0,27.0,0.0,0.0,0.0,0.0,0.0,0
C1693,0.0,0.0,1.0,3.0,0.0,15.0,150.0,0
C16933,3.0,4.0,0.0,0.0,0.0,0.0,0.0,0
C16936,3.0,3.0,0.0,0.0,0.0,0.0,0.0,0
C16937,1.0,1.0,0.0,0.0,0.0,0.0,0.0,0
C16939,10.0,62.0,0.0,0.0,0.0,0.0,0.0,0
C1694,14.0,106.0,1.0,64.0,0.0,9.0,86.0,0
C16945,19.0,1027.0,0.0,0.0,0.0,0.0,0.0,0
C16947,15.0,20.0,0.0,0.0,0.0,0.0,0.0,0
C1695,5.0,6.0,4.0,71.0,0.0,0.0,0.0,0
C16953,14.0,23.0,0.0,0.0,0.0,0.0,0.0,0
C16957,7.0,663.0,0.0,0.0,0.0,0.0,0.0,0
C16963,6.0,6.0,0.0,0.0,0.0,0.0,0.0,0
C16969,23.0,802.0,0.0,0.0,0.0,0.0,0.0,0
C1697,2.0,3.0,6.0,1063.0,0.0,0.0,0.0,0
C16972,2.0,2.0,0.0,0.0,0.0,0.0,0.0,0
C1698,0.0,0.0,3.0,47.0,0.0,0.0,0.0,0
C16989,6.0,7.0,0.0,0.0,0.0,0.0,0.0,0
C16993,3.0,7.0,0.0,0.0,0.0,0.0,0.0,0
C17,11.0,21.0,3.0,154.0,0.0,13.0,106.0,0
C170,0.0,0.0,1.0,51.0,0.0,11.0,90.0,0
C1700,13.0,16.0,3.0,114.0,0.0,3.0,74.0,0
C17003,1.0,1.0,0.0,0.0,0.0,0.0,0.0,0
C17009,7.0,645.0,0.0,0.0,0.0,0.0,0.0,0
C1701,0.0,0.0,2.0,79.0,0.0,11.0,94.0,0
C17013,17.0,56.0,0.0,0.0,0.0,0.0,0.0,0
C17019,9.0,13.0,0.0,0.0,0.0,0.0,0.0,0
C1702,3.0,3.0,1.0,30.0,0.0,3.0,70.0,0
C17023,7.0,989.0,0.0,0.0,0.0,0.0,0.0,0
C1703,0.0,0.0,65.0,2348.0,1.0,8.0,1048.0,0
C17033,13.0,74.0,0.0,0.0,0.0,0.0,0.0,0
C1704,9.0,41.0,1.0,85.0,0.0,11.0,93.0,0
C17043,16.0,349.0,0.0,0.0,0.0,0.0,0.0,0
C1705,16.0,137.0,2.0,405.0,0.0,10.0,90.0,0
C17050,3.0,6.0,0.0,0.0,0.0,0.0,0.0,0
C17055,23.0,1106.0,0.0,0.0,0.0,0.0,0.0,0
C1706,0.0,0.0,2.0,65.0,0.0,8.0,152.0,0
C17060,4.0,4.0,0.0,0.0,0.0,0.0,0.0,0
C17065,27.0,652.0,0.0,0.0,0.0,0.0,0.0,0
C1707,1.0,3.0,2.0,45.0,0.0,10.0,5303.0,0
C17070,2.0,18.0,0.0,0.0,0.0,0.0,0.0,0
C17076,18.0,640.0,0.0,0.0,0.0,0.0,0.0,0
C17078,1.0,3.0,0.0,0.0,0.0,0.0,0.0,0
C17080,3.0,12.0,0.0,0.0,0.0,0.0,0.0,0
C17082,22.0,1269.0,0.0,0.0,0.0,0.0,0.0,0
C17083,23.0,1004.0,0.0,0.0,0.0,0.0,0.0,0
C1709,0.0,0.0,3.0,1864.0,0.0,0.0,0.0,0
C17090,22.0,276.0,0.0,0.0,0.0,0.0,0.0,0
C17094,8.0,8.0,0.0,0.0,0.0,0.0,0.0,0
C171,0.0,0.0,1.0,69.0,0.0,14.0,101.0,0
C1710,1.0,3.0,7.0,12322.0,46.0,12.0,396.0,0
C1711,0.0,0.0,1.0,84.0,0.0,11.0,95.0,0
C17113,1.0,1.0,0.0,0.0,0.0,0.0,0.0,0
C17117,14.0,24.0,0.0,0.0,0.0,0.0,0.0,0
C17119,2.0,3.0,0.0,0.0,0.0,0.0,0.0,0
C1712,17.0,92.0,2.0,133.0,0.0,17.0,117.0,0
C1713,0.0,0.0,9.0,494.0,0.0,7.0,908.0,0
C17135,5.0,7.0,0.0,0.0,0.0,0.0,0.0,0
C1714,11.0,44.0,3.0,91.0,0.0,13.0,92.0,0
C17144,11.0,43.0,0.0,0.0,0.0,0.0,0.0,0
C1715,0.0,0.0,3.0,148.0,0.0,3.0,12.0,0
C17151,4.0,7.0,0.0,0.0,0.0,0.0,0.0,0
C17155,2.0,2.0,0.0,0.0,0.0,0.0,0.0,0
C17157,26.0,451.0,0.0,0.0,0.0,0.0,0.0,0
C1716,0.0,0.0,1.0,84.0,0.0,12.0,96.0,0
C17167,10.0,26.0,0.0,0.0,0.0,0.0,0.0,0
C1717,11.0,35.0,2.0,122.0,0.0,9.0,93.0,0
C17178,20.0,615.0,0.0,0.0,0.0,0.0,0.0,0
C1718,14.0,72.0,1.0,86.0,0.0,9.0,92.0,0
C17181,6.0,58.0,0.0,0.0,0.0,0.0,0.0,0
C1719,3.0,4.0,4.0,126.0,0.0,3.0,14.0,0
C17192,8.0,11.0,0.0,0.0,0.0,0.0,0.0,0
C172,4.0,8.0,2.0,97.0,0.0,15.0,156.0,0
C1720,0.0,0.0,3.0,132.0,0.0,7.0,25.0,0
C17205,17.0,165.0,0.0,0.0,0.0,0.0,0.0,0
C17206,12.0,87.0,0.0,0.0,0.0,0.0,0.0,0
C17208,5.0,43.0,0.0,0.0,0.0,0.0,0.0,0
C1721,0.0,0.0,2.0,140.0,0.0,9.0,91.0,0
C17219,6.0,679.0,0.0,0.0,0.0,0.0,0.0,0
C1722,14.0,52.0,2.0,231.0,0.0,5.0,55.0,0
C17225,1.0,1.0,0.0,0.0,0.0,0.0,0.0,0
C1723,0.0,0.0,2.0,51.0,0.0,8.0,4799.0,0
C17232,4.0,38.0,0.0,0.0,0.0,0.0,0.0,0
C17238,1.0,1.0,0.0,0.0,0.0,0.0,0.0,0
C1724,7.0,21.0,1.0,56.0,0.0,10.0,89.0,0
C17240,5.0,6.0,0.0,0.0,0.0,0.0,0.0,0
C17246,19.0,599.0,0.0,0.0,0.0,0.0,0.0,0
C1725,0.0,0.0,1.0,48.0,0.0,10.0,90.0,0
C1726,18.0,127.0,2.0,140.0,0.0,14.0,104.0,0
C17262,10.0,31.0,0.0,0.0,0.0,0.0,0.0,0
C17269,18.0,947.0,0.0,0.0,0.0,0.0,0.0,0
C1727,0.0,0.0,3.0,3317.0,0.0,5.0,1209.0,0
C17276,5.0,72.0,0.0,0.0,0.0,0.0,0.0,0
C17277,20.0,704.0,0.0,0.0,0.0,0.0,0.0,0
C17279,18.0,1049.0,0.0,0.0,0.0,0.0,0.0,0
C1728,14.0,46.0,1.0,87.0,0.0,10.0,100.0,0
C17286,22.0,385.0,0.0,0.0,0.0,0.0,0.0,0
C1729,8.0,48.0,1.0,69.0,0.0,10.0,93.0,0
C17291,25.0,988.0,0.0,0.0,0.0,0.0,0.0,0
C173,0.0,0.0,2.0,79.0,0.0,14.0,104.0,0
C1730,0.0,0.0,3.0,52.0,2.0,12.0,149.0,0
C17300,1.0,1.0,0.0,0.0,0.0,0.0,0.0,0
C1731,3.0,3.0,3.0,575.0,0.0,17.0,1664.0,0
C17310,2.0,3.0,0.0,0.0,0.0,0.0,0.0,0
C1732,1.0,1.0,3.0,577.0,0.0,5.0,110.0,0
C17322,1.0,1.0,0.0,0.0,0.0,0.0,0.0,0
C1733,15.0,98.0,1.0,85.0,0.0,11.0,95.0,0
C17332,6.0,9.0,0.0,0.0,0.0,0.0,0.0,0
C17334,5.0,6.0,0.0,0.0,0.0,0.0,0.0,0
C17338,22.0,645.0,0.0,0.0,0.0,0.0,0.0,0
C1734,0.0,0.0,2.0,49.0,0.0,13.0,95.0,0
C17345,9.0,334.0,0.0,0.0,0.0,0.0,0.0,0
C1736,0.0,0.0,1.0,62.0,0.0,13.0,98.0,0
C17360,3.0,5.0,0.0,0.0,0.0,0.0,0.0,0
C17365,14.0,428.0,0.0,0.0,0.0,0.0,0.0,0
C17366,2.0,2.0,0.0,0.0,0.0,0.0,0.0,0
C1737,0.0,0.0,6.0,864.0,0.0,9.0,1994.0,0
C17385,5.0,9.0,0.0,0.0,0.0,0.0,0.0,0
C17387,8.0,69.0,0.0,0.0,0.0,0.0,0.0,0
C17392,2.0,2.0,0.0,0.0,0.0,0.0,0.0,0
C174,0.0,0.0,2.0,142.0,0.0,12.0,94.0,0
C1740,12.0,47.0,1.0,95.0,0.0,10.0,96.0,0
C17400,26.0,1573.0,0.0,0.0,0.0,0.0,0.0,0
C17402,5.0,5.0,0.0,0.0,0.0,0.0,0.0,0
C17404,8.0,26.0,0.0,0.0,0.0,0.0,0.0,0
C17406,1.0,1.0,0.0,0.0,0.0,0.0,0.0,0
C17407,15.0,887.0,0.0,0.0,0.0,0.0,0.0,0
C1741,2.0,2.0,3.0,91.0,0.0,9.0,92.0,0
C17410,5.0,8.0,0.0,0.0,0.0,0.0,0.0,0
C17412,19.0,546.0,0.0,0.0,0.0,0.0,0.0,0
C1742,11.0,52.0,1.0,83.0,0.0,10.0,93.0,0
C17429,2.0,3.0,0.0,0.0,0.0,0.0,0.0,0
C1743,0.0,0.0,1.0,46.0,0.0,8.0,98.0,0
C17437,8.0,132.0,0.0,0.0,0.0,0.0,0.0,0
C1744,0.0,0.0,4.0,150.0,2.0,26.0,285.0,0
C17443,4.0,41.0,0.0,0.0,0.0,0.0,0.0,0
C1745,0.0,0.0,2.0,33.0,0.0,5.0,561.0,0
C17451,7.0,7.0,0.0,0.0,0.0,0.0,0.0,0
C17456,12.0,19.0,0.0,0.0,0.0,0.0,0.0,0
C1746,11.0,82.0,2.0,400.0,0.0,11.0,88.0,0
C17465,20.0,1052.0,0.0,0.0,0.0,0.0,0.0,0
C1747,5.0,6.0,4.0,992.0,0.0,15.0,2596.0,0
C17476,4.0,75.0,0.0,0.0,0.0,0.0,0.0,0
C1748,17.0,643.0,5.0,62.0,0.0,0.0,0.0,0
C175,0.0,0.0,2.0,69.0,0.0,14.0,236.0,0
C1750,16.0,1222.0,6.0,469.0,0.0,9.0,1148.0,0
C17500,23.0,1186.0,0.0,0.0,0.0,0.0,0.0,0
C17504,11.0,14.0,0.0,0.0,0.0,0.0,0.0,0
C1751,0.0,0.0,2.0,59.0,0.0,13.0,190.0,0
C1752,0.0,0.0,1.0,48.0,0.0,13.0,1092.0,0
C17536,18.0,1053.0,0.0,0.0,0.0,0.0,0.0,0
C1754,21.0,1121.0,2.0,102.0,0.0,11.0,90.0,0
C17544,1.0,1.0,0.0,0.0,0.0,0.0,0.0,0
C1755,1.0,1.0,8.0,3510.0,0.0,8.0,61.0,0
C17552,27.0,7388.0,0.0,0.0,0.0,0.0,0.0,0
C17553,8.0,149.0,0.0,0.0,0.0,0.0,0.0,0
C17562,2.0,7.0,0.0,0.0,0.0,0.0,0.0,0
C17564,1.0,1.0,0.0,0.0,0.0,0.0,0.0,0
C17568,3.0,21.0,0.0,0.0,0.0,0.0,0.0,0
C1757,0.0,0.0,1.0,88.0,0.0,0.0,0.0,0
C17586,2.0,5.0,0.0,0.0,0.0,0.0,0.0,0
C1759,0.0,0.0,12.0,162.0,0.0,7.0,116.0,0
C176,0.0,0.0,1.0,40.0,0.0,14.0,100.0,0
C1760,12.0,13.0,1.0,69.0,0.0,2.0,10.0,0
C17602,14.0,25.0,0.0,0.0,0.0,0.0,0.0,0
C17605,4.0,6.0,0.0,0.0,0.0,0.0,0.0,0
C1761,2.0,2.0,5.0,69.0,0.0,0.0,0.0,0
C17610,1.0,2.0,0.0,0.0,0.0,0.0,0.0,0
C17611,21.0,561.0,0.0,0.0,0.0,0.0,0.0,0
C17614,21.0,200.0,0.0,0.0,0.0,0.0,0.0,0
C1763,9.0,14.0,4.0,487.0,0.0,3.0,129.0,0
C17636,5.0,8.0,0.0,0.0,0.0,0.0,0.0,0
C17640,0.0,0.0,1.0,49.0,0.0,0.0,0.0,0
C17644,0.0,0.0,2.0,71.0,0.0,0.0,0.0,0
C17660,7.0,432.0,0.0,0.0,0.0,0.0,0.0,0
C1767,1.0,1.0,4.0,147.0,0.0,3.0,15.0,0
C17676,16.0,92.0,0.0,0.0,0.0,0.0,0.0,0
C1768,2.0,2.0,1.0,53.0,0.0,0.0,0.0,0
C17680,22.0,677.0,0.0,0.0,0.0,0.0,0.0,0
C17682,19.0,1570.0,0.0,0.0,0.0,0.0,0.0,0
C17686,1.0,2.0,0.0,0.0,0.0,0.0,0.0,0
C17691,1.0,3.0,0.0,0.0,0.0,0.0,0.0,0
C177,0.0,0.0,1.0,53.0,0.0,6.0,71.0,0
C1770,4.0,8.0,5.0,484.0,0.0,7.0,40.0,0
C1771,1.0,1.0,10.0,274.0,0.0,13.0,229.0,0
C1772,0.0,0.0,8.0,1734.0,0.0,0.0,0.0,0
C17725,4.0,4.0,0.0,0.0,0.0,0.0,0.0,0
C17729,3.0,37.0,0.0,0.0,0.0,0.0,0.0,0
C17731,22.0,155.0,0.0,0.0,0.0,0.0,0.0,0
C17733,11.0,297.0,0.0,0.0,0.0,0.0,0.0,0
C17736,27.0,708.0,0.0,0.0,0.0,0.0,0.0,0
C17738,23.0,452.0,0.0,0.0,0.0,0.0,0.0,0
C1774,1.0,7.0,1.0,70.0,0.0,0.0,0.0,0
C17744,21.0,161.0,0.0,0.0,0.0,0.0,0.0,0
C17746,1.0,1.0,0.0,0.0,0.0,0.0,0.0,0
C1775,0.0,0.0,1.0,72.0,0.0,10.0,89.0,0
C17757,11.0,26.0,0.0,0.0,0.0,0.0,0.0,0
C17759,7.0,8.0,0.0,0.0,0.0,0.0,0.0,0
C1776,0.0,0.0,2.0,62.0,0.0,9.0,135.0,0
C17763,1.0,1.0,0.0,0.0,0.0,0.0,0.0,0
C17772,1.0,1.0,0.0,0.0,0.0,0.0,0.0,0
C1778,0.0,0.0,1.0,964.0,0.0,0.0,0.0,0
C17783,8.0,13.0,0.0,0.0,0.0,0.0,0.0,0
C1779,5.0,34.0,3.0,49.0,0.0,0.0,0.0,0
C17794,11.0,18.0,0.0,0.0,0.0,0.0,0.0,0
C178,6.0,7.0,3.0,105.0,0.0,15.0,112.0,0
C17806,7.0,8.0,0.0,0.0,0.0,0.0,0.0,0
C1781,0.0,0.0,2.0,91.0,0.0,0.0,0.0,0
C17815,19.0,273.0,0.0,0.0,0.0,0.0,0.0,0
C1782,0.0,0.0,3.0,121.0,9.0,0.0,0.0,0
C17823,23.0,359.0,0.0,0.0,0.0,0.0,0.0,0
C17824,17.0,172.0,0.0,0.0,0.0,0.0,0.0,0
C17825,12.0,22.0,0.0,0.0,0.0,0.0,0.0,0
C17835,26.0,1373.0,0.0,0.0,0.0,0.0,0.0,0
C17837,19.0,236.0,0.0,0.0,0.0,0.0,0.0,0
C17839,12.0,223.0,0.0,0.0,0.0,0.0,0.0,0
C1784,2.0,4.0,3.0,58.0,0.0,14.0,262.0,0
C17845,4.0,4.0,0.0,0.0,0.0,0.0,0.0,0
C17849,9.0,11.0,0.0,0.0,0.0,0.0,0.0,0
C1785,3.0,4.0,3.0,462.0,0.0,4.0,218.0,0
C17853,2.0,2.0,0.0,0.0,0.0,0.0,0.0,0
C17855,3.0,6.0,0.0,0.0,0.0,0.0,0.0,0
C17859,25.0,81.0,0.0,0.0,0.0,0.0,0.0,0
C1786,2.0,2.0,5.0,604.0,0.0,5.0,276.0,0
C17866,10.0,12.0,0.0,0.0,0.0,0.0,0.0,0
C17869,6.0,6.0,0.0,0.0,0.0,0.0,0.0,0
C1787,8.0,31.0,2.0,294.0,0.0,5.0,119.0,0
C17872,12.0,201.0,0.0,0.0,0.0,0.0,0.0,0
C1788,19.0,187.0,2.0,395.0,0.0,10.0,91.0,0
C17881,10.0,22.0,0.0,0.0,0.0,0.0,0.0,0
C17887,19.0,240.0,0.0,0.0,0.0,0.0,0.0,0
C1789,0.0,0.0,3.0,85.0,0.0,5.0,80.0,0
C17890,22.0,129.0,0.0,0.0,0.0,0.0,0.0,0
C17891,5.0,70.0,0.0,0.0,0.0,0.0,0.0,0
C17897,2.0,3.0,0.0,0.0,0.0,0.0,0.0,0
C17899,5.0,12.0,0.0,0.0,0.0,0.0,0.0,0
C179,0.0,0.0,1.0,47.0,0.0,6.0,128.0,0
C1790,0.0,0.0,35.0,284.0,0.0,0.0,0.0,0
C17905,19.0,91.0,0.0,0.0,0.0,0.0,0.0,0
C17909,1.0,3.0,0.0,0.0,0.0,0.0,0.0,0
C17913,3.0,3.0,0.0,0.0,0.0,0.0,0.0,0
C1792,1.0,4.0,3.0,99.0,2.0,0.0,0.0,0
C17922,13.0,86.0,0.0,0.0,0.0,0.0,0.0,0
C17924,15.0,37.0,0.0,0.0,0.0,0.0,0.0,0
C17926,21.0,402.0,0.0,0.0,0.0,0.0,0.0,0
C17928,2.0,2.0,0.0,0.0,0.0,0.0,0.0,0
C1793,0.0,0.0,1.0,93.0,0.0,10.0,93.0,0
C17931,4.0,4.0,0.0,0.0,0.0,0.0,0.0,0
C17945,21.0,188.0,0.0,0.0,0.0,0.0,0.0,0
C17948,2.0,2.0,0.0,0.0,0.0,0.0,0.0,0
C1795,0.0,0.0,39.0,5206.0,7.0,0.0,0.0,0
C17950,3.0,21.0,0.0,0.0,0.0,0.0,0.0,0
C17952,16.0,45.0,0.0,0.0,0.0,0.0,0.0,0
C17956,6.0,11.0,0.0,0.0,0.0,0.0,0.0,0
C1796,21.0,1676.0,1.0,67.0,0.0,11.0,88.0,0
C17968,16.0,405.0,0.0,0.0,0.0,0.0,0.0,0
C17969,23.0,927.0,0.0,0.0,0.0,0.0,0.0,0
C1797,0.0,0.0,14.0,226.0,18.0,9.0,268.0,0
C17978,19.0,814.0,0.0,0.0,0.0,0.0,0.0,0
C1798,0.0,0.0,2066.0,4466.0,0.0,0.0,0.0,0
C17986,13.0,37.0,0.0,0.0,0.0,0.0,0.0,0
C1799,0.0,0.0,2.0,94.0,0.0,8.0,88.0,0
C18,15.0,108.0,2.0,466.0,0.0,11.0,102.0,0
C180,0.0,0.0,1.0,57.0,0.0,11.0,92.0,0
C1800,20.0,690.0,3.0,43.0,0.0,0.0,0.0,0
C18002,22.0,2024.0,0.0,0.0,0.0,0.0,0.0,0
C18004,1.0,1.0,0.0,0.0,0.0,0.0,0.0,0
C1801,10.0,32.0,2.0,122.0,0.0,10.0,96.0,0
C18012,7.0,455.0,0.0,0.0,0.0,0.0,0.0,0
C18013,20.0,120.0,0.0,0.0,0.0,0.0,0.0,0
C1802,17.0,103.0,2.0,433.0,0.0,11.0,96.0,0
C18020,1.0,1.0,0.0,0.0,0.0,0.0,0.0,0
C1803,0.0,0.0,1.0,41.0,0.0,13.0,178.0,0
C18031,3.0,17.0,0.0,0.0,0.0,0.0,0.0,0
C18035,3.0,12.0,0.0,0.0,0.0,0.0,0.0,0
C18039,6.0,6.0,0.0,0.0,0.0,0.0,0.0,0
C1804,15.0,1094.0,5.0,91.0,0.0,0.0,0.0,0
C18041,2.0,2.0,0.0,0.0,0.0,0.0,0.0,0
C18046,1.0,1.0,0.0,0.0,0.0,0.0,0.0,0
C18048,3.0,10.0,0.0,0.0,0.0,0.0,0.0,0
C18054,16.0,252.0,0.0,0.0,0.0,0.0,0.0,0
C1806,0.0,0.0,2.0,69.0,0.0,11.0,96.0,0
C18068,17.0,493.0,0.0,0.0,0.0,0.0,0.0,0
C1807,0.0,0.0,6.0,71.0,0.0,0.0,0.0,0
C18071,16.0,77.0,0.0,0.0,0.0,0.0,0.0,0
C18074,17.0,650.0,0.0,0.0,0.0,0.0,0.0,0
C1808,0.0,0.0,5.0,70.0,0.0,0.0,0.0,0
C18080,1.0,1.0,0.0,0.0,0.0,0.0,0.0,0
C18082,4.0,4.0,0.0,0.0,0.0,0.0,0.0,0
C18090,4.0,19.0,0.0,0.0,0.0,0.0,0.0,0
C18091,18.0,437.0,0.0,0.0,0.0,0.0,0.0,0
C18097,17.0,53.0,0.0,0.0,0.0,0.0,0.0,0
C181,0.0,0.0,2.0,76.0,0.0,15.0,107.0,0
C1810,1.0,1.0,1.0,124.0,0.0,8.0,158.0,0
C18104,23.0,163.0,0.0,0.0,0.0,0.0,0.0,0
C1812,0.0,0.0,1.0,44.0,0.0,0.0,0.0,0
C18121,6.0,6.0,0.0,0.0,0.0,0.0,0.0,0
C1813,20.0,60.0,2.0,152.0,0.0,13.0,105.0,0
C18131,1.0,17.0,0.0,0.0,0.0,0.0,0.0,0
C18135,3.0,4.0,0.0,0.0,0.0,0.0,0.0,0
C1814,3.0,5.0,1.0,40.0,0.0,11.0,87.0,0
C18141,1.0,2.0,0.0,0.0,0.0,0.0,0.0,0
C18147,6.0,8.0,0.0,0.0,0.0,0.0,0.0,0
C1815,7.0,14.0,1.0,54.0,0.0,11.0,90.0,0
C18150,6.0,11.0,0.0,0.0,0.0,0.0,0.0,0
C18151,6.0,7.0,0.0,0.0,0.0,0.0,0.0,0
C18155,15.0,39.0,0.0,0.0,0.0,0.0,0.0,0
C18157,1.0,3.0,0.0,0.0,0.0,0.0,0.0,0
C18159,1.0,1.0,0.0,0.0,0.0,0.0,0.0,0
C1816,0.0,0.0,2.0,49.0,0.0,3.0,28.0,0
C18163,16.0,1005.0,0.0,0.0,0.0,0.0,0.0,0
C18167,9.0,33.0,0.0,0.0,0.0,0.0,0.0,0
C18169,16.0,107.0,0.0,0.0,0.0,0.0,0.0,0
C1817,0.0,0.0,2.0,112.0,0.0,13.0,111.0,0
C18170,15.0,54.0,0.0,0.0,0.0,0.0,0.0,0
C18174,21.0,1460.0,0.0,0.0,0.0,0.0,0.0,0
C18179,21.0,1071.0,0.0,0.0,0.0,0.0,0.0,0
C1818,1.0,1.0,2.0,95.0,0.0,0.0,0.0,0
C18180,4.0,5.0,0.0,0.0,0.0,0.0,0.0,0
C18182,1.0,1.0,0.0,0.0,0.0,0.0,0.0,0
C18184,30.0,980.0,0.0,0.0,0.0,0.0,0.0,0
C18185,2.0,2.0,0.0,0.0,0.0,0.0,0.0,0
C1819,0.0,0.0,5.0,230.0,0.0,11.0,26.0,0
C18190,10.0,14.0,0.0,0.0,0.0,0.0,0.0,0
C18191,17.0,861.0,0.0,0.0,0.0,0.0,0.0,0
C18197,4.0,5.0,0.0,0.0,0.0,0.0,0.0,0
C182,0.0,0.0,3.0,105.0,0.0,14.0,106.0,0
C1821,2.0,2.0,3.0,54.0,0.0,4.0,692.0,0
C18215,1.0,1.0,0.0,0.0,0.0,0.0,0.0,0
C18217,12.0,472.0,0.0,0.0,0.0,0.0,0.0,0
C18218,8.0,160.0,0.0,0.0,0.0,0.0,0.0,0
C1822,0.0,0.0,3.0,71.0,0.0,4.0,30.0,0
C18224,21.0,82.0,0.0,0.0,0.0,0.0,0.0,0
C18228,17.0,109.0,0.0,0.0,0.0,0.0,0.0,0
C1823,185.0,9874.0,2.0,2176.0,0.0,7.0,170.0,0
C18234,28.0,429.0,0.0,0.0,0.0,0.0,0.0,0
C18239,6.0,9.0,0.0,0.0,0.0,0.0,0.0,0
C1824,0.0,0.0,1.0,56.0,0.0,11.0,89.0,0
C18246,1.0,1.0,0.0,0.0,0.0,0.0,0.0,0
C1825,0.0,0.0,2.0,81.0,0.0,17.0,116.0,0
C18250,25.0,525.0,0.0,0.0,0.0,0.0,0.0,0
C18251,22.0,454.0,0.0,0.0,0.0,0.0,0.0,0
C18252,3.0,3.0,0.0,0.0,0.0,0.0,0.0,0
C18254,18.0,959.0,0.0,0.0,0.0,0.0,0.0,0
C18255,10.0,676.0,0.0,0.0,0.0,0.0,0.0,0
C1826,0.0,0.0,2.0,33.0,0.0,3.0,24.0,0
C18270,17.0,50.0,0.0,0.0,0.0,0.0,0.0,0
C18275,26.0,661.0,0.0,0.0,0.0,0.0,0.0,0
C18279,1.0,1.0,0.0,0.0,0.0,0.0,0.0,0
C1828,0.0,0.0,1.0,1020.0,0.0,0.0,0.0,0
C18281,19.0,119.0,0.0,0.0,0.0,0.0,0.0,0
C18282,25.0,1455.0,0.0,0.0,0.0,0.0,0.0,0
C18288,20.0,332.0,0.0,0.0,0.0,0.0,0.0,0
C18289,14.0,134.0,0.0,0.0,0.0,0.0,0.0,0
C1829,0.0,0.0,2.0,70.0,0.0,12.0,98.0,0
C18291,4.0,28.0,0.0,0.0,0.0,0.0,0.0,0
C18294,4.0,20.0,0.0,0.0,0.0,0.0,0.0,0
C183,0.0,0.0,2.0,69.0,0.0,19.0,104.0,0
C1830,0.0,0.0,1.0,38.0,0.0,4.0,78.0,0
C18304,26.0,109.0,0.0,0.0,0.0,0.0,0.0,0
C18309,9.0,133.0,0.0,0.0,0.0,0.0,0.0,0
C18310,17.0,350.0,0.0,0.0,0.0,0.0,0.0,0
C18312,18.0,555.0,0.0,0.0,0.0,0.0,0.0,0
C1832,8.0,9.0,3.0,380.0,0.0,0.0,0.0,0
C18325,17.0,204.0,0.0,0.0,0.0,0.0,0.0,0
C1833,0.0,0.0,2.0,503.0,0.0,6.0,132.0,0
C1834,0.0,0.0,2.0,107.0,0.0,20.0,270.0,0
C18343,21.0,54.0,0.0,0.0,0.0,0.0,0.0,0
C18345,12.0,1672.0,0.0,0.0,0.0,0.0,0.0,0
C18348,4.0,4.0,0.0,0.0,0.0,0.0,0.0,0
C18349,1.0,1.0,0.0,0.0,0.0,0.0,0.0,0
C1835,3.0,3.0,3.0,107.0,0.0,14.0,116.0,0
C1836,0.0,0.0,2.0,81.0,0.0,6.0,144.0,0
C18367,22.0,639.0,0.0,0.0,0.0,0.0,0.0,0
C18369,3.0,3.0,0.0,0.0,0.0,0.0,0.0,0
C1837,0.0,0.0,3.0,124.0,0.0,13.0,98.0,0
C18371,12.0,32.0,0.0,0.0,0.0,0.0,0.0,0
C18373,6.0,13.0,0.0,0.0,0.0,0.0,0.0,0
C18377,4.0,32.0,0.0,0.0,0.0,0.0,0.0,0
C18383,2.0,2.0,0.0,0.0,0.0,0.0,0.0,0
C18384,21.0,110.0,0.0,0.0,0.0,0.0,0.0,0
C1839,0.0,0.0,3.0,163.0,0.0,12.0,236.0,0
C184,0.0,0.0,1.0,48.0,0.0,11.0,87.0,0
C1840,0.0,0.0,3.0,108.0,0.0,13.0,93.0,0
C18409,1.0,1.0,0.0,0.0,0.0,0.0,0.0,0
C1841,6.0,25.0,1.0,186.0,0.0,0.0,0.0,0
C18412,3.0,3.0,0.0,0.0,0.0,0.0,0.0,0
C18420,4.0,5.0,0.0,0.0,0.0,0.0,0.0,0
C1843,11.0,11.0,1.0,85.0,0.0,2.0,64.0,0
C18432,4.0,7.0,0.0,0.0,0.0,0.0,0.0,0
C18444,5.0,6.0,0.0,0.0,0.0,0.0,0.0,0
C1845,0.0,0.0,3.0,103.0,0.0,11.0,200.0,0
C18450,1.0,2.0,0.0,0.0,0.0,0.0,0.0,0
C1846,1.0,1.0,3.0,72.0,2.0,2.0,15.0,0
C18466,1.0,2.0,0.0,0.0,0.0,0.0,0.0,0
C18469,4.0,5.0,0.0,0.0,0.0,0.0,0.0,0
C1847,1.0,1.0,3.0,631.0,0.0,5.0,1112.0,0
C18471,2.0,3.0,0.0,0.0,0.0,0.0,0.0,0
C18479,4.0,5.0,0.0,0.0,0.0,0.0,0.0,0
C1848,0.0,0.0,8.0,457.0,0.0,49.0,78.0,0
C1849,15.0,52.0,2.0,154.0,0.0,10.0,93.0,0
C18491,14.0,31.0,0.0,0.0,0.0,0.0,0.0,0
C185,0.0,0.0,6.0,115.0,0.0,9.0,237.0,0
C18508,7.0,10.0,0.0,0.0,0.0,0.0,0.0,0
C1851,0.0,0.0,1.0,975.0,0.0,0.0,0.0,0
C18512,9.0,16.0,0.0,0.0,0.0,0.0,0.0,0
C18514,10.0,50.0,0.0,0.0,0.0,0.0,0.0,0
C1853,0.0,0.0,1.0,956.0,0.0,0.0,0.0,0
C1854,0.0,0.0,3.0,44.0,0.0,0.0,0.0,0
C18542,7.0,7.0,0.0,0.0,0.0,0.0,0.0,0
C18544,6.0,13.0,0.0,0.0,0.0,0.0,0.0,0
C18548,12.0,80.0,0.0,0.0,0.0,0.0,0.0,0
C18558,2.0,2.0,0.0,0.0,0.0,0.0,0.0,0
C1856,8.0,11.0,3.0,65.0,0.0,0.0,0.0,0
C18562,11.0,28.0,0.0,0.0,0.0,0.0,0.0,0
C1857,0.0,0.0,1.0,59.0,0.0,10.0,84.0,0
C18570,7.0,8.0,0.0,0.0,0.0,0.0,0.0,0
C18574,3.0,4.0,0.0,0.0,0.0,0.0,0.0,0
C18580,6.0,7.0,0.0,0.0,0.0,0.0,0.0,0
C18586,9.0,13.0,0.0,0.0,0.0,0.0,0.0,0
C18588,18.0,32.0,0.0,0.0,0.0,0.0,0.0,0
C1859,0.0,0.0,3.0,144.0,0.0,14.0,136.0,0
C18591,4.0,5.0,0.0,0.0,0.0,0.0,0.0,0
C18599,4.0,5.0,0.0,0.0,0.0,0.0,0.0,0
C186,8.0,28.0,1.0,81.0,0.0,10.0,90.0,0
C18603,2.0,7.0,0.0,0.0,0.0,0.0,0.0,0
C1861,0.0,0.0,1.0,119.0,0.0,0.0,0.0,0
C18615,4.0,10.0,0.0,0.0,0.0,0.0,0.0,0
C1862,0.0,0.0,2.0,88.0,0.0,5.0,75.0,0
C1863,0.0,0.0,1.0,49.0,0.0,6.0,1071.0,0
C18634,11.0,21.0,0.0,0.0,0.0,0.0,0.0,0
C18636,9.0,848.0,0.0,0.0,0.0,0.0,0.0,0
C18639,2.0,12.0,0.0,0.0,0.0,0.0,0.0,0
C1864,0.0,0.0,4.0,26.0,0.0,0.0,0.0,0
C18640,5.0,7.0,0.0,0.0,0.0,0.0,0.0,0
C18646,10.0,28.0,0.0,0.0,0.0,0.0,0.0,0
C18648,5.0,9.0,0.0,0.0,0.0,0.0,0.0,0
C1865,0.0,0.0,2.0,142.0,0.0,9.0,89.0,0
C18652,1.0,1.0,0.0,0.0,0.0,0.0,0.0,0
C1866,0.0,0.0,3.0,140.0,0.0,13.0,99.0,0
C18660,22.0,410.0,0.0,0.0,0.0,0.0,0.0,0
C18661,2.0,4.0,0.0,0.0,0.0,0.0,0.0,0
C18666,6.0,7.0,0.0,0.0,0.0,0.0,0.0,0
C1867,1.0,2.0,1.0,48.0,0.0,7.0,137.0,0
C1868,3.0,3.0,2.0,446.0,0.0,13.0,100.0,0
C18684,4.0,4.0,0.0,0.0,0.0,0.0,0.0,0
C18688,1.0,6.0,0.0,0.0,0.0,0.0,0.0,0
C1869,0.0,0.0,1.0,51.0,51.0,0.0,0.0,0
C18690,13.0,32.0,0.0,0.0,0.0,0.0,0.0,0
C187,0.0,0.0,2.0,70.0,0.0,9.0,138.0,0
C1870,0.0,0.0,3.0,341.0,0.0,4.0,42.0,0
C18700,22.0,797.0,0.0,0.0,0.0,0.0,0.0,0
C18704,1.0,1.0,0.0,0.0,0.0,0.0,0.0,0
C18708,2.0,12.0,0.0,0.0,0.0,0.0,0.0,0
C1871,0.0,0.0,3.0,65.0,0.0,4.0,55.0,0
C18713,7.0,14.0,0.0,0.0,0.0,0.0,0.0,0
C18715,20.0,445.0,0.0,0.0,0.0,0.0,0.0,0
C18716,27.0,911.0,0.0,0.0,0.0,0.0,0.0,0
C18718,1.0,1.0,0.0,0.0,0.0,0.0,0.0,0
C18731,13.0,16.0,0.0,0.0,0.0,0.0,0.0,0
C1874,1.0,4.0,3.0,526.0,0.0,0.0,0.0,0
C18745,1.0,1.0,0.0,0.0,0.0,0.0,0.0,0
C18747,6.0,6.0,0.0,0.0,0.0,0.0,0.0,0
C1875,6.0,10.0,7.0,108.0,7.0,11.0,170.0,0
C18773,4.0,4.0,0.0,0.0,0.0,0.0,0.0,0
C1878,0.0,0.0,7.0,171.0,0.0,0.0,0.0,0
C18789,3.0,37.0,0.0,0.0,0.0,0.0,0.0,0
C1879,0.0,0.0,5.0,235.0,0.0,4.0,161.0,0
C18791,3.0,5.0,0.0,0.0,0.0,0.0,0.0,0
C188,0.0,0.0,2.0,81.0,0.0,13.0,100.0,0
C1880,2.0,3.0,1.0,66.0,0.0,9.0,156.0,0
C18804,11.0,24.0,0.0,0.0,0.0,0.0,0.0,0
C1881,1.0,1.0,13.0,342.0,0.0,0.0,0.0,0
C18813,5.0,6.0,0.0,0.0,0.0,0.0,0.0,0
C1882,0.0,0.0,3.0,103.0,0.0,13.0,177.0,0
C18823,6.0,33.0,0.0,0.0,0.0,0.0,0.0,0
C18825,2.0,2.0,0.0,0.0,0.0,0.0,0.0,0
C18829,1.0,1.0,0.0,0.0,0.0,0.0,0.0,0
C1883,0.0,0.0,1.0,58.0,0.0,9.0,2512.0,0
C18835,2.0,2.0,0.0,0.0,0.0,0.0,0.0,0
C1884,0.0,0.0,3.0,144.0,0.0,9.0,178.0,0
C18841,4.0,8.0,0.0,0.0,0.0,0.0,0.0,0
C18848,10.0,16.0,0.0,0.0,0.0,0.0,0.0,0
C18850,2.0,2.0,0.0,0.0,0.0,0.0,0.0,0
C18854,3.0,3.0,0.0,0.0,0.0,0.0,0.0,0
C18859,1.0,1.0,0.0,0.0,0.0,0.0,0.0,0
C1886,0.0,0.0,1.0,57.0,0.0,0.0,0.0,0
C18863,14.0,43.0,0.0,0.0,0.0,0.0,0.0,0
C1887,6.0,7.0,1.0,51.0,0.0,8.0,142.0,0
C18872,17.0,32.0,0.0,0.0,0.0,0.0,0.0,0
C1888,1.0,1.0,4.0,274.0,0.0,6.0,84.0,0
C18882,3.0,3.0,0.0,0.0,0.0,0.0,0.0,0
C189,0.0,0.0,1.0,46.0,0.0,11.0,88.0,0
C1890,0.0,0.0,1.0,78.0,0.0,9.0,71.0,0
C18904,14.0,20.0,0.0,0.0,0.0,0.0,0.0,0
C1891,0.0,0.0,1.0,58.0,0.0,2.0,11.0,0
C18910,8.0,9.0,0.0,0.0,0.0,0.0,0.0,0
C18916,12.0,83.0,0.0,0.0,0.0,0.0,0.0,0
C18921,5.0,13.0,0.0,0.0,0.0,0.0,0.0,0
C1893,2.0,2.0,1.0,34.0,0.0,19.0,5282.0,0
C18931,2.0,3.0,0.0,0.0,0.0,0.0,0.0,0
C18949,8.0,101.0,0.0,0.0,0.0,0.0,0.0,0
C1895,1.0,1.0,3.0,37.0,0.0,0.0,0.0,0
C18951,7.0,11.0,0.0,0.0,0.0,0.0,0.0,0
C18959,10.0,28.0,0.0,0.0,0.0,0.0,0.0,0
C1896,3.0,4.0,2.0,58.0,0.0,0.0,0.0,0
C18961,10.0,29.0,0.0,0.0,0.0,0.0,0.0,0
C18965,10.0,21.0,0.0,0.0,0.0,0.0,0.0,0
C18973,5.0,7.0,0.0,0.0,0.0,0.0,0.0,0
C1898,19.0,63.0,3.0,128.0,0.0,14.0,120.0,0
C18982,2.0,2.0,0.0,0.0,0.0,0.0,0.0,0
C18986,7.0,8.0,0.0,0.0,0.0,0.0,0.0,0
C1899,13.0,24.0,2.0,113.0,0.0,8.0,89.0,0
C18994,6.0,11.0,0.0,0.0,0.0,0.0,0.0,0
C18996,5.0,23.0,0.0,0.0,0.0,0.0,0.0,0
C19,18.0,1258.0,3.0,116.0,0.0,13.0,96.0,0
C190,0.0,0.0,2.0,104.0,0.0,14.0,123.0,0
C1900,0.0,0.0,2.0,87.0,0.0,13.0,234.0,0
C19002,23.0,550.0,0.0,0.0,0.0,0.0,0.0,0
C1901,5.0,6.0,2.0,74.0,0.0,0.0,0.0,0
C19018,2.0,2.0,0.0,0.0,0.0,0.0,0.0,0
C19022,3.0,18.0,0.0,0.0,0.0,0.0,0.0,0
C19025,11.0,28.0,0.0,0.0,0.0,0.0,0.0,0
C1903,0.0,0.0,5.0,72.0,0.0,0.0,0.0,0
C19033,4.0,5.0,0.0,0.0,0.0,0.0,0.0,0
C19040,2.0,2.0,0.0,0.0,0.0,0.0,0.0,0
C1905,15.0,744.0,3.0,32.0,0.0,0.0,0.0,0
C1906,3.0,5.0,2.0,52.0,0.0,0.0,0.0,0
C19063,13.0,20.0,0.0,0.0,0.0,0.0,0.0,0
C19067,3.0,4.0,0.0,0.0,0.0,0.0,0.0,0
C19073,6.0,15.0,0.0,0.0,0.0,0.0,0.0,0
C19075,2.0,3.0,0.0,0.0,0.0,0.0,0.0,0
C19076,2.0,2.0,0.0,0.0,0.0,0.0,0.0,0
C19080,2.0,6.0,0.0,0.0,0.0,0.0,0.0,0
C1909,0.0,0.0,5.0,941.0,0.0,0.0,0.0,0
C19096,5.0,6.0,0.0,0.0,0.0,0.0,0.0,0
C191,0.0,0.0,3.0,141.0,0.0,14.0,101.0,0
C19102,15.0,33.0,0.0,0.0,0.0,0.0,0.0,0
C19109,3.0,7.0,0.0,0.0,0.0,0.0,0.0,0
C1911,0.0,0.0,1.0,974.0,0.0,0.0,0.0,0
C19114,20.0,407.0,0.0,0.0,0.0,0.0,0.0,0
C19129,3.0,4.0,0.0,0.0,0.0,0.0,0.0,0
C1913,0.0,0.0,1.0,964.0,0.0,0.0,0.0,0
C19131,10.0,886.0,0.0,0.0,0.0,0.0,0.0,0
C1915,0.0,0.0,3.0,167.0,2.0,0.0,0.0,0
C19153,2.0,2.0,0.0,0.0,0.0,0.0,0.0,0
C19160,18.0,127.0,0.0,0.0,0.0,0.0,0.0,0
C1917,0.0,0.0,1.0,961.0,0.0,0.0,0.0,0
C19172,9.0,12.0,0.0,0.0,0.0,0.0,0.0,0
C19181,4.0,11.0,0.0,0.0,0.0,0.0,0.0,0
C19184,3.0,4.0,0.0,0.0,0.0,0.0,0.0,0
C192,0.0,0.0,2.0,47.0,0.0,15.0,96.0,0
C1920,0.0,0.0,1.0,34.0,0.0,8.0,160.0,0
C19201,13.0,32.0,0.0,0.0,0.0,0.0,0.0,0
C1922,20.0,40.0,5.0,835.0,0.0,0.0,0.0,0
C1923,0.0,0.0,2.0,87.0,0.0,14.0,112.0,0
C19238,3.0,4.0,0.0,0.0,0.0,0.0,0.0,0
C19240,10.0,21.0,0.0,0.0,0.0,0.0,0.0,0
C1925,4.0,19.0,4.0,51.0,0.0,0.0,0.0,0
C19268,1.0,1.0,0.0,0.0,0.0,0.0,0.0,0
C1927,0.0,0.0,1.0,581.0,0.0,0.0,0.0,0
C1928,20.0,1150.0,5.0,126.0,0.0,7.0,210.0,0
C19284,1.0,1.0,0.0,0.0,0.0,0.0,0.0,0
C1929,0.0,0.0,11.0,2369.0,395.0,5.0,72.0,0
C193,0.0,0.0,2.0,137.0,0.0,9.0,88.0,0
C1930,0.0,0.0,1.0,47.0,0.0,0.0,0.0,0
C19302,8.0,15.0,0.0,0.0,0.0,0.0,0.0,0
C19308,19.0,927.0,0.0,0.0,0.0,0.0,0.0,0
C19310,4.0,9.0,0.0,0.0,0.0,0.0,0.0,0
C19314,2.0,2.0,0.0,0.0,0.0,0.0,0.0,0
C1932,0.0,0.0,4.0,1290.0,0.0,0.0,0.0,0
C19326,4.0,4.0,0.0,0.0,0.0,0.0,0.0,0
C1933,0.0,0.0,3.0,321.0,0.0,17.0,2790.0,0
C1934,4.0,5.0,2.0,401.0,0.0,12.0,88.0,0
C1935,0.0,0.0,2.0,93.0,0.0,12.0,99.0,0
C19356,3.0,3.0,0.0,0.0,0.0,0.0,0.0,0
C19358,5.0,9.0,0.0,0.0,0.0,0.0,0.0,0
C1936,26.0,4697.0,1.0,162.0,0.0,0.0,0.0,0
C19361,5.0,6.0,0.0,0.0,0.0,0.0,0.0,0
C19380,3.0,5.0,0.0,0.0,0.0,0.0,0.0,0
C19388,5.0,6.0,0.0,0.0,0.0,0.0,0.0,0
C1939,0.0,0.0,1.0,973.0,0.0,0.0,0.0,0
C19393,23.0,1004.0,0.0,0.0,0.0,0.0,0.0,0
C194,21.0,1590.0,1.0,37.0,0.0,11.0,92.0,0
C1940,2.0,2.0,3.0,241.0,0.0,10.0,36.0,0
C19402,1.0,1.0,0.0,0.0,0.0,0.0,0.0,0
C19408,1.0,1.0,0.0,0.0,0.0,0.0,0.0,0
C19416,3.0,4.0,0.0,0.0,0.0,0.0,0.0,0
C1942,0.0,0.0,2.0,93.0,0.0,16.0,108.0,0
C19430,1.0,1.0,0.0,0.0,0.0,0.0,0.0,0
C19436,13.0,17.0,0.0,0.0,0.0,0.0,0.0,0
C1944,0.0,0.0,5.0,368.0,0.0,8.0,81.0,0
C19440,4.0,12.0,0.0,0.0,0.0,0.0,0.0,0
C1945,0.0,0.0,2.0,37.0,0.0,7.0,237.0,0
C1946,0.0,0.0,3.0,38.0,0.0,5.0,66.0,0
C19466,12.0,20.0,0.0,0.0,0.0,0.0,0.0,0
C1947,15.0,1190.0,2.0,66.0,0.0,0.0,0.0,0
C19472,3.0,7.0,0.0,0.0,0.0,0.0,0.0,0
C19485,1.0,1.0,0.0,0.0,0.0,0.0,0.0,0
C19487,13.0,29.0,0.0,0.0,0.0,0.0,0.0,0
C1949,0.0,0.0,1.0,32.0,0.0,8.0,157.0,0
C19497,2.0,2.0,0.0,0.0,0.0,0.0,0.0,0
C195,0.0,0.0,3.0,209.0,0.0,13.0,93.0,0
C1950,5.0,8.0,1.0,38.0,0.0,4.0,44.0,0
C19509,21.0,439.0,0.0,0.0,0.0,0.0,0.0,0
C1951,0.0,0.0,1.0,32.0,0.0,11.0,87.0,0
C19515,23.0,999.0,0.0,0.0,0.0,0.0,0.0,0
C19517,7.0,697.0,0.0,0.0,0.0,0.0,0.0,0
C19518,1.0,1.0,0.0,0.0,0.0,0.0,0.0,0
C1952,0.0,0.0,6.0,752.0,0.0,11.0,862.0,0
C19524,9.0,15.0,0.0,0.0,0.0,0.0,0.0,0
C1953,0.0,0.0,1.0,68.0,0.0,14.0,472.0,0
C1954,18.0,1031.0,3.0,75.0,0.0,0.0,0.0,0
C19547,3.0,6.0,0.0,0.0,0.0,0.0,0.0,0
C19554,3.0,6.0,0.0,0.0,0.0,0.0,0.0,0
C19558,7.0,15.0,0.0,0.0,0.0,0.0,0.0,0
C1957,0.0,0.0,2.0,51.0,0.0,0.0,0.0,0
C19574,2.0,6.0,0.0,0.0,0.0,0.0,0.0,0
C1958,0.0,0.0,3.0,117.0,0.0,17.0,397.0,0
C19582,9.0,268.0,0.0,0.0,0.0,0.0,0.0,0
C19587,4.0,8.0,0.0,0.0,0.0,0.0,0.0,0
C1959,13.0,58.0,7.0,77.0,0.0,0.0,0.0,0
C19599,17.0,101.0,0.0,0.0,0.0,0.0,0.0,0
C196,0.0,0.0,2.0,61.0,0.0,13.0,93.0,0
C19609,3.0,22.0,0.0,0.0,0.0,0.0,0.0,0
C1961,0.0,0.0,1.0,287.0,0.0,17.0,3122.0,0
C19610,3.0,4.0,0.0,0.0,0.0,0.0,0.0,0
C19612,5.0,11.0,0.0,0.0,0.0,0.0,0.0,0
C19614,7.0,13.0,0.0,0.0,0.0,0.0,0.0,0
C19618,2.0,2.0,0.0,0.0,0.0,0.0,0.0,0
C19620,2.0,2.0,0.0,0.0,0.0,0.0,0.0,0
C19622,26.0,1124.0,0.0,0.0,0.0,0.0,0.0,0
C19630,3.0,3.0,0.0,0.0,0.0,0.0,0.0,0
C19634,4.0,4.0,0.0,0.0,0.0,0.0,0.0,0
C1964,0.0,0.0,4.0,2468.0,0.0,6.0,2039.0,0
C19646,2.0,2.0,0.0,0.0,0.0,0.0,0.0,0
C1965,0.0,0.0,2.0,99.0,0.0,12.0,96.0,0
C1966,0.0,0.0,1.0,92.0,0.0,9.0,142.0,0
C1968,0.0,0.0,34.0,4665.0,0.0,0.0,0.0,0
C19681,2.0,5.0,0.0,0.0,0.0,0.0,0.0,0
C19682,1.0,1.0,0.0,0.0,0.0,0.0,0.0,0
C1969,2.0,2.0,4.0,52.0,0.0,0.0,0.0,0
C19694,3.0,4.0,0.0,0.0,0.0,0.0,0.0,0
C197,0.0,0.0,3.0,134.0,0.0,13.0,100.0,0
C1970,5.0,18.0,1.0,215.0,0.0,0.0,0.0,0
C19707,11.0,14.0,0.0,0.0,0.0,0.0,0.0,0
C1971,2.0,4.0,7.0,898.0,0.0,12.0,37.0,0
C19715,7.0,8.0,0.0,0.0,0.0,0.0,0.0,0
C19717,3.0,4.0,0.0,0.0,0.0,0.0,0.0,0
C1972,0.0,0.0,3.0,556.0,0.0,10.0,526.0,0
C19728,2.0,3.0,0.0,0.0,0.0,0.0,0.0,0
C1973,0.0,0.0,3.0,101.0,0.0,3.0,20.0,0
C19730,18.0,853.0,0.0,0.0,0.0,0.0,0.0,0
C19748,23.0,727.0,0.0,0.0,0.0,0.0,0.0,0
C1975,0.0,0.0,3.0,116.0,0.0,11.0,92.0,0
C19750,7.0,15.0,0.0,0.0,0.0,0.0,0.0,0
C19754,1.0,1.0,0.0,0.0,0.0,0.0,0.0,0
C19757,2.0,2.0,0.0,0.0,0.0,0.0,0.0,0
C19758,20.0,485.0,0.0,0.0,0.0,0.0,0.0,0
C1976,0.0,0.0,1.0,60.0,0.0,11.0,90.0,0
C19769,8.0,8.0,0.0,0.0,0.0,0.0,0.0,0
C19772,10.0,13.0,0.0,0.0,0.0,0.0,0.0,0
C1978,1.0,2.0,1.0,36.0,0.0,4.0,76.0,0
C19780,6.0,24.0,0.0,0.0,0.0,0.0,0.0,0
C19782,18.0,394.0,0.0,0.0,0.0,0.0,0.0,0
C19784,1.0,1.0,0.0,0.0,0.0,0.0,0.0,0
C19787,3.0,4.0,0.0,0.0,0.0,0.0,0.0,0
C1979,3.0,71.0,5.0,51.0,0.0,0.0,0.0,0
C19793,8.0,8.0,0.0,0.0,0.0,0.0,0.0,0
C19795,23.0,846.0,0.0,0.0,0.0,0.0,0.0,0
C19799,2.0,2.0,0.0,0.0,0.0,0.0,0.0,0
C198,0.0,0.0,1.0,57.0,0.0,6.0,130.0,0
C1980,0.0,0.0,3.0,131.0,0.0,9.0,103.0,0
C19803,13.0,21.0,0.0,0.0,0.0,0.0,0.0,0
C19807,2.0,2.0,0.0,0.0,0.0,0.0,0.0,0
C19814,7.0,7.0,0.0,0.0,0.0,0.0,0.0,0
C1983,0.0,0.0,1.0,974.0,0.0,0.0,0.0,0
C19831,9.0,15.0,0.0,0.0,0.0,0.0,0.0,0
C19836,1.0,1.0,0.0,0.0,0.0,0.0,0.0,0
C1984,2.0,2.0,4.0,122.0,0.0,6.0,65.0,0
C19852,13.0,60.0,0.0,0.0,0.0,0.0,0.0,0
C19859,4.0,8.0,0.0,0.0,0.0,0.0,0.0,0
C1986,0.0,0.0,1.0,117.0,0.0,0.0,0.0,0
C19867,5.0,6.0,0.0,0.0,0.0,0.0,0.0,0
C1987,0.0,0.0,1.0,47.0,0.0,11.0,90.0,0
C19877,3.0,7.0,0.0,0.0,0.0,0.0,0.0,0
C1988,0.0,0.0,1.0,40.0,0.0,14.0,116.0,0
C19883,4.0,5.0,0.0,0.0,0.0,0.0,0.0,0
C19893,2.0,4.0,0.0,0.0,0.0,0.0,0.0,0
C19895,3.0,3.0,0.0,0.0,0.0,0.0,0.0,0
C19897,15.0,170.0,0.0,0.0,0.0,0.0,0.0,0
C199,0.0,0.0,1.0,38.0,0.0,11.0,87.0,0
C1990,0.0,0.0,1.0,1022.0,0.0,0.0,0.0,0
C1991,0.0,0.0,2.0,77.0,0.0,13.0,121.0,0
C19918,1.0,2.0,0.0,0.0,0.0,0.0,0.0,0
C1992,0.0,0.0,2.0,283.0,0.0,5.0,123.0,0
C19920,2.0,2.0,0.0,0.0,0.0,0.0,0.0,0
C19925,2.0,2.0,0.0,0.0,0.0,0.0,0.0,0
C1993,26.0,60.0,5.0,371.0,1.0,57.0,2812.0,0
C19936,4.0,8.0,0.0,0.0,0.0,0.0,0.0,0
C1994,3.0,3.0,2.0,59.0,0.0,15.0,95.0,0
C19942,1.0,4.0,0.0,0.0,0.0,0.0,0.0,0
C19945,23.0,547.0,0.0,0.0,0.0,0.0,0.0,0
C19946,2.0,5.0,0.0,0.0,0.0,0.0,0.0,0
C19950,3.0,3.0,0.0,0.0,0.0,0.0,0.0,0
C19952,21.0,1081.0,0.0,0.0,0.0,0.0,0.0,0
C19954,4.0,5.0,0.0,0.0,0.0,0.0,0.0,0
C19963,1.0,1.0,0.0,0.0,0.0,0.0,0.0,0
C1997,0.0,0.0,1.0,1020.0,0.0,0.0,0.0,0
C19976,4.0,4.0,0.0,0.0,0.0,0.0,0.0,0
C19978,6.0,10.0,0.0,0.0,0.0,0.0,0.0,0
C1998,1.0,1.0,3.0,397.0,0.0,2.0,129.0,0
C1999,0.0,0.0,5.0,82.0,0.0,4.0,56.0,0
C19990,6.0,12.0,0.0,0.0,0.0,0.0,0.0,0
C19996,21.0,637.0,0.0,0.0,0.0,0.0,0.0,0
C19997,2.0,2.0,0.0,0.0,0.0,0.0,0.0,0
C19999,1.0,1.0,0.0,0.0,0.0,0.0,0.0,0
C2,0.0,0.0,2.0,79.0,0.0,15.0,200.0,0
C20,0.0,0.0,2.0,72.0,0.0,14.0,112.0,0
C200,0.0,0.0,2.0,76.0,0.0,13.0,95.0,0
C20000,23.0,1680.0,0.0,0.0,0.0,0.0,0.0,0
C20002,16.0,38.0,0.0,0.0,0.0,0.0,0.0,0
C20005,5.0,5.0,0.0,0.0,0.0,0.0,0.0,0
C20009,2.0,2.0,0.0,0.0,0.0,0.0,0.0,0
C2001,10.0,93.0,4.0,64.0,0.0,0.0,0.0,0
C20013,18.0,37.0,0.0,0.0,0.0,0.0,0.0,0
C20015,4.0,4.0,0.0,0.0,0.0,0.0,0.0,0
C20021,2.0,7.0,0.0,0.0,0.0,0.0,0.0,0
C2003,6.0,39.0,5.0,60.0,0.0,0.0,0.0,0
C2004,5.0,13.0,5.0,70.0,0.0,0.0,0.0,0
C20041,1.0,1.0,0.0,0.0,0.0,0.0,0.0,0
C20048,4.0,17.0,0.0,0.0,0.0,0.0,0.0,0
C2005,1.0,3.0,5.0,50.0,0.0,0.0,0.0,0
C20050,2.0,6.0,0.0,0.0,0.0,0.0,0.0,0
C20051,2.0,2.0,0.0,0.0,0.0,0.0,0.0,0
C20053,2.0,2.0,0.0,0.0,0.0,0.0,0.0,0
C20059,3.0,4.0,0.0,0.0,0.0,0.0,0.0,0
C20069,13.0,65.0,0.0,0.0,0.0,0.0,0.0,0
C2007,0.0,0.0,2.0,57.0,0.0,11.0,96.0,0
C2008,0.0,0.0,4.0,126.0,0.0,5.0,86.0,0
C20080,7.0,22.0,0.0,0.0,0.0,0.0,0.0,0
C20084,20.0,9851.0,0.0,0.0,0.0,0.0,0.0,0
C20087,1.0,1.0,0.0,0.0,0.0,0.0,0.0,0
C20091,22.0,864.0,0.0,0.0,0.0,0.0,0.0,0
C20097,28.0,1684.0,0.0,0.0,0.0,0.0,0.0,0
C201,0.0,0.0,2.0,87.0,0.0,14.0,96.0,0
C2010,0.0,0.0,3.0,463.0,0.0,0.0,0.0,0
C20101,3.0,44.0,0.0,0.0,0.0,0.0,0.0,0
C20102,2.0,2.0,0.0,0.0,0.0,0.0,0.0,0
C2011,0.0,0.0,3.0,100.0,0.0,11.0,90.0,0
C2012,0.0,0.0,4.0,56.0,0.0,0.0,0.0,0
C20120,1.0,1.0,0.0,0.0,0.0,0.0,0.0,0
C20122,13.0,874.0,0.0,0.0,0.0,0.0,0.0,0
C2013,0.0,0.0,1.0,74.0,0.0,0.0,0.0,0
C20130,2.0,3.0,0.0,0.0,0.0,0.0,0.0,0
C2014,0.0,0.0,1.0,54.0,0.0,9.0,26.0,0
C20145,13.0,26.0,0.0,0.0,0.0,0.0,0.0,0
C20153,6.0,87.0,0.0,0.0,0.0,0.0,0.0,0
C20155,5.0,7.0,0.0,0.0,0.0,0.0,0.0,0
C2016,0.0,0.0,1.0,49.0,0.0,11.0,86.0,0
C20165,11.0,1366.0,0.0,0.0,0.0,0.0,0.0,0
C20170,20.0,798.0,0.0,0.0,0.0,0.0,0.0,0
C20172,2.0,169.0,0.0,0.0,0.0,0.0,0.0,0
C20177,11.0,76.0,0.0,0.0,0.0,0.0,0.0,0
C2018,0.0,0.0,4.0,79.0,0.0,0.0,0.0,0
C20185,11.0,14.0,0.0,0.0,0.0,0.0,0.0,0
C20193,2.0,3.0,0.0,0.0,0.0,0.0,0.0,0
C202,0.0,0.0,2.0,82.0,0.0,16.0,139.0,0
C2020,0.0,0.0,1.0,4.0,0.0,0.0,0.0,0
C2021,17.0,1162.0,4.0,147.0,0.0,5.0,19.0,0
C20215,10.0,234.0,0.0,0.0,0.0,0.0,0.0,0
C20217,3.0,7.0,0.0,0.0,0.0,0.0,0.0,0
C2022,1.0,1.0,3.0,1050.0,0.0,0.0,0.0,0
C20220,2.0,2.0,0.0,0.0,0.0,0.0,0.0,0
C2023,0.0,0.0,1.0,52.0,0.0,12.0,97.0,0
C20235,6.0,103.0,0.0,0.0,0.0,0.0,0.0,0
C20239,15.0,452.0,0.0,0.0,0.0,0.0,0.0,0
C2024,0.0,0.0,3.0,133.0,0.0,17.0,202.0,0
C20248,3.0,3.0,0.0,0.0,0.0,0.0,0.0,0
C20250,17.0,204.0,0.0,0.0,0.0,0.0,0.0,0
C2026,0.0,0.0,1.0,202.0,0.0,0.0,0.0,0
C20265,5.0,5.0,0.0,0.0,0.0,0.0,0.0,0
C2027,0.0,0.0,3.0,35.0,0.0,0.0,0.0,0
C20285,21.0,1564.0,0.0,0.0,0.0,0.0,0.0,0
C2029,0.0,0.0,5.0,74.0,0.0,0.0,0.0,0
C20295,2.0,2.0,0.0,0.0,0.0,0.0,0.0,0
C203,6.0,9.0,3.0,107.0,0.0,16.0,101.0,0
C20300,1.0,2.0,0.0,0.0,0.0,0.0,0.0,0
C20305,12.0,25.0,0.0,0.0,0.0,0.0,0.0,0
C20312,7.0,785.0,0.0,0.0,0.0,0.0,0.0,0
C2032,13.0,967.0,2.0,41.0,0.0,3.0,56.0,0
C20320,10.0,28.0,0.0,0.0,0.0,0.0,0.0,0
C20331,13.0,21.0,0.0,0.0,0.0,0.0,0.0,0
C20335,1.0,1.0,0.0,0.0,0.0,0.0,0.0,0
C20336,21.0,471.0,0.0,0.0,0.0,0.0,0.0,0
C20338,21.0,565.0,0.0,0.0,0.0,0.0,0.0,0
C20345,17.0,542.0,0.0,0.0,0.0,0.0,0.0,0
C20347,2.0,2.0,0.0,0.0,0.0,0.0,0.0,0
C2035,2.0,2.0,2.0,61.0,0.0,17.0,101.0,0
C20353,2.0,3.0,0.0,0.0,0.0,0.0,0.0,0
C20356,11.0,58.0,0.0,0.0,0.0,0.0,0.0,0
C20358,25.0,315.0,0.0,0.0,0.0,0.0,0.0,0
C20363,8.0,14.0,0.0,0.0,0.0,0.0,0.0,0
C20371,14.0,556.0,0.0,0.0,0.0,0.0,0.0,0
C20377,16.0,750.0,0.0,0.0,0.0,0.0,0.0,0
C2038,5.0,277.0,4.0,123.0,0.0,2.0,42.0,0
C20381,2.0,6.0,0.0,0.0,0.0,0.0,0.0,0
C2039,0.0,0.0,6.0,388.0,1.0,80.0,2826.0,0
C20391,5.0,8.0,0.0,0.0,0.0,0.0,0.0,0
C20393,2.0,7.0,0.0,0.0,0.0,0.0,0.0,0
C204,0.0,0.0,2.0,96.0,0.0,11.0,86.0,0
C2040,0.0,0.0,5.0,86.0,0.0,0.0,0.0,0
C20403,3.0,39.0,0.0,0.0,0.0,0.0,0.0,0
C20413,1.0,1.0,0.0,0.0,0.0,0.0,0.0,0
C20416,1.0,2.0,0.0,0.0,0.0,0.0,0.0,0
C20418,1.0,1.0,0.0,0.0,0.0,0.0,0.0,0
C2042,1.0,1.0,3.0,42.0,0.0,0.0,0.0,0
C20420,11.0,17.0,0.0,0.0,0.0,0.0,0.0,0
C20427,1.0,1.0,0.0,0.0,0.0,0.0,0.0,0
C2043,0.0,0.0,2.0,42.0,0.0,11.0,99.0,0
C20431,14.0,46.0,0.0,0.0,0.0,0.0,0.0,0
C2044,0.0,0.0,2.0,87.0,0.0,16.0,204.0,0
C20440,1.0,3.0,0.0,0.0,0.0,0.0,0.0,0
C20448,1.0,1.0,0.0,0.0,0.0,0.0,0.0,0
C20453,12.0,15.0,0.0,0.0,0.0,0.0,0.0,0
C20455,0.0,0.0,1.0,40.0,0.0,0.0,0.0,0
C2046,2.0,7.0,3.0,228.0,0.0,9.0,4295.0,0
C2047,0.0,0.0,2.0,84.0,0.0,14.0,100.0,0
C20472,4.0,17.0,0.0,0.0,0.0,0.0,0.0,0
C2048,0.0,0.0,1.0,60.0,0.0,14.0,96.0,0
C20488,15.0,284.0,0.0,0.0,0.0,0.0,0.0,0
C2049,0.0,0.0,3.0,52.0,0.0,0.0,0.0,0
C205,0.0,0.0,2.0,63.0,0.0,13.0,91.0,0
C20503,7.0,14.0,0.0,0.0,0.0,0.0,0.0,0
C20505,6.0,6.0,0.0,0.0,0.0,0.0,0.0,0
C20507,2.0,2.0,0.0,0.0,0.0,0.0,0.0,0
C2051,3.0,4.0,1.0,37.0,0.0,11.0,88.0,0
C20511,19.0,82.0,0.0,0.0,0.0,0.0,0.0,0
C20513,5.0,6.0,0.0,0.0,0.0,0.0,0.0,0
C20515,15.0,259.0,0.0,0.0,0.0,0.0,0.0,0
C20518,2.0,48.0,0.0,0.0,0.0,0.0,0.0,0
C2052,0.0,0.0,1.0,487.0,0.0,0.0,0.0,0
C20527,12.0,23.0,0.0,0.0,0.0,0.0,0.0,0
C2053,0.0,0.0,3.0,65.0,0.0,0.0,0.0,0
C20539,1.0,1.0,0.0,0.0,0.0,0.0,0.0,0
C20546,21.0,98.0,0.0,0.0,0.0,0.0,0.0,0
C2055,1.0,1.0,3.0,172.0,0.0,18.0,446.0,0
C2056,0.0,0.0,3.0,104.0,0.0,13.0,97.0,0
C20569,4.0,12.0,0.0,0.0,0.0,0.0,0.0,0
C2057,15.0,21.0,4.0,365.0,1.0,57.0,2797.0,0
C2058,2.0,2.0,1.0,37.0,0.0,7.0,107.0,0
C20591,2.0,2.0,0.0,0.0,0.0,0.0,0.0,0
C20593,1.0,1.0,0.0,0.0,0.0,0.0,0.0,0
C20599,11.0,584.0,0.0,0.0,0.0,0.0,0.0,0
C206,0.0,0.0,1.0,62.0,0.0,15.0,108.0,0
C2060,0.0,0.0,3.0,65.0,0.0,0.0,0.0,0
C20604,2.0,26.0,0.0,0.0,0.0,0.0,0.0,0
C20613,5.0,36.0,0.0,0.0,0.0,0.0,0.0,0
C20614,5.0,24.0,0.0,0.0,0.0,0.0,0.0,0
C20621,18.0,131.0,0.0,0.0,0.0,0.0,0.0,0
C20622,19.0,648.0,0.0,0.0,0.0,0.0,0.0,0
C20624,1.0,1.0,0.0,0.0,0.0,0.0,0.0,0
C2063,1.0,1.0,1.0,40.0,0.0,0.0,0.0,0
C20632,18.0,366.0,0.0,0.0,0.0,0.0,0.0,0
C20636,15.0,44.0,0.0,0.0,0.0,0.0,0.0,0
C20638,8.0,49.0,0.0,0.0,0.0,0.0,0.0,0
C2064,1.0,1.0,1.0,25.0,0.0,7.0,134.0,0
C20646,4.0,5.0,0.0,0.0,0.0,0.0,0.0,0
C20657,1.0,1.0,0.0,0.0,0.0,0.0,0.0,0
C20664,1.0,2.0,0.0,0.0,0.0,0.0,0.0,0
C20666,1.0,3.0,0.0,0.0,0.0,0.0,0.0,0
C2067,0.0,0.0,3.0,119.0,0.0,13.0,92.0,0
C20681,21.0,1506.0,0.0,0.0,0.0,0.0,0.0,0
C2069,0.0,0.0,3.0,31.0,0.0,0.0,0.0,0
C207,0.0,0.0,1.0,59.0,0.0,14.0,108.0,0
C20704,3.0,10.0,0.0,0.0,0.0,0.0,0.0,0
C2071,0.0,0.0,1.0,962.0,0.0,0.0,0.0,0
C20718,9.0,81.0,0.0,0.0,0.0,0.0,0.0,0
C20722,17.0,603.0,0.0,0.0,0.0,0.0,0.0,0
C20727,3.0,3.0,0.0,0.0,0.0,0.0,0.0,0
C20730,19.0,265.0,0.0,0.0,0.0,0.0,0.0,0
C20731,12.0,183.0,0.0,0.0,0.0,0.0,0.0,0
C20735,15.0,226.0,0.0,0.0,0.0,0.0,0.0,0
C20736,24.0,575.0,0.0,0.0,0.0,0.0,0.0,0
C20738,23.0,919.0,0.0,0.0,0.0,0.0,0.0,0
C2074,0.0,0.0,1.0,965.0,0.0,0.0,0.0,0
C20748,3.0,4.0,0.0,0.0,0.0,0.0,0.0,0
C20754,19.0,662.0,0.0,0.0,0.0,0.0,0.0,0
C20758,5.0,5.0,0.0,0.0,0.0,0.0,0.0,0
C2076,23.0,281.0,0.0,0.0,0.0,0.0,0.0,0
C20760,2.0,2.0,0.0,0.0,0.0,0.0,0.0,0
C20762,5.0,5.0,0.0,0.0,0.0,0.0,0.0,0
C2077,14.0,466.0,1.0,49.0,0.0,4.0,108.0,0
C20779,1.0,1.0,0.0,0.0,0.0,0.0,0.0,0
C20783,12.0,79.0,0.0,0.0,0.0,0.0,0.0,0
C20787,4.0,5.0,0.0,0.0,0.0,0.0,0.0,0
C2079,3.0,4.0,3.0,286.0,0.0,0.0,0.0,0
C208,0.0,0.0,2.0,82.0,0.0,11.0,86.0,0
C20800,8.0,10.0,0.0,0.0,0.0,0.0,0.0,0
C2081,0.0,0.0,1.0,55.0,0.0,7.0,136.0,0
C20810,2.0,4.0,0.0,0.0,0.0,0.0,0.0,0
C2082,0.0,0.0,2.0,67.0,0.0,7.0,182.0,0
C2083,15.0,17.0,2.0,161.0,0.0,2.0,132.0,0
C2084,0.0,0.0,3.0,428.0,0.0,10.0,903.0,0
C2085,0.0,0.0,1.0,32.0,0.0,7.0,135.0,0
C20856,6.0,7.0,0.0,0.0,0.0,0.0,0.0,0
C2086,0.0,0.0,2.0,190.0,0.0,13.0,97.0,0
C2087,16.0,442.0,1.0,200.0,0.0,12.0,71.0,0
C20877,1.0,1.0,0.0,0.0,0.0,0.0,0.0,0
C20880,6.0,8.0,0.0,0.0,0.0,0.0,0.0,0
C2089,10.0,20.0,3.0,444.0,0.0,12.0,104.0,0
C209,0.0,0.0,1.0,58.0,0.0,10.0,84.0,0
C2090,13.0,62.0,3.0,200.0,0.0,15.0,119.0,0
C20906,5.0,6.0,0.0,0.0,0.0,0.0,0.0,0
C2091,2.0,2.0,1.0,43.0,0.0,9.0,142.0,0
C20918,4.0,4.0,0.0,0.0,0.0,0.0,0.0,0
C2093,0.0,0.0,4.0,1215.0,0.0,0.0,0.0,0
C20931,2.0,2.0,0.0,0.0,0.0,0.0,0.0,0
C20936,8.0,8.0,0.0,0.0,0.0,0.0,0.0,0
C2095,0.0,0.0,3.0,160.0,0.0,20.0,1370.0,0
C20950,4.0,10.0,0.0,0.0,0.0,0.0,0.0,0
C20952,22.0,495.0,0.0,0.0,0.0,0.0,0.0,0
C20961,2.0,2.0,0.0,0.0,0.0,0.0,0.0,0
C2097,0.0,0.0,1.0,959.0,0.0,0.0,0.0,0
C20971,19.0,286.0,0.0,0.0,0.0,0.0,0.0,0
C20973,10.0,13.0,0.0,0.0,0.0,0.0,0.0,0
C20975,18.0,299.0,0.0,0.0,0.0,0.0,0.0,0
C2098,10.0,16.0,4.0,113.0,0.0,0.0,0.0,0
C20980,6.0,6.0,0.0,0.0,0.0,0.0,0.0,0
C20984,3.0,3.0,0.0,0.0,0.0,0.0,0.0,0
C20987,1.0,1.0,0.0,0.0,0.0,0.0,0.0,0
C20995,1.0,1.0,0.0,0.0,0.0,0.0,0.0,0
C21,13.0,88.0,1.0,60.0,0.0,10.0,93.0,0
C210,0.0,0.0,2.0,70.0,0.0,11.0,174.0,0
C21001,1.0,36.0,0.0,0.0,0.0,0.0,0.0,0
C21003,17.0,231.0,0.0,0.0,0.0,0.0,0.0,0
C2101,0.0,0.0,1.0,993.0,0.0,0.0,0.0,0
C21011,18.0,31.0,0.0,0.0,0.0,0.0,0.0,0
C21017,3.0,21.0,0.0,0.0,0.0,0.0,0.0,0
C2102,0.0,0.0,2.0,95.0,0.0,8.0,162.0,0
C2103,9.0,9.0,1.0,188.0,0.0,0.0,0.0,0
C21030,2.0,2.0,0.0,0.0,0.0,0.0,0.0,0
C21036,23.0,1526.0,0.0,0.0,0.0,0.0,0.0,0
C21043,12.0,231.0,0.0,0.0,0.0,0.0,0.0,0
C21044,13.0,106.0,0.0,0.0,0.0,0.0,0.0,0
C21049,1.0,2.0,0.0,0.0,0.0,0.0,0.0,0
C2106,0.0,0.0,1908.0,14206.0,0.0,8.0,64.0,0
C21061,3.0,3.0,0.0,0.0,0.0,0.0,0.0,0
C21063,11.0,22.0,0.0,0.0,0.0,0.0,0.0,0
C21068,6.0,8.0,0.0,0.0,0.0,0.0,0.0,0
C2107,3.0,12.0,3.0,63.0,0.0,0.0,0.0,0
C21073,11.0,22.0,0.0,0.0,0.0,0.0,0.0,0
C21075,11.0,30.0,0.0,0.0,0.0,0.0,0.0,0
C21078,12.0,89.0,0.0,0.0,0.0,0.0,0.0,0
C2109,2.0,2.0,6.0,1104.0,63.0,0.0,0.0,0
C21095,3.0,3.0,0.0,0.0,0.0,0.0,0.0,0
C211,1.0,1.0,1.0,36.0,0.0,11.0,89.0,0
C2110,0.0,0.0,1.0,314.0,0.0,0.0,0.0,0
C21108,2.0,2.0,0.0,0.0,0.0,0.0,0.0,0
C21118,1.0,1.0,0.0,0.0,0.0,0.0,0.0,0
C21119,2.0,6.0,0.0,0.0,0.0,0.0,0.0,0
C2112,0.0,0.0,1.0,1041.0,0.0,0.0,0.0,0
C21120,15.0,84.0,0.0,0.0,0.0,0.0,0.0,0
C2113,0.0,0.0,1.0,43.0,0.0,8.0,160.0,0
C21132,3.0,8.0,0.0,0.0,0.0,0.0,0.0,0
C21139,17.0,524.0,0.0,0.0,0.0,0.0,0.0,0
C21144,1.0,1.0,0.0,0.0,0.0,0.0,0.0,0
C2115,0.0,0.0,2.0,53.0,0.0,12.0,685.0,0
C2116,0.0,0.0,1.0,57.0,0.0,0.0,0.0,0
C21161,1.0,2.0,0.0,0.0,0.0,0.0,0.0,0
C2117,0.0,0.0,6.0,97.0,0.0,0.0,0.0,0
C21171,9.0,50.0,0.0,0.0,0.0,0.0,0.0,0
C21176,21.0,1001.0,0.0,0.0,0.0,0.0,0.0,0
C21179,23.0,727.0,0.0,0.0,0.0,0.0,0.0,0
C21190,4.0,4.0,0.0,0.0,0.0,0.0,0.0,0
C21192,4.0,4.0,0.0,0.0,0.0,0.0,0.0,0
C21193,6.0,10.0,0.0,0.0,0.0,0.0,0.0,0
C21197,3.0,3.0,0.0,0.0,0.0,0.0,0.0,0
C212,0.0,0.0,1.0,4.0,0.0,14.0,350.0,0
C2120,0.0,0.0,1.0,525.0,0.0,0.0,0.0,0
C21202,23.0,1023.0,0.0,0.0,0.0,0.0,0.0,0
C2121,0.0,0.0,6.0,69.0,3.0,0.0,0.0,0
C21212,13.0,63.0,0.0,0.0,0.0,0.0,0.0,0
C21220,1.0,1.0,0.0,0.0,0.0,0.0,0.0,0
C21224,19.0,650.0,0.0,0.0,0.0,0.0,0.0,0
C2123,0.0,0.0,1.0,1032.0,0.0,0.0,0.0,0
C21231,11.0,37.0,0.0,0.0,0.0,0.0,0.0,0
C21232,12.0,122.0,0.0,0.0,0.0,0.0,0.0,0
C21233,7.0,13.0,0.0,0.0,0.0,0.0,0.0,0
C21235,26.0,805.0,0.0,0.0,0.0,0.0,0.0,0
C21247,9.0,17.0,0.0,0.0,0.0,0.0,0.0,0
C2125,0.0,0.0,1.0,34.0,0.0,7.0,1439.0,0
C21258,2.0,2.0,0.0,0.0,0.0,0.0,0.0,0
C2126,3.0,34.0,4.0,54.0,0.0,0.0,0.0,0
C21262,11.0,16.0,0.0,0.0,0.0,0.0,0.0,0
C21266,4.0,5.0,0.0,0.0,0.0,0.0,0.0,0
C21269,1.0,1.0,0.0,0.0,0.0,0.0,0.0,0
C2127,2.0,4.0,8.0,937.0,0.0,5.0,79.0,0
C21271,2.0,2.0,0.0,0.0,0.0,0.0,0.0,0
C2128,0.0,0.0,1.0,47.0,0.0,0.0,0.0,0
C21286,3.0,8.0,0.0,0.0,0.0,0.0,0.0,0
C21295,5.0,100.0,0.0,0.0,0.0,0.0,0.0,0
C21297,2.0,8.0,0.0,0.0,0.0,0.0,0.0,0
C213,0.0,0.0,2.0,120.0,0.0,0.0,0.0,0
C2130,0.0,0.0,1.0,970.0,0.0,0.0,0.0,0
C21300,20.0,780.0,0.0,0.0,0.0,0.0,0.0,0
C21302,25.0,642.0,0.0,0.0,0.0,0.0,0.0,0
C2131,0.0,0.0,3.0,36.0,0.0,0.0,0.0,0
C21311,20.0,438.0,0.0,0.0,0.0,0.0,0.0,0
C21318,1.0,1.0,0.0,0.0,0.0,0.0,0.0,0
C21322,11.0,13.0,0.0,0.0,0.0,0.0,0.0,0
C21336,3.0,27.0,0.0,0.0,0.0,0.0,0.0,0
C21337,14.0,94.0,0.0,0.0,0.0,0.0,0.0,0
C2134,0.0,0.0,1.0,886.0,0.0,0.0,0.0,0
C21345,1.0,1.0,0.0,0.0,0.0,0.0,0.0,0
C21357,3.0,3.0,0.0,0.0,0.0,0.0,0.0,0
C2136,2.0,6.0,1.0,43.0,0.0,0.0,0.0,0
C2137,0.0,0.0,2.0,47.0,0.0,0.0,0.0,0
C21370,8.0,15.0,0.0,0.0,0.0,0.0,0.0,0
C21373,14.0,95.0,0.0,0.0,0.0,0.0,0.0,0
C21374,15.0,36.0,0.0,0.0,0.0,0.0,0.0,0
C21380,12.0,23.0,0.0,0.0,0.0,0.0,0.0,0
C21382,3.0,6.0,0.0,0.0,0.0,0.0,0.0,0
C214,0.0,0.0,1.0,60.0,0.0,11.0,86.0,0
C2140,0.0,0.0,1.0,47.0,0.0,8.0,154.0,0
C21405,23.0,836.0,0.0,0.0,0.0,0.0,0.0,0
C21409,1.0,1.0,0.0,0.0,0.0,0.0,0.0,0
C21423,14.0,212.0,0.0,0.0,0.0,0.0,0.0,0
C21428,21.0,1451.0,0.0,0.0,0.0,0.0,0.0,0
C21429,2.0,24.0,0.0,0.0,0.0,0.0,0.0,0
C2143,2.0,4.0,5.0,61.0,0.0,6.0,42.0,0
C2144,5.0,5.0,4.0,71.0,0.0,0.0,0.0,0
C2146,0.0,0.0,1.0,50.0,0.0,10.0,87.0,0
C21474,2.0,2.0,0.0,0.0,0.0,0.0,0.0,0
C21478,4.0,5.0,0.0,0.0,0.0,0.0,0.0,0
C2148,0.0,0.0,2.0,52.0,0.0,19.0,4842.0,0
C21482,3.0,3.0,0.0,0.0,0.0,0.0,0.0,0
C21485,3.0,18.0,0.0,0.0,0.0,0.0,0.0,0
C21488,2.0,3.0,0.0,0.0,0.0,0.0,0.0,0
C2149,0.0,0.0,5.0,382.0,3.0,12.0,84.0,0
C21495,1.0,1.0,0.0,0.0,0.0,0.0,0.0,0
C215,0.0,0.0,1.0,57.0,0.0,10.0,77.0,0
C2150,2.0,5.0,1.0,54.0,0.0,7.0,546.0,0
C2151,0.0,0.0,2.0,59.0,0.0,15.0,122.0,0
C21518,20.0,234.0,0.0,0.0,0.0,0.0,0.0,0
C21521,20.0,262.0,0.0,0.0,0.0,0.0,0.0,0
C21524,22.0,1118.0,0.0,0.0,0.0,0.0,0.0,0
C21527,30.0,726.0,0.0,0.0,0.0,0.0,0.0,0
C21529,5.0,5.0,0.0,0.0,0.0,0.0,0.0,0
C2153,0.0,0.0,2.0,34.0,0.0,8.0,162.0,0
C21535,18.0,528.0,0.0,0.0,0.0,0.0,0.0,0
C2155,10.0,25.0,7.0,76.0,0.0,0.0,0.0,0
C21556,2.0,4.0,0.0,0.0,0.0,0.0,0.0,0
C21561,8.0,146.0,0.0,0.0,0.0,0.0,0.0,0
C21564,1.0,1.0,0.0,0.0,0.0,0.0,0.0,0
C21566,1.0,1.0,0.0,0.0,0.0,0.0,0.0,0
C21577,4.0,10.0,0.0,0.0,0.0,0.0,0.0,0
C2158,0.0,0.0,1.0,509.0,0.0,0.0,0.0,0
C21582,23.0,826.0,0.0,0.0,0.0,0.0,0.0,0
C21583,1.0,1.0,0.0,0.0,0.0,0.0,0.0,0
C21589,1.0,1.0,0.0,0.0,0.0,0.0,0.0,0
C2159,15.0,1915.0,5.0,292.0,35.0,3.0,88.0,0
C216,0.0,0.0,2.0,84.0,0.0,11.0,182.0,0
C21601,16.0,483.0,0.0,0.0,0.0,0.0,0.0,0
C21603,3.0,20.0,0.0,0.0,0.0,0.0,0.0,0
C21605,2.0,4.0,0.0,0.0,0.0,0.0,0.0,0
C2161,5.0,5.0,2.0,50.0,0.0,14.0,91.0,0
C21612,14.0,130.0,0.0,0.0,0.0,0.0,0.0,0
C2162,0.0,0.0,75.0,299.0,0.0,8.0,145.0,0
C21626,1.0,1.0,0.0,0.0,0.0,0.0,0.0,0
C21628,21.0,759.0,0.0,0.0,0.0,0.0,0.0,0
C21631,5.0,29.0,0.0,0.0,0.0,0.0,0.0,0
C21635,16.0,199.0,0.0,0.0,0.0,0.0,0.0,0
C2164,0.0,0.0,2.0,88.0,0.0,14.0,96.0,0
C21642,2.0,2.0,0.0,0.0,0.0,0.0,0.0,0
C21643,8.0,18.0,0.0,0.0,0.0,0.0,0.0,0
C21649,7.0,406.0,0.0,0.0,0.0,0.0,0.0,0
C2166,4.0,6.0,2.0,67.0,0.0,10.0,104.0,0
C21661,21.0,855.0,0.0,0.0,0.0,0.0,0.0,0
C21676,16.0,661.0,0.0,0.0,0.0,0.0,0.0,0
C21678,12.0,203.0,0.0,0.0,0.0,0.0,0.0,0
C2168,0.0,0.0,1.0,833.0,0.0,0.0,0.0,0
C21686,1.0,1.0,0.0,0.0,0.0,0.0,0.0,0
C21698,1.0,4.0,0.0,0.0,0.0,0.0,0.0,0
C217,0.0,0.0,2.0,32.0,0.0,6.0,162.0,0
C2170,0.0,0.0,1.0,45.0,0.0,13.0,179.0,0
C21711,14.0,368.0,0.0,0.0,0.0,0.0,0.0,0
C21712,5.0,13.0,0.0,0.0,0.0,0.0,0.0,0
C2172,1.0,1.0,3.0,57.0,0.0,0.0,0.0,0
C21734,1.0,1.0,0.0,0.0,0.0,0.0,0.0,0
C21739,20.0,627.0,0.0,0.0,0.0,0.0,0.0,0
C2174,3.0,4.0,1.0,55.0,0.0,0.0,0.0,0
C21746,22.0,690.0,0.0,0.0,0.0,0.0,0.0,0
C21748,19.0,183.0,0.0,0.0,0.0,0.0,0.0,0
C21753,10.0,26.0,0.0,0.0,0.0,0.0,0.0,0
C21755,3.0,3.0,0.0,0.0,0.0,0.0,0.0,0
C2176,0.0,0.0,1.0,968.0,0.0,0.0,0.0,0
C21763,3.0,23.0,0.0,0.0,0.0,0.0,0.0,0
C21765,2.0,2.0,0.0,0.0,0.0,0.0,0.0,0
C2178,0.0,0.0,1.0,969.0,0.0,0.0,0.0,0
C21780,5.0,5.0,0.0,0.0,0.0,0.0,0.0,0
C21782,21.0,925.0,0.0,0.0,0.0,0.0,0.0,0
C21790,16.0,167.0,0.0,0.0,0.0,0.0,0.0,0
C21792,30.0,628.0,0.0,0.0,0.0,0.0,0.0,0
C218,0.0,0.0,2.0,83.0,0.0,20.0,134.0,0
C2180,0.0,0.0,1.0,965.0,0.0,0.0,0.0,0
C21801,8.0,14.0,0.0,0.0,0.0,0.0,0.0,0
C21807,5.0,25.0,0.0,0.0,0.0,0.0,0.0,0
C21808,1.0,2.0,0.0,0.0,0.0,0.0,0.0,0
C2181,0.0,0.0,4.0,42.0,0.0,0.0,0.0,0
C21814,11.0,23.0,0.0,0.0,0.0,0.0,0.0,0
C21815,13.0,238.0,0.0,0.0,0.0,0.0,0.0,0
C21818,6.0,381.0,0.0,0.0,0.0,0.0,0.0,0
C21819,5.0,8.0,0.0,0.0,0.0,0.0,0.0,0
C21823,11.0,13.0,0.0,0.0,0.0,0.0,0.0,0
C2183,0.0,0.0,5.0,65.0,0.0,0.0,0.0,0
C21830,2.0,5.0,0.0,0.0,0.0,0.0,0.0,0
C21835,3.0,5.0,0.0,0.0,0.0,0.0,0.0,0
C2186,0.0,0.0,4.0,249.0,0.0,4.0,20.0,0
C21868,3.0,5.0,0.0,0.0,0.0,0.0,0.0,0
C21871,1.0,2.0,0.0,0.0,0.0,0.0,0.0,0
C21877,2.0,11.0,0.0,0.0,0.0,0.0,0.0,0
C2188,0.0,0.0,1.0,11.0,0.0,0.0,0.0,0
C2189,0.0,0.0,2.0,35.0,0.0,1.0,8.0,0
C219,0.0,0.0,2.0,52.0,0.0,9.0,99.0,0
C2191,0.0,0.0,10.0,398.0,0.0,0.0,0.0,0
C21915,21.0,779.0,0.0,0.0,0.0,0.0,0.0,0
C2193,0.0,0.0,4.0,55.0,4.0,0.0,0.0,0
C21931,20.0,549.0,0.0,0.0,0.0,0.0,0.0,0
C21935,1.0,1.0,0.0,0.0,0.0,0.0,0.0,0
C21949,13.0,13.0,0.0,0.0,0.0,0.0,0.0,0
C2195,0.0,0.0,1.0,2.0,0.0,8.0,106.0,0
C21950,3.0,4.0,0.0,0.0,0.0,0.0,0.0,0
C2196,0.0,0.0,1.0,47.0,0.0,9.0,197.0,0
C21963,1.0,1.0,0.0,0.0,0.0,0.0,0.0,0
C21970,1.0,1.0,0.0,0.0,0.0,0.0,0.0,0
C21978,15.0,810.0,0.0,0.0,0.0,0.0,0.0,0
C2198,0.0,0.0,4.0,62.0,0.0,15.0,52.0,0
C21983,1.0,1.0,0.0,0.0,0.0,0.0,0.0,0
C21984,8.0,11.0,0.0,0.0,0.0,0.0,0.0,0
C22,2.0,2.0,3.0,108.0,0.0,13.0,95.0,0
C220,0.0,0.0,1.0,62.0,0.0,11.0,93.0,0
C2201,9.0,138.0,1.0,4.0,0.0,0.0,0.0,0
C22010,8.0,14.0,0.0,0.0,0.0,0.0,0.0,0
C22014,4.0,5.0,0.0,0.0,0.0,0.0,0.0,0
C2202,0.0,0.0,1.0,55.0,0.0,11.0,91.0,0
C22023,21.0,615.0,0.0,0.0,0.0,0.0,0.0,0
C22024,7.0,25.0,0.0,0.0,0.0,0.0,0.0,0
C22027,24.0,805.0,0.0,0.0,0.0,0.0,0.0,0
C22029,15.0,217.0,0.0,0.0,0.0,0.0,0.0,0
C2203,0.0,0.0,2.0,97.0,0.0,12.0,69.0,0
C2204,0.0,0.0,3.0,110.0,0.0,17.0,101.0,0
C22040,4.0,4.0,0.0,0.0,0.0,0.0,0.0,0
C22047,13.0,41.0,0.0,0.0,0.0,0.0,0.0,0
C2205,3.0,20.0,4.0,44.0,0.0,0.0,0.0,0
C22052,15.0,2081.0,0.0,0.0,0.0,0.0,0.0,0
C22054,2.0,2.0,0.0,0.0,0.0,0.0,0.0,0
C22055,1.0,1.0,0.0,0.0,0.0,0.0,0.0,0
C22066,1.0,1.0,0.0,0.0,0.0,0.0,0.0,0
C2207,4.0,4.0,4.0,54.0,0.0,0.0,0.0,0
C22076,5.0,5.0,0.0,0.0,0.0,0.0,0.0,0
C2209,0.0,0.0,2.0,107.0,0.0,12.0,110.0,0
C22096,16.0,59.0,0.0,0.0,0.0,0.0,0.0,0
C22097,2.0,24.0,0.0,0.0,0.0,0.0,0.0,0
C221,0.0,0.0,1.0,56.0,0.0,11.0,95.0,0
C22102,1.0,1.0,0.0,0.0,0.0,0.0,0.0,0
C2211,0.0,0.0,2.0,88.0,0.0,11.0,90.0,0
C22113,2.0,2.0,0.0,0.0,0.0,0.0,0.0,0
C2212,7.0,8.0,4.0,41.0,0.0,0.0,0.0,0
C22144,8.0,8.0,0.0,0.0,0.0,0.0,0.0,0
C2215,0.0,0.0,1.0,6.0,0.0,0.0,0.0,0
C22166,21.0,264.0,0.0,0.0,0.0,0.0,0.0,0
C2217,2.0,4.0,1.0,39.0,0.0,0.0,0.0,0
C22181,10.0,10.0,0.0,0.0,0.0,0.0,0.0,0
C2219,0.0,0.0,2.0,44.0,0.0,0.0,0.0,0
C22191,1.0,1.0,0.0,0.0,0.0,0.0,0.0,0
C22192,3.0,12.0,0.0,0.0,0.0,0.0,0.0,0
C22195,3.0,3.0,0.0,0.0,0.0,0.0,0.0,0
C222,10.0,80.0,2.0,57.0,0.0,11.0,227.0,0
C22204,12.0,319.0,0.0,0.0,0.0,0.0,0.0,0
C22206,6.0,14.0,0.0,0.0,0.0,0.0,0.0,0
C2221,4.0,8.0,4.0,291.0,0.0,51.0,233.0,0
C22224,16.0,17.0,0.0,0.0,0.0,0.0,0.0,0
C22226,9.0,64.0,0.0,0.0,0.0,0.0,0.0,0
C22228,15.0,226.0,0.0,0.0,0.0,0.0,0.0,0
C22230,2.0,22.0,0.0,0.0,0.0,0.0,0.0,0
C22233,5.0,5.0,0.0,0.0,0.0,0.0,0.0,0
C2224,0.0,0.0,1.0,1029.0,0.0,0.0,0.0,0
C22244,17.0,514.0,0.0,0.0,0.0,0.0,0.0,0
C22245,3.0,31.0,0.0,0.0,0.0,0.0,0.0,0
C22246,8.0,410.0,0.0,0.0,0.0,0.0,0.0,0
C2225,1.0,3.0,3.0,344.0,2.0,0.0,0.0,0
C22250,1.0,2.0,0.0,0.0,0.0,0.0,0.0,0
C22251,1.0,1.0,0.0,0.0,0.0,0.0,0.0,0
C22253,20.0,529.0,0.0,0.0,0.0,0.0,0.0,0
C22256,2.0,53.0,0.0,0.0,0.0,0.0,0.0,0
C22258,19.0,187.0,0.0,0.0,0.0,0.0,0.0,0
C2226,0.0,0.0,4.0,57.0,0.0,0.0,0.0,0
C22263,18.0,378.0,0.0,0.0,0.0,0.0,0.0,0
C22269,29.0,673.0,0.0,0.0,0.0,0.0,0.0,0
C22270,21.0,151.0,0.0,0.0,0.0,0.0,0.0,0
C22275,18.0,276.0,0.0,0.0,0.0,0.0,0.0,0
C2229,15.0,922.0,1.0,49.0,0.0,12.0,90.0,0
C22294,15.0,126.0,0.0,0.0,0.0,0.0,0.0,0
C22298,1.0,4.0,0.0,0.0,0.0,0.0,0.0,0
C223,0.0,0.0,2.0,155.0,0.0,8.0,141.0,0
C2230,4.0,5.0,5.0,172.0,3.0,6.0,79.0,0
C22300,4.0,4.0,0.0,0.0,0.0,0.0,0.0,0
C22305,4.0,4.0,0.0,0.0,0.0,0.0,0.0,0
C2232,0.0,0.0,3.0,124.0,0.0,13.0,95.0,0
C22327,1.0,1.0,0.0,0.0,0.0,0.0,0.0,0
C2233,0.0,0.0,1.0,433.0,0.0,5.0,871.0,0
C2234,0.0,0.0,2.0,65.0,0.0,12.0,92.0,0
C22343,17.0,126.0,0.0,0.0,0.0,0.0,0.0,0
C2235,6.0,26.0,3.0,214.0,0.0,5.0,77.0,0
C22358,2.0,3.0,0.0,0.0,0.0,0.0,0.0,0
C2236,0.0,0.0,1.0,32.0,0.0,7.0,163.0,0
C22368,1.0,6.0,0.0,0.0,0.0,0.0,0.0,0
C2237,2.0,2.0,1.0,57.0,0.0,12.0,97.0,0
C22375,22.0,129.0,0.0,0.0,0.0,0.0,0.0,0
C2238,2.0,2.0,4.0,46.0,0.0,0.0,0.0,0
C22384,19.0,414.0,0.0,0.0,0.0,0.0,0.0,0
C22386,19.0,437.0,0.0,0.0,0.0,0.0,0.0,0
C22389,1.0,1.0,0.0,0.0,0.0,0.0,0.0,0
C22391,19.0,189.0,0.0,0.0,0.0,0.0,0.0,0
C22394,2.0,22.0,0.0,0.0,0.0,0.0,0.0,0
C22395,3.0,76.0,0.0,0.0,0.0,0.0,0.0,0
C224,0.0,0.0,1.0,71.0,0.0,11.0,86.0,0
C2240,13.0,25.0,2.0,113.0,0.0,14.0,100.0,0
C22419,4.0,10.0,0.0,0.0,0.0,0.0,0.0,0
C2242,0.0,0.0,1.0,36.0,0.0,6.0,128.0,0
C22432,14.0,121.0,0.0,0.0,0.0,0.0,0.0,0
C2244,4.0,5.0,1.0,40.0,0.0,2.0,36.0,0
C22442,18.0,502.0,0.0,0.0,0.0,0.0,0.0,0
C2245,1.0,1.0,1.0,87.0,0.0,6.0,718.0,0
C22462,23.0,446.0,0.0,0.0,0.0,0.0,0.0,0
C22467,10.0,660.0,0.0,0.0,0.0,0.0,0.0,0
C2247,0.0,0.0,1.0,959.0,0.0,0.0,0.0,0
C22474,1.0,1.0,0.0,0.0,0.0,0.0,0.0,0
C22479,4.0,80.0,0.0,0.0,0.0,0.0,0.0,0
C22483,19.0,382.0,0.0,0.0,0.0,0.0,0.0,0
C2249,0.0,0.0,1.0,968.0,0.0,0.0,0.0,0
C22492,2.0,2.0,0.0,0.0,0.0,0.0,0.0,0
C22494,3.0,402.0,0.0,0.0,0.0,0.0,0.0,0
C2250,0.0,0.0,1.0,320.0,0.0,0.0,0.0,0
C2252,0.0,0.0,1.0,995.0,0.0,0.0,0.0,0
C22521,16.0,511.0,0.0,0.0,0.0,0.0,0.0,0
C22523,4.0,6.0,0.0,0.0,0.0,0.0,0.0,0
C22526,21.0,365.0,0.0,0.0,0.0,0.0,0.0,0
C2253,0.0,0.0,1.0,63.0,0.0,0.0,0.0,0
C22532,11.0,15.0,0.0,0.0,0.0,0.0,0.0,0
C22539,1.0,5.0,0.0,0.0,0.0,0.0,0.0,0
C2254,4.0,4.0,5.0,297.0,1.0,57.0,2741.0,0
C2255,0.0,0.0,2.0,100.0,0.0,11.0,88.0,0
C22563,1.0,1.0,0.0,0.0,0.0,0.0,0.0,0
C2257,3.0,4.0,4.0,338.0,0.0,4.0,80.0,0
C22571,21.0,504.0,0.0,0.0,0.0,0.0,0.0,0
C22577,4.0,4.0,0.0,0.0,0.0,0.0,0.0,0
C2259,6.0,16.0,2.0,109.0,0.0,7.0,140.0,0
C22594,5.0,6.0,0.0,0.0,0.0,0.0,0.0,0
C22596,5.0,38.0,0.0,0.0,0.0,0.0,0.0,0
C226,0.0,0.0,2.0,94.0,0.0,11.0,92.0,0
C2260,0.0,0.0,3.0,20.0,2.0,5.0,38.0,0
C22608,23.0,248.0,0.0,0.0,0.0,0.0,0.0,0
C22609,19.0,74.0,0.0,0.0,0.0,0.0,0.0,0
C2261,0.0,0.0,3.0,47.0,0.0,0.0,0.0,0
C22610,2.0,3.0,0.0,0.0,0.0,0.0,0.0,0
C22620,5.0,7.0,0.0,0.0,0.0,0.0,0.0,0
C22623,2.0,2.0,0.0,0.0,0.0,0.0,0.0,0
C2263,0.0,0.0,2.0,79.0,0.0,14.0,101.0,0
C22631,4.0,4.0,0.0,0.0,0.0,0.0,0.0,0
C22636,3.0,3.0,0.0,0.0,0.0,0.0,0.0,0
C22638,1.0,1.0,0.0,0.0,0.0,0.0,0.0,0
C2264,0.0,0.0,4.0,39.0,3.0,0.0,0.0,0
C22641,18.0,142.0,0.0,0.0,0.0,0.0,0.0,0
C22644,4.0,4.0,0.0,0.0,0.0,0.0,0.0,0
C22656,5.0,5.0,0.0,0.0,0.0,0.0,0.0,0
C2266,1.0,1.0,2.0,83.0,0.0,12.0,82.0,0
C22666,25.0,430.0,0.0,0.0,0.0,0.0,0.0,0
C22668,20.0,128.0,0.0,0.0,0.0,0.0,0.0,0
C2267,0.0,0.0,1.0,45.0,0.0,11.0,170.0,0
C22677,10.0,10.0,0.0,0.0,0.0,0.0,0.0,0
C22679,1.0,1.0,0.0,0.0,0.0,0.0,0.0,0
C22681,8.0,8.0,0.0,0.0,0.0,0.0,0.0,0
C2269,0.0,0.0,2.0,103.0,0.0,20.0,122.0,0
C22692,3.0,3.0,0.0,0.0,0.0,0.0,0.0,0
C22696,20.0,312.0,0.0,0.0,0.0,0.0,0.0,0
C22698,21.0,578.0,0.0,0.0,0.0,0.0,0.0,0
C227,0.0,0.0,2.0,102.0,0.0,14.0,624.0,0
C2270,0.0,0.0,1.0,6.0,0.0,0.0,0.0,0
C22704,1.0,1.0,0.0,0.0,0.0,0.0,0.0,0
C22707,15.0,89.0,0.0,0.0,0.0,0.0,0.0,0
C2271,0.0,0.0,5.0,92.0,0.0,0.0,0.0,0
C22710,13.0,337.0,0.0,0.0,0.0,0.0,0.0,0
C22715,17.0,276.0,0.0,0.0,0.0,0.0,0.0,0
C22717,3.0,30.0,0.0,0.0,0.0,0.0,0.0,0
C22721,10.0,238.0,0.0,0.0,0.0,0.0,0.0,0
C22723,21.0,414.0,0.0,0.0,0.0,0.0,0.0,0
C22724,16.0,1018.0,0.0,0.0,0.0,0.0,0.0,0
C22727,14.0,168.0,0.0,0.0,0.0,0.0,0.0,0
C22729,20.0,386.0,0.0,0.0,0.0,0.0,0.0,0
C22731,13.0,75.0,0.0,0.0,0.0,0.0,0.0,0
C2274,0.0,0.0,1.0,1011.0,0.0,0.0,0.0,0
C22741,16.0,114.0,0.0,0.0,0.0,0.0,0.0,0
C22752,14.0,64.0,0.0,0.0,0.0,0.0,0.0,0
C22756,26.0,540.0,0.0,0.0,0.0,0.0,0.0,0
C22758,1.0,1.0,0.0,0.0,0.0,0.0,0.0,0
C22759,1.0,1.0,0.0,0.0,0.0,0.0,0.0,0
C2276,0.0,0.0,1.0,1028.0,0.0,0.0,0.0,0
C2277,0.0,0.0,1.0,48.0,0.0,11.0,162.0,0
C2278,18.0,1114.0,1.0,43.0,0.0,11.0,44.0,0
C22786,8.0,946.0,0.0,0.0,0.0,0.0,0.0,0
C22789,9.0,16.0,0.0,0.0,0.0,0.0,0.0,0
C22795,2.0,13.0,0.0,0.0,0.0,0.0,0.0,0
C22796,14.0,2045.0,0.0,0.0,0.0,0.0,0.0,0
C22798,12.0,2047.0,0.0,0.0,0.0,0.0,0.0,0
C228,0.0,0.0,2.0,85.0,0.0,20.0,121.0,0
C2280,0.0,0.0,1.0,982.0,0.0,0.0,0.0,0
C22805,15.0,274.0,0.0,0.0,0.0,0.0,0.0,0
C2283,6.0,14.0,1.0,41.0,0.0,6.0,62.0,0
C22849,16.0,63.0,0.0,0.0,0.0,0.0,0.0,0
C2285,0.0,0.0,1.0,507.0,0.0,0.0,0.0,0
C22851,14.0,59.0,0.0,0.0,0.0,0.0,0.0,0
C22852,1.0,1.0,0.0,0.0,0.0,0.0,0.0,0
C22858,12.0,21.0,0.0,0.0,0.0,0.0,0.0,0
C2286,0.0,0.0,1.0,49.0,0.0,11.0,91.0,0
C22863,7.0,8.0,0.0,0.0,0.0,0.0,0.0,0
C22867,6.0,63.0,0.0,0.0,0.0,0.0,0.0,0
C2287,2.0,3.0,1.0,52.0,0.0,0.0,0.0,0
C22870,3.0,3.0,0.0,0.0,0.0,0.0,0.0,0
C2288,0.0,0.0,4.0,56.0,0.0,0.0,0.0,0
C22887,2.0,14.0,0.0,0.0,0.0,0.0,0.0,0
C22890,4.0,26.0,0.0,0.0,0.0,0.0,0.0,0
C22892,2.0,2.0,0.0,0.0,0.0,0.0,0.0,0
C22897,16.0,217.0,0.0,0.0,0.0,0.0,0.0,0
C229,0.0,0.0,11.0,10563.0,0.0,11.0,159.0,0
C2290,6.0,10.0,1.0,60.0,0.0,12.0,167.0,0
C22901,16.0,353.0,0.0,0.0,0.0,0.0,0.0,0
C22902,16.0,151.0,0.0,0.0,0.0,0.0,0.0,0
C22903,19.0,188.0,0.0,0.0,0.0,0.0,0.0,0
C22907,16.0,159.0,0.0,0.0,0.0,0.0,0.0,0
C22908,22.0,272.0,0.0,0.0,0.0,0.0,0.0,0
C2291,0.0,0.0,2.0,125.0,0.0,15.0,223.0,0
C22912,4.0,5.0,0.0,0.0,0.0,0.0,0.0,0
C2292,3.0,7.0,1.0,49.0,0.0,11.0,87.0,0
C22927,13.0,177.0,0.0,0.0,0.0,0.0,0.0,0
C2293,0.0,0.0,2.0,72.0,0.0,16.0,103.0,0
C22933,3.0,5.0,0.0,0.0,0.0,0.0,0.0,0
C22938,18.0,36.0,0.0,0.0,0.0,0.0,0.0,0
C2295,0.0,0.0,1.0,55.0,0.0,1.0,8.0,0
C22950,1.0,2.0,0.0,0.0,0.0,0.0,0.0,0
C22956,6.0,91.0,0.0,0.0,0.0,0.0,0.0,0
C22960,8.0,12.0,0.0,0.0,0.0,0.0,0.0,0
C22961,21.0,270.0,0.0,0.0,0.0,0.0,0.0,0
C22963,1.0,1.0,0.0,0.0,0.0,0.0,0.0,0
C22965,8.0,26.0,0.0,0.0,0.0,0.0,0.0,0
C22967,3.0,33.0,0.0,0.0,0.0,0.0,0.0,0
C22976,6.0,677.0,0.0,0.0,0.0,0.0,0.0,0
C22979,1.0,2.0,0.0,0.0,0.0,0.0,0.0,0
C2298,2.0,2.0,1.0,105.0,0.0,7.0,160.0,0
C22984,1.0,2.0,0.0,0.0,0.0,0.0,0.0,0
C22987,5.0,5.0,0.0,0.0,0.0,0.0,0.0,0
C2299,19.0,580.0,1.0,47.0,0.0,11.0,91.0,0
C23,0.0,0.0,2.0,62.0,0.0,17.0,200.0,0
C230,0.0,0.0,1.0,78.0,0.0,12.0,94.0,0
C2300,0.0,0.0,2.0,341.0,0.0,17.0,105.0,0
C23009,1.0,1.0,0.0,0.0,0.0,0.0,0.0,0
C2301,0.0,0.0,5.0,50.0,0.0,0.0,0.0,0
C23016,18.0,129.0,0.0,0.0,0.0,0.0,0.0,0
C2303,42.0,1273.0,2.0,87.0,0.0,4.0,25.0,0
C23030,17.0,64.0,0.0,0.0,0.0,0.0,0.0,0
C23033,15.0,27.0,0.0,0.0,0.0,0.0,0.0,0
C2304,0.0,0.0,3.0,69.0,0.0,0.0,0.0,0
C23040,2.0,14.0,0.0,0.0,0.0,0.0,0.0,0
C23042,4.0,5.0,0.0,0.0,0.0,0.0,0.0,0
C23048,2.0,2.0,0.0,0.0,0.0,0.0,0.0,0
C2306,17.0,125.0,2.0,449.0,0.0,11.0,102.0,0
C2307,0.0,0.0,4.0,64.0,0.0,0.0,0.0,0
C2308,0.0,0.0,1.0,53.0,0.0,8.0,152.0,0
C23092,10.0,279.0,0.0,0.0,0.0,0.0,0.0,0
C23098,2.0,18.0,0.0,0.0,0.0,0.0,0.0,0
C231,1.0,1.0,7.0,283.0,0.0,6.0,48.0,0
C2312,0.0,0.0,1.0,971.0,0.0,0.0,0.0,0
C23123,13.0,23.0,0.0,0.0,0.0,0.0,0.0,0
C2313,5.0,10.0,2.0,203.0,0.0,12.0,43.0,0
C23133,21.0,357.0,0.0,0.0,0.0,0.0,0.0,0
C2314,0.0,0.0,3.0,96.0,0.0,0.0,0.0,0
C23142,2.0,2.0,0.0,0.0,0.0,0.0,0.0,0
C2315,0.0,0.0,2.0,71.0,0.0,18.0,109.0,0
C23168,3.0,3.0,0.0,0.0,0.0,0.0,0.0,0
C2317,0.0,0.0,3.0,49.0,0.0,0.0,0.0,0
C23176,6.0,7.0,0.0,0.0,0.0,0.0,0.0,0
C23194,6.0,15.0,0.0,0.0,0.0,0.0,0.0,0
C23199,7.0,56.0,0.0,0.0,0.0,0.0,0.0,0
C232,0.0,0.0,2.0,115.0,0.0,15.0,111.0,0
C2320,7.0,4312.0,1.0,2011.0,0.0,0.0,0.0,0
C23204,17.0,1189.0,0.0,0.0,0.0,0.0,0.0,0
C23205,11.0,14.0,0.0,0.0,0.0,0.0,0.0,0
C2321,21.0,1259.0,1.0,53.0,0.0,18.0,408.0,0
C23214,2.0,2.0,0.0,0.0,0.0,0.0,0.0,0
C23218,1.0,1.0,0.0,0.0,0.0,0.0,0.0,0
C23226,1.0,1.0,0.0,0.0,0.0,0.0,0.0,0
C2323,0.0,0.0,1.0,991.0,0.0,0.0,0.0,0
C23230,12.0,19.0,0.0,0.0,0.0,0.0,0.0,0
C2324,0.0,0.0,1.0,56.0,0.0,11.0,90.0,0
C2325,0.0,0.0,1.0,32.0,0.0,2.0,11.0,0
C23256,2.0,13.0,0.0,0.0,0.0,0.0,0.0,0
C23261,1.0,1.0,0.0,0.0,0.0,0.0,0.0,0
C23278,1.0,1.0,0.0,0.0,0.0,0.0,0.0,0
C2328,0.0,0.0,6.0,105.0,0.0,0.0,0.0,0
C2329,13.0,19.0,5.0,66.0,0.0,0.0,0.0,0
C23290,1.0,1.0,0.0,0.0,0.0,0.0,0.0,0
C23297,14.0,107.0,0.0,0.0,0.0,0.0,0.0,0
C23299,3.0,3.0,0.0,0.0,0.0,0.0,0.0,0
C233,6.0,17.0,1.0,50.0,0.0,6.0,126.0,0
C2331,12.0,83.0,2.0,117.0,0.0,0.0,0.0,0
C23315,19.0,207.0,0.0,0.0,0.0,0.0,0.0,0
C2332,0.0,0.0,1.0,55.0,0.0,0.0,0.0,0
C23322,3.0,5.0,0.0,0.0,0.0,0.0,0.0,0
C23327,9.0,46.0,0.0,0.0,0.0,0.0,0.0,0
C23329,4.0,12.0,0.0,0.0,0.0,0.0,0.0,0
C23330,17.0,124.0,0.0,0.0,0.0,0.0,0.0,0
C23337,1.0,1.0,0.0,0.0,0.0,0.0,0.0,0
C2334,0.0,0.0,2.0,68.0,0.0,9.0,157.0,0
C2335,0.0,0.0,3.0,58.0,0.0,6.0,115.0,0
C2337,0.0,0.0,1.0,972.0,0.0,0.0,0.0,0
C23373,1.0,1.0,0.0,0.0,0.0,0.0,0.0,0
C23383,2.0,7.0,0.0,0.0,0.0,0.0,0.0,0
C23385,15.0,50.0,0.0,0.0,0.0,0.0,0.0,0
C2339,2.0,3.0,4.0,43.0,0.0,0.0,0.0,0
C23396,8.0,297.0,0.0,0.0,0.0,0.0,0.0,0
C234,0.0,0.0,1.0,75.0,0.0,11.0,89.0,0
C2341,4.0,4.0,2.0,86.0,0.0,25.0,399.0,0
C23412,11.0,221.0,0.0,0.0,0.0,0.0,0.0,0
C2342,0.0,0.0,1.0,63.0,0.0,8.0,150.0,0
C2344,1.0,1.0,4.0,167.0,2.0,3.0,13.0,0
C23458,1.0,1.0,0.0,0.0,0.0,0.0,0.0,0
C2346,2.0,2.0,1.0,975.0,0.0,0.0,0.0,0
C2347,2.0,5.0,1.0,36.0,0.0,11.0,86.0,0
C2348,4.0,6.0,3.0,48.0,0.0,0.0,0.0,0
C23497,4.0,38.0,0.0,0.0,0.0,0.0,0.0,0
C235,6.0,12.0,2.0,82.0,0.0,13.0,113.0,0
C2351,0.0,0.0,1.0,837.0,0.0,0.0,0.0,0
C2352,0.0,0.0,1.0,28.0,0.0,0.0,0.0,0
C2354,0.0,0.0,5.0,49.0,0.0,0.0,0.0,0
C2356,0.0,0.0,3.0,85.0,0.0,6.0,78.0,0
C2358,0.0,0.0,2.0,309.0,0.0,0.0,0.0,0
C2359,1.0,1.0,2.0,270.0,0.0,7.0,139.0,0
C236,0.0,0.0,1.0,40.0,0.0,14.0,8447.0,0
C2361,1.0,1.0,1.0,111.0,0.0,2.0,13.0,0
C2363,0.0,0.0,3.0,84.0,0.0,7.0,136.0,0
C23640,12.0,769.0,0.0,0.0,0.0,0.0,0.0,0
C2366,0.0,0.0,1.0,963.0,0.0,0.0,0.0,0
C2367,0.0,0.0,1.0,151.0,0.0,0.0,0.0,0
C23671,2.0,18.0,0.0,0.0,0.0,0.0,0.0,0
C23679,8.0,259.0,0.0,0.0,0.0,0.0,0.0,0
C2368,1.0,1.0,2.0,190.0,0.0,5.0,197.0,0
C2369,0.0,0.0,1.0,38.0,0.0,6.0,81.0,0
C237,0.0,0.0,1.0,74.0,0.0,10.0,86.0,0
C2370,0.0,0.0,3.0,50.0,0.0,0.0,0.0,0
C23708,1.0,1.0,0.0,0.0,0.0,0.0,0.0,0
C23716,2.0,849.0,0.0,0.0,0.0,0.0,0.0,0
C2372,0.0,0.0,2.0,198.0,0.0,12.0,101.0,0
C23722,14.0,419.0,0.0,0.0,0.0,0.0,0.0,0
C23724,4.0,699.0,0.0,0.0,0.0,0.0,0.0,0
C23726,6.0,42.0,0.0,0.0,0.0,0.0,0.0,0
C23728,16.0,104.0,0.0,0.0,0.0,0.0,0.0,0
C23736,9.0,111.0,0.0,0.0,0.0,0.0,0.0,0
C2375,0.0,0.0,1.0,884.0,0.0,0.0,0.0,0
C23769,6.0,6.0,2.0,98.0,0.0,0.0,0.0,0
C2377,0.0,0.0,4.0,113.0,0.0,11.0,663.0,0
C23777,5.0,12.0,0.0,0.0,0.0,0.0,0.0,0
C2378,0.0,0.0,1.0,47.0,0.0,11.0,177.0,0
C2379,0.0,0.0,1.0,265.0,0.0,16.0,2382.0,0
C23794,15.0,18.0,0.0,0.0,0.0,0.0,0.0,0
C238,0.0,0.0,1.0,32.0,0.0,8.0,153.0,0
C23804,4.0,152.0,0.0,0.0,0.0,0.0,0.0,0
C2381,0.0,0.0,1.0,1002.0,0.0,0.0,0.0,0
C23815,3.0,93.0,0.0,0.0,0.0,0.0,0.0,0
C2382,8.0,10.0,2.0,132.0,0.0,13.0,469.0,0
C23828,4.0,71.0,0.0,0.0,0.0,0.0,0.0,0
C2384,0.0,0.0,1.0,977.0,0.0,0.0,0.0,0
C2385,0.0,0.0,3.0,237.0,0.0,14.0,189.0,0
C23867,5.0,5.0,0.0,0.0,0.0,0.0,0.0,0
C2387,7.0,93.0,1.0,30.0,0.0,0.0,0.0,0
C2388,0.0,0.0,2.0,77.0,0.0,6.0,132.0,0
C2389,0.0,0.0,3.0,52.0,0.0,4.0,77.0,0
C239,0.0,0.0,1.0,36.0,0.0,11.0,90.0,0
C2390,0.0,0.0,12.0,247.0,0.0,5.0,146.0,0
C23900,3.0,3.0,0.0,0.0,0.0,0.0,0.0,0
C2392,0.0,0.0,1.0,969.0,0.0,0.0,0.0,0
C2393,0.0,0.0,4.0,76.0,0.0,0.0,0.0,0
C23931,7.0,1176.0,0.0,0.0,0.0,0.0,0.0,0
C23935,2.0,8.0,0.0,0.0,0.0,0.0,0.0,0
C2394,0.0,0.0,3.0,48.0,0.0,0.0,0.0,0
C23942,5.0,339.0,0.0,0.0,0.0,0.0,0.0,0
C2395,4.0,66.0,6.0,62.0,0.0,0.0,0.0,0
C23957,18.0,77.0,3.0,60.0,0.0,0.0,0.0,0
C2396,12.0,23.0,1.0,44.0,0.0,8.0,143.0,0
C2398,0.0,0.0,1.0,968.0,0.0,0.0,0.0,0
C2399,0.0,0.0,4.0,52.0,0.0,3.0,22.0,0
C23990,9.0,29.0,0.0,0.0,0.0,0.0,0.0,0
C24,15.0,58.0,2.0,95.0,0.0,11.0,92.0,0
C240,0.0,0.0,1.0,45.0,0.0,13.0,240.0,0
C2402,0.0,0.0,1.0,982.0,0.0,0.0,0.0,0
C24027,10.0,44.0,0.0,0.0,0.0,0.0,0.0,0
C2404,0.0,0.0,1.0,1018.0,0.0,0.0,0.0,0
C2405,0.0,0.0,2.0,80.0,0.0,14.0,114.0,0
C24055,0.0,0.0,4.0,113.0,0.0,0.0,0.0,0
C24057,4.0,755.0,0.0,0.0,0.0,0.0,0.0,0
C2406,0.0,0.0,1.0,21.0,0.0,0.0,0.0,0
C24078,2.0,6.0,0.0,0.0,0.0,0.0,0.0,0
C2408,9.0,25.0,3.0,52.0,0.0,0.0,0.0,0
C241,0.0,0.0,4.0,300.0,1.0,55.0,2713.0,0
C2410,1.0,3.0,2.0,93.0,0.0,12.0,100.0,0
C24113,2.0,3.0,0.0,0.0,0.0,0.0,0.0,0
C2412,0.0,0.0,1.0,982.0,0.0,0.0,0.0,0
C2413,0.0,0.0,6.0,262.0,8.0,0.0,0.0,0
C2415,0.0,0.0,4.0,24.0,0.0,0.0,0.0,0
C24171,1.0,1.0,0.0,0.0,0.0,0.0,0.0,0
C2418,0.0,0.0,1.0,45.0,0.0,11.0,96.0,0
C242,0.0,0.0,2.0,71.0,0.0,16.0,143.0,0
C2420,0.0,0.0,4.0,49.0,0.0,0.0,0.0,0
C2422,13.0,252.0,3.0,52.0,0.0,0.0,0.0,0
C2424,0.0,0.0,3.0,46.0,0.0,0.0,0.0,0
C2426,0.0,0.0,1.0,1026.0,0.0,0.0,0.0,0
C24265,2.0,2.0,0.0,0.0,0.0,0.0,0.0,0
C2427,0.0,0.0,2.0,92.0,0.0,11.0,94.0,0
C24270,11.0,14.0,0.0,0.0,0.0,0.0,0.0,0
C2428,22.0,1160.0,1.0,66.0,0.0,14.0,50.0,0
C243,0.0,0.0,1.0,2.0,0.0,6.0,126.0,0
C2430,3.0,4.0,1.0,44.0,0.0,7.0,84.0,0
C2431,8.0,28.0,3.0,90.0,0.0,2.0,14.0,0
C2433,0.0,0.0,1.0,46.0,0.0,9.0,159.0,0
C2434,0.0,0.0,2.0,51.0,0.0,16.0,198.0,0
C24340,1.0,1.0,2.0,105.0,0.0,0.0,0.0,0
C2436,20.0,1124.0,6.0,93.0,0.0,0.0,0.0,0
C2438,20.0,1832.0,1.0,42.0,0.0,11.0,149.0,0
C24386,4.0,4.0,0.0,0.0,0.0,0.0,0.0,0
C244,0.0,0.0,1.0,40.0,0.0,11.0,89.0,0
C2440,0.0,0.0,1.0,38.0,0.0,7.0,82.0,0
C2442,0.0,0.0,1.0,1019.0,0.0,0.0,0.0,0
C24436,2.0,825.0,0.0,0.0,0.0,0.0,0.0,0
C2444,0.0,0.0,1.0,1011.0,0.0,0.0,0.0,0
C2446,0.0,0.0,1.0,989.0,0.0,0.0,0.0,0
C24464,27.0,518.0,0.0,0.0,0.0,0.0,0.0,0
C24468,3.0,3.0,0.0,0.0,0.0,0.0,0.0,0
C2447,5.0,11.0,2.0,66.0,0.0,9.0,157.0,0
C2448,4.0,6.0,2.0,252.0,0.0,5.0,17.0,0
C245,2.0,2.0,3.0,379.0,0.0,6.0,130.0,0
C2450,0.0,0.0,1.0,996.0,0.0,0.0,0.0,0
C2451,0.0,0.0,4.0,96.0,0.0,0.0,0.0,0
C2454,0.0,0.0,1.0,49.0,0.0,0.0,0.0,0
C24541,5.0,19.0,0.0,0.0,0.0,0.0,0.0,0
C2456,0.0,0.0,1.0,967.0,0.0,0.0,0.0,0
C2457,0.0,0.0,1.0,97.0,0.0,0.0,0.0,0
C2459,22.0,1045.0,5.0,47.0,0.0,0.0,0.0,0
C24595,9.0,762.0,0.0,0.0,0.0,0.0,0.0,0
C246,0.0,0.0,2.0,1814.0,325.0,10.0,268.0,0
C24607,2.0,18.0,0.0,0.0,0.0,0.0,0.0,0
C24608,6.0,26.0,0.0,0.0,0.0,0.0,0.0,0
C2461,0.0,0.0,2.0,66.0,0.0,13.0,96.0,0
C2462,8.0,15.0,1.0,51.0,0.0,11.0,98.0,0
C24620,6.0,21.0,0.0,0.0,0.0,0.0,0.0,0
C24626,7.0,9.0,0.0,0.0,0.0,0.0,0.0,0
C2463,1.0,1.0,5.0,459.0,3.0,2.0,13.0,0
C24637,10.0,252.0,0.0,0.0,0.0,0.0,0.0,0
C2464,17.0,1087.0,5.0,152.0,0.0,0.0,0.0,0
C24641,1.0,1.0,0.0,0.0,0.0,0.0,0.0,0
C2465,0.0,0.0,2.0,90.0,0.0,11.0,89.0,0
C2466,0.0,0.0,2.0,86.0,0.0,12.0,174.0,0
C24662,3.0,35.0,0.0,0.0,0.0,0.0,0.0,0
C2468,0.0,0.0,3.0,45.0,0.0,0.0,0.0,0
C24689,5.0,554.0,0.0,0.0,0.0,0.0,0.0,0
C247,0.0,0.0,6.0,1105.0,0.0,15.0,375.0,0
C2470,0.0,0.0,1.0,55.0,0.0,14.0,473.0,0
C2471,3.0,5.0,1.0,32.0,0.0,7.0,131.0,0
C24710,11.0,433.0,0.0,0.0,0.0,0.0,0.0,0
C2472,22.0,1111.0,6.0,180.0,0.0,0.0,0.0,0
C24721,7.0,247.0,0.0,0.0,0.0,0.0,0.0,0
C24722,3.0,4.0,0.0,0.0,0.0,0.0,0.0,0
C2473,0.0,0.0,3.0,63.0,0.0,0.0,0.0,0
C24749,7.0,200.0,0.0,0.0,0.0,0.0,0.0,0
C2475,17.0,1165.0,4.0,339.0,0.0,0.0,0.0,0
C2478,0.0,0.0,1.0,997.0,0.0,0.0,0.0,0
C2479,0.0,0.0,6.0,323.0,242.0,0.0,0.0,0
C248,23.0,221.0,0.0,0.0,0.0,0.0,0.0,0
C2480,129.0,2393.0,1.0,35.0,0.0,2.0,5.0,0
C24806,6.0,567.0,0.0,0.0,0.0,0.0,0.0,0
C24807,6.0,14.0,0.0,0.0,0.0,0.0,0.0,0
C24808,1.0,1.0,0.0,0.0,0.0,0.0,0.0,0
C2481,0.0,0.0,2.0,250.0,0.0,0.0,0.0,0
C2482,0.0,0.0,1.0,70.0,0.0,8.0,74.0,0
C2483,2.0,2.0,4.0,212.0,0.0,6.0,20.0,0
C24839,10.0,372.0,0.0,0.0,0.0,0.0,0.0,0
C2484,0.0,0.0,3.0,113.0,0.0,16.0,105.0,0
C2485,1.0,3.0,2.0,112.0,0.0,0.0,0.0,0
C24851,8.0,159.0,0.0,0.0,0.0,0.0,0.0,0
C24853,4.0,182.0,0.0,0.0,0.0,0.0,0.0,0
C24854,9.0,216.0,0.0,0.0,0.0,0.0,0.0,0
C2486,0.0,0.0,5.0,36.0,0.0,0.0,0.0,0
C24873,4.0,22.0,0.0,0.0,0.0,0.0,0.0,0
C24885,13.0,610.0,0.0,0.0,0.0,0.0,0.0,0
C2489,2.0,2.0,3.0,267.0,0.0,10.0,526.0,0
C249,0.0,0.0,1.0,46.0,0.0,11.0,89.0,0
C2490,0.0,0.0,2.0,255.0,0.0,3.0,70.0,0
C2492,9.0,27364.0,1.0,964.0,0.0,0.0,0.0,0
C2493,17.0,1322.0,5.0,153.0,0.0,0.0,0.0,0
C24944,3.0,33.0,0.0,0.0,0.0,0.0,0.0,0
C24954,3.0,58.0,0.0,0.0,0.0,0.0,0.0,0
C2496,16.0,1419.0,2.0,104.0,0.0,8.0,83.0,0
C24973,2.0,2.0,0.0,0.0,0.0,0.0,0.0,0
C2498,0.0,0.0,3.0,29.0,0.0,0.0,0.0,0
C24994,2.0,2.0,0.0,0.0,0.0,0.0,0.0,0
C25,0.0,0.0,1.0,54.0,0.0,14.0,130.0,0
C250,0.0,0.0,3.0,72.0,0.0,8.0,120.0,0
C2500,0.0,0.0,1.0,987.0,0.0,0.0,0.0,0
C2501,0.0,0.0,3.0,42.0,0.0,0.0,0.0,0
C25019,4.0,19.0,0.0,0.0,0.0,0.0,0.0,0
C25022,20.0,1120.0,0.0,0.0,0.0,0.0,0.0,0
C2503,0.0,0.0,1.0,52.0,0.0,11.0,91.0,0
C25033,4.0,7.0,0.0,0.0,0.0,0.0,0.0,0
C2504,1.0,2.0,2.0,79.0,0.0,19.0,114.0,0
C25044,8.0,328.0,0.0,0.0,0.0,0.0,0.0,0
C2505,0.0,0.0,3.0,115.0,0.0,0.0,0.0,0
C25059,7.0,717.0,0.0,0.0,0.0,0.0,0.0,0
C2506,6.0,7.0,2.0,50.0,0.0,13.0,96.0,0
C25068,3.0,17.0,0.0,0.0,0.0,0.0,0.0,0
C2507,0.0,0.0,2.0,68.0,0.0,11.0,90.0,0
C2508,2.0,2.0,1.0,146.0,0.0,2.0,11.0,0
C25090,2.0,2.0,0.0,0.0,0.0,0.0,0.0,0
C251,0.0,0.0,1.0,40.0,0.0,11.0,90.0,0
C2510,0.0,0.0,1.0,42.0,0.0,6.0,82.0,0
C2511,0.0,0.0,1.0,137.0,0.0,0.0,0.0,0
C25121,3.0,3.0,0.0,0.0,0.0,0.0,0.0,0
C25122,13.0,271.0,0.0,0.0,0.0,0.0,0.0,0
C25129,6.0,598.0,0.0,0.0,0.0,0.0,0.0,0
C25133,12.0,744.0,0.0,0.0,0.0,0.0,0.0,0
C2514,19.0,787.0,4.0,56.0,0.0,0.0,0.0,0
C25147,4.0,15.0,0.0,0.0,0.0,0.0,0.0,0
C25161,3.0,30.0,0.0,0.0,0.0,0.0,0.0,0
C2517,18.0,1294.0,5.0,78.0,0.0,0.0,0.0,0
C2519,0.0,0.0,2.0,137.0,0.0,6.0,128.0,0
C25192,0.0,0.0,1.0,48.0,0.0,0.0,0.0,0
C252,8.0,9.0,2.0,61.0,0.0,14.0,99.0,0
C2521,0.0,0.0,5.0,383.0,1.0,0.0,0.0,0
C2524,0.0,0.0,1.0,1000.0,0.0,0.0,0.0,0
C25240,0.0,0.0,1.0,348.0,348.0,0.0,0.0,0
C2526,0.0,0.0,2.0,78.0,0.0,14.0,102.0,0
C2527,0.0,0.0,2.0,52.0,0.0,5.0,136.0,0
C2529,2.0,2.0,6.0,95.0,0.0,0.0,0.0,0
C253,15.0,660.0,2.0,40.0,0.0,3.0,145.0,0
C2530,0.0,0.0,1.0,45.0,0.0,11.0,96.0,0
C25308,2.0,14.0,0.0,0.0,0.0,0.0,0.0,0
C2532,0.0,0.0,2.0,106.0,0.0,11.0,91.0,0
C2533,19.0,860.0,5.0,59.0,0.0,0.0,0.0,0
C25343,14.0,31.0,0.0,0.0,0.0,0.0,0.0,0
C2535,0.0,0.0,1.0,41.0,0.0,12.0,104.0,0
C2536,0.0,0.0,1.0,42.0,0.0,11.0,90.0,0
C2537,0.0,0.0,1.0,35.0,0.0,12.0,97.0,0
C2538,3.0,3.0,4.0,45.0,0.0,0.0,0.0,0
C25394,4.0,236.0,0.0,0.0,0.0,0.0,0.0,0
C254,0.0,0.0,2.0,78.0,0.0,11.0,88.0,0
C2540,0.0,0.0,5.0,58.0,0.0,0.0,0.0,0
C2542,0.0,0.0,6.0,99.0,0.0,0.0,0.0,0
C25439,2.0,20.0,0.0,0.0,0.0,0.0,0.0,0
C25444,5.0,30.0,0.0,0.0,0.0,0.0,0.0,0
C25445,3.0,3.0,0.0,0.0,0.0,0.0,0.0,0
C2545,15.0,28.0,2.0,253.0,0.0,3.0,25.0,0
C2547,0.0,0.0,2.0,48.0,0.0,7.0,79.0,0
C2548,29.0,1178.0,3.0,121.0,0.0,12.0,127.0,0
C2549,0.0,0.0,1.0,42.0,0.0,0.0,0.0,0
C255,0.0,0.0,2.0,52.0,0.0,11.0,175.0,0
C2551,4.0,7.0,5.0,108.0,0.0,0.0,0.0,0
C25536,0.0,0.0,2.0,67.0,0.0,0.0,0.0,0
C2554,2.0,2.0,3.0,63.0,0.0,4.0,37.0,0
C25545,1.0,1.0,0.0,0.0,0.0,0.0,0.0,0
C25553,6.0,65.0,0.0,0.0,0.0,0.0,0.0,0
C25559,5.0,446.0,0.0,0.0,0.0,0.0,0.0,0
C2556,4.0,6.0,2.0,63.0,0.0,13.0,99.0,0
C2557,0.0,0.0,1.0,48.0,0.0,9.0,85.0,0
C2558,0.0,0.0,1.0,57.0,0.0,6.0,76.0,0
C2559,0.0,0.0,2.0,127.0,0.0,12.0,91.0,0
C256,0.0,0.0,2.0,72.0,0.0,17.0,178.0,0
C2560,10.0,38.0,2.0,85.0,0.0,8.0,140.0,0
C2562,0.0,0.0,4.0,60.0,0.0,0.0,0.0,0
C2564,0.0,0.0,1.0,31.0,0.0,8.0,154.0,0
C2565,0.0,0.0,6.0,94.0,0.0,0.0,0.0,0
C2567,0.0,0.0,4.0,74.0,0.0,9.0,165.0,0
C2568,3.0,8.0,3.0,34.0,0.0,0.0,0.0,0
C25687,6.0,25.0,0.0,0.0,0.0,0.0,0.0,0
C257,3.0,10.0,2.0,84.0,0.0,13.0,92.0,0
C2570,0.0,0.0,1.0,54.0,0.0,4.0,75.0,0
C25708,3.0,3.0,0.0,0.0,0.0,0.0,0.0,0
C25715,6.0,62.0,0.0,0.0,0.0,0.0,0.0,0
C2573,10.0,86.0,0.0,0.0,0.0,0.0,0.0,0
C25750,6.0,23.0,0.0,0.0,0.0,0.0,0.0,0
C25759,4.0,48.0,0.0,0.0,0.0,0.0,0.0,0
C2576,0.0,0.0,3.0,108.0,0.0,8.0,139.0,0
C25760,0.0,0.0,3.0,75.0,15.0,0.0,0.0,0
C2577,0.0,0.0,2.0,75.0,0.0,0.0,0.0,0
C2578,0.0,0.0,2.0,95.0,0.0,14.0,114.0,0
C2579,0.0,0.0,2.0,115.0,2.0,2.0,18.0,0
C258,6.0,12.0,2.0,113.0,0.0,14.0,98.0,0
C2580,0.0,0.0,5.0,36.0,0.0,0.0,0.0,0
C25818,4.0,43.0,0.0,0.0,0.0,0.0,0.0,0
C2582,0.0,0.0,3.0,51.0,0.0,7.0,131.0,0
C2583,1.0,1.0,1.0,47.0,0.0,3.0,34.0,0
C25830,3.0,3.0,0.0,0.0,0.0,0.0,0.0,0
C2584,16.0,720.0,3.0,70.0,0.0,0.0,0.0,0
C25841,3.0,76.0,0.0,0.0,0.0,0.0,0.0,0
C25845,0.0,0.0,2.0,42.0,0.0,0.0,0.0,0
C2586,0.0,0.0,1.0,23.0,0.0,0.0,0.0,0
C25879,1.0,1.0,2.0,108.0,0.0,0.0,0.0,0
C2588,3.0,4.0,4.0,149.0,0.0,8.0,33.0,0
C2589,0.0,0.0,1.0,2.0,0.0,2.0,15.0,0
C259,0.0,0.0,1.0,62.0,0.0,11.0,86.0,0
C25907,1.0,1.0,2.0,63.0,0.0,0.0,0.0,0
C2591,4.0,7.0,4.0,50.0,0.0,0.0,0.0,0
C2593,0.0,0.0,2.0,87.0,0.0,0.0,0.0,0
C25938,22.0,412.0,0.0,0.0,0.0,0.0,0.0,0
C2594,0.0,0.0,1.0,86.0,0.0,15.0,175.0,0
C2596,0.0,0.0,1.0,68.0,0.0,11.0,87.0,0
C25964,1.0,31.0,0.0,0.0,0.0,0.0,0.0,0
C2597,3.0,3.0,2.0,38.0,0.0,8.0,156.0,0
C2598,0.0,0.0,5.0,49.0,0.0,0.0,0.0,0
C26,0.0,0.0,2.0,88.0,0.0,32.0,215.0,0
C260,0.0,0.0,2.0,102.0,0.0,17.0,220.0,0
C2600,0.0,0.0,4.0,37.0,0.0,0.0,0.0,0
C26006,8.0,449.0,0.0,0.0,0.0,0.0,0.0,0
C26019,2.0,106.0,0.0,0.0,0.0,0.0,0.0,0
C2602,0.0,0.0,2.0,84.0,0.0,8.0,104.0,0
C2603,0.0,0.0,1.0,39.0,0.0,8.0,152.0,0
C2604,23.0,1222.0,2.0,57.0,0.0,0.0,0.0,0
C2606,1.0,1.0,3.0,723.0,0.0,0.0,0.0,0
C26069,3.0,4.0,0.0,0.0,0.0,0.0,0.0,0
C2607,5.0,16.0,1.0,38.0,0.0,8.0,151.0,0
C2608,0.0,0.0,4.0,269.0,0.0,0.0,0.0,0
C2609,0.0,0.0,1.0,58.0,0.0,6.0,130.0,0
C261,0.0,0.0,2.0,50.0,0.0,13.0,96.0,0
C2610,2.0,3.0,3.0,47.0,0.0,0.0,0.0,0
C2612,1.0,1.0,3.0,52.0,0.0,0.0,0.0,0
C26138,4.0,36.0,0.0,0.0,0.0,0.0,0.0,0
C2614,1.0,1.0,2.0,305.0,0.0,3.0,77.0,0
C26140,3.0,6.0,0.0,0.0,0.0,0.0,0.0,0
C2616,0.0,0.0,2.0,124.0,0.0,14.0,104.0,0
C26164,7.0,21.0,0.0,0.0,0.0,0.0,0.0,0
C2618,0.0,0.0,2.0,85.0,11.0,0.0,0.0,0
C2619,0.0,0.0,1.0,42.0,0.0,9.0,134.0,0
C262,6.0,10.0,1.0,54.0,0.0,11.0,89.0,0
C2621,0.0,0.0,1.0,62.0,0.0,0.0,0.0,0
C2622,0.0,0.0,1.0,68.0,0.0,11.0,93.0,0
C26221,2.0,25.0,0.0,0.0,0.0,0.0,0.0,0
C26224,6.0,23.0,0.0,0.0,0.0,0.0,0.0,0
C26227,2.0,4.0,0.0,0.0,0.0,0.0,0.0,0
C2623,0.0,0.0,2.0,69.0,0.0,13.0,99.0,0
C2624,0.0,0.0,1.0,32.0,0.0,12.0,92.0,0
C2625,0.0,0.0,7.0,859.0,4.0,0.0,0.0,0
C2626,27.0,2191.0,4.0,250.0,0.0,8.0,71.0,0
C2627,0.0,0.0,4.0,179.0,85.0,0.0,0.0,0
C2629,3.0,3.0,2.0,57.0,0.0,3.0,31.0,0
C263,1.0,2.0,1.0,46.0,0.0,11.0,94.0,0
C2631,0.0,0.0,8.0,329.0,3.0,51.0,197.0,0
C2633,0.0,0.0,2.0,58.0,0.0,13.0,95.0,0
C2634,2.0,2.0,4.0,135.0,0.0,9.0,37.0,0
C26347,11.0,15.0,0.0,0.0,0.0,0.0,0.0,0
C2635,0.0,0.0,5.0,67.0,0.0,0.0,0.0,0
C2637,2.0,2.0,2.0,75.0,0.0,6.0,130.0,0
C2639,2.0,4.0,2.0,32.0,0.0,0.0,0.0,0
C264,0.0,0.0,1.0,68.0,0.0,10.0,92.0,0
C2640,18.0,1018.0,2.0,62.0,0.0,3.0,33.0,0
C2641,1.0,1.0,1.0,49.0,0.0,0.0,0.0,0
C26428,8.0,206.0,0.0,0.0,0.0,0.0,0.0,0
C2643,0.0,0.0,1.0,56.0,0.0,11.0,97.0,0
C2644,0.0,0.0,2.0,70.0,0.0,14.0,118.0,0
C2645,0.0,0.0,5.0,156.0,0.0,44.0,170.0,0
C2646,0.0,0.0,2.0,49.0,2.0,5.0,72.0,0
C2647,0.0,0.0,2.0,75.0,0.0,32.0,155.0,0
C2648,0.0,0.0,2.0,105.0,0.0,12.0,101.0,0
C2649,1.0,1.0,1.0,151.0,151.0,9.0,161.0,0
C265,0.0,0.0,2.0,107.0,0.0,14.0,98.0,0
C2650,0.0,0.0,5.0,986.0,0.0,14.0,195.0,0
C2651,0.0,0.0,4.0,289.0,0.0,7.0,24.0,0
C2652,1.0,1.0,3.0,44.0,0.0,4.0,23.0,0
C26521,8.0,113.0,0.0,0.0,0.0,0.0,0.0,0
C26527,2.0,16.0,0.0,0.0,0.0,0.0,0.0,0
C2653,0.0,0.0,2.0,371.0,348.0,10.0,171.0,0
C2654,0.0,0.0,3.0,156.0,1.0,14.0,146.0,0
C2655,1.0,2.0,1.0,55.0,0.0,9.0,166.0,0
C2656,0.0,0.0,2.0,109.0,0.0,11.0,90.0,0
C2657,0.0,0.0,3.0,100.0,0.0,15.0,200.0,0
C2658,0.0,0.0,3.0,114.0,0.0,16.0,125.0,0
C2659,0.0,0.0,1.0,35.0,0.0,14.0,101.0,0
C26599,1.0,1.0,0.0,0.0,0.0,0.0,0.0,0
C266,3.0,3.0,2.0,77.0,0.0,10.0,113.0,0
C2660,0.0,0.0,5.0,81.0,0.0,6.0,161.0,0
C2661,0.0,0.0,1.0,75.0,0.0,11.0,90.0,0
C26612,6.0,13.0,0.0,0.0,0.0,0.0,0.0,0
C2662,13.0,59.0,1.0,58.0,0.0,10.0,94.0,0
C2663,0.0,0.0,2.0,40.0,0.0,0.0,0.0,0
C26652,2.0,30.0,0.0,0.0,0.0,0.0,0.0,0
C2666,0.0,0.0,1.0,43.0,0.0,0.0,0.0,0
C26663,3.0,26.0,0.0,0.0,0.0,0.0,0.0,0
C26666,4.0,14.0,0.0,0.0,0.0,0.0,0.0,0
C2667,4.0,4.0,2.0,75.0,0.0,13.0,100.0,0
C26671,11.0,110.0,0.0,0.0,0.0,0.0,0.0,0
C2668,26.0,1638.0,1.0,53.0,0.0,11.0,97.0,0
C2669,0.0,0.0,2.0,54.0,0.0,11.0,176.0,0
C2670,5.0,5.0,3.0,97.0,0.0,13.0,91.0,0
C2671,6.0,11.0,2.0,73.0,0.0,0.0,0.0,0
C26717,8.0,184.0,0.0,0.0,0.0,0.0,0.0,0
C2672,12.0,32.0,3.0,57.0,0.0,0.0,0.0,0
C26743,2.0,866.0,0.0,0.0,0.0,0.0,0.0,0
C2675,0.0,0.0,1.0,45.0,0.0,0.0,0.0,0
C2676,7.0,8.0,2.0,156.0,102.0,2.0,12.0,0
C2677,6.0,116.0,2.0,46.0,0.0,0.0,0.0,0
C2679,0.0,0.0,13.0,223.0,6.0,7.0,107.0,0
C26796,5.0,6.0,0.0,0.0,0.0,0.0,0.0,0
C268,6.0,13.0,2.0,77.0,0.0,14.0,121.0,0
C2681,2.0,4.0,2.0,127.0,0.0,14.0,246.0,0
C2683,22.0,1907.0,2.0,162.0,0.0,4.0,14.0,0
C26833,2.0,36.0,0.0,0.0,0.0,0.0,0.0,0
C2685,0.0,0.0,7.0,87.0,0.0,3.0,73.0,0
C2686,0.0,0.0,3.0,112.0,0.0,13.0,93.0,0
C2687,1.0,1.0,1.0,39.0,0.0,2.0,11.0,0
C2688,0.0,0.0,2.0,98.0,0.0,13.0,105.0,0
C26889,0.0,0.0,2.0,85.0,0.0,0.0,0.0,0
C2689,0.0,0.0,2.0,72.0,0.0,13.0,104.0,0
C26896,1.0,1.0,0.0,0.0,0.0,0.0,0.0,0
C269,3.0,5.0,2.0,69.0,0.0,14.0,102.0,0
C2690,0.0,0.0,5.0,81.0,0.0,0.0,0.0,0
C2693,0.0,0.0,1.0,62.0,0.0,0.0,0.0,0
C2695,0.0,0.0,1.0,57.0,0.0,0.0,0.0,0
C2696,0.0,0.0,2.0,157.0,0.0,16.0,115.0,0
C26969,9.0,13.0,0.0,0.0,0.0,0.0,0.0,0
C2697,0.0,0.0,5.0,85.0,0.0,0.0,0.0,0
C2699,0.0,0.0,2.0,79.0,0.0,10.0,94.0,0
C27,4.0,5.0,1.0,29.0,0.0,10.0,159.0,0
C270,0.0,0.0,2.0,102.0,0.0,13.0,193.0,0
C2700,0.0,0.0,1.0,4.0,0.0,11.0,184.0,0
C2701,0.0,0.0,1.0,45.0,0.0,11.0,87.0,0
C2702,7.0,16.0,1.0,34.0,0.0,3.0,18.0,0
C27039,2.0,2.0,0.0,0.0,0.0,0.0,0.0,0
C2704,0.0,0.0,2.0,86.0,0.0,13.0,97.0,0
C27041,2.0,2.0,0.0,0.0,0.0,0.0,0.0,0
C27047,3.0,26.0,0.0,0.0,0.0,0.0,0.0,0
C27059,2.0,13.0,0.0,0.0,0.0,0.0,0.0,0
C2706,0.0,0.0,2.0,268.0,0.0,0.0,0.0,0
C2707,3.0,4.0,3.0,321.0,0.0,61.0,471.0,0
C2708,5.0,6.0,4.0,70.0,0.0,5.0,59.0,0
C27086,8.0,644.0,0.0,0.0,0.0,0.0,0.0,0
C271,0.0,0.0,2.0,69.0,0.0,8.0,152.0,0
C2710,0.0,0.0,2.0,82.0,0.0,21.0,36.0,0
C2711,4.0,14.0,1.0,18.0,0.0,7.0,132.0,0
C2712,0.0,0.0,4.0,42.0,0.0,0.0,0.0,0
C27128,4.0,23.0,0.0,0.0,0.0,0.0,0.0,0
C27137,1.0,2.0,3.0,148.0,0.0,0.0,0.0,0
C2714,0.0,0.0,3.0,52.0,0.0,0.0,0.0,0
C27149,5.0,17.0,0.0,0.0,0.0,0.0,0.0,0
C27159,1.0,2.0,0.0,0.0,0.0,0.0,0.0,0
C2716,8.0,19.0,6.0,60.0,0.0,0.0,0.0,0
C27171,22.0,69.0,0.0,0.0,0.0,0.0,0.0,0
C2719,0.0,0.0,3.0,121.0,1.0,4.0,25.0,0
C27192,0.0,0.0,1.0,31.0,0.0,0.0,0.0,0
C272,2.0,5.0,3.0,115.0,0.0,16.0,108.0,0
C2720,0.0,0.0,1.0,51.0,0.0,8.0,130.0,0
C2721,0.0,0.0,3.0,78.0,0.0,7.0,90.0,0
C2723,0.0,0.0,1.0,80.0,0.0,0.0,0.0,0
C2724,0.0,0.0,2.0,87.0,0.0,13.0,95.0,0
C2725,0.0,0.0,1.0,46.0,0.0,0.0,0.0,0
C2727,0.0,0.0,3.0,72.0,0.0,0.0,0.0,0
C2729,1.0,1.0,2.0,94.0,0.0,2.0,13.0,0
C273,8.0,11.0,1.0,53.0,0.0,11.0,90.0,0
C2731,5.0,5.0,4.0,42.0,0.0,4.0,73.0,0
C2732,4.0,5.0,2.0,381.0,0.0,2.0,10.0,0
C2733,0.0,0.0,2.0,56.0,0.0,4.0,80.0,0
C2734,0.0,0.0,2.0,97.0,0.0,15.0,106.0,0
C2735,26.0,1377.0,1.0,44.0,0.0,3.0,33.0,0
C2737,0.0,0.0,2.0,294.0,0.0,2.0,10.0,0
C2738,0.0,0.0,5.0,60.0,0.0,0.0,0.0,0
C274,19.0,706.0,1.0,70.0,0.0,9.0,75.0,0
C2740,1.0,1.0,1.0,39.0,0.0,8.0,82.0,0
C2742,13.0,52.0,3.0,226.0,2.0,3.0,47.0,0
C2743,1.0,1.0,3.0,263.0,0.0,2.0,9.0,0
C2744,0.0,0.0,5.0,105.0,0.0,4.0,133.0,0
C2746,4.0,5.0,1.0,57.0,0.0,7.0,136.0,0
C2748,0.0,0.0,2.0,72.0,0.0,0.0,0.0,0
C2749,14.0,1049.0,1.0,23.0,0.0,0.0,0.0,0
C275,0.0,0.0,1.0,60.0,0.0,11.0,87.0,0
C2751,0.0,0.0,1.0,59.0,0.0,10.0,84.0,0
C2752,8.0,12.0,6.0,279.0,210.0,0.0,0.0,0
C2754,0.0,0.0,2.0,85.0,0.0,13.0,94.0,0
C2755,3.0,37.0,5.0,48.0,0.0,0.0,0.0,0
C2757,3.0,5.0,3.0,119.0,0.0,16.0,218.0,0
C2758,12.0,29.0,2.0,67.0,0.0,14.0,105.0,0
C2759,1.0,1.0,2.0,119.0,0.0,12.0,101.0,0
C276,0.0,0.0,1.0,66.0,0.0,14.0,102.0,0
C2760,17.0,1949.0,3.0,55.0,0.0,4.0,58.0,0
C2761,0.0,0.0,1.0,125.0,0.0,0.0,0.0,0
C2762,1.0,1.0,2.0,114.0,3.0,3.0,22.0,0
C2765,2.0,2.0,2.0,236.0,0.0,2.0,13.0,0
C2766,3.0,3.0,3.0,122.0,0.0,11.0,151.0,0
C2767,7.0,10.0,2.0,98.0,0.0,14.0,99.0,0
C2768,0.0,0.0,4.0,54.0,0.0,14.0,116.0,0
C2769,29.0,3142.0,2.0,192.0,0.0,3.0,23.0,0
C277,4.0,18.0,1.0,43.0,0.0,8.0,148.0,0
C2770,0.0,0.0,5.0,55.0,0.0,0.0,0.0,0
C2772,15.0,836.0,2.0,86.0,0.0,0.0,0.0,0
C2774,0.0,0.0,2.0,88.0,0.0,0.0,0.0,0
C2775,0.0,0.0,3.0,210.0,0.0,16.0,204.0,0
C2777,0.0,0.0,1.0,46.0,0.0,6.0,135.0,0
C2778,1.0,1.0,4.0,66.0,0.0,0.0,0.0,0
C278,4.0,6.0,1.0,61.0,0.0,14.0,99.0,0
C2780,4.0,6.0,4.0,80.0,0.0,0.0,0.0,0
C2782,0.0,0.0,1.0,61.0,0.0,17.0,97.0,0
C2783,13.0,17.0,5.0,157.0,0.0,3.0,176.0,0
C2784,0.0,0.0,6.0,114.0,0.0,0.0,0.0,0
C2786,0.0,0.0,1.0,118.0,0.0,0.0,0.0,0
C279,0.0,0.0,3.0,117.0,0.0,15.0,95.0,0
C2790,0.0,0.0,1.0,21.0,0.0,0.0,0.0,0
C2792,0.0,0.0,2.0,71.0,0.0,13.0,91.0,0
C2794,0.0,0.0,1.0,35.0,0.0,4.0,78.0,0
C2796,0.0,0.0,1.0,77.0,0.0,9.0,91.0,0
C2798,23.0,2009.0,3.0,95.0,0.0,0.0,0.0,0
C28,0.0,0.0,2.0,98.0,0.0,12.0,103.0,0
C280,0.0,0.0,3.0,127.0,0.0,6.0,132.0,0
C2800,5.0,6.0,5.0,42.0,1.0,0.0,0.0,0
C2802,0.0,0.0,2.0,85.0,0.0,12.0,93.0,0
C2803,1.0,1.0,1.0,34.0,0.0,4.0,76.0,0
C2804,10.0,37.0,1.0,44.0,0.0,13.0,90.0,0
C2805,3.0,4.0,2.0,257.0,0.0,0.0,0.0,0
C2807,3.0,3.0,1.0,28.0,0.0,1.0,3.0,0
C2809,0.0,0.0,1.0,45.0,0.0,11.0,88.0,0
C281,0.0,0.0,2.0,100.0,0.0,18.0,122.0,0
C2811,0.0,0.0,3.0,117.0,0.0,8.0,87.0,0
C2812,0.0,0.0,1.0,43.0,0.0,11.0,77.0,0
C2813,0.0,0.0,1.0,45.0,0.0,9.0,83.0,0
C2814,0.0,0.0,1.0,57.0,0.0,13.0,105.0,0
C2815,0.0,0.0,1.0,32.0,0.0,11.0,90.0,0
C2816,0.0,0.0,3.0,111.0,0.0,14.0,100.0,0
C2817,2.0,2.0,5.0,47.0,0.0,0.0,0.0,0
C2819,0.0,0.0,2.0,69.0,0.0,18.0,118.0,0
C282,15.0,923.0,3.0,130.0,0.0,12.0,109.0,0
C2820,0.0,0.0,1.0,48.0,0.0,11.0,95.0,0
C2821,0.0,0.0,2.0,46.0,0.0,0.0,0.0,0
C2823,15.0,37.0,3.0,40.0,0.0,0.0,0.0,0
C2825,2.0,3.0,4.0,35.0,0.0,4.0,70.0,0
C2826,0.0,0.0,1.0,44.0,0.0,12.0,92.0,0
C2827,24.0,2005.0,2.0,172.0,0.0,12.0,96.0,0
C2829,0.0,0.0,6.0,54.0,0.0,0.0,0.0,0
C283,0.0,0.0,2.0,71.0,0.0,13.0,93.0,0
C2831,0.0,0.0,1.0,62.0,0.0,0.0,0.0,0
C2833,0.0,0.0,1.0,71.0,0.0,0.0,0.0,0
C2835,3.0,4.0,1.0,73.0,0.0,7.0,138.0,0
C2836,0.0,0.0,3.0,36.0,0.0,0.0,0.0,0
C2837,0.0,0.0,1.0,67.0,0.0,12.0,217.0,0
C2839,3.0,4.0,2.0,48.0,0.0,6.0,20.0,0
C284,0.0,0.0,5.0,104.0,0.0,6.0,164.0,0
C2841,1.0,1.0,7.0,298.0,0.0,42.0,71.0,0
C2842,0.0,0.0,3.0,111.0,0.0,14.0,204.0,0
C2844,3.0,3.0,2.0,79.0,0.0,0.0,0.0,0
C2846,0.0,0.0,1.0,44.0,0.0,0.0,0.0,0
C2848,0.0,0.0,1.0,81.0,0.0,20.0,103.0,0
C2849,6.0,11.0,1.0,35.0,0.0,8.0,151.0,0
C285,0.0,0.0,1.0,48.0,0.0,12.0,76.0,0
C2850,27.0,1675.0,2.0,92.0,0.0,11.0,90.0,0
C2851,5.0,10.0,1.0,50.0,0.0,12.0,101.0,0
C2852,17.0,1171.0,3.0,46.0,0.0,0.0,0.0,0
C2854,0.0,0.0,1.0,61.0,0.0,12.0,101.0,0
C2855,0.0,0.0,14.0,1019.0,0.0,8.0,238.0,0
C2857,0.0,0.0,5.0,52.0,0.0,0.0,0.0,0
C2859,0.0,0.0,4.0,62.0,0.0,0.0,0.0,0
C286,1.0,1.0,2.0,96.0,0.0,11.0,89.0,0
C2861,0.0,0.0,1.0,33.0,0.0,12.0,97.0,0
C2863,6.0,57.0,1.0,44.0,0.0,6.0,107.0,0
C2864,9.0,21.0,1.0,31.0,0.0,8.0,136.0,0
C2865,0.0,0.0,1.0,52.0,0.0,10.0,207.0,0
C2866,4.0,8.0,1.0,44.0,0.0,4.0,43.0,0
C2868,2.0,3.0,1.0,65.0,0.0,10.0,166.0,0
C2869,0.0,0.0,1.0,64.0,0.0,10.0,167.0,0
C287,11.0,43.0,1.0,51.0,0.0,9.0,91.0,0
C2870,0.0,0.0,1.0,57.0,0.0,12.0,96.0,0
C2871,12.0,756.0,2.0,46.0,0.0,4.0,139.0,0
C2873,3.0,7.0,2.0,140.0,0.0,0.0,0.0,0
C2875,11.0,14.0,3.0,41.0,0.0,0.0,0.0,0
C2877,2.0,2.0,1.0,46.0,0.0,13.0,104.0,0
C2879,0.0,0.0,4.0,61.0,0.0,0.0,0.0,0
C288,0.0,0.0,0.0,0.0,0.0,9.0,138.0,0
C2881,1.0,1.0,3.0,139.0,0.0,4.0,82.0,0
C2882,3.0,4.0,4.0,90.0,0.0,8.0,161.0,0
C2883,0.0,0.0,2.0,97.0,0.0,17.0,106.0,0
C2885,0.0,0.0,4.0,80.0,0.0,0.0,0.0,0
C2886,4.0,10.0,3.0,50.0,0.0,44.0,136.0,0
C2888,1.0,22.0,3.0,45.0,0.0,0.0,0.0,0
C289,0.0,0.0,2.0,73.0,0.0,13.0,96.0,0
C2890,3.0,3.0,3.0,331.0,0.0,10.0,510.0,0
C2891,0.0,0.0,1.0,52.0,0.0,10.0,88.0,0
C2892,1.0,1.0,2.0,261.0,0.0,3.0,140.0,0
C2893,15.0,671.0,4.0,62.0,0.0,0.0,0.0,0
C2895,0.0,0.0,3.0,47.0,0.0,0.0,0.0,0
C2897,0.0,0.0,5.0,63.0,0.0,0.0,0.0,0
C2899,0.0,0.0,1.0,76.0,0.0,16.0,120.0,0
C29,0.0,0.0,1.0,57.0,0.0,12.0,95.0,0
C290,0.0,0.0,3.0,124.0,0.0,33.0,129.0,0
C2901,6.0,7.0,1.0,43.0,0.0,7.0,102.0,0
C2902,0.0,0.0,3.0,50.0,0.0,0.0,0.0,0
C2904,0.0,0.0,2.0,82.0,0.0,15.0,102.0,0
C2905,0.0,0.0,1.0,41.0,0.0,11.0,44.0,0
C2908,14.0,1082.0,2.0,93.0,0.0,4.0,76.0,0
C2909,13.0,34.0,5.0,48.0,0.0,0.0,0.0,0
C291,17.0,21.0,5.0,347.0,2.0,54.0,2659.0,0
C2911,4.0,71.0,3.0,85.0,0.0,0.0,0.0,0
C2912,4.0,13.0,2.0,84.0,0.0,14.0,198.0,0
C2913,1.0,2.0,2.0,212.0,0.0,0.0,0.0,0
C2914,0.0,0.0,3.0,123.0,0.0,15.0,131.0,0
C2915,0.0,0.0,3.0,47.0,0.0,5.0,78.0,0
C2916,1.0,1.0,7.0,98.0,0.0,0.0,0.0,0
C2918,0.0,0.0,5.0,157.0,0.0,10.0,82.0,0
C292,0.0,0.0,1.0,28.0,0.0,11.0,97.0,0
C2920,6.0,6.0,4.0,59.0,0.0,0.0,0.0,0
C2922,0.0,0.0,3.0,12.0,0.0,0.0,0.0,0
C2923,0.0,0.0,5.0,74.0,0.0,0.0,0.0,0
C2925,3.0,3.0,3.0,83.0,0.0,5.0,102.0,0
C2927,0.0,0.0,2.0,101.0,0.0,12.0,96.0,0
C2928,0.0,0.0,0.0,0.0,0.0,6.0,130.0,0
C2929,0.0,0.0,5.0,78.0,0.0,0.0,0.0,0
C293,0.0,0.0,1.0,58.0,0.0,11.0,89.0,0
C2931,0.0,0.0,2.0,43.0,0.0,5.0,20.0,0
C2933,0.0,0.0,1.0,60.0,0.0,12.0,96.0,0
C2934,0.0,0.0,2.0,74.0,0.0,14.0,99.0,0
C2935,0.0,0.0,2.0,66.0,0.0,14.0,105.0,0
C2936,0.0,0.0,2.0,109.0,0.0,0.0,0.0,0
C2938,0.0,0.0,1.0,43.0,0.0,11.0,92.0,0
C294,13.0,33.0,4.0,165.0,0.0,12.0,296.0,0
C2940,3.0,4.0,1.0,40.0,1.0,7.0,130.0,0
C2941,0.0,0.0,1.0,88.0,0.0,0.0,0.0,0
C2943,4.0,6.0,1.0,52.0,0.0,14.0,101.0,0
C2944,0.0,0.0,3.0,97.0,0.0,6.0,128.0,0
C2945,0.0,0.0,1.0,142.0,0.0,0.0,0.0,0
C2947,1.0,1.0,3.0,39.0,0.0,0.0,0.0,0
C2949,9.0,12.0,4.0,63.0,0.0,0.0,0.0,0
C295,6.0,19.0,1.0,70.0,0.0,14.0,97.0,0
C2951,2.0,2.0,2.0,48.0,0.0,5.0,77.0,0
C2952,0.0,0.0,5.0,86.0,0.0,0.0,0.0,0
C2954,0.0,0.0,3.0,123.0,0.0,20.0,118.0,0
C2955,0.0,0.0,2.0,88.0,0.0,14.0,94.0,0
C2956,1.0,1.0,3.0,81.0,0.0,0.0,0.0,0
C2957,0.0,0.0,3.0,146.0,0.0,17.0,132.0,0
C2958,0.0,0.0,1.0,31.0,0.0,0.0,0.0,0
C296,0.0,0.0,1.0,37.0,0.0,12.0,96.0,0
C2961,0.0,0.0,2.0,38.0,0.0,0.0,0.0,0
C2962,0.0,0.0,1.0,57.0,0.0,7.0,102.0,0
C2963,0.0,0.0,1.0,53.0,0.0,4.0,79.0,0
C2964,0.0,0.0,3.0,45.0,0.0,0.0,0.0,0
C2966,2.0,4.0,4.0,33.0,0.0,0.0,0.0,0
C2968,0.0,0.0,2.0,68.0,0.0,10.0,96.0,0
C2969,0.0,0.0,1.0,27.0,0.0,13.0,175.0,0
C297,2.0,2.0,2.0,71.0,0.0,12.0,145.0,0
C2970,5.0,5.0,5.0,44.0,0.0,0.0,0.0,0
C2971,0.0,0.0,1.0,30.0,0.0,6.0,132.0,0
C2972,0.0,0.0,5.0,65.0,0.0,0.0,0.0,0
C2976,0.0,0.0,1.0,214.0,0.0,0.0,0.0,0
C2978,1.0,1.0,4.0,79.0,0.0,0.0,0.0,0
C298,3.0,7.0,2.0,115.0,0.0,11.0,97.0,0
C2980,4.0,13.0,1.0,40.0,0.0,7.0,136.0,0
C2981,0.0,0.0,3.0,29.0,0.0,0.0,0.0,0
C2982,0.0,0.0,3.0,510.0,0.0,6.0,204.0,0
C2983,2.0,3.0,4.0,123.0,0.0,1.0,2.0,0
C2984,10.0,45.0,1.0,84.0,0.0,10.0,89.0,0
C2986,0.0,0.0,2.0,59.0,0.0,0.0,0.0,0
C2987,0.0,0.0,2.0,59.0,0.0,2.0,13.0,0
C2989,21.0,845.0,2.0,65.0,0.0,0.0,0.0,0
C299,5.0,18.0,1.0,65.0,0.0,11.0,87.0,0
C2991,0.0,0.0,1.0,59.0,0.0,14.0,106.0,0
C2992,0.0,0.0,5.0,54.0,0.0,0.0,0.0,0
C2993,0.0,0.0,4.0,89.0,0.0,0.0,0.0,0
C2996,0.0,0.0,1.0,8.0,0.0,0.0,0.0,0
C2997,0.0,0.0,5.0,81.0,0.0,0.0,0.0,0
C3,0.0,0.0,1.0,53.0,0.0,12.0,94.0,0
C30,0.0,0.0,2.0,113.0,0.0,12.0,91.0,0
C300,0.0,0.0,1.0,52.0,0.0,7.0,175.0,0
C3000,0.0,0.0,3.0,58.0,0.0,6.0,47.0,0
C3001,4.0,6.0,4.0,48.0,0.0,0.0,0.0,0
C3003,0.0,0.0,5.0,65.0,0.0,0.0,0.0,0
C3006,0.0,0.0,1.0,56.0,0.0,10.0,87.0,0
C3007,10.0,15.0,6.0,174.0,0.0,8.0,125.0,0
C3008,0.0,0.0,5.0,35.0,0.0,0.0,0.0,0
C301,0.0,0.0,2.0,49.0,0.0,13.0,95.0,0
C3011,0.0,0.0,2.0,84.0,0.0,8.0,134.0,0
C3012,2.0,3.0,2.0,35.0,0.0,0.0,0.0,0
C3013,0.0,0.0,1.0,29.0,0.0,0.0,0.0,0
C3015,0.0,0.0,2.0,213.0,0.0,3.0,134.0,0
C3017,7.0,16.0,2.0,208.0,0.0,0.0,0.0,0
C3019,3.0,4.0,2.0,40.0,3.0,6.0,130.0,0
C302,0.0,0.0,1.0,54.0,0.0,16.0,121.0,0
C3021,16.0,1358.0,5.0,137.0,0.0,0.0,0.0,0
C3022,0.0,0.0,6.0,82.0,0.0,0.0,0.0,0
C3024,8.0,29.0,2.0,62.0,0.0,17.0,105.0,0
C3025,4.0,5.0,5.0,124.0,0.0,0.0,0.0,0
C3026,19.0,1485.0,2.0,53.0,0.0,7.0,763.0,0
C3028,14.0,91.0,3.0,224.0,0.0,0.0,0.0,0
C3029,0.0,0.0,3.0,48.0,0.0,8.0,59.0,0
C303,2.0,2.0,1.0,41.0,0.0,11.0,96.0,0
C3030,21.0,1085.0,2.0,46.0,0.0,10.0,58.0,0
C3031,3.0,5.0,2.0,63.0,0.0,9.0,97.0,0
C3032,0.0,0.0,3.0,91.0,0.0,5.0,52.0,0
C3033,0.0,0.0,1.0,88.0,0.0,5.0,126.0,0
C3034,0.0,0.0,4.0,128.0,0.0,9.0,188.0,0
C3035,0.0,0.0,2.0,60.0,0.0,13.0,96.0,0
C3036,8.0,17.0,3.0,138.0,0.0,14.0,109.0,0
C3037,0.0,0.0,4.0,225.0,51.0,13.0,427.0,0
C3038,0.0,0.0,1.0,54.0,0.0,14.0,228.0,0
C3039,0.0,0.0,2.0,77.0,0.0,14.0,198.0,0
C304,0.0,0.0,2.0,63.0,0.0,13.0,99.0,0
C3040,13.0,36.0,2.0,111.0,0.0,2.0,13.0,0
C3042,5.0,16.0,5.0,152.0,6.0,0.0,0.0,0
C3044,15.0,1021.0,5.0,28.0,0.0,0.0,0.0,0
C3046,0.0,0.0,1.0,96.0,0.0,0.0,0.0,0
C3049,18.0,1173.0,5.0,71.0,0.0,0.0,0.0,0
C305,1.0,1.0,1.0,63.0,0.0,9.0,158.0,0
C3050,2.0,2.0,5.0,83.0,13.0,0.0,0.0,0
C3052,7.0,69.0,1.0,62.0,0.0,8.0,115.0,0
C3054,1.0,1.0,2.0,55.0,0.0,0.0,0.0,0
C3055,3.0,3.0,7.0,326.0,0.0,48.0,181.0,0
C3056,1.0,1.0,2.0,184.0,0.0,2.0,128.0,0
C3057,1.0,1.0,2.0,221.0,0.0,0.0,0.0,0
C3058,3.0,4.0,4.0,280.0,0.0,0.0,0.0,0
C3059,0.0,0.0,3.0,130.0,0.0,13.0,90.0,0
C306,4.0,4.0,2.0,506.0,0.0,11.0,2761.0,0
C3060,0.0,0.0,4.0,42.0,0.0,0.0,0.0,0
C3061,0.0,0.0,1.0,5.0,0.0,11.0,124.0,0
C3062,0.0,0.0,2.0,86.0,0.0,13.0,94.0,0
C3063,2.0,2.0,3.0,46.0,0.0,0.0,0.0,0
C3065,0.0,0.0,2.0,108.0,0.0,0.0,0.0,0
C3066,0.0,0.0,2.0,585.0,0.0,0.0,0.0,0
C3067,0.0,0.0,3.0,108.0,0.0,11.0,89.0,0
C3068,2.0,2.0,3.0,44.0,0.0,0.0,0.0,0
C307,1.0,2.0,4.0,301.0,1.0,10.0,130.0,0
C3070,3.0,3.0,1.0,90.0,0.0,6.0,131.0,0
C3071,0.0,0.0,1.0,75.0,0.0,10.0,97.0,0
C3072,0.0,0.0,3.0,143.0,0.0,5.0,26.0,0
C3073,0.0,0.0,2.0,133.0,107.0,10.0,169.0,0
C3074,0.0,0.0,1.0,37.0,0.0,5.0,98.0,0
C3075,2.0,2.0,2.0,214.0,0.0,0.0,0.0,0
C3076,2.0,2.0,3.0,78.0,0.0,12.0,91.0,0
C3077,3.0,5.0,2.0,210.0,0.0,1.0,8.0,0
C3078,0.0,0.0,2.0,192.0,0.0,0.0,0.0,0
C3079,0.0,0.0,1.0,86.0,0.0,0.0,0.0,0
C308,7.0,8.0,2.0,68.0,0.0,11.0,158.0,0
C3081,0.0,0.0,1.0,41.0,0.0,11.0,90.0,0
C3083,5.0,73.0,1.0,318.0,0.0,0.0,0.0,0
C3084,0.0,0.0,3.0,64.0,0.0,0.0,0.0,0
C3086,1.0,1.0,1.0,30.0,0.0,4.0,34.0,0
C3088,4.0,6.0,2.0,191.0,0.0,0.0,0.0,0
C3089,0.0,0.0,3.0,76.0,0.0,0.0,0.0,0
C309,0.0,0.0,2.0,78.0,0.0,16.0,173.0,0
C3090,1.0,1.0,3.0,53.0,0.0,4.0,37.0,0
C3091,0.0,0.0,3.0,47.0,0.0,0.0,0.0,0
C3093,10.0,18.0,3.0,61.0,0.0,0.0,0.0,0
C3094,0.0,0.0,3.0,73.0,0.0,0.0,0.0,0
C3096,0.0,0.0,1.0,53.0,0.0,11.0,89.0,0
C3097,0.0,0.0,2.0,114.0,0.0,11.0,88.0,0
C3098,0.0,0.0,2.0,76.0,0.0,11.0,88.0,0
C31,0.0,0.0,1.0,66.0,0.0,14.0,92.0,0
C310,3.0,3.0,4.0,142.0,0.0,10.0,169.0,0
C3100,0.0,0.0,1.0,42.0,0.0,10.0,160.0,0
C3101,0.0,0.0,4.0,93.0,0.0,0.0,0.0,0
C3103,0.0,0.0,4.0,51.0,0.0,0.0,0.0,0
C3105,2.0,2.0,3.0,49.0,0.0,0.0,0.0,0
C3108,1.0,1.0,3.0,92.0,0.0,4.0,81.0,0
C311,0.0,0.0,2.0,65.0,0.0,16.0,202.0,0
C3110,0.0,0.0,4.0,72.0,0.0,0.0,0.0,0
C3112,0.0,0.0,2.0,86.0,0.0,12.0,145.0,0
C3114,0.0,0.0,4.0,40.0,0.0,0.0,0.0,0
C3116,2.0,10.0,1.0,92.0,0.0,4.0,75.0,0
C3117,3.0,6.0,5.0,51.0,0.0,0.0,0.0,0
C312,0.0,0.0,3.0,136.0,0.0,18.0,116.0,0
C3120,0.0,0.0,3.0,48.0,0.0,0.0,0.0,0
C3122,23.0,1329.0,4.0,60.0,0.0,0.0,0.0,0
C3124,0.0,0.0,5.0,82.0,0.0,0.0,0.0,0
C3126,0.0,0.0,1.0,49.0,0.0,11.0,92.0,0
C3127,0.0,0.0,1.0,32.0,0.0,9.0,159.0,0
C3128,0.0,0.0,1.0,30.0,0.0,0.0,0.0,0
C313,0.0,0.0,1.0,62.0,0.0,11.0,77.0,0
C3130,0.0,0.0,3.0,98.0,0.0,6.0,128.0,0
C3131,10.0,494.0,2.0,421.0,393.0,0.0,0.0,0
C3132,0.0,0.0,5.0,54.0,0.0,0.0,0.0,0
C3134,1.0,1.0,3.0,57.0,0.0,0.0,0.0,0
C3137,0.0,0.0,4.0,59.0,0.0,0.0,0.0,0
C3139,0.0,0.0,2.0,88.0,0.0,13.0,218.0,0
C314,0.0,0.0,2.0,61.0,0.0,13.0,97.0,0
C3140,2.0,2.0,2.0,193.0,0.0,0.0,0.0,0
C3141,0.0,0.0,5.0,74.0,0.0,0.0,0.0,0
C3143,21.0,1785.0,3.0,94.0,0.0,12.0,97.0,0
C3144,0.0,0.0,2.0,75.0,0.0,11.0,68.0,0
C3145,0.0,0.0,3.0,92.0,0.0,8.0,44.0,0
C3147,0.0,0.0,2.0,172.0,0.0,8.0,50.0,0
C3148,0.0,0.0,3.0,126.0,0.0,15.0,109.0,0
C3149,0.0,0.0,2.0,47.0,0.0,10.0,154.0,0
C315,22.0,1939.0,2.0,70.0,0.0,18.0,118.0,0
C3150,0.0,0.0,4.0,48.0,0.0,0.0,0.0,0
C3151,0.0,0.0,5.0,71.0,0.0,0.0,0.0,0
C3153,1.0,1.0,1.0,31.0,0.0,0.0,0.0,0
C3155,7.0,15.0,1.0,75.0,0.0,13.0,103.0,0
C3156,1.0,1.0,1.0,48.0,0.0,9.0,140.0,0
C3157,0.0,0.0,1.0,36.0,0.0,0.0,0.0,0
C3159,0.0,0.0,3.0,53.0,0.0,0.0,0.0,0
C316,4.0,5.0,2.0,87.0,0.0,15.0,125.0,0
C3161,0.0,0.0,5.0,67.0,0.0,0.0,0.0,0
C3163,18.0,1085.0,3.0,63.0,0.0,0.0,0.0,0
C3165,12.0,3201.0,10.0,152.0,61.0,0.0,0.0,0
C3167,0.0,0.0,4.0,58.0,0.0,0.0,0.0,0
C3169,2.0,7.0,1.0,38.0,38.0,5.0,52.0,0
C317,0.0,0.0,3.0,121.0,0.0,13.0,98.0,0
C3170,0.0,0.0,1.0,50.0,0.0,6.0,132.0,0
C3171,0.0,0.0,6.0,66.0,0.0,0.0,0.0,0
C3173,3.0,4.0,11.0,105.0,0.0,6.0,60.0,0
C3174,0.0,0.0,1.0,63.0,0.0,8.0,155.0,0
C3176,5.0,12.0,6.0,55.0,4.0,0.0,0.0,0
C3178,2.0,3.0,1.0,46.0,0.0,7.0,80.0,0
C3179,0.0,0.0,3.0,34.0,0.0,0.0,0.0,0
C318,0.0,0.0,3.0,137.0,0.0,17.0,859.0,0
C3181,0.0,0.0,2.0,73.0,0.0,12.0,97.0,0
C3183,0.0,0.0,3.0,35.0,0.0,0.0,0.0,0
C3185,2.0,2.0,2.0,36.0,2.0,3.0,122.0,0
C3186,5.0,16.0,4.0,44.0,0.0,0.0,0.0,0
C3188,2.0,2.0,4.0,149.0,1.0,32.0,1019.0,0
C3189,7.0,7.0,4.0,38.0,0.0,0.0,0.0,0
C319,7.0,12.0,1.0,51.0,0.0,11.0,93.0,0
C3193,0.0,0.0,4.0,89.0,0.0,0.0,0.0,0
C3194,0.0,0.0,1.0,44.0,0.0,0.0,0.0,0
C3196,0.0,0.0,3.0,48.0,0.0,0.0,0.0,0
C3198,21.0,1985.0,2.0,80.0,0.0,10.0,87.0,0
C3199,2.0,2.0,1.0,24.0,0.0,10.0,154.0,0
C32,12.0,38.0,1.0,55.0,0.0,18.0,107.0,0
C320,0.0,0.0,2.0,288.0,0.0,14.0,106.0,0
C3200,0.0,0.0,4.0,63.0,0.0,0.0,0.0,0
C3202,0.0,0.0,3.0,42.0,0.0,0.0,0.0,0
C3204,18.0,1255.0,4.0,81.0,0.0,0.0,0.0,0
C3206,8.0,19.0,3.0,135.0,0.0,13.0,106.0,0
C3208,0.0,0.0,3.0,36.0,0.0,0.0,0.0,0
C321,0.0,0.0,2.0,72.0,0.0,16.0,105.0,0
C3210,0.0,0.0,2.0,61.0,0.0,13.0,95.0,0
C3211,3.0,11.0,1.0,49.0,0.0,7.0,137.0,0
C3214,0.0,0.0,3.0,45.0,0.0,0.0,0.0,0
C3215,0.0,0.0,5.0,127.0,0.0,0.0,0.0,0
C3218,0.0,0.0,1.0,44.0,0.0,0.0,0.0,0
C3219,0.0,0.0,1.0,97.0,0.0,5.0,128.0,0
C322,0.0,0.0,2.0,86.0,0.0,14.0,95.0,0
C3221,0.0,0.0,3.0,30.0,0.0,0.0,0.0,0
C3223,0.0,0.0,2.0,56.0,0.0,16.0,101.0,0
C3224,0.0,0.0,2.0,82.0,0.0,11.0,89.0,0
C3226,11.0,30.0,3.0,87.0,0.0,4.0,31.0,0
C3227,0.0,0.0,6.0,90.0,6.0,0.0,0.0,0
C3229,0.0,0.0,1.0,119.0,0.0,0.0,0.0,0
C323,0.0,0.0,2.0,77.0,0.0,13.0,90.0,0
C3230,0.0,0.0,3.0,56.0,0.0,0.0,0.0,0
C3232,0.0,0.0,3.0,45.0,0.0,0.0,0.0,0
C3235,17.0,1066.0,4.0,57.0,0.0,0.0,0.0,0
C3236,0.0,0.0,2.0,96.0,0.0,16.0,103.0,0
C3237,0.0,0.0,1.0,45.0,0.0,11.0,90.0,0
C3238,23.0,759.0,3.0,59.0,0.0,2.0,18.0,0
C3239,0.0,0.0,4.0,75.0,0.0,0.0,0.0,0
C324,4.0,4.0,4.0,95.0,0.0,6.0,246.0,0
C3241,2.0,8.0,1.0,74.0,0.0,6.0,90.0,0
C3242,2.0,14.0,2.0,86.0,0.0,10.0,42.0,0
C3244,0.0,0.0,3.0,136.0,0.0,2.0,127.0,0
C3245,0.0,0.0,2.0,89.0,0.0,2.0,13.0,0
C3247,0.0,0.0,6.0,79.0,2.0,0.0,0.0,0
C3249,0.0,0.0,2.0,60.0,0.0,6.0,132.0,0
C325,0.0,0.0,2.0,75.0,0.0,12.0,101.0,0
C3250,0.0,0.0,1.0,36.0,0.0,0.0,0.0,0
C3252,0.0,0.0,4.0,58.0,0.0,0.0,0.0,0
C3254,8.0,74.0,4.0,58.0,0.0,0.0,0.0,0
C3256,13.0,33.0,1.0,89.0,0.0,0.0,0.0,0
C3258,9.0,41.0,4.0,63.0,0.0,0.0,0.0,0
C326,0.0,0.0,1.0,50.0,0.0,11.0,86.0,0
C3260,12.0,1314.0,2.0,43.0,0.0,1.0,10.0,0
C3261,8.0,10.0,3.0,49.0,0.0,0.0,0.0,0
C3263,0.0,0.0,2.0,140.0,0.0,0.0,0.0,0
C3264,0.0,0.0,2.0,62.0,0.0,9.0,93.0,0
C3265,0.0,0.0,1.0,102.0,0.0,0.0,0.0,0
C3266,0.0,0.0,1.0,11.0,0.0,0.0,0.0,0
C3268,0.0,0.0,1.0,54.0,0.0,9.0,89.0,0
C3269,1.0,1.0,3.0,40.0,0.0,3.0,25.0,0
C327,0.0,0.0,1.0,50.0,0.0,14.0,81.0,0
C3271,11.0,14.0,3.0,51.0,0.0,0.0,0.0,0
C3273,2.0,2.0,3.0,41.0,0.0,0.0,0.0,0
C3274,0.0,0.0,3.0,50.0,0.0,0.0,0.0,0
C3276,0.0,0.0,3.0,134.0,0.0,4.0,71.0,0
C3277,0.0,0.0,2.0,203.0,0.0,0.0,0.0,0
C3279,0.0,0.0,2.0,91.0,0.0,13.0,101.0,0
C328,0.0,0.0,1.0,53.0,0.0,8.0,73.0,0
C3280,0.0,0.0,1.0,33.0,0.0,8.0,158.0,0
C3281,0.0,0.0,2.0,91.0,0.0,11.0,99.0,0
C3282,0.0,0.0,2.0,57.0,0.0,14.0,91.0,0
C3283,1.0,1.0,2.0,83.0,0.0,14.0,100.0,0
C3284,1.0,12.0,4.0,35.0,0.0,0.0,0.0,0
C3286,0.0,0.0,1.0,39.0,0.0,9.0,131.0,0
C3287,2.0,2.0,4.0,234.0,0.0,0.0,0.0,0
C3288,0.0,0.0,4.0,58.0,0.0,7.0,132.0,0
C329,0.0,0.0,1.0,60.0,0.0,13.0,96.0,0
C3290,0.0,0.0,1.0,21.0,0.0,0.0,0.0,0
C3292,0.0,0.0,3.0,67.0,0.0,0.0,0.0,0
C3293,5.0,32.0,4.0,46.0,0.0,0.0,0.0,0
C3295,0.0,0.0,4.0,170.0,0.0,7.0,85.0,0
C3297,0.0,0.0,2.0,31.0,0.0,5.0,40.0,0
C3299,9.0,49.0,1.0,41.0,0.0,0.0,0.0,0
C33,0.0,0.0,1.0,69.0,0.0,11.0,94.0,0
C330,0.0,0.0,2.0,63.0,0.0,13.0,94.0,0
C3300,0.0,0.0,2.0,54.0,0.0,7.0,133.0,0
C3301,3.0,3.0,4.0,51.0,0.0,0.0,0.0,0
C3303,0.0,0.0,1.0,49.0,0.0,0.0,0.0,0
C3305,0.0,0.0,1.0,39.0,0.0,0.0,0.0,0
C3307,0.0,0.0,5.0,74.0,0.0,0.0,0.0,0
C3309,0.0,0.0,4.0,251.0,0.0,21.0,1425.0,0
C331,0.0,0.0,1.0,44.0,0.0,11.0,86.0,0
C3310,0.0,0.0,3.0,234.0,0.0,14.0,186.0,0
C3311,4.0,7.0,2.0,92.0,0.0,16.0,246.0,0
C3312,0.0,0.0,1.0,56.0,0.0,11.0,86.0,0
C3314,0.0,0.0,1.0,9.0,0.0,0.0,0.0,0
C3315,0.0,0.0,1.0,50.0,0.0,0.0,0.0,0
C3317,12.0,20.0,5.0,73.0,0.0,0.0,0.0,0
C3318,11.0,36.0,2.0,79.0,0.0,9.0,103.0,0
C3319,4.0,7.0,3.0,39.0,0.0,0.0,0.0,0
C332,15.0,42.0,2.0,95.0,0.0,29.0,170.0,0
C3320,2.0,3.0,5.0,59.0,0.0,0.0,0.0,0
C3321,0.0,0.0,4.0,28.0,0.0,10.0,148.0,0
C3322,4.0,13.0,3.0,40.0,0.0,0.0,0.0,0
C3324,0.0,0.0,1.0,60.0,0.0,0.0,0.0,0
C3326,1.0,1.0,1.0,15.0,0.0,9.0,238.0,0
C3327,0.0,0.0,1.0,57.0,0.0,11.0,96.0,0
C3328,0.0,0.0,2.0,122.0,0.0,13.0,104.0,0
C3329,0.0,0.0,4.0,68.0,0.0,0.0,0.0,0
C333,3.0,3.0,2.0,82.0,0.0,13.0,95.0,0
C3331,3.0,3.0,4.0,577.0,0.0,2.0,106.0,0
C3332,2.0,2.0,3.0,82.0,0.0,0.0,0.0,0
C3333,0.0,0.0,2.0,77.0,0.0,11.0,177.0,0
C3334,0.0,0.0,4.0,60.0,0.0,0.0,0.0,0
C3336,21.0,608.0,4.0,64.0,0.0,0.0,0.0,0
C3339,0.0,0.0,1.0,12.0,0.0,0.0,0.0,0
C334,16.0,108.0,2.0,96.0,0.0,11.0,104.0,0
C3340,0.0,0.0,4.0,78.0,0.0,0.0,0.0,0
C3342,0.0,0.0,2.0,118.0,0.0,10.0,88.0,0
C3343,14.0,48.0,1.0,20.0,0.0,26.0,106.0,0
C3344,13.0,27.0,5.0,63.0,0.0,0.0,0.0,0
C3346,6.0,27.0,3.0,66.0,0.0,0.0,0.0,0
C3349,0.0,0.0,1.0,24.0,0.0,0.0,0.0,0
C335,0.0,0.0,2.0,110.0,0.0,11.0,90.0,0
C3350,0.0,0.0,4.0,53.0,0.0,7.0,46.0,0
C3352,0.0,0.0,6.0,57.0,0.0,0.0,0.0,0
C3354,0.0,0.0,3.0,45.0,0.0,0.0,0.0,0
C3356,2.0,2.0,1.0,43.0,0.0,1.0,3.0,0
C3358,0.0,0.0,1.0,3.0,0.0,12.0,163.0,0
C3359,0.0,0.0,4.0,59.0,0.0,0.0,0.0,0
C336,0.0,0.0,1.0,40.0,0.0,11.0,87.0,0
C3361,0.0,0.0,4.0,36.0,0.0,0.0,0.0,0
C3363,2.0,7.0,3.0,57.0,0.0,0.0,0.0,0
C3365,4.0,5.0,4.0,58.0,0.0,0.0,0.0,0
C3368,0.0,0.0,3.0,75.0,0.0,0.0,0.0,0
C337,25.0,1636.0,2.0,48.0,0.0,6.0,128.0,0
C3370,4.0,9.0,1.0,70.0,0.0,5.0,17.0,0
C3371,2.0,4.0,2.0,47.0,0.0,0.0,0.0,0
C3373,0.0,0.0,1.0,29.0,0.0,7.0,87.0,0
C3374,27.0,1753.0,4.0,169.0,0.0,29.0,575.0,0
C3375,0.0,0.0,5.0,79.0,0.0,0.0,0.0,0
C3377,2.0,3.0,6.0,89.0,0.0,0.0,0.0,0
C338,0.0,0.0,1.0,40.0,0.0,8.0,148.0,0
C3380,31.0,47941.0,2.0,53.0,0.0,0.0,0.0,0
C3381,22.0,1109.0,6.0,77.0,0.0,0.0,0.0,0
C3384,0.0,0.0,2.0,69.0,0.0,11.0,102.0,0
C3386,0.0,0.0,1.0,91.0,0.0,3.0,44.0,0
C3387,0.0,0.0,2.0,46.0,0.0,17.0,109.0,0
C3388,2.0,2.0,3.0,66.0,0.0,8.0,134.0,0
C3389,12.0,27.0,5.0,142.0,2.0,65.0,229.0,0
C339,0.0,0.0,1.0,95.0,0.0,10.0,92.0,0
C3391,2.0,3.0,3.0,30.0,0.0,0.0,0.0,0
C3392,0.0,0.0,9.0,165.0,69.0,0.0,0.0,0
C3393,0.0,0.0,2.0,36.0,2.0,2.0,20.0,0
C3396,0.0,0.0,1.0,6.0,0.0,0.0,0.0,0
C3399,0.0,0.0,4.0,60.0,0.0,0.0,0.0,0
C34,0.0,0.0,2.0,79.0,0.0,8.0,89.0,0
C340,0.0,0.0,2.0,99.0,0.0,20.0,167.0,0
C3401,2.0,3.0,1.0,53.0,0.0,10.0,84.0,0
C3402,0.0,0.0,3.0,65.0,0.0,0.0,0.0,0
C3405,16.0,810.0,3.0,42.0,0.0,0.0,0.0,0
C3407,5.0,9.0,5.0,72.0,0.0,0.0,0.0,0
C3408,0.0,0.0,3.0,64.0,0.0,0.0,0.0,0
C341,0.0,0.0,1.0,60.0,0.0,12.0,144.0,0
C3410,0.0,0.0,4.0,40.0,0.0,0.0,0.0,0
C3412,6.0,39.0,1.0,50.0,0.0,11.0,65.0,0
C3413,0.0,0.0,7.0,320.0,0.0,50.0,82.0,0
C3414,16.0,24.0,1.0,70.0,0.0,6.0,168.0,0
C3415,0.0,0.0,3.0,68.0,0.0,3.0,26.0,0
C3417,0.0,0.0,4.0,103.0,0.0,0.0,0.0,0
C3419,2.0,3.0,2.0,52.0,0.0,3.0,26.0,0
C342,0.0,0.0,1.0,56.0,0.0,11.0,102.0,0
C3420,0.0,0.0,1.0,52.0,0.0,11.0,87.0,0
C3421,0.0,0.0,1.0,1.0,0.0,6.0,130.0,0
C3422,2.0,3.0,1.0,39.0,0.0,7.0,130.0,0
C3424,7.0,10.0,2.0,66.0,0.0,0.0,0.0,0
C3425,2.0,2.0,1.0,38.0,0.0,0.0,0.0,0
C3427,0.0,0.0,2.0,76.0,0.0,13.0,84.0,0
C3428,0.0,0.0,7.0,304.0,0.0,51.0,87.0,0
C3429,0.0,0.0,1.0,2.0,0.0,7.0,130.0,0
C343,13.0,26.0,2.0,101.0,0.0,15.0,199.0,0
C3430,2.0,2.0,7.0,281.0,0.0,51.0,88.0,0
C3432,2.0,13.0,3.0,107.0,0.0,2.0,13.0,0
C3433,2.0,2.0,1.0,48.0,0.0,10.0,179.0,0
C3434,0.0,0.0,2.0,85.0,0.0,2.0,13.0,0
C3435,0.0,0.0,3.0,189.0,0.0,0.0,0.0,0
C3436,0.0,0.0,2.0,78.0,0.0,11.0,92.0,0
C3437,0.0,0.0,1.0,52.0,0.0,13.0,107.0,0
C3439,2.0,2.0,1.0,35.0,0.0,0.0,0.0,0
C344,0.0,0.0,2.0,55.0,0.0,14.0,102.0,0
C3440,15.0,999.0,6.0,83.0,0.0,0.0,0.0,0
C3442,0.0,0.0,1.0,63.0,0.0,14.0,94.0,0
C3443,0.0,0.0,2.0,46.0,0.0,6.0,39.0,0
C3444,18.0,1278.0,4.0,77.0,0.0,0.0,0.0,0
C3446,0.0,0.0,1.0,90.0,0.0,12.0,100.0,0
C3448,4.0,5.0,3.0,71.0,0.0,0.0,0.0,0
C345,0.0,0.0,1.0,48.0,0.0,11.0,90.0,0
C3450,0.0,0.0,2.0,57.0,0.0,8.0,154.0,0
C3451,23.0,1867.0,5.0,64.0,0.0,0.0,0.0,0
C3454,0.0,0.0,4.0,74.0,0.0,0.0,0.0,0
C3455,0.0,0.0,5.0,67.0,0.0,0.0,0.0,0
C3457,15.0,715.0,4.0,73.0,0.0,0.0,0.0,0
C3459,7.0,10.0,2.0,87.0,0.0,32.0,182.0,0
C346,0.0,0.0,1.0,36.0,0.0,9.0,101.0,0
C3460,3.0,6.0,2.0,82.0,0.0,15.0,102.0,0
C3461,11.0,15.0,2.0,92.0,0.0,11.0,81.0,0
C3462,0.0,0.0,3.0,77.0,0.0,6.0,36.0,0
C3464,0.0,0.0,5.0,93.0,0.0,0.0,0.0,0
C3465,0.0,0.0,3.0,63.0,0.0,0.0,0.0,0
C3468,16.0,243.0,9.0,40.0,0.0,8.0,155.0,0
C3469,1.0,1.0,3.0,49.0,0.0,0.0,0.0,0
C347,1.0,1.0,2.0,99.0,0.0,16.0,106.0,0
C3471,1.0,1.0,6.0,70.0,0.0,0.0,0.0,0
C3473,2.0,86.0,1.0,42.0,0.0,0.0,0.0,0
C3475,0.0,0.0,1.0,38.0,0.0,0.0,0.0,0
C3476,2.0,20.0,4.0,52.0,0.0,0.0,0.0,0
C3478,3.0,8.0,4.0,120.0,0.0,15.0,92.0,0
C348,11.0,17.0,1.0,62.0,0.0,6.0,78.0,0
C3480,9.0,16.0,1.0,72.0,0.0,0.0,0.0,0
C3482,0.0,0.0,1.0,33.0,0.0,9.0,154.0,0
C3483,0.0,0.0,1.0,48.0,0.0,11.0,92.0,0
C3484,20.0,955.0,1.0,56.0,0.0,2.0,19.0,0
C3486,5.0,8.0,4.0,62.0,0.0,0.0,0.0,0
C3488,0.0,0.0,1.0,65.0,0.0,12.0,84.0,0
C349,0.0,0.0,2.0,94.0,0.0,15.0,193.0,0
C3491,0.0,0.0,1.0,48.0,0.0,9.0,136.0,0
C3492,16.0,45.0,6.0,216.0,0.0,2.0,147.0,0
C3493,5.0,7.0,5.0,57.0,0.0,0.0,0.0,0
C3495,0.0,0.0,3.0,106.0,0.0,13.0,103.0,0
C3496,19.0,809.0,3.0,52.0,0.0,0.0,0.0,0
C3499,0.0,0.0,1.0,10.0,0.0,0.0,0.0,0
C35,0.0,0.0,1.0,46.0,0.0,10.0,1214.0,0
C350,0.0,0.0,1.0,56.0,0.0,11.0,78.0,0
C3500,0.0,0.0,5.0,71.0,0.0,0.0,0.0,0
C3501,0.0,0.0,3.0,57.0,0.0,0.0,0.0,0
C3503,0.0,0.0,1.0,39.0,0.0,11.0,93.0,0
C3504,0.0,0.0,4.0,45.0,0.0,0.0,0.0,0
C3506,0.0,0.0,1.0,45.0,0.0,6.0,126.0,0
C3507,1.0,3.0,3.0,35.0,0.0,0.0,0.0,0
C3509,0.0,0.0,2.0,54.0,0.0,16.0,101.0,0
C351,0.0,0.0,3.0,105.0,0.0,12.0,90.0,0
C3510,0.0,0.0,1.0,129.0,0.0,14.0,42.0,0
C3511,0.0,0.0,2.0,70.0,0.0,17.0,89.0,0
C3513,0.0,0.0,5.0,76.0,0.0,0.0,0.0,0
C3514,0.0,0.0,2.0,92.0,0.0,11.0,88.0,0
C3515,1.0,2.0,3.0,43.0,0.0,0.0,0.0,0
C3517,1.0,2.0,2.0,63.0,0.0,10.0,80.0,0
C3518,0.0,0.0,3.0,39.0,0.0,0.0,0.0,0
C352,0.0,0.0,2.0,96.0,0.0,0.0,0.0,0
C3520,0.0,0.0,2.0,112.0,0.0,11.0,87.0,0
C3521,0.0,0.0,3.0,36.0,0.0,4.0,59.0,0
C3522,16.0,170.0,1.0,24.0,0.0,10.0,76.0,0
C3524,0.0,0.0,1.0,39.0,0.0,0.0,0.0,0
C3526,0.0,0.0,2.0,130.0,0.0,27.0,134.0,0
C3528,3.0,7.0,6.0,93.0,0.0,0.0,0.0,0
C353,1.0,1.0,1.0,66.0,0.0,6.0,132.0,0
C3530,1.0,1.0,4.0,57.0,0.0,0.0,0.0,0
C3532,0.0,0.0,2.0,48.0,0.0,21.0,126.0,0
C3534,15.0,2109.0,4.0,130.0,0.0,13.0,96.0,0
C3535,0.0,0.0,2.0,79.0,0.0,29.0,142.0,0
C3536,0.0,0.0,4.0,65.0,0.0,0.0,0.0,0
C3538,0.0,0.0,3.0,96.0,0.0,3.0,38.0,0
C3539,0.0,0.0,3.0,53.0,0.0,0.0,0.0,0
C354,16.0,2267.0,4.0,133.0,0.0,13.0,90.0,0
C3541,0.0,0.0,2.0,66.0,0.0,19.0,97.0,0
C3542,0.0,0.0,2.0,65.0,0.0,18.0,89.0,0
C3544,17.0,1041.0,2.0,67.0,8.0,0.0,0.0,0
C3546,0.0,0.0,3.0,117.0,0.0,15.0,111.0,0
C3547,2.0,3.0,6.0,208.0,0.0,3.0,17.0,0
C3548,0.0,0.0,1.0,98.0,0.0,11.0,74.0,0
C355,0.0,0.0,2.0,78.0,0.0,14.0,96.0,0
C3550,0.0,0.0,4.0,69.0,0.0,0.0,0.0,0
C3553,1.0,2.0,4.0,88.0,6.0,0.0,0.0,0
C3554,18.0,1550.0,1.0,287.0,0.0,17.0,122.0,0
C3556,0.0,0.0,2.0,109.0,0.0,11.0,66.0,0
C3558,0.0,0.0,4.0,92.0,0.0,0.0,0.0,0
C3559,0.0,0.0,4.0,46.0,0.0,0.0,0.0,0
C356,0.0,0.0,2.0,106.0,0.0,10.0,99.0,0
C3561,1.0,1.0,6.0,154.0,0.0,50.0,80.0,0
C3563,0.0,0.0,5.0,59.0,0.0,4.0,30.0,0
C3565,8.0,16.0,4.0,40.0,0.0,0.0,0.0,0
C3567,0.0,0.0,2.0,78.0,0.0,0.0,0.0,0
C3568,0.0,0.0,2.0,210.0,0.0,16.0,71.0,0
C357,4.0,6.0,4.0,151.0,0.0,5.0,40.0,0
C3570,0.0,0.0,1.0,37.0,0.0,4.0,70.0,0
C3572,0.0,0.0,1.0,61.0,0.0,11.0,91.0,0
C3574,0.0,0.0,2.0,99.0,0.0,0.0,0.0,0
C3575,0.0,0.0,1.0,60.0,0.0,16.0,101.0,0
C3576,0.0,0.0,3.0,60.0,0.0,0.0,0.0,0
C3578,4.0,7.0,3.0,55.0,0.0,0.0,0.0,0
C358,0.0,0.0,1.0,37.0,0.0,11.0,87.0,0
C3580,0.0,0.0,1.0,65.0,65.0,10.0,146.0,0
C3582,0.0,0.0,2.0,90.0,0.0,3.0,22.0,0
C3583,0.0,0.0,3.0,53.0,0.0,0.0,0.0,0
C3584,0.0,0.0,1.0,90.0,0.0,16.0,128.0,0
C3586,0.0,0.0,2.0,67.0,0.0,9.0,140.0,0
C3587,15.0,1117.0,3.0,36.0,0.0,0.0,0.0,0
C3589,2.0,5.0,3.0,46.0,0.0,0.0,0.0,0
C359,0.0,0.0,1.0,37.0,0.0,6.0,130.0,0
C3591,15.0,100.0,2.0,87.0,0.0,10.0,76.0,0
C3592,3.0,26.0,4.0,44.0,0.0,0.0,0.0,0
C3595,0.0,0.0,4.0,56.0,0.0,0.0,0.0,0
C3596,0.0,0.0,2.0,69.0,0.0,10.0,35.0,0
C3597,10.0,13.0,1.0,56.0,0.0,10.0,161.0,0
C3598,1.0,1.0,7.0,192.0,0.0,3.0,24.0,0
C3599,9.0,10.0,3.0,87.0,0.0,4.0,28.0,0
C36,7.0,17.0,4.0,90.0,0.0,0.0,0.0,0
C360,0.0,0.0,3.0,128.0,0.0,15.0,103.0,0
C3600,0.0,0.0,3.0,67.0,0.0,13.0,50.0,0
C3601,0.0,0.0,1.0,75.0,0.0,11.0,66.0,0
C3602,7.0,9.0,1.0,51.0,0.0,2.0,62.0,0
C3604,0.0,0.0,1.0,39.0,0.0,0.0,0.0,0
C3605,4.0,7.0,4.0,81.0,0.0,0.0,0.0,0
C3607,10.0,891.0,3.0,94.0,0.0,0.0,0.0,0
C3609,0.0,0.0,1.0,82.0,0.0,16.0,135.0,0
C361,0.0,0.0,2.0,70.0,0.0,14.0,110.0,0
C3610,0.0,0.0,1.0,26.0,0.0,6.0,132.0,0
C3611,0.0,0.0,2.0,96.0,0.0,24.0,126.0,0
C3612,0.0,0.0,3.0,49.0,0.0,0.0,0.0,0
C3614,3.0,5.0,3.0,95.0,0.0,0.0,0.0,0
C3616,14.0,1017.0,2.0,44.0,3.0,2.0,21.0,0
C3618,0.0,0.0,4.0,94.0,6.0,0.0,0.0,0
C362,0.0,0.0,3.0,56.0,0.0,5.0,132.0,0
C3620,0.0,0.0,2.0,54.0,0.0,0.0,0.0,0
C3622,0.0,0.0,3.0,45.0,0.0,5.0,98.0,0
C3623,2.0,2.0,3.0,41.0,0.0,0.0,0.0,0
C3625,0.0,0.0,1.0,57.0,0.0,0.0,0.0,0
C3627,0.0,0.0,2.0,53.0,4.0,0.0,0.0,0
C3629,21.0,1432.0,2.0,80.0,0.0,0.0,0.0,0
C363,0.0,0.0,2.0,100.0,0.0,11.0,92.0,0
C3631,0.0,0.0,3.0,23.0,0.0,0.0,0.0,0
C3632,1.0,1.0,3.0,71.0,0.0,0.0,0.0,0
C3634,0.0,0.0,2.0,61.0,0.0,13.0,96.0,0
C3635,0.0,0.0,1.0,56.0,0.0,9.0,140.0,0
C3636,0.0,0.0,4.0,102.0,0.0,17.0,62.0,0
C3637,0.0,0.0,4.0,70.0,0.0,0.0,0.0,0
C3639,2.0,3.0,2.0,59.0,0.0,6.0,134.0,0
C364,0.0,0.0,1.0,33.0,0.0,9.0,87.0,0
C3640,0.0,0.0,3.0,56.0,0.0,7.0,14.0,0
C3642,1.0,1.0,5.0,76.0,0.0,0.0,0.0,0
C3644,0.0,0.0,2.0,51.0,0.0,4.0,84.0,0
C3645,0.0,0.0,4.0,44.0,0.0,0.0,0.0,0
C3647,0.0,0.0,2.0,73.0,0.0,15.0,48.0,0
C3649,2.0,2.0,2.0,199.0,0.0,0.0,0.0,0
C365,0.0,0.0,3.0,806.0,0.0,14.0,138.0,0
C3650,1.0,1.0,6.0,58.0,0.0,0.0,0.0,0
C3652,0.0,0.0,2.0,60.0,0.0,4.0,33.0,0
C3653,0.0,0.0,4.0,57.0,0.0,0.0,0.0,0
C3654,2.0,2.0,2.0,62.0,0.0,2.0,15.0,0
C3657,0.0,0.0,1.0,80.0,0.0,1.0,8.0,0
C3659,0.0,0.0,1.0,54.0,0.0,11.0,90.0,0
C366,24.0,1729.0,5.0,148.0,2.0,7.0,68.0,0
C3660,0.0,0.0,2.0,50.0,0.0,0.0,0.0,0
C3662,0.0,0.0,5.0,86.0,0.0,0.0,0.0,0
C3664,13.0,989.0,1.0,36.0,0.0,6.0,472.0,0
C3665,0.0,0.0,2.0,68.0,0.0,32.0,135.0,0
C3666,13.0,35.0,2.0,105.0,0.0,19.0,112.0,0
C3667,0.0,0.0,3.0,113.0,0.0,6.0,22.0,0
C3668,8.0,21.0,1.0,63.0,0.0,12.0,98.0,0
C367,11.0,31.0,2.0,65.0,0.0,13.0,91.0,0
C3670,9.0,16.0,4.0,55.0,0.0,0.0,0.0,0
C3672,0.0,0.0,4.0,67.0,0.0,0.0,0.0,0
C3674,0.0,0.0,1.0,49.0,0.0,11.0,54.0,0
C3676,0.0,0.0,1.0,35.0,0.0,0.0,0.0,0
C3677,0.0,0.0,2.0,89.0,3.0,5.0,79.0,0
C3678,0.0,0.0,5.0,92.0,0.0,0.0,0.0,0
C368,0.0,0.0,3.0,2423.0,0.0,16.0,141.0,0
C3680,0.0,0.0,1.0,62.0,0.0,13.0,96.0,0
C3681,0.0,0.0,1.0,78.0,0.0,11.0,34.0,0
C3682,0.0,0.0,7.0,89.0,0.0,0.0,0.0,0
C3684,0.0,0.0,3.0,61.0,0.0,10.0,48.0,0
C3686,4.0,4.0,1.0,30.0,0.0,0.0,0.0,0
C3688,0.0,0.0,2.0,76.0,0.0,3.0,28.0,0
C369,6.0,12.0,2.0,62.0,0.0,0.0,0.0,0
C3691,2.0,2.0,1.0,95.0,0.0,0.0,0.0,0
C3692,0.0,0.0,3.0,96.0,0.0,16.0,70.0,0
C3694,19.0,773.0,2.0,52.0,0.0,4.0,30.0,0
C3697,3.0,4.0,1.0,55.0,0.0,8.0,82.0,0
C3698,0.0,0.0,3.0,40.0,0.0,0.0,0.0,0
C3699,2.0,2.0,1.0,47.0,0.0,0.0,0.0,0
C37,0.0,0.0,1.0,70.0,0.0,18.0,101.0,0
C370,5.0,8.0,2.0,77.0,0.0,9.0,104.0,0
C3701,2.0,4.0,3.0,46.0,0.0,0.0,0.0,0
C3703,1.0,1.0,5.0,79.0,0.0,0.0,0.0,0
C3705,1.0,2.0,5.0,62.0,0.0,0.0,0.0,0
C3707,0.0,0.0,3.0,50.0,0.0,0.0,0.0,0
C3709,0.0,0.0,2.0,99.0,0.0,8.0,150.0,0
C371,1.0,1.0,1.0,57.0,0.0,11.0,95.0,0
C3710,0.0,0.0,1.0,40.0,0.0,9.0,144.0,0
C3711,0.0,0.0,1.0,29.0,0.0,2.0,69.0,0
C3714,9.0,443.0,1.0,34.0,0.0,0.0,0.0,0
C3715,25.0,2168.0,0.0,0.0,0.0,5.0,5.0,0
C3716,3.0,5.0,3.0,54.0,0.0,0.0,0.0,0
C3718,0.0,0.0,2.0,83.0,0.0,13.0,98.0,0
C3719,4.0,5.0,2.0,29.0,0.0,2.0,12.0,0
C372,0.0,0.0,1.0,65.0,0.0,12.0,92.0,0
C3720,1.0,1.0,2.0,60.0,0.0,0.0,0.0,0
C3722,1.0,1.0,3.0,239.0,0.0,2.0,11.0,0
C3724,2.0,2.0,4.0,107.0,0.0,2.0,18.0,0
C3725,3.0,4.0,2.0,204.0,0.0,1.0,2.0,0
C3726,0.0,0.0,6.0,79.0,0.0,0.0,0.0,0
C3728,1.0,1.0,1.0,40.0,0.0,0.0,0.0,0
C373,0.0,0.0,2.0,74.0,0.0,13.0,96.0,0
C3730,12.0,19.0,3.0,48.0,0.0,0.0,0.0,0
C3732,6.0,11.0,3.0,35.0,0.0,0.0,0.0,0
C3734,0.0,0.0,1.0,23.0,0.0,53.0,120.0,0
C3736,0.0,0.0,6.0,91.0,0.0,0.0,0.0,0
C3738,0.0,0.0,2.0,72.0,0.0,60.0,247.0,0
C3739,7.0,10.0,2.0,142.0,0.0,2.0,10.0,0
C374,0.0,0.0,2.0,60.0,0.0,8.0,108.0,0
C3740,1.0,1.0,3.0,158.0,0.0,8.0,32.0,0
C3741,0.0,0.0,4.0,111.0,0.0,4.0,14.0,0
C3743,0.0,0.0,3.0,67.0,0.0,0.0,0.0,0
C3745,4.0,7.0,2.0,95.0,0.0,18.0,100.0,0
C3746,0.0,0.0,1.0,52.0,0.0,9.0,95.0,0
C3748,6.0,7.0,2.0,46.0,0.0,17.0,134.0,0
C375,25.0,1929.0,2.0,85.0,0.0,10.0,87.0,0
C3750,0.0,0.0,1.0,29.0,0.0,0.0,0.0,0
C3752,5.0,10.0,2.0,243.0,0.0,3.0,13.0,0
C3753,2.0,3.0,5.0,55.0,0.0,0.0,0.0,0
C3755,2.0,3.0,1.0,52.0,0.0,6.0,51.0,0
C3756,0.0,0.0,5.0,74.0,0.0,0.0,0.0,0
C3758,0.0,0.0,3.0,63.0,0.0,0.0,0.0,0
C376,0.0,0.0,1.0,61.0,0.0,11.0,92.0,0
C3760,0.0,0.0,1.0,49.0,0.0,11.0,89.0,0
C3761,0.0,0.0,3.0,100.0,0.0,18.0,101.0,0
C3762,0.0,0.0,2.0,60.0,0.0,14.0,100.0,0
C3763,0.0,0.0,4.0,45.0,0.0,0.0,0.0,0
C3765,5.0,16.0,4.0,73.0,0.0,0.0,0.0,0
C3767,0.0,0.0,1.0,40.0,0.0,7.0,135.0,0
C3768,4.0,9.0,6.0,59.0,0.0,0.0,0.0,0
C377,0.0,0.0,1.0,56.0,0.0,11.0,87.0,0
C3770,9.0,19.0,3.0,53.0,0.0,0.0,0.0,0
C3772,0.0,0.0,4.0,96.0,0.0,0.0,0.0,0
C3774,0.0,0.0,1.0,56.0,0.0,4.0,76.0,0
C3777,7.0,11.0,2.0,64.0,0.0,0.0,0.0,0
C3778,0.0,0.0,5.0,92.0,0.0,0.0,0.0,0
C378,0.0,0.0,3.0,78.0,0.0,12.0,100.0,0
C3780,0.0,0.0,1.0,37.0,0.0,0.0,0.0,0
C3782,2.0,2.0,3.0,46.0,0.0,0.0,0.0,0
C3784,0.0,0.0,2.0,83.0,0.0,14.0,108.0,0
C3785,0.0,0.0,3.0,26.0,0.0,0.0,0.0,0
C3787,7.0,16.0,1.0,62.0,0.0,5.0,85.0,0
C379,0.0,0.0,2.0,65.0,0.0,14.0,92.0,0
C3790,2.0,2.0,3.0,41.0,0.0,0.0,0.0,0
C3792,0.0,0.0,1.0,55.0,0.0,0.0,0.0,0
C3794,0.0,0.0,3.0,118.0,0.0,0.0,0.0,0
C3796,1.0,1.0,3.0,159.0,0.0,11.0,94.0,0
C3797,0.0,0.0,3.0,34.0,0.0,0.0,0.0,0
C3799,0.0,0.0,4.0,53.0,0.0,0.0,0.0,0
C38,6.0,8.0,1.0,41.0,0.0,11.0,89.0,0
C380,0.0,0.0,2.0,75.0,0.0,15.0,100.0,0
C3801,16.0,34.0,2.0,103.0,0.0,12.0,91.0,0
C3802,0.0,0.0,4.0,74.0,0.0,0.0,0.0,0
C3804,0.0,0.0,3.0,42.0,0.0,0.0,0.0,0
C3806,1.0,1.0,3.0,44.0,0.0,0.0,0.0,0
C3808,0.0,0.0,3.0,56.0,0.0,0.0,0.0,0
C381,0.0,0.0,2.0,110.0,0.0,13.0,93.0,0
C3810,0.0,0.0,2.0,65.0,0.0,11.0,160.0,0
C3812,8.0,8.0,1.0,41.0,0.0,0.0,0.0,0
C3813,2.0,2.0,1.0,53.0,0.0,13.0,201.0,0
C3814,0.0,0.0,6.0,91.0,0.0,0.0,0.0,0
C3816,0.0,0.0,2.0,76.0,0.0,0.0,0.0,0
C3818,0.0,0.0,1.0,75.0,0.0,0.0,0.0,0
C382,0.0,0.0,2.0,99.0,0.0,19.0,117.0,0
C3820,2.0,3.0,5.0,60.0,0.0,0.0,0.0,0
C3822,4.0,18.0,4.0,78.0,0.0,0.0,0.0,0
C3824,0.0,0.0,2.0,43.0,0.0,3.0,25.0,0
C3826,4.0,4.0,5.0,61.0,0.0,0.0,0.0,0
C3827,8.0,8.0,2.0,84.0,0.0,12.0,87.0,0
C3828,0.0,0.0,3.0,34.0,0.0,0.0,0.0,0
C383,0.0,0.0,1.0,56.0,0.0,11.0,87.0,0
C3830,0.0,0.0,5.0,53.0,0.0,0.0,0.0,0
C3832,0.0,0.0,3.0,60.0,0.0,10.0,206.0,0
C3833,10.0,14.0,3.0,59.0,0.0,0.0,0.0,0
C3835,1.0,1.0,3.0,72.0,0.0,0.0,0.0,0
C3837,0.0,0.0,4.0,58.0,0.0,0.0,0.0,0
C3839,0.0,0.0,1.0,55.0,0.0,12.0,95.0,0
C384,0.0,0.0,2.0,91.0,0.0,10.0,91.0,0
C3840,0.0,0.0,3.0,62.0,0.0,0.0,0.0,0
C3841,3.0,4.0,4.0,58.0,0.0,0.0,0.0,0
C3842,9.0,22.0,4.0,54.0,0.0,0.0,0.0,0
C3844,0.0,0.0,2.0,67.0,0.0,14.0,92.0,0
C3845,4.0,10.0,0.0,0.0,0.0,0.0,0.0,0
C3847,0.0,0.0,2.0,82.0,0.0,8.0,86.0,0
C3848,0.0,0.0,1.0,46.0,0.0,0.0,0.0,0
C385,6.0,6.0,3.0,51.0,0.0,7.0,34.0,0
C3851,0.0,0.0,2.0,88.0,0.0,0.0,0.0,0
C3853,4.0,18.0,1.0,44.0,0.0,0.0,0.0,0
C3854,0.0,0.0,1.0,55.0,0.0,11.0,90.0,0
C3856,0.0,0.0,1.0,9.0,0.0,0.0,0.0,0
C3857,2.0,3.0,4.0,63.0,0.0,0.0,0.0,0
C3859,2.0,4.0,1.0,46.0,0.0,11.0,87.0,0
C386,0.0,0.0,1.0,58.0,0.0,11.0,91.0,0
C3860,0.0,0.0,6.0,93.0,0.0,0.0,0.0,0
C3862,4.0,7.0,1.0,48.0,0.0,11.0,91.0,0
C3863,7.0,10.0,3.0,58.0,0.0,0.0,0.0,0
C3865,0.0,0.0,2.0,113.0,0.0,16.0,119.0,0
C3866,0.0,0.0,6.0,34.0,0.0,0.0,0.0,0
C3868,0.0,0.0,2.0,156.0,0.0,0.0,0.0,0
C3869,19.0,1032.0,7.0,82.0,0.0,0.0,0.0,0
C387,0.0,0.0,1.0,94.0,0.0,11.0,99.0,0
C3871,0.0,0.0,4.0,57.0,0.0,0.0,0.0,0
C3873,1.0,1.0,2.0,41.0,0.0,0.0,0.0,0
C3875,0.0,0.0,4.0,75.0,0.0,0.0,0.0,0
C3878,3.0,4.0,4.0,63.0,0.0,0.0,0.0,0
C388,0.0,0.0,2.0,65.0,0.0,15.0,95.0,0
C3880,2.0,14.0,1.0,38.0,0.0,8.0,105.0,0
C3882,0.0,0.0,1.0,71.0,0.0,0.0,0.0,0
C3884,0.0,0.0,4.0,49.0,0.0,0.0,0.0,0
C3886,0.0,0.0,3.0,72.0,0.0,0.0,0.0,0
C389,0.0,0.0,1.0,41.0,0.0,11.0,90.0,0
C3890,0.0,0.0,2.0,59.0,0.0,15.0,94.0,0
C3891,10.0,33.0,3.0,27.0,0.0,0.0,0.0,0
C3893,0.0,0.0,2.0,73.0,0.0,16.0,101.0,0
C3894,0.0,0.0,3.0,105.0,0.0,5.0,151.0,0
C3896,1.0,1.0,6.0,473.0,0.0,0.0,0.0,0
C3897,3.0,5.0,3.0,53.0,0.0,4.0,139.0,0
C3898,2.0,2.0,4.0,47.0,0.0,0.0,0.0,0
C39,0.0,0.0,1.0,2.0,0.0,10.0,170.0,0
C390,0.0,0.0,2.0,64.0,0.0,15.0,102.0,0
C3900,0.0,0.0,1.0,29.0,0.0,3.0,25.0,0
C3902,6.0,12.0,4.0,68.0,0.0,0.0,0.0,0
C3904,0.0,0.0,4.0,73.0,0.0,0.0,0.0,0
C3906,19.0,738.0,3.0,56.0,0.0,2.0,18.0,0
C3907,0.0,0.0,2.0,54.0,0.0,0.0,0.0,0
C3909,4.0,5.0,1.0,28.0,0.0,0.0,0.0,0
C391,0.0,0.0,2.0,51.0,0.0,11.0,106.0,0
C3910,0.0,0.0,4.0,61.0,0.0,0.0,0.0,0
C3912,0.0,0.0,4.0,55.0,0.0,0.0,0.0,0
C3914,6.0,8.0,4.0,56.0,0.0,0.0,0.0,0
C3916,0.0,0.0,4.0,78.0,0.0,0.0,0.0,0
C3917,0.0,0.0,4.0,35.0,0.0,0.0,0.0,0
C3919,0.0,0.0,4.0,59.0,0.0,0.0,0.0,0
C392,0.0,0.0,1.0,53.0,0.0,4.0,10.0,0
C3921,0.0,0.0,4.0,50.0,0.0,0.0,0.0,0
C3923,0.0,0.0,5.0,77.0,0.0,0.0,0.0,0
C3924,0.0,0.0,6.0,35.0,0.0,0.0,0.0,0
C3926,0.0,0.0,4.0,100.0,0.0,0.0,0.0,0
C3928,0.0,0.0,4.0,66.0,0.0,0.0,0.0,0
C3929,0.0,0.0,4.0,45.0,0.0,0.0,0.0,0
C393,0.0,0.0,1.0,74.0,0.0,11.0,92.0,0
C3931,0.0,0.0,3.0,41.0,0.0,0.0,0.0,0
C3933,0.0,0.0,3.0,39.0,0.0,0.0,0.0,0
C3935,0.0,0.0,5.0,52.0,0.0,0.0,0.0,0
C3937,0.0,0.0,1.0,3.0,0.0,0.0,0.0,0
C3938,0.0,0.0,2.0,60.0,2.0,0.0,0.0,0
C394,0.0,0.0,1.0,63.0,0.0,12.0,195.0,0
C3940,0.0,0.0,5.0,66.0,0.0,0.0,0.0,0
C3942,0.0,0.0,3.0,43.0,0.0,0.0,0.0,0
C3945,0.0,0.0,4.0,59.0,0.0,0.0,0.0,0
C3947,0.0,0.0,3.0,53.0,0.0,0.0,0.0,0
C3949,2.0,3.0,3.0,34.0,0.0,0.0,0.0,0
C395,0.0,0.0,8.0,734.0,0.0,4.0,27.0,0
C3952,0.0,0.0,4.0,6.0,0.0,0.0,0.0,0
C3953,1.0,1.0,2.0,107.0,0.0,0.0,0.0,0
C3955,0.0,0.0,4.0,42.0,0.0,0.0,0.0,0
C3957,6.0,68.0,4.0,74.0,0.0,0.0,0.0,0
C3959,0.0,0.0,4.0,84.0,0.0,0.0,0.0,0
C396,0.0,0.0,2.0,75.0,0.0,16.0,119.0,0
C3960,4.0,5.0,5.0,88.0,0.0,0.0,0.0,0
C3961,0.0,0.0,3.0,41.0,0.0,0.0,0.0,0
C3963,4.0,5.0,3.0,44.0,0.0,0.0,0.0,0
C3965,0.0,0.0,3.0,49.0,0.0,0.0,0.0,0
C3967,0.0,0.0,4.0,74.0,0.0,0.0,0.0,0
C397,1.0,1.0,1.0,52.0,0.0,10.0,180.0,0
C3970,1.0,1.0,1.0,35.0,0.0,0.0,0.0,0
C3971,1.0,1.0,4.0,33.0,0.0,0.0,0.0,0
C3973,2.0,2.0,2.0,96.0,0.0,10.0,39.0,0
C3974,0.0,0.0,3.0,58.0,0.0,0.0,0.0,0
C3976,0.0,0.0,2.0,5.0,0.0,0.0,0.0,0
C3977,0.0,0.0,4.0,34.0,0.0,0.0,0.0,0
C3978,0.0,0.0,3.0,48.0,0.0,0.0,0.0,0
C398,0.0,0.0,3.0,51.0,0.0,6.0,1124.0,0
C3980,2.0,3.0,3.0,45.0,0.0,0.0,0.0,0
C3982,0.0,0.0,5.0,50.0,0.0,0.0,0.0,0
C3983,3.0,8.0,2.0,52.0,0.0,2.0,12.0,0
C3984,0.0,0.0,4.0,33.0,0.0,0.0,0.0,0
C3986,5.0,6.0,1.0,66.0,0.0,0.0,0.0,0
C3988,0.0,0.0,2.0,50.0,0.0,0.0,0.0,0
C399,0.0,0.0,1.0,62.0,0.0,10.0,92.0,0
C3990,15.0,1612.0,3.0,80.0,0.0,0.0,0.0,0
C3992,0.0,0.0,2.0,151.0,0.0,12.0,37.0,0
C3993,0.0,0.0,1.0,65.0,0.0,15.0,131.0,0
C3995,0.0,0.0,6.0,41.0,0.0,0.0,0.0,0
C3997,1.0,2.0,1.0,42.0,0.0,0.0,0.0,0
C3999,0.0,0.0,2.0,68.0,0.0,0.0,0.0,0
C4,3.0,4.0,2.0,64.0,0.0,16.0,122.0,0
C40,15.0,63.0,1.0,76.0,0.0,11.0,93.0,0
C400,1.0,1.0,1.0,59.0,0.0,8.0,144.0,0
C4002,6.0,41.0,4.0,69.0,0.0,0.0,0.0,0
C4003,0.0,0.0,2.0,69.0,0.0,12.0,85.0,0
C4005,1.0,1.0,3.0,32.0,0.0,0.0,0.0,0
C4007,5.0,14.0,5.0,55.0,0.0,0.0,0.0,0
C4009,4.0,20.0,3.0,54.0,0.0,0.0,0.0,0
C401,10.0,32.0,1.0,52.0,0.0,10.0,90.0,0
C4010,0.0,0.0,2.0,91.0,0.0,18.0,125.0,0
C4011,0.0,0.0,1.0,107.0,0.0,0.0,0.0,0
C4013,0.0,0.0,1.0,70.0,0.0,14.0,34.0,0
C4015,17.0,1022.0,5.0,73.0,0.0,0.0,0.0,0
C4016,3.0,3.0,1.0,46.0,0.0,0.0,0.0,0
C4018,0.0,0.0,6.0,50.0,0.0,0.0,0.0,0
C402,3.0,4.0,1.0,52.0,0.0,11.0,95.0,0
C4020,0.0,0.0,3.0,36.0,0.0,0.0,0.0,0
C4022,0.0,0.0,1.0,30.0,30.0,4.0,28.0,0
C4023,0.0,0.0,4.0,46.0,0.0,0.0,0.0,0
C4025,1.0,1.0,5.0,50.0,0.0,0.0,0.0,0
C4027,0.0,0.0,3.0,117.0,0.0,11.0,43.0,0
C4028,0.0,0.0,1.0,88.0,0.0,4.0,50.0,0
C4029,0.0,0.0,4.0,75.0,0.0,0.0,0.0,0
C403,0.0,0.0,1.0,51.0,0.0,11.0,86.0,0
C4031,0.0,0.0,6.0,66.0,0.0,0.0,0.0,0
C4032,0.0,0.0,5.0,66.0,0.0,0.0,0.0,0
C4033,15.0,475.0,1.0,43.0,43.0,4.0,26.0,0
C4034,0.0,0.0,7.0,59.0,0.0,0.0,0.0,0
C4036,0.0,0.0,1.0,75.0,0.0,0.0,0.0,0
C4038,0.0,0.0,4.0,85.0,0.0,0.0,0.0,0
C404,0.0,0.0,1.0,58.0,0.0,11.0,144.0,0
C4040,0.0,0.0,2.0,88.0,0.0,0.0,0.0,0
C4042,5.0,7.0,3.0,38.0,0.0,0.0,0.0,0
C4044,0.0,0.0,7.0,72.0,0.0,0.0,0.0,0
C4046,0.0,0.0,2.0,70.0,0.0,0.0,0.0,0
C4047,0.0,0.0,3.0,36.0,0.0,0.0,0.0,0
C4049,0.0,0.0,4.0,61.0,0.0,0.0,0.0,0
C405,3.0,4.0,1.0,45.0,0.0,10.0,86.0,0
C4051,2.0,2.0,3.0,63.0,0.0,0.0,0.0,0
C4053,0.0,0.0,1.0,108.0,0.0,1.0,8.0,0
C4056,0.0,0.0,1.0,123.0,0.0,0.0,0.0,0
C4057,0.0,0.0,4.0,90.0,0.0,0.0,0.0,0
C4059,0.0,0.0,6.0,71.0,0.0,0.0,0.0,0
C406,3.0,3.0,1.0,63.0,0.0,14.0,100.0,0
C4061,2.0,3.0,4.0,61.0,0.0,0.0,0.0,0
C4064,1.0,1.0,4.0,41.0,4.0,0.0,0.0,0
C4066,0.0,0.0,3.0,149.0,2.0,1.0,8.0,0
C4067,2.0,3.0,4.0,44.0,0.0,0.0,0.0,0
C4069,0.0,0.0,4.0,69.0,0.0,0.0,0.0,0
C407,0.0,0.0,2.0,98.0,0.0,13.0,101.0,0
C4071,0.0,0.0,2.0,92.0,0.0,11.0,41.0,0
C4073,0.0,0.0,5.0,56.0,0.0,0.0,0.0,0
C4075,0.0,0.0,1.0,90.0,0.0,0.0,0.0,0
C4077,13.0,775.0,3.0,31.0,0.0,0.0,0.0,0
C4079,0.0,0.0,6.0,71.0,0.0,0.0,0.0,0
C408,0.0,0.0,1.0,68.0,0.0,11.0,86.0,0
C4081,20.0,1154.0,4.0,80.0,0.0,0.0,0.0,0
C4083,0.0,0.0,4.0,40.0,0.0,0.0,0.0,0
C4085,1.0,2.0,5.0,60.0,0.0,0.0,0.0,0
C4087,0.0,0.0,3.0,61.0,0.0,3.0,22.0,0
C4089,0.0,0.0,1.0,56.0,0.0,0.0,0.0,0
C409,23.0,1455.0,1.0,53.0,0.0,11.0,92.0,0
C4091,5.0,5.0,4.0,41.0,0.0,0.0,0.0,0
C4093,0.0,0.0,8.0,186.0,20.0,0.0,0.0,0
C4095,7.0,13.0,4.0,103.0,0.0,17.0,102.0,0
C4096,0.0,0.0,3.0,58.0,0.0,0.0,0.0,0
C4098,0.0,0.0,3.0,37.0,0.0,0.0,0.0,0
C41,7.0,11.0,5.0,154.0,2.0,63.0,279.0,0
C410,0.0,0.0,1.0,58.0,0.0,11.0,87.0,0
C4100,0.0,0.0,3.0,161.0,0.0,17.0,92.0,0
C4102,4.0,6.0,3.0,68.0,0.0,0.0,0.0,0
C4104,0.0,0.0,4.0,26.0,0.0,0.0,0.0,0
C4106,0.0,0.0,2.0,61.0,0.0,0.0,0.0,0
C4109,0.0,0.0,2.0,73.0,0.0,0.0,0.0,0
C411,0.0,0.0,3.0,141.0,0.0,14.0,103.0,0
C4110,0.0,0.0,4.0,67.0,0.0,0.0,0.0,0
C4112,17.0,1067.0,3.0,55.0,0.0,0.0,0.0,0
C4114,0.0,0.0,5.0,36.0,0.0,0.0,0.0,0
C4116,0.0,0.0,3.0,53.0,0.0,0.0,0.0,0
C4118,0.0,0.0,1.0,2.0,0.0,10.0,73.0,0
C412,0.0,0.0,2.0,74.0,0.0,14.0,121.0,0
C4120,0.0,0.0,2.0,57.0,0.0,3.0,15.0,0
C4122,13.0,23.0,3.0,31.0,0.0,0.0,0.0,0
C4123,13.0,25.0,5.0,86.0,0.0,0.0,0.0,0
C4125,0.0,0.0,4.0,72.0,0.0,0.0,0.0,0
C4127,8.0,11.0,3.0,51.0,0.0,2.0,24.0,0
C4129,0.0,0.0,1.0,89.0,0.0,0.0,0.0,0
C413,3.0,3.0,1.0,60.0,0.0,13.0,92.0,0
C4131,23.0,1068.0,3.0,43.0,0.0,0.0,0.0,0
C4133,10.0,14.0,1.0,40.0,0.0,5.0,84.0,0
C4135,0.0,0.0,6.0,57.0,0.0,0.0,0.0,0
C4137,0.0,0.0,1.0,90.0,0.0,13.0,37.0,0
C4138,2.0,4.0,4.0,68.0,0.0,0.0,0.0,0
C414,0.0,0.0,2.0,59.0,0.0,11.0,80.0,0
C4140,0.0,0.0,1.0,32.0,0.0,2.0,10.0,0
C4142,0.0,0.0,3.0,49.0,0.0,0.0,0.0,0
C4143,0.0,0.0,3.0,48.0,0.0,0.0,0.0,0
C4144,0.0,0.0,2.0,67.0,0.0,14.0,56.0,0
C4147,0.0,0.0,1.0,93.0,0.0,0.0,0.0,0
C4148,3.0,5.0,3.0,41.0,0.0,0.0,0.0,0
C415,0.0,0.0,2.0,112.0,0.0,12.0,92.0,0
C4150,1.0,1.0,1.0,41.0,0.0,3.0,12.0,0
C4152,0.0,0.0,4.0,63.0,0.0,0.0,0.0,0
C4154,2.0,3.0,3.0,55.0,0.0,0.0,0.0,0
C4157,17.0,61.0,2.0,63.0,0.0,0.0,0.0,0
C4159,0.0,0.0,1.0,44.0,0.0,0.0,0.0,0
C416,0.0,0.0,2.0,58.0,0.0,11.0,90.0,0
C4161,4.0,14.0,2.0,52.0,0.0,0.0,0.0,0
C4163,0.0,0.0,4.0,80.0,0.0,0.0,0.0,0
C4165,12.0,1045.0,2.0,44.0,0.0,3.0,7.0,0
C4167,0.0,0.0,4.0,70.0,0.0,0.0,0.0,0
C4169,0.0,0.0,2.0,57.0,17.0,0.0,0.0,0
C417,0.0,0.0,2.0,73.0,0.0,6.0,144.0,0
C4172,2.0,2.0,3.0,56.0,0.0,0.0,0.0,0
C4174,2.0,2.0,1.0,21.0,0.0,4.0,76.0,0
C4176,4.0,9.0,3.0,52.0,0.0,0.0,0.0,0
C4178,0.0,0.0,5.0,60.0,0.0,0.0,0.0,0
C418,0.0,0.0,1.0,41.0,0.0,11.0,183.0,0
C4180,0.0,0.0,2.0,85.0,0.0,0.0,0.0,0
C4182,12.0,25.0,1.0,112.0,0.0,0.0,0.0,0
C4183,0.0,0.0,5.0,40.0,0.0,0.0,0.0,0
C4185,0.0,0.0,3.0,46.0,0.0,0.0,0.0,0
C4187,0.0,0.0,2.0,114.0,0.0,9.0,32.0,0
C4189,0.0,0.0,4.0,53.0,0.0,0.0,0.0,0
C419,8.0,16.0,13.0,8762.0,0.0,10.0,101.0,0
C4192,1.0,2.0,3.0,41.0,0.0,3.0,32.0,0
C4193,0.0,0.0,5.0,45.0,0.0,0.0,0.0,0
C4195,0.0,0.0,1.0,73.0,0.0,0.0,0.0,0
C4198,0.0,0.0,4.0,47.0,0.0,0.0,0.0,0
C42,0.0,0.0,2.0,64.0,0.0,11.0,159.0,0
C420,0.0,0.0,1.0,26.0,0.0,11.0,89.0,0
C4200,8.0,14.0,4.0,51.0,0.0,0.0,0.0,0
C4202,0.0,0.0,4.0,52.0,0.0,0.0,0.0,0
C4204,0.0,0.0,1.0,128.0,0.0,0.0,0.0,0
C4207,0.0,0.0,1.0,6.0,0.0,0.0,0.0,0
C4208,0.0,0.0,1.0,31.0,0.0,3.0,14.0,0
C421,18.0,3903.0,3.0,1082.0,0.0,0.0,0.0,0
C4210,0.0,0.0,4.0,69.0,0.0,0.0,0.0,0
C4212,0.0,0.0,4.0,61.0,0.0,0.0,0.0,0
C4215,10.0,88.0,2.0,86.0,0.0,0.0,0.0,0
C4216,7.0,31.0,1.0,31.0,0.0,8.0,33.0,0
C4217,0.0,0.0,1.0,22.0,0.0,0.0,0.0,0
C4219,0.0,0.0,1.0,74.0,0.0,0.0,0.0,0
C422,1.0,1.0,2.0,95.0,0.0,14.0,104.0,0
C4222,1.0,1.0,1.0,2.0,0.0,0.0,0.0,0
C4223,0.0,0.0,4.0,86.0,0.0,0.0,0.0,0
C4225,0.0,0.0,4.0,67.0,0.0,0.0,0.0,0
C4227,0.0,0.0,5.0,44.0,0.0,0.0,0.0,0
C423,15.0,43.0,11.0,363.0,0.0,17.0,779.0,0
C4230,0.0,0.0,3.0,48.0,0.0,0.0,0.0,0
C4232,17.0,971.0,4.0,58.0,0.0,3.0,31.0,0
C4233,14.0,792.0,4.0,56.0,0.0,0.0,0.0,0
C4235,2.0,2.0,4.0,53.0,0.0,0.0,0.0,0
C4237,6.0,6.0,6.0,97.0,0.0,0.0,0.0,0
C4239,0.0,0.0,4.0,84.0,0.0,0.0,0.0,0
C424,0.0,0.0,2.0,93.0,0.0,12.0,98.0,0
C4241,0.0,0.0,2.0,102.0,1.0,0.0,0.0,0
C4243,3.0,3.0,5.0,35.0,0.0,0.0,0.0,0
C4245,0.0,0.0,1.0,4.0,0.0,4.0,101.0,0
C4246,3.0,3.0,1.0,146.0,0.0,0.0,0.0,0
C4248,0.0,0.0,2.0,89.0,0.0,0.0,0.0,0
C4249,8.0,14.0,4.0,69.0,0.0,0.0,0.0,0
C425,0.0,0.0,2.0,105.0,0.0,12.0,95.0,0
C4251,3.0,3.0,3.0,45.0,0.0,0.0,0.0,0
C4253,0.0,0.0,2.0,154.0,0.0,13.0,78.0,0
C4254,21.0,1305.0,4.0,136.0,0.0,0.0,0.0,0
C4257,0.0,0.0,2.0,87.0,0.0,0.0,0.0,0
C4258,0.0,0.0,3.0,49.0,0.0,0.0,0.0,0
C426,3.0,5.0,3.0,1049.0,0.0,0.0,0.0,0
C4260,0.0,0.0,2.0,54.0,0.0,11.0,42.0,0
C4262,0.0,0.0,1.0,62.0,0.0,16.0,87.0,0
C4264,8.0,63.0,5.0,61.0,0.0,0.0,0.0,0
C4265,0.0,0.0,2.0,62.0,0.0,0.0,0.0,0
C4267,0.0,0.0,3.0,146.0,0.0,16.0,93.0,0
C4269,0.0,0.0,4.0,108.0,0.0,0.0,0.0,0
C427,0.0,0.0,2.0,89.0,0.0,13.0,99.0,0
C4271,25.0,1074.0,6.0,63.0,0.0,0.0,0.0,0
C4273,0.0,0.0,3.0,49.0,0.0,0.0,0.0,0
C4276,0.0,0.0,1.0,42.0,0.0,0.0,0.0,0
C4278,2.0,6.0,4.0,35.0,0.0,0.0,0.0,0
C428,17.0,98.0,2.0,111.0,0.0,10.0,91.0,0
C4280,0.0,0.0,1.0,50.0,0.0,0.0,0.0,0
C4282,0.0,0.0,4.0,48.0,0.0,0.0,0.0,0
C4284,0.0,0.0,1.0,64.0,0.0,12.0,50.0,0
C4285,0.0,0.0,3.0,53.0,0.0,0.0,0.0,0
C4287,0.0,0.0,5.0,89.0,0.0,0.0,0.0,0
C4289,0.0,0.0,3.0,102.0,0.0,2.0,33.0,0
C429,0.0,0.0,1.0,92.0,0.0,9.0,140.0,0
C4291,23.0,2350.0,3.0,125.0,0.0,0.0,0.0,0
C4294,0.0,0.0,2.0,35.0,0.0,0.0,0.0,0
C4295,0.0,0.0,5.0,40.0,0.0,0.0,0.0,0
C4297,18.0,851.0,3.0,57.0,0.0,0.0,0.0,0
C4299,0.0,0.0,4.0,66.0,0.0,0.0,0.0,0
C43,5.0,5.0,2.0,83.0,0.0,12.0,87.0,0
C430,0.0,0.0,2.0,81.0,0.0,6.0,128.0,0
C4301,0.0,0.0,1.0,74.0,0.0,0.0,0.0,0
C4303,0.0,0.0,4.0,64.0,0.0,0.0,0.0,0
C4305,0.0,0.0,4.0,42.0,0.0,0.0,0.0,0
C4306,0.0,0.0,3.0,48.0,0.0,0.0,0.0,0
C4308,13.0,23.0,1.0,22.0,0.0,0.0,0.0,0
C431,0.0,0.0,4.0,1084.0,0.0,0.0,0.0,0
C4310,0.0,0.0,1.0,32.0,0.0,2.0,68.0,0
C4311,2.0,3.0,4.0,38.0,0.0,0.0,0.0,0
C4313,6.0,7.0,2.0,43.0,0.0,2.0,16.0,0
C4314,5.0,13.0,5.0,90.0,0.0,0.0,0.0,0
C4315,0.0,0.0,3.0,110.0,0.0,15.0,51.0,0
C4316,0.0,0.0,3.0,50.0,0.0,0.0,0.0,0
C4318,0.0,0.0,2.0,68.0,0.0,16.0,110.0,0
C4319,0.0,0.0,5.0,50.0,0.0,0.0,0.0,0
C432,0.0,0.0,2.0,92.0,0.0,11.0,92.0,0
C4321,0.0,0.0,2.0,33.0,0.0,0.0,0.0,0
C4323,0.0,0.0,5.0,70.0,0.0,0.0,0.0,0
C4325,0.0,0.0,5.0,65.0,0.0,0.0,0.0,0
C4327,0.0,0.0,2.0,113.0,0.0,12.0,61.0,0
C4329,0.0,0.0,9.0,48.0,0.0,0.0,0.0,0
C433,4.0,4.0,3.0,1043.0,0.0,0.0,0.0,0
C4331,0.0,0.0,1.0,30.0,0.0,0.0,0.0,0
C4333,7.0,45.0,1.0,30.0,0.0,0.0,0.0,0
C4334,0.0,0.0,1.0,44.0,0.0,17.0,40.0,0
C4335,0.0,0.0,3.0,66.0,0.0,0.0,0.0,0
C4337,8.0,13.0,5.0,81.0,0.0,0.0,0.0,0
C4339,0.0,0.0,6.0,60.0,0.0,0.0,0.0,0
C434,0.0,0.0,1.0,31.0,0.0,11.0,91.0,0
C4341,0.0,0.0,1.0,22.0,0.0,0.0,0.0,0
C4343,1.0,1.0,4.0,32.0,0.0,0.0,0.0,0
C4345,4.0,27.0,5.0,35.0,0.0,0.0,0.0,0
C4347,0.0,0.0,4.0,87.0,0.0,0.0,0.0,0
C4348,0.0,0.0,4.0,74.0,0.0,0.0,0.0,0
C435,5.0,5.0,1.0,74.0,0.0,10.0,134.0,0
C4350,2.0,2.0,3.0,67.0,0.0,0.0,0.0,0
C4352,21.0,1108.0,4.0,31.0,0.0,5.0,34.0,0
C4353,0.0,0.0,3.0,48.0,0.0,0.0,0.0,0
C4355,2.0,2.0,4.0,53.0,0.0,0.0,0.0,0
C4358,4.0,6.0,5.0,76.0,0.0,0.0,0.0,0
C4359,0.0,0.0,3.0,35.0,0.0,0.0,0.0,0
C436,25.0,1469.0,2.0,102.0,0.0,21.0,128.0,0
C4363,0.0,0.0,5.0,61.0,0.0,0.0,0.0,0
C4365,0.0,0.0,3.0,44.0,0.0,0.0,0.0,0
C4367,22.0,1159.0,5.0,95.0,0.0,0.0,0.0,0
C4369,0.0,0.0,4.0,82.0,0.0,0.0,0.0,0
C437,8.0,31.0,1.0,68.0,0.0,12.0,98.0,0
C4370,0.0,0.0,1.0,99.0,0.0,0.0,0.0,0
C4372,0.0,0.0,4.0,53.0,0.0,0.0,0.0,0
C4375,0.0,0.0,1.0,79.0,0.0,16.0,108.0,0
C4377,17.0,1234.0,5.0,89.0,0.0,0.0,0.0,0
C4378,0.0,0.0,1.0,95.0,0.0,3.0,71.0,0
C4379,3.0,3.0,4.0,67.0,0.0,0.0,0.0,0
C438,0.0,0.0,1.0,45.0,0.0,10.0,88.0,0
C4381,0.0,0.0,5.0,78.0,0.0,0.0,0.0,0
C4382,8.0,30.0,1.0,30.0,0.0,4.0,16.0,0
C4384,0.0,0.0,3.0,67.0,0.0,0.0,0.0,0
C4387,0.0,0.0,1.0,85.0,0.0,0.0,0.0,0
C4388,0.0,0.0,5.0,64.0,0.0,0.0,0.0,0
C439,0.0,0.0,1.0,42.0,0.0,15.0,133.0,0
C4390,3.0,5.0,4.0,56.0,0.0,0.0,0.0,0
C4392,0.0,0.0,1.0,55.0,0.0,0.0,0.0,0
C4394,2.0,4.0,5.0,99.0,0.0,0.0,0.0,0
C4396,0.0,0.0,3.0,51.0,0.0,0.0,0.0,0
C4398,4.0,228.0,3.0,77.0,0.0,2.0,18.0,0
C44,11.0,27.0,1.0,41.0,0.0,11.0,185.0,0
C440,15.0,122.0,1.0,77.0,0.0,10.0,91.0,0
C4400,0.0,0.0,3.0,65.0,0.0,0.0,0.0,0
C4401,0.0,0.0,1.0,83.0,0.0,0.0,0.0,0
C4403,0.0,0.0,1.0,67.0,0.0,0.0,0.0,0
C4405,0.0,0.0,3.0,56.0,0.0,0.0,0.0,0
C4407,0.0,0.0,2.0,96.0,0.0,0.0,0.0,0
C4408,1.0,3.0,4.0,26.0,0.0,0.0,0.0,0
C441,0.0,0.0,1.0,47.0,0.0,8.0,136.0,0
C4410,0.0,0.0,4.0,30.0,0.0,0.0,0.0,0
C4412,15.0,797.0,3.0,56.0,0.0,0.0,0.0,0
C4414,0.0,0.0,3.0,44.0,0.0,0.0,0.0,0
C4417,3.0,3.0,1.0,28.0,0.0,0.0,0.0,0
C442,0.0,0.0,1.0,45.0,0.0,11.0,88.0,0
C4420,0.0,0.0,1.0,73.0,0.0,0.0,0.0,0
C4421,3.0,3.0,4.0,75.0,0.0,0.0,0.0,0
C4423,0.0,0.0,4.0,76.0,0.0,0.0,0.0,0
C4425,0.0,0.0,4.0,51.0,0.0,0.0,0.0,0
C4426,0.0,0.0,1.0,41.0,0.0,4.0,29.0,0
C4427,0.0,0.0,3.0,48.0,0.0,0.0,0.0,0
C4429,2.0,5.0,4.0,53.0,0.0,0.0,0.0,0
C443,0.0,0.0,3.0,41.0,0.0,14.0,206.0,0
C4431,0.0,0.0,2.0,58.0,0.0,3.0,17.0,0
C4434,2.0,3.0,4.0,41.0,0.0,0.0,0.0,0
C4436,0.0,0.0,1.0,11.0,0.0,0.0,0.0,0
C4438,0.0,0.0,5.0,80.0,0.0,0.0,0.0,0
C444,0.0,0.0,2.0,90.0,0.0,14.0,1654.0,0
C4440,0.0,0.0,4.0,67.0,0.0,0.0,0.0,0
C4442,0.0,0.0,3.0,60.0,0.0,3.0,17.0,0
C4444,0.0,0.0,5.0,69.0,0.0,0.0,0.0,0
C4446,0.0,0.0,3.0,40.0,0.0,0.0,0.0,0
C4448,10.0,14.0,4.0,60.0,0.0,0.0,0.0,0
C4449,0.0,0.0,1.0,46.0,0.0,5.0,87.0,0
C445,8.0,23.0,2.0,79.0,0.0,13.0,95.0,0
C4451,0.0,0.0,5.0,63.0,0.0,0.0,0.0,0
C4453,0.0,0.0,4.0,60.0,0.0,0.0,0.0,0
C4455,0.0,0.0,3.0,46.0,0.0,0.0,0.0,0
C4458,0.0,0.0,1.0,44.0,0.0,0.0,0.0,0
C4459,3.0,5.0,5.0,53.0,0.0,0.0,0.0,0
C446,0.0,0.0,2.0,92.0,0.0,13.0,103.0,0
C4461,0.0,0.0,1.0,30.0,0.0,0.0,0.0,0
C4462,0.0,0.0,3.0,74.0,0.0,0.0,0.0,0
C4464,3.0,31.0,3.0,41.0,0.0,0.0,0.0,0
C4466,0.0,0.0,5.0,76.0,0.0,0.0,0.0,0
C4468,0.0,0.0,5.0,62.0,0.0,0.0,0.0,0
C447,0.0,0.0,2.0,104.0,0.0,11.0,98.0,0
C4470,0.0,0.0,3.0,36.0,0.0,0.0,0.0,0
C4473,0.0,0.0,1.0,11.0,0.0,0.0,0.0,0
C4474,0.0,0.0,1.0,91.0,0.0,11.0,37.0,0
C4476,0.0,0.0,1.0,48.0,0.0,0.0,0.0,0
C4479,5.0,9.0,4.0,73.0,0.0,0.0,0.0,0
C448,0.0,0.0,1.0,31.0,0.0,13.0,144.0,0
C4481,8.0,21.0,5.0,111.0,0.0,0.0,0.0,0
C4483,1.0,1.0,1.0,29.0,0.0,0.0,0.0,0
C4485,1.0,1.0,5.0,59.0,0.0,0.0,0.0,0
C4487,12.0,95.0,3.0,52.0,0.0,0.0,0.0,0
C449,12.0,40.0,7.0,171.0,0.0,17.0,640.0,0
C4490,0.0,0.0,1.0,10.0,0.0,0.0,0.0,0
C4491,0.0,0.0,4.0,56.0,0.0,0.0,0.0,0
C4493,0.0,0.0,3.0,47.0,0.0,0.0,0.0,0
C4495,0.0,0.0,4.0,58.0,0.0,0.0,0.0,0
C4497,7.0,52.0,4.0,61.0,0.0,0.0,0.0,0
C4499,2.0,2.0,3.0,47.0,0.0,0.0,0.0,0
C45,0.0,0.0,1.0,71.0,0.0,11.0,90.0,0
C450,0.0,0.0,1.0,82.0,0.0,12.0,97.0,0
C4501,0.0,0.0,3.0,58.0,0.0,0.0,0.0,0
C4503,0.0,0.0,4.0,60.0,0.0,0.0,0.0,0
C4505,2.0,2.0,4.0,64.0,0.0,0.0,0.0,0
C4508,18.0,1141.0,4.0,60.0,0.0,0.0,0.0,0
C4509,2.0,4.0,3.0,98.0,0.0,0.0,0.0,0
C451,0.0,0.0,2.0,100.0,0.0,15.0,118.0,0
C4511,5.0,6.0,4.0,70.0,0.0,0.0,0.0,0
C4513,19.0,861.0,2.0,44.0,0.0,0.0,0.0,0
C4515,19.0,576.0,6.0,62.0,0.0,0.0,0.0,0
C4517,20.0,730.0,3.0,60.0,0.0,0.0,0.0,0
C4519,0.0,0.0,4.0,80.0,0.0,0.0,0.0,0
C452,0.0,0.0,2.0,3183.0,170.0,10.0,268.0,0
C4521,0.0,0.0,5.0,80.0,0.0,0.0,0.0,0
C4523,0.0,0.0,3.0,39.0,0.0,0.0,0.0,0
C4525,0.0,0.0,4.0,74.0,0.0,0.0,0.0,0
C4527,0.0,0.0,1.0,32.0,0.0,0.0,0.0,0
C4529,2.0,2.0,6.0,24.0,0.0,0.0,0.0,0
C453,21.0,2208.0,2.0,114.0,0.0,13.0,91.0,0
C4531,0.0,0.0,3.0,38.0,0.0,0.0,0.0,0
C4533,0.0,0.0,2.0,70.0,0.0,3.0,33.0,0
C4535,13.0,15.0,3.0,51.0,0.0,0.0,0.0,0
C4537,0.0,0.0,4.0,66.0,0.0,0.0,0.0,0
C4539,0.0,0.0,1.0,39.0,0.0,0.0,0.0,0
C454,0.0,0.0,3.0,186.0,0.0,18.0,210.0,0
C4541,0.0,0.0,5.0,79.0,0.0,0.0,0.0,0
C4543,0.0,0.0,5.0,40.0,0.0,0.0,0.0,0
C4545,10.0,53.0,1.0,49.0,0.0,11.0,58.0,0
C4546,0.0,0.0,2.0,67.0,0.0,1.0,8.0,0
C4548,1.0,1.0,6.0,75.0,0.0,0.0,0.0,0
C455,0.0,0.0,1.0,68.0,0.0,11.0,86.0,0
C4550,15.0,1094.0,3.0,51.0,0.0,0.0,0.0,0
C4552,0.0,0.0,1.0,28.0,0.0,0.0,0.0,0
C4554,0.0,0.0,4.0,92.0,0.0,0.0,0.0,0
C4555,11.0,68.0,1.0,57.0,0.0,17.0,92.0,0
C4556,0.0,0.0,3.0,37.0,0.0,0.0,0.0,0
C4557,0.0,0.0,4.0,35.0,0.0,0.0,0.0,0
C4559,19.0,1113.0,3.0,70.0,0.0,0.0,0.0,0
C456,9.0,22.0,5.0,154.0,0.0,7.0,130.0,0
C4561,0.0,0.0,4.0,57.0,0.0,0.0,0.0,0
C4563,11.0,41.0,4.0,67.0,0.0,0.0,0.0,0
C4565,3.0,27.0,3.0,39.0,0.0,0.0,0.0,0
C4567,17.0,142.0,4.0,54.0,4.0,0.0,0.0,0
C4569,9.0,22.0,3.0,34.0,0.0,0.0,0.0,0
C457,2.0,3.0,2439.0,45270.0,349.0,5.0,48.0,0
C4571,0.0,0.0,4.0,65.0,0.0,0.0,0.0,0
C4573,0.0,0.0,5.0,73.0,0.0,0.0,0.0,0
C4574,2.0,2.0,5.0,41.0,0.0,0.0,0.0,0
C4576,0.0,0.0,5.0,83.0,0.0,0.0,0.0,0
C4578,0.0,0.0,5.0,107.0,0.0,0.0,0.0,0
C458,0.0,0.0,2.0,90.0,0.0,11.0,245.0,0
C4580,0.0,0.0,1.0,85.0,0.0,11.0,65.0,0
C4581,21.0,1117.0,3.0,60.0,0.0,0.0,0.0,0
C4583,0.0,0.0,3.0,42.0,0.0,0.0,0.0,0
C4585,0.0,0.0,4.0,46.0,0.0,0.0,0.0,0
C4587,1.0,1.0,4.0,58.0,0.0,0.0,0.0,0
C4589,6.0,8.0,4.0,38.0,0.0,0.0,0.0,0
C459,0.0,0.0,2.0,88.0,0.0,15.0,128.0,0
C4592,0.0,0.0,2.0,19.0,0.0,0.0,0.0,0
C4593,0.0,0.0,4.0,41.0,0.0,0.0,0.0,0
C4595,1.0,1.0,5.0,49.0,0.0,0.0,0.0,0
C4597,0.0,0.0,2.0,115.0,0.0,2.0,13.0,0
C46,0.0,0.0,13.0,327.0,0.0,6.0,134.0,0
C460,10.0,43.0,1.0,56.0,0.0,11.0,91.0,0
C4600,18.0,1158.0,4.0,101.0,0.0,0.0,0.0,0
C4601,0.0,0.0,3.0,163.0,0.0,11.0,39.0,0
C4603,0.0,0.0,5.0,77.0,0.0,0.0,0.0,0
C4605,0.0,0.0,1.0,93.0,0.0,0.0,0.0,0
C4608,0.0,0.0,3.0,53.0,0.0,0.0,0.0,0
C461,19.0,1494.0,0.0,0.0,0.0,0.0,0.0,0
C4610,1.0,1.0,1.0,37.0,0.0,8.0,57.0,0
C4612,0.0,0.0,4.0,40.0,0.0,0.0,0.0,0
C4614,0.0,0.0,4.0,46.0,0.0,0.0,0.0,0
C4615,0.0,0.0,3.0,141.0,0.0,0.0,0.0,0
C4616,21.0,1566.0,5.0,90.0,0.0,0.0,0.0,0
C4618,17.0,1176.0,3.0,61.0,0.0,0.0,0.0,0
C462,0.0,0.0,2.0,139.0,0.0,16.0,100.0,0
C4620,0.0,0.0,3.0,37.0,0.0,0.0,0.0,0
C4622,0.0,0.0,4.0,72.0,1.0,0.0,0.0,0
C4623,12.0,54.0,4.0,68.0,0.0,0.0,0.0,0
C4626,0.0,0.0,1.0,14.0,0.0,0.0,0.0,0
C4627,3.0,3.0,1.0,34.0,0.0,0.0,0.0,0
C4629,0.0,0.0,3.0,44.0,0.0,0.0,0.0,0
C463,0.0,0.0,1.0,45.0,0.0,12.0,97.0,0
C4631,0.0,0.0,1.0,22.0,0.0,0.0,0.0,0
C4633,0.0,0.0,2.0,86.0,0.0,14.0,47.0,0
C4634,0.0,0.0,4.0,42.0,0.0,0.0,0.0,0
C4636,0.0,0.0,1.0,56.0,0.0,11.0,32.0,0
C4639,0.0,0.0,3.0,125.0,0.0,14.0,86.0,0
C464,2.0,3.0,4.0,63.0,0.0,0.0,0.0,0
C4640,0.0,0.0,3.0,67.0,0.0,0.0,0.0,0
C4642,0.0,0.0,1.0,82.0,0.0,9.0,33.0,0
C4643,14.0,749.0,4.0,61.0,0.0,0.0,0.0,0
C4645,0.0,0.0,7.0,85.0,0.0,13.0,87.0,0
C4647,0.0,0.0,2.0,115.0,0.0,11.0,67.0,0
C4649,2.0,24.0,3.0,67.0,0.0,0.0,0.0,0
C465,6.0,13.0,2.0,58.0,0.0,8.0,110.0,0
C4651,16.0,1220.0,5.0,62.0,0.0,0.0,0.0,0
C4653,15.0,1047.0,1.0,51.0,0.0,2.0,16.0,0
C4655,0.0,0.0,1.0,17.0,0.0,1.0,1.0,0
C4657,0.0,0.0,1.0,27.0,0.0,0.0,0.0,0
C4659,8.0,12.0,2.0,73.0,0.0,21.0,109.0,0
C466,0.0,0.0,4.0,268.0,0.0,62.0,2831.0,0
C4660,0.0,0.0,3.0,35.0,0.0,0.0,0.0,0
C4662,1.0,1.0,1.0,50.0,0.0,0.0,0.0,0
C4665,0.0,0.0,2.0,62.0,0.0,0.0,0.0,0
C4667,8.0,19.0,1.0,53.0,0.0,0.0,0.0,0
C4668,0.0,0.0,1.0,58.0,0.0,10.0,32.0,0
C467,15.0,26.0,2572.0,35856.0,12.0,5.0,45.0,0
C4670,1.0,1.0,1.0,37.0,0.0,0.0,0.0,0
C4672,0.0,0.0,1.0,29.0,0.0,12.0,42.0,0
C4674,0.0,0.0,4.0,39.0,0.0,0.0,0.0,0
C4676,0.0,0.0,1.0,26.0,0.0,0.0,0.0,0
C4679,2.0,2.0,1.0,26.0,0.0,4.0,14.0,0
C468,0.0,0.0,1.0,49.0,0.0,11.0,87.0,0
C4682,0.0,0.0,2.0,49.0,0.0,0.0,0.0,0
C4683,0.0,0.0,1.0,103.0,0.0,0.0,0.0,0
C4686,0.0,0.0,1.0,22.0,0.0,0.0,0.0,0
C4688,5.0,10.0,4.0,102.0,0.0,0.0,0.0,0
C469,3.0,6.0,3.0,126.0,0.0,17.0,108.0,0
C4692,0.0,0.0,1.0,12.0,0.0,0.0,0.0,0
C4693,30.0,867.0,3.0,45.0,0.0,0.0,0.0,0
C4695,0.0,0.0,5.0,68.0,0.0,0.0,0.0,0
C4698,0.0,0.0,4.0,78.0,0.0,0.0,0.0,0
C47,0.0,0.0,2.0,65.0,0.0,13.0,97.0,0
C470,3.0,3.0,2.0,78.0,0.0,13.0,110.0,0
C4700,0.0,0.0,5.0,50.0,0.0,0.0,0.0,0
C4702,0.0,0.0,3.0,49.0,0.0,0.0,0.0,0
C4704,0.0,0.0,3.0,58.0,0.0,0.0,0.0,0
C4706,0.0,0.0,1.0,71.0,0.0,0.0,0.0,0
C4708,0.0,0.0,3.0,52.0,0.0,0.0,0.0,0
C4709,0.0,0.0,5.0,53.0,0.0,0.0,0.0,0
C471,4.0,5.0,2.0,87.0,0.0,11.0,182.0,0
C4711,0.0,0.0,2.0,28.0,0.0,1.0,1.0,0
C4712,4.0,4.0,5.0,62.0,0.0,0.0,0.0,0
C4714,0.0,0.0,1.0,69.0,0.0,11.0,66.0,0
C4716,0.0,0.0,4.0,49.0,0.0,0.0,0.0,0
C4719,7.0,9.0,2.0,171.0,130.0,0.0,0.0,0
C472,0.0,0.0,2.0,54.0,0.0,18.0,121.0,0
C4720,2.0,2.0,4.0,68.0,0.0,0.0,0.0,0
C4722,23.0,1428.0,5.0,95.0,0.0,0.0,0.0,0
C4724,0.0,0.0,2.0,30.0,0.0,0.0,0.0,0
C4726,1.0,1.0,1.0,53.0,0.0,12.0,24.0,0
C4728,1.0,1.0,1.0,41.0,0.0,36.0,73.0,0
C473,0.0,0.0,4.0,119.0,0.0,11.0,251.0,0
C4730,0.0,0.0,5.0,77.0,0.0,0.0,0.0,0
C4731,7.0,10.0,4.0,69.0,0.0,0.0,0.0,0
C4733,0.0,0.0,1.0,65.0,0.0,17.0,127.0,0
C4735,0.0,0.0,6.0,81.0,0.0,0.0,0.0,0
C4738,0.0,0.0,2.0,68.0,0.0,0.0,0.0,0
C474,0.0,0.0,1.0,71.0,0.0,11.0,86.0,0
C4740,2.0,2.0,3.0,62.0,0.0,7.0,116.0,0
C4741,0.0,0.0,2.0,48.0,0.0,0.0,0.0,0
C4743,0.0,0.0,3.0,54.0,0.0,0.0,0.0,0
C4745,0.0,0.0,3.0,77.0,0.0,0.0,0.0,0
C4747,0.0,0.0,1.0,121.0,0.0,3.0,49.0,0
C475,12.0,47.0,2.0,80.0,0.0,13.0,90.0,0
C4750,4.0,4.0,2.0,70.0,0.0,0.0,0.0,0
C4751,0.0,0.0,1.0,31.0,0.0,0.0,0.0,0
C4753,16.0,1041.0,4.0,34.0,0.0,0.0,0.0,0
C4755,0.0,0.0,4.0,58.0,0.0,0.0,0.0,0
C4757,10.0,20.0,3.0,46.0,0.0,0.0,0.0,0
C4759,0.0,0.0,1.0,98.0,0.0,2.0,10.0,0
C476,0.0,0.0,2.0,55.0,0.0,8.0,158.0,0
C4760,0.0,0.0,3.0,39.0,0.0,0.0,0.0,0
C4761,4.0,7.0,3.0,53.0,0.0,6.0,42.0,0
C4764,0.0,0.0,1.0,39.0,0.0,0.0,0.0,0
C4765,0.0,0.0,1.0,93.0,0.0,11.0,132.0,0
C4767,6.0,17.0,4.0,60.0,0.0,0.0,0.0,0
C4769,6.0,6.0,6.0,73.0,0.0,0.0,0.0,0
C477,0.0,0.0,2.0,2611.0,330.0,7.0,248.0,0
C4771,0.0,0.0,1.0,93.0,0.0,11.0,64.0,0
C4773,0.0,0.0,2.0,48.0,0.0,0.0,0.0,0
C4775,0.0,0.0,4.0,70.0,0.0,0.0,0.0,0
C4777,2.0,2.0,1.0,66.0,0.0,0.0,0.0,0
C4778,5.0,5.0,3.0,55.0,0.0,0.0,0.0,0
C478,4.0,21.0,1.0,71.0,0.0,12.0,96.0,0
C4781,13.0,47.0,3.0,114.0,0.0,0.0,0.0,0
C4782,0.0,0.0,5.0,34.0,0.0,0.0,0.0,0
C4784,0.0,0.0,1.0,45.0,0.0,2.0,12.0,0
C4787,0.0,0.0,1.0,13.0,0.0,0.0,0.0,0
C4788,0.0,0.0,1.0,40.0,0.0,0.0,0.0,0
C479,0.0,0.0,1.0,48.0,0.0,10.0,89.0,0
C4790,0.0,0.0,3.0,55.0,0.0,0.0,0.0,0
C4792,0.0,0.0,4.0,35.0,0.0,0.0,0.0,0
C4794,0.0,0.0,1.0,46.0,0.0,0.0,0.0,0
C4797,0.0,0.0,2.0,80.0,0.0,0.0,0.0,0
C4798,0.0,0.0,5.0,73.0,0.0,0.0,0.0,0
C48,0.0,0.0,2.0,92.0,0.0,11.0,87.0,0
C480,0.0,0.0,2.0,3476.0,0.0,10.0,91.0,0
C4800,13.0,79.0,2.0,108.0,0.0,14.0,89.0,0
C4801,4.0,4.0,3.0,42.0,0.0,0.0,0.0,0
C4803,0.0,0.0,5.0,55.0,0.0,0.0,0.0,0
C4804,3.0,3.0,5.0,87.0,48.0,0.0,0.0,0
C4807,0.0,0.0,1.0,8.0,0.0,0.0,0.0,0
C4808,3.0,4.0,3.0,64.0,0.0,0.0,0.0,0
C4810,12.0,14.0,1.0,96.0,0.0,4.0,14.0,0
C4812,5.0,11.0,5.0,69.0,0.0,0.0,0.0,0
C4814,0.0,0.0,4.0,59.0,0.0,0.0,0.0,0
C4816,0.0,0.0,3.0,65.0,0.0,0.0,0.0,0
C4818,2.0,2.0,1.0,37.0,0.0,0.0,0.0,0
C482,7.0,38.0,2.0,52.0,0.0,5.0,66.0,0
C4820,1.0,1.0,5.0,45.0,0.0,0.0,0.0,0
C4823,17.0,50.0,4.0,40.0,0.0,0.0,0.0,0
C4825,0.0,0.0,3.0,42.0,0.0,0.0,0.0,0
C4827,0.0,0.0,2.0,5.0,0.0,0.0,0.0,0
C4828,0.0,0.0,1.0,43.0,0.0,8.0,82.0,0
C4829,0.0,0.0,3.0,49.0,0.0,0.0,0.0,0
C483,0.0,0.0,2.0,52.0,0.0,13.0,95.0,0
C4831,7.0,12.0,4.0,122.0,0.0,0.0,0.0,0
C4832,0.0,0.0,2.0,2.0,0.0,0.0,0.0,0
C4833,0.0,0.0,1.0,39.0,0.0,0.0,0.0,0
C4835,17.0,1317.0,4.0,106.0,0.0,0.0,0.0,0
C4837,0.0,0.0,5.0,106.0,0.0,0.0,0.0,0
C4839,0.0,0.0,2.0,54.0,0.0,4.0,39.0,0
C484,22.0,1765.0,2.0,61.0,0.0,19.0,124.0,0
C4841,3.0,16.0,1.0,35.0,0.0,11.0,30.0,0
C4843,0.0,0.0,1.0,131.0,0.0,1.0,8.0,0
C4845,0.0,0.0,2.0,38.0,0.0,0.0,0.0,0
C4847,1.0,3.0,3.0,41.0,0.0,0.0,0.0,0
C4849,2.0,2.0,2.0,143.0,8.0,1.0,8.0,0
C485,0.0,0.0,2.0,111.0,0.0,12.0,94.0,0
C4851,4.0,6.0,3.0,47.0,0.0,4.0,24.0,0
C4854,0.0,0.0,2.0,75.0,0.0,0.0,0.0,0
C4856,2.0,2.0,4.0,61.0,0.0,0.0,0.0,0
C4858,14.0,2556.0,1.0,65.0,65.0,4.0,27.0,0
C4859,8.0,17.0,5.0,81.0,0.0,0.0,0.0,0
C486,0.0,0.0,6.0,270.0,0.0,55.0,3559.0,0
C4861,2.0,2.0,1.0,22.0,0.0,0.0,0.0,0
C4863,0.0,0.0,1.0,11.0,0.0,0.0,0.0,0
C4864,2.0,2.0,4.0,51.0,0.0,0.0,0.0,0
C4866,2.0,2.0,2.0,113.0,0.0,11.0,68.0,0
C4867,0.0,0.0,6.0,50.0,0.0,0.0,0.0,0
C4869,0.0,0.0,2.0,97.0,0.0,0.0,0.0,0
C487,0.0,0.0,3.0,99.0,0.0,13.0,183.0,0
C4871,3.0,5.0,4.0,63.0,0.0,0.0,0.0,0
C4872,10.0,22.0,2.0,62.0,0.0,18.0,61.0,0
C4874,0.0,0.0,4.0,68.0,0.0,0.0,0.0,0
C4876,0.0,0.0,1.0,5.0,0.0,19.0,60.0,0
C4877,2.0,2.0,5.0,38.0,0.0,0.0,0.0,0
C4879,0.0,0.0,4.0,94.0,0.0,0.0,0.0,0
C488,0.0,0.0,2.0,99.0,0.0,10.0,91.0,0
C4881,2.0,2.0,5.0,79.0,0.0,0.0,0.0,0
C4883,0.0,0.0,4.0,56.0,0.0,0.0,0.0,0
C4885,0.0,0.0,3.0,40.0,0.0,0.0,0.0,0
C4887,0.0,0.0,3.0,56.0,0.0,0.0,0.0,0
C4889,0.0,0.0,5.0,41.0,0.0,0.0,0.0,0
C489,0.0,0.0,1.0,66.0,0.0,12.0,99.0,0
C4891,0.0,0.0,5.0,105.0,0.0,0.0,0.0,0
C4893,0.0,0.0,3.0,53.0,0.0,0.0,0.0,0
C4895,5.0,8.0,4.0,58.0,0.0,0.0,0.0,0
C4897,0.0,0.0,4.0,54.0,0.0,0.0,0.0,0
C4899,0.0,0.0,3.0,51.0,0.0,0.0,0.0,0
C49,0.0,0.0,2.0,71.0,0.0,12.0,91.0,0
C490,0.0,0.0,3.0,659.0,0.0,11.0,78.0,0
C4902,0.0,0.0,3.0,26.0,0.0,0.0,0.0,0
C4903,0.0,0.0,1.0,31.0,0.0,0.0,0.0,0
C4905,0.0,0.0,5.0,36.0,0.0,0.0,0.0,0
C4907,0.0,0.0,7.0,63.0,0.0,0.0,0.0,0
C4909,0.0,0.0,4.0,48.0,0.0,0.0,0.0,0
C491,0.0,0.0,1.0,60.0,0.0,12.0,94.0,0
C4911,1.0,1.0,4.0,65.0,0.0,0.0,0.0,0
C4914,12.0,1022.0,3.0,64.0,2.0,0.0,0.0,0
C4915,0.0,0.0,2.0,165.0,0.0,11.0,159.0,0
C4917,8.0,16.0,5.0,67.0,0.0,0.0,0.0,0
C492,0.0,0.0,7.0,174.0,0.0,9.0,6930.0,0
C4920,0.0,0.0,1.0,51.0,0.0,0.0,0.0,0
C4921,0.0,0.0,5.0,50.0,0.0,0.0,0.0,0
C4924,0.0,0.0,2.0,51.0,0.0,9.0,109.0,0
C4925,3.0,4.0,4.0,38.0,0.0,0.0,0.0,0
C4927,11.0,12.0,3.0,259.0,0.0,13.0,86.0,0
C4929,0.0,0.0,4.0,86.0,0.0,0.0,0.0,0
C493,0.0,0.0,3.0,132.0,0.0,13.0,98.0,0
C4931,0.0,0.0,5.0,52.0,0.0,0.0,0.0,0
C4933,0.0,0.0,2.0,92.0,0.0,16.0,45.0,0
C4934,0.0,0.0,1.0,63.0,0.0,0.0,0.0,0
C4936,0.0,0.0,2.0,127.0,0.0,14.0,37.0,0
C4937,0.0,0.0,1.0,73.0,0.0,12.0,40.0,0
C4939,0.0,0.0,1.0,55.0,0.0,15.0,94.0,0
C494,0.0,0.0,2.0,52.0,0.0,13.0,98.0,0
C4941,0.0,0.0,3.0,130.0,0.0,18.0,72.0,0
C4942,7.0,10.0,5.0,75.0,0.0,0.0,0.0,0
C4944,0.0,0.0,1.0,69.0,0.0,11.0,28.0,0
C4946,0.0,0.0,5.0,45.0,0.0,0.0,0.0,0
C4948,2.0,3.0,1.0,85.0,0.0,14.0,79.0,0
C495,0.0,0.0,2.0,58.0,0.0,16.0,268.0,0
C4951,1.0,2.0,1.0,31.0,0.0,0.0,0.0,0
C4953,12.0,43.0,2.0,80.0,0.0,16.0,72.0,0
C4955,0.0,0.0,3.0,42.0,0.0,0.0,0.0,0
C4957,3.0,6.0,4.0,57.0,0.0,0.0,0.0,0
C4958,0.0,0.0,2.0,60.0,0.0,6.0,36.0,0
C496,0.0,0.0,2.0,71.0,0.0,11.0,90.0,0
C4960,0.0,0.0,4.0,61.0,0.0,0.0,0.0,0
C4962,7.0,54.0,4.0,43.0,0.0,0.0,0.0,0
C4964,0.0,0.0,3.0,41.0,0.0,0.0,0.0,0
C4967,0.0,0.0,3.0,51.0,0.0,0.0,0.0,0
C4969,0.0,0.0,2.0,113.0,0.0,14.0,55.0,0
C497,0.0,0.0,2.0,95.0,0.0,14.0,223.0,0
C4971,0.0,0.0,7.0,88.0,4.0,0.0,0.0,0
C4973,6.0,7.0,4.0,37.0,0.0,0.0,0.0,0
C4975,0.0,0.0,1.0,87.0,0.0,17.0,117.0,0
C4977,0.0,0.0,1.0,66.0,0.0,0.0,0.0,0
C4979,4.0,5.0,4.0,60.0,0.0,0.0,0.0,0
C498,8.0,29.0,3.0,98.0,0.0,13.0,98.0,0
C4981,0.0,0.0,3.0,44.0,0.0,0.0,0.0,0
C4983,14.0,247.0,1.0,43.0,0.0,2.0,22.0,0
C4984,0.0,0.0,1.0,38.0,0.0,10.0,60.0,0
C4986,3.0,3.0,5.0,46.0,0.0,0.0,0.0,0
C4988,20.0,1164.0,6.0,79.0,0.0,0.0,0.0,0
C499,0.0,0.0,2.0,95.0,0.0,14.0,99.0,0
C4991,0.0,0.0,1.0,28.0,0.0,0.0,0.0,0
C4992,1.0,1.0,3.0,43.0,0.0,0.0,0.0,0
C4995,0.0,0.0,1.0,54.0,0.0,0.0,0.0,0
C4996,6.0,7.0,1.0,39.0,0.0,0.0,0.0,0
C4998,2.0,3.0,1.0,118.0,0.0,4.0,17.0,0
C5,0.0,0.0,2.0,71.0,0.0,16.0,132.0,0
C50,0.0,0.0,2.0,75.0,0.0,16.0,148.0,0
C500,0.0,0.0,2.0,36.0,0.0,4.0,1670.0,0
C5000,1.0,1.0,3.0,51.0,0.0,0.0,0.0,0
C5002,0.0,0.0,4.0,80.0,0.0,0.0,0.0,0
C5004,0.0,0.0,3.0,42.0,0.0,0.0,0.0,0
C5006,9.0,21.0,1.0,127.0,0.0,16.0,96.0,0
C5008,0.0,0.0,1.0,34.0,0.0,3.0,26.0,0
C501,2.0,2.0,1.0,56.0,0.0,2.0,37.0,0
C5010,0.0,0.0,4.0,75.0,0.0,0.0,0.0,0
C5012,0.0,0.0,2.0,57.0,0.0,6.0,12.0,0
C5015,0.0,0.0,2.0,63.0,0.0,0.0,0.0,0
C5016,0.0,0.0,2.0,44.0,0.0,0.0,0.0,0
C5018,3.0,4.0,3.0,30.0,0.0,0.0,0.0,0
C502,12.0,40.0,2.0,90.0,0.0,17.0,104.0,0
C5020,3.0,3.0,3.0,36.0,0.0,0.0,0.0,0
C5022,0.0,0.0,4.0,35.0,0.0,0.0,0.0,0
C5024,0.0,0.0,1.0,33.0,0.0,3.0,62.0,0
C5026,0.0,0.0,3.0,27.0,0.0,0.0,0.0,0
C5028,0.0,0.0,1.0,27.0,0.0,0.0,0.0,0
C503,0.0,0.0,3.0,71.0,0.0,15.0,102.0,0
C5030,0.0,0.0,2.0,35.0,0.0,12.0,100.0,0
C5031,2.0,2.0,1.0,45.0,0.0,0.0,0.0,0
C5033,0.0,0.0,3.0,50.0,0.0,0.0,0.0,0
C5035,0.0,0.0,3.0,28.0,0.0,0.0,0.0,0
C5037,5.0,10.0,5.0,53.0,0.0,0.0,0.0,0
C5039,4.0,63.0,3.0,37.0,0.0,0.0,0.0,0
C504,0.0,0.0,1.0,50.0,0.0,9.0,155.0,0
C5042,13.0,22.0,1.0,66.0,0.0,0.0,0.0,0
C5043,13.0,292.0,4.0,38.0,0.0,0.0,0.0,0
C5045,15.0,1050.0,3.0,48.0,0.0,0.0,0.0,0
C5047,7.0,76.0,3.0,48.0,0.0,0.0,0.0,0
C505,0.0,0.0,3.0,96.0,0.0,15.0,120.0,0
C5050,0.0,0.0,2.0,50.0,0.0,0.0,0.0,0
C5051,0.0,0.0,3.0,42.0,0.0,0.0,0.0,0
C5053,0.0,0.0,1.0,35.0,0.0,0.0,0.0,0
C5055,0.0,0.0,1.0,55.0,0.0,0.0,0.0,0
C5057,0.0,0.0,4.0,50.0,0.0,0.0,0.0,0
C5059,0.0,0.0,4.0,85.0,0.0,0.0,0.0,0
C506,0.0,0.0,2.0,4707.0,304.0,8.0,246.0,0
C5061,5.0,9.0,6.0,56.0,0.0,0.0,0.0,0
C5063,1.0,1.0,5.0,61.0,0.0,0.0,0.0,0
C5065,0.0,0.0,2.0,65.0,0.0,0.0,0.0,0
C5067,1.0,1.0,5.0,41.0,0.0,0.0,0.0,0
C5069,11.0,25.0,5.0,88.0,0.0,0.0,0.0,0
C507,0.0,0.0,2.0,60.0,0.0,13.0,102.0,0
C5071,0.0,0.0,1.0,40.0,0.0,0.0,0.0,0
C5073,0.0,0.0,2.0,32.0,0.0,0.0,0.0,0
C5074,3.0,14.0,1.0,53.0,0.0,0.0,0.0,0
C5076,7.0,30.0,3.0,52.0,0.0,0.0,0.0,0
C5078,0.0,0.0,3.0,49.0,0.0,0.0,0.0,0
C508,1.0,1.0,1.0,28.0,0.0,11.0,87.0,0
C5080,2.0,2.0,1.0,44.0,0.0,4.0,35.0,0
C5082,1.0,21.0,3.0,49.0,0.0,0.0,0.0,0
C5084,0.0,0.0,4.0,42.0,0.0,0.0,0.0,0
C5086,4.0,7.0,3.0,32.0,0.0,0.0,0.0,0
C5089,0.0,0.0,2.0,87.0,0.0,0.0,0.0,0
C509,0.0,0.0,2.0,107.0,0.0,11.0,86.0,0
C5090,0.0,0.0,4.0,68.0,0.0,0.0,0.0,0
C5092,1.0,1.0,4.0,40.0,0.0,0.0,0.0,0
C5094,9.0,10.0,4.0,41.0,0.0,0.0,0.0,0
C5096,4.0,4.0,3.0,609.0,0.0,0.0,0.0,0
C5097,4.0,4.0,4.0,88.0,0.0,0.0,0.0,0
C5099,0.0,0.0,3.0,50.0,0.0,0.0,0.0,0
C51,0.0,0.0,2.0,207.0,0.0,12.0,94.0,0
C510,0.0,0.0,2.0,61.0,0.0,12.0,90.0,0
C5102,0.0,0.0,3.0,36.0,0.0,0.0,0.0,0
C5105,0.0,0.0,4.0,37.0,0.0,0.0,0.0,0
C5107,0.0,0.0,6.0,61.0,0.0,0.0,0.0,0
C5109,0.0,0.0,6.0,73.0,0.0,0.0,0.0,0
C511,4.0,4.0,1.0,75.0,0.0,11.0,89.0,0
C5111,21.0,1362.0,1.0,30.0,0.0,0.0,0.0,0
C5113,0.0,0.0,4.0,71.0,0.0,0.0,0.0,0
C5115,4.0,8.0,4.0,89.0,0.0,0.0,0.0,0
C5117,0.0,0.0,6.0,68.0,0.0,0.0,0.0,0
C512,0.0,0.0,2.0,57.0,0.0,13.0,95.0,0
C5120,0.0,0.0,2.0,50.0,0.0,0.0,0.0,0
C5121,0.0,0.0,2.0,59.0,0.0,0.0,0.0,0
C5123,0.0,0.0,3.0,79.0,0.0,0.0,0.0,0
C5125,0.0,0.0,3.0,36.0,0.0,0.0,0.0,0
C5128,6.0,7.0,1.0,11.0,0.0,0.0,0.0,0
C5129,0.0,0.0,4.0,52.0,0.0,0.0,0.0,0
C513,0.0,0.0,2.0,37.0,0.0,10.0,144.0,0
C5131,2.0,4.0,2.0,51.0,0.0,0.0,0.0,0
C5133,3.0,3.0,3.0,51.0,0.0,0.0,0.0,0
C5136,0.0,0.0,1.0,2.0,0.0,0.0,0.0,0
C5137,3.0,3.0,4.0,36.0,0.0,0.0,0.0,0
C5139,1.0,7.0,5.0,63.0,0.0,0.0,0.0,0
C514,0.0,0.0,1.0,56.0,0.0,7.0,132.0,0
C5141,0.0,0.0,7.0,53.0,0.0,0.0,0.0,0
C5143,1.0,1.0,2.0,100.0,0.0,2.0,12.0,0
C5145,0.0,0.0,4.0,48.0,0.0,0.0,0.0,0
C5147,0.0,0.0,1.0,33.0,0.0,0.0,0.0,0
C5149,3.0,4.0,3.0,38.0,0.0,0.0,0.0,0
C515,22.0,1361.0,4.0,162.0,0.0,14.0,104.0,0
C5151,0.0,0.0,6.0,102.0,0.0,0.0,0.0,0
C5152,1.0,1.0,1.0,40.0,0.0,2.0,5.0,0
C5154,13.0,694.0,4.0,33.0,0.0,0.0,0.0,0
C5156,7.0,13.0,5.0,29.0,0.0,0.0,0.0,0
C5157,0.0,0.0,4.0,45.0,0.0,0.0,0.0,0
C5159,8.0,8.0,3.0,64.0,0.0,0.0,0.0,0
C516,0.0,0.0,1.0,1102.0,0.0,0.0,0.0,0
C5161,12.0,19.0,4.0,72.0,0.0,0.0,0.0,0
C5163,0.0,0.0,1.0,20.0,0.0,0.0,0.0,0
C5165,0.0,0.0,3.0,58.0,0.0,0.0,0.0,0
C5167,0.0,0.0,2.0,61.0,59.0,0.0,0.0,0
C517,12.0,55.0,1.0,83.0,0.0,9.0,86.0,0
C5170,0.0,0.0,2.0,100.0,1.0,0.0,0.0,0
C5172,0.0,0.0,4.0,38.0,0.0,0.0,0.0,0
C5174,1.0,18.0,3.0,42.0,0.0,0.0,0.0,0
C5176,21.0,1362.0,1.0,54.0,0.0,0.0,0.0,0
C5178,0.0,0.0,1.0,31.0,0.0,0.0,0.0,0
C518,2.0,2.0,2.0,81.0,0.0,10.0,156.0,0
C5181,0.0,0.0,3.0,49.0,0.0,0.0,0.0,0
C5183,3.0,4.0,1.0,33.0,0.0,0.0,0.0,0
C5185,0.0,0.0,2.0,5.0,0.0,0.0,0.0,0
C5186,15.0,692.0,3.0,12.0,0.0,0.0,0.0,0
C5188,4.0,63.0,5.0,43.0,0.0,0.0,0.0,0
C519,0.0,0.0,2.0,69.0,0.0,12.0,91.0,0
C5190,0.0,0.0,3.0,50.0,0.0,0.0,0.0,0
C5192,0.0,0.0,5.0,86.0,0.0,0.0,0.0,0
C5194,2.0,3.0,4.0,68.0,0.0,0.0,0.0,0
C5196,6.0,7.0,1.0,38.0,0.0,3.0,18.0,0
C5198,0.0,0.0,6.0,60.0,0.0,0.0,0.0,0
C52,0.0,0.0,1.0,55.0,0.0,8.0,144.0,0
C520,0.0,0.0,2.0,90.0,0.0,11.0,90.0,0
C5200,0.0,0.0,3.0,53.0,0.0,0.0,0.0,0
C5202,0.0,0.0,5.0,91.0,0.0,0.0,0.0,0
C5204,0.0,0.0,4.0,37.0,0.0,0.0,0.0,0
C5207,0.0,0.0,1.0,80.0,0.0,0.0,0.0,0
C5208,0.0,0.0,1.0,22.0,0.0,0.0,0.0,0
C521,6.0,6.0,2.0,98.0,0.0,17.0,108.0,0
C5211,0.0,0.0,1.0,45.0,0.0,0.0,0.0,0
C5212,3.0,4.0,3.0,63.0,0.0,0.0,0.0,0
C5215,0.0,0.0,4.0,83.0,0.0,0.0,0.0,0
C5216,0.0,0.0,5.0,67.0,0.0,0.0,0.0,0
C5218,9.0,17.0,6.0,53.0,0.0,0.0,0.0,0
C522,0.0,0.0,1.0,40.0,0.0,11.0,94.0,0
C5220,3.0,3.0,4.0,47.0,0.0,0.0,0.0,0
C5222,0.0,0.0,3.0,41.0,0.0,0.0,0.0,0
C5224,0.0,0.0,6.0,91.0,0.0,0.0,0.0,0
C5225,5.0,6.0,4.0,41.0,0.0,0.0,0.0,0
C5227,0.0,0.0,4.0,47.0,0.0,0.0,0.0,0
C5229,1.0,1.0,5.0,38.0,0.0,0.0,0.0,0
C523,0.0,0.0,23.0,8091.0,18.0,15.0,3337.0,0
C5232,0.0,0.0,2.0,115.0,0.0,13.0,41.0,0
C5233,2.0,4.0,5.0,92.0,0.0,0.0,0.0,0
C5234,0.0,0.0,3.0,58.0,0.0,0.0,0.0,0
C5237,0.0,0.0,2.0,61.0,0.0,0.0,0.0,0
C5238,1.0,1.0,3.0,69.0,0.0,3.0,31.0,0
C524,0.0,0.0,3.0,120.0,0.0,13.0,98.0,0
C5240,0.0,0.0,1.0,67.0,0.0,17.0,58.0,0
C5243,5.0,6.0,1.0,49.0,0.0,0.0,0.0,0
C5244,0.0,0.0,4.0,67.0,0.0,4.0,28.0,0
C5246,0.0,0.0,4.0,58.0,0.0,0.0,0.0,0
C5248,3.0,6.0,6.0,58.0,0.0,0.0,0.0,0
C525,0.0,0.0,2.0,86.0,0.0,15.0,278.0,0
C5250,0.0,0.0,5.0,56.0,0.0,0.0,0.0,0
C5252,0.0,0.0,1.0,89.0,0.0,5.0,92.0,0
C5253,0.0,0.0,2.0,38.0,0.0,0.0,0.0,0
C5255,0.0,0.0,7.0,63.0,0.0,0.0,0.0,0
C5257,0.0,0.0,2.0,48.0,0.0,14.0,97.0,0
C5258,6.0,52.0,3.0,27.0,0.0,0.0,0.0,0
C526,0.0,0.0,1.0,40.0,0.0,11.0,175.0,0
C5261,4.0,17.0,2.0,21.0,0.0,0.0,0.0,0
C5262,0.0,0.0,6.0,63.0,1.0,0.0,0.0,0
C5264,1.0,4.0,1.0,63.0,0.0,0.0,0.0,0
C5266,1.0,3.0,2.0,32.0,0.0,0.0,0.0,0
C5269,12.0,47.0,4.0,86.0,0.0,0.0,0.0,0
C527,0.0,0.0,47.0,6271.0,29.0,0.0,0.0,0
C5271,0.0,0.0,3.0,43.0,0.0,0.0,0.0,0
C5274,3.0,3.0,1.0,59.0,0.0,0.0,0.0,0
C5276,14.0,58.0,3.0,59.0,0.0,0.0,0.0,0
C5277,4.0,5.0,3.0,50.0,0.0,0.0,0.0,0
C5279,27.0,1597.0,5.0,73.0,0.0,0.0,0.0,0
C528,4.0,6.0,2294.0,35405.0,12.0,8.0,134.0,0
C5281,0.0,0.0,3.0,31.0,0.0,0.0,0.0,0
C5283,0.0,0.0,1.0,30.0,0.0,1.0,8.0,0
C5286,0.0,0.0,3.0,48.0,0.0,0.0,0.0,0
C5288,2.0,2.0,5.0,63.0,0.0,0.0,0.0,0
C529,0.0,0.0,2638.0,40587.0,52.0,5.0,51.0,0
C5290,0.0,0.0,4.0,106.0,0.0,0.0,0.0,0
C5292,1.0,1.0,5.0,64.0,0.0,0.0,0.0,0
C5294,15.0,45.0,6.0,106.0,0.0,0.0,0.0,0
C5295,0.0,0.0,3.0,42.0,0.0,0.0,0.0,0
C5297,0.0,0.0,1.0,49.0,0.0,2.0,10.0,0
C5299,1.0,2.0,3.0,87.0,0.0,0.0,0.0,0
C53,0.0,0.0,3.0,123.0,0.0,16.0,101.0,0
C5301,4.0,4.0,1.0,20.0,0.0,0.0,0.0,0
C5303,0.0,0.0,4.0,53.0,0.0,0.0,0.0,0
C5305,0.0,0.0,2.0,73.0,0.0,16.0,46.0,0
C5306,0.0,0.0,1.0,20.0,0.0,0.0,0.0,0
C5308,0.0,0.0,1.0,79.0,0.0,15.0,50.0,0
C5309,2.0,4.0,4.0,36.0,0.0,0.0,0.0,0
C531,0.0,0.0,3.0,109.0,0.0,12.0,104.0,0
C5311,1.0,1.0,1.0,53.0,0.0,16.0,72.0,0
C5313,1.0,1.0,3.0,35.0,0.0,0.0,0.0,0
C5315,0.0,0.0,6.0,82.0,0.0,0.0,0.0,0
C5317,0.0,0.0,2.0,49.0,0.0,0.0,0.0,0
C532,0.0,0.0,3.0,107.0,0.0,15.0,130.0,0
C5320,0.0,0.0,3.0,86.0,0.0,0.0,0.0,0
C5321,3.0,3.0,4.0,56.0,0.0,0.0,0.0,0
C5323,14.0,1065.0,1.0,55.0,0.0,2.0,10.0,0
C5325,0.0,0.0,3.0,72.0,0.0,0.0,0.0,0
C5327,0.0,0.0,6.0,59.0,0.0,0.0,0.0,0
C5329,0.0,0.0,4.0,77.0,0.0,0.0,0.0,0
C533,3.0,5.0,2.0,54.0,0.0,13.0,95.0,0
C5332,12.0,566.0,3.0,61.0,0.0,0.0,0.0,0
C5333,4.0,4.0,4.0,92.0,0.0,32.0,157.0,0
C5334,6.0,10.0,3.0,70.0,0.0,0.0,0.0,0
C5336,0.0,0.0,3.0,86.0,0.0,0.0,0.0,0
C5337,19.0,737.0,2.0,97.0,0.0,0.0,0.0,0
C5339,0.0,0.0,3.0,38.0,0.0,0.0,0.0,0
C534,12.0,88.0,2.0,92.0,0.0,10.0,92.0,0
C5342,0.0,0.0,1.0,34.0,0.0,0.0,0.0,0
C5343,0.0,0.0,1.0,57.0,0.0,0.0,0.0,0
C5345,0.0,0.0,3.0,52.0,0.0,0.0,0.0,0
C5347,0.0,0.0,4.0,34.0,0.0,0.0,0.0,0
C5349,0.0,0.0,3.0,161.0,0.0,0.0,0.0,0
C535,3.0,4.0,1.0,58.0,0.0,15.0,103.0,0
C5351,5.0,7.0,1.0,68.0,0.0,0.0,0.0,0
C5352,12.0,24.0,5.0,46.0,0.0,0.0,0.0,0
C5353,11.0,25.0,4.0,59.0,0.0,0.0,0.0,0
C5356,0.0,0.0,1.0,51.0,0.0,0.0,0.0,0
C5358,14.0,730.0,3.0,45.0,0.0,0.0,0.0,0
C536,20.0,94.0,1.0,84.0,0.0,17.0,101.0,0
C5360,1.0,1.0,1.0,31.0,0.0,2.0,20.0,0
C5362,0.0,0.0,1.0,22.0,0.0,1.0,1.0,0
C5364,0.0,0.0,6.0,68.0,0.0,0.0,0.0,0
C5365,0.0,0.0,4.0,49.0,0.0,0.0,0.0,0
C5367,1.0,1.0,3.0,35.0,0.0,0.0,0.0,0
C5369,0.0,0.0,4.0,61.0,0.0,0.0,0.0,0
C537,0.0,0.0,2.0,67.0,0.0,17.0,374.0,0
C5371,1.0,3.0,3.0,66.0,0.0,0.0,0.0,0
C5374,1.0,1.0,2.0,92.0,7.0,0.0,0.0,0
C5375,0.0,0.0,3.0,46.0,0.0,0.0,0.0,0
C5377,3.0,8.0,5.0,47.0,0.0,0.0,0.0,0
C5379,0.0,0.0,1.0,47.0,0.0,0.0,0.0,0
C5381,14.0,209.0,1.0,53.0,0.0,12.0,42.0,0
C5382,5.0,6.0,5.0,52.0,0.0,0.0,0.0,0
C5385,3.0,5.0,1.0,34.0,0.0,0.0,0.0,0
C5386,5.0,6.0,2.0,30.0,0.0,0.0,0.0,0
C5388,5.0,6.0,4.0,62.0,0.0,0.0,0.0,0
C539,0.0,0.0,35.0,5310.0,0.0,0.0,0.0,0
C5390,0.0,0.0,6.0,50.0,0.0,0.0,0.0,0
C5392,0.0,0.0,2.0,8.0,0.0,0.0,0.0,0
C5394,0.0,0.0,4.0,62.0,0.0,0.0,0.0,0
C5396,0.0,0.0,3.0,61.0,0.0,0.0,0.0,0
C5398,0.0,0.0,7.0,65.0,0.0,0.0,0.0,0
C54,0.0,0.0,1.0,58.0,0.0,14.0,108.0,0
C540,0.0,0.0,3.0,449.0,0.0,8.0,1106.0,0
C5400,0.0,0.0,2.0,44.0,0.0,0.0,0.0,0
C5401,0.0,0.0,3.0,86.0,4.0,11.0,41.0,0
C5402,7.0,12.0,5.0,26.0,0.0,0.0,0.0,0
C5404,0.0,0.0,3.0,41.0,0.0,0.0,0.0,0
C5407,0.0,0.0,2.0,62.0,0.0,0.0,0.0,0
C5408,0.0,0.0,2.0,122.0,0.0,12.0,76.0,0
C541,3.0,3.0,1.0,62.0,0.0,7.0,136.0,0
C5410,0.0,0.0,5.0,66.0,0.0,0.0,0.0,0
C5412,6.0,7.0,4.0,55.0,0.0,0.0,0.0,0
C5414,4.0,7.0,2.0,78.0,0.0,17.0,42.0,0
C5416,0.0,0.0,3.0,47.0,0.0,0.0,0.0,0
C5418,0.0,0.0,3.0,108.0,0.0,16.0,56.0,0
C542,9.0,17.0,2.0,95.0,0.0,18.0,171.0,0
C5420,0.0,0.0,4.0,41.0,0.0,0.0,0.0,0
C5422,0.0,0.0,1.0,42.0,0.0,2.0,18.0,0
C5424,1.0,2.0,3.0,13.0,0.0,0.0,0.0,0
C5426,0.0,0.0,7.0,92.0,0.0,0.0,0.0,0
C5427,0.0,0.0,5.0,79.0,0.0,0.0,0.0,0
C5429,0.0,0.0,2.0,103.0,0.0,9.0,42.0,0
C543,0.0,0.0,1.0,51.0,0.0,11.0,90.0,0
C5431,0.0,0.0,2.0,56.0,0.0,2.0,13.0,0
C5433,3.0,4.0,4.0,76.0,0.0,0.0,0.0,0
C5436,0.0,0.0,1.0,111.0,0.0,0.0,0.0,0
C5437,0.0,0.0,3.0,50.0,0.0,4.0,32.0,0
C5439,0.0,0.0,2.0,104.0,0.0,0.0,0.0,0
C544,0.0,0.0,1.0,65.0,0.0,11.0,93.0,0
C5441,0.0,0.0,5.0,65.0,0.0,0.0,0.0,0
C5443,0.0,0.0,2.0,96.0,0.0,11.0,67.0,0
C5445,3.0,8.0,6.0,43.0,0.0,0.0,0.0,0
C5446,0.0,0.0,1.0,22.0,0.0,0.0,0.0,0
C5449,0.0,0.0,1.0,32.0,0.0,0.0,0.0,0
C545,0.0,0.0,1.0,129.0,0.0,10.0,138.0,0
C5450,3.0,12.0,7.0,211.0,0.0,4.0,25.0,0
C5451,0.0,0.0,1.0,59.0,0.0,11.0,69.0,0
C5453,0.0,0.0,1.0,74.0,0.0,0.0,0.0,0
C5455,0.0,0.0,4.0,55.0,0.0,0.0,0.0,0
C5458,1.0,1.0,2.0,150.0,0.0,0.0,0.0,0
C5459,1.0,1.0,3.0,46.0,0.0,0.0,0.0,0
C546,0.0,0.0,1.0,60.0,0.0,14.0,236.0,0
C5461,17.0,1135.0,3.0,66.0,0.0,0.0,0.0,0
C5463,3.0,9.0,1.0,37.0,0.0,0.0,0.0,0
C5466,0.0,0.0,1.0,10.0,0.0,0.0,0.0,0
C5467,0.0,0.0,5.0,43.0,0.0,0.0,0.0,0
C5469,0.0,0.0,4.0,33.0,0.0,0.0,0.0,0
C547,9.0,12.0,2.0,52.0,0.0,14.0,100.0,0
C5471,3.0,4.0,1.0,9.0,0.0,0.0,0.0,0
C5472,0.0,0.0,4.0,64.0,0.0,0.0,0.0,0
C5474,0.0,0.0,1.0,44.0,0.0,0.0,0.0,0
C5476,0.0,0.0,1.0,25.0,0.0,0.0,0.0,0
C5478,0.0,0.0,3.0,73.0,0.0,0.0,0.0,0
C548,0.0,0.0,1.0,65.0,0.0,11.0,93.0,0
C5480,0.0,0.0,2.0,68.0,0.0,0.0,0.0,0
C5481,0.0,0.0,1.0,19.0,0.0,0.0,0.0,0
C5483,0.0,0.0,3.0,58.0,0.0,0.0,0.0,0
C5485,3.0,3.0,4.0,60.0,0.0,0.0,0.0,0
C5487,15.0,69.0,5.0,46.0,0.0,3.0,26.0,0
C5489,1.0,1.0,1.0,102.0,0.0,2.0,11.0,0
C549,15.0,185.0,12.0,42.0,0.0,8.0,150.0,0
C5491,0.0,0.0,1.0,20.0,0.0,0.0,0.0,0
C5493,0.0,0.0,6.0,79.0,0.0,0.0,0.0,0
C5496,0.0,0.0,3.0,63.0,0.0,3.0,39.0,0
C5498,5.0,8.0,4.0,61.0,0.0,0.0,0.0,0
C55,0.0,0.0,2.0,77.0,0.0,14.0,110.0,0
C550,0.0,0.0,2.0,72.0,0.0,11.0,86.0,0
C5500,3.0,4.0,1.0,53.0,0.0,0.0,0.0,0
C5502,0.0,0.0,5.0,53.0,0.0,0.0,0.0,0
C5504,0.0,0.0,3.0,64.0,0.0,0.0,0.0,0
C5506,0.0,0.0,3.0,48.0,0.0,0.0,0.0,0
C5508,4.0,5.0,3.0,44.0,0.0,0.0,0.0,0
C551,0.0,0.0,1.0,52.0,0.0,11.0,90.0,0
C5510,0.0,0.0,1.0,10.0,0.0,0.0,0.0,0
C5511,0.0,0.0,4.0,72.0,0.0,0.0,0.0,0
C5513,0.0,0.0,3.0,43.0,0.0,0.0,0.0,0
C5515,5.0,8.0,4.0,96.0,0.0,0.0,0.0,0
C5517,8.0,10.0,5.0,86.0,0.0,0.0,0.0,0
C5519,0.0,0.0,6.0,61.0,0.0,0.0,0.0,0
C552,0.0,0.0,2.0,51.0,0.0,11.0,89.0,0
C5521,0.0,0.0,4.0,62.0,0.0,0.0,0.0,0
C5524,0.0,0.0,1.0,42.0,0.0,0.0,0.0,0
C5527,0.0,0.0,3.0,73.0,0.0,0.0,0.0,0
C5528,9.0,48.0,3.0,33.0,0.0,0.0,0.0,0
C553,0.0,0.0,15.0,10452.0,0.0,13.0,2943.0,0
C5530,3.0,4.0,4.0,71.0,0.0,0.0,0.0,0
C5534,0.0,0.0,2.0,42.0,0.0,3.0,27.0,0
C5536,1.0,1.0,1.0,33.0,0.0,0.0,0.0,0
C5538,0.0,0.0,6.0,39.0,0.0,0.0,0.0,0
C5540,4.0,9.0,5.0,71.0,0.0,0.0,0.0,0
C5542,4.0,4.0,5.0,110.0,0.0,0.0,0.0,0
C5546,0.0,0.0,2.0,73.0,4.0,0.0,0.0,0
C5547,0.0,0.0,3.0,30.0,0.0,0.0,0.0,0
C555,0.0,0.0,2.0,105.0,0.0,13.0,100.0,0
C5550,0.0,0.0,1.0,12.0,0.0,0.0,0.0,0
C5551,0.0,0.0,1.0,12.0,0.0,0.0,0.0,0
C5552,0.0,0.0,3.0,103.0,0.0,10.0,37.0,0
C5554,0.0,0.0,1.0,52.0,0.0,14.0,41.0,0
C5557,0.0,0.0,2.0,47.0,0.0,19.0,64.0,0
C556,3.0,5.0,3.0,45.0,0.0,5.0,96.0,0
C5561,0.0,0.0,1.0,78.0,0.0,11.0,62.0,0
C5565,0.0,0.0,4.0,25.0,0.0,0.0,0.0,0
C5566,0.0,0.0,1.0,20.0,0.0,0.0,0.0,0
C5568,0.0,0.0,2.0,115.0,0.0,15.0,76.0,0
C557,0.0,0.0,1.0,48.0,0.0,11.0,96.0,0
C5571,1.0,1.0,2.0,37.0,0.0,0.0,0.0,0
C5572,0.0,0.0,1.0,61.0,0.0,13.0,36.0,0
C5574,0.0,0.0,1.0,94.0,0.0,11.0,42.0,0
C5575,0.0,0.0,2.0,4.0,0.0,0.0,0.0,0
C5576,0.0,0.0,2.0,71.0,0.0,8.0,32.0,0
C5577,0.0,0.0,1.0,75.0,0.0,10.0,35.0,0
C5578,5.0,9.0,3.0,102.0,0.0,13.0,41.0,0
C558,0.0,0.0,2.0,82.0,0.0,17.0,106.0,0
C5580,0.0,0.0,2.0,105.0,0.0,15.0,137.0,0
C5582,0.0,0.0,3.0,76.0,0.0,16.0,52.0,0
C5583,6.0,36.0,1.0,75.0,0.0,13.0,44.0,0
C5584,0.0,0.0,1.0,83.0,0.0,14.0,39.0,0
C5585,0.0,0.0,1.0,104.0,0.0,17.0,38.0,0
C5588,0.0,0.0,1.0,2.0,0.0,0.0,0.0,0
C559,0.0,0.0,2.0,69.0,0.0,20.0,138.0,0
C5590,0.0,0.0,1.0,10.0,0.0,0.0,0.0,0
C5592,0.0,0.0,1.0,10.0,0.0,0.0,0.0,0
C5593,0.0,0.0,3.0,135.0,0.0,16.0,47.0,0
C5594,0.0,0.0,2.0,89.0,0.0,13.0,54.0,0
C5597,0.0,0.0,1.0,6.0,0.0,0.0,0.0,0
C5599,0.0,0.0,1.0,5.0,0.0,0.0,0.0,0
C56,0.0,0.0,2.0,105.0,0.0,10.0,91.0,0
C560,0.0,0.0,2.0,94.0,0.0,12.0,93.0,0
C5601,0.0,0.0,1.0,4.0,0.0,0.0,0.0,0
C5602,0.0,0.0,1.0,79.0,0.0,13.0,46.0,0
C5604,0.0,0.0,1.0,54.0,0.0,11.0,63.0,0
C5607,0.0,0.0,1.0,10.0,0.0,0.0,0.0,0
C5608,0.0,0.0,2.0,85.0,0.0,14.0,81.0,0
C5609,0.0,0.0,1.0,57.0,0.0,11.0,37.0,0
C561,0.0,0.0,6.0,1249.0,0.0,20.0,173.0,0
C5611,0.0,0.0,1.0,6.0,0.0,0.0,0.0,0
C5612,0.0,0.0,1.0,2.0,0.0,0.0,0.0,0
C5613,0.0,0.0,1.0,64.0,0.0,12.0,39.0,0
C5614,0.0,0.0,1.0,81.0,0.0,11.0,37.0,0
C5617,0.0,0.0,1.0,2.0,0.0,0.0,0.0,0
C5618,0.0,0.0,6.0,45.0,0.0,3.0,24.0,0
C5620,0.0,0.0,1.0,4.0,0.0,0.0,0.0,0
C5624,0.0,0.0,1.0,6.0,0.0,0.0,0.0,0
C5626,0.0,0.0,1.0,74.0,0.0,11.0,62.0,0
C5628,0.0,0.0,2.0,56.0,0.0,15.0,80.0,0
C563,4.0,4.0,1.0,34.0,0.0,11.0,89.0,0
C5630,0.0,0.0,2.0,108.0,0.0,14.0,34.0,0
C5632,0.0,0.0,2.0,92.0,0.0,10.0,27.0,0
C5633,10.0,24.0,2.0,105.0,0.0,12.0,38.0,0
C5635,14.0,276.0,2.0,68.0,0.0,9.0,28.0,0
C5637,0.0,0.0,1.0,10.0,0.0,0.0,0.0,0
C5638,11.0,579.0,1.0,10.0,0.0,2.0,12.0,0
C5640,0.0,0.0,1.0,2.0,0.0,0.0,0.0,0
C5642,9.0,137.0,1.0,10.0,0.0,0.0,0.0,0
C5645,0.0,0.0,1.0,11.0,0.0,0.0,0.0,0
C5646,15.0,105.0,2.0,15.0,0.0,3.0,22.0,0
C5648,0.0,0.0,1.0,2.0,0.0,0.0,0.0,0
C565,3.0,4.0,3.0,47.0,0.0,9.0,203.0,0
C5650,0.0,0.0,1.0,2.0,0.0,0.0,0.0,0
C5651,0.0,0.0,3.0,16.0,0.0,0.0,0.0,0
C5653,0.0,0.0,3.0,61.0,0.0,0.0,0.0,0
C5654,0.0,0.0,3.0,18.0,0.0,0.0,0.0,0
C5655,0.0,0.0,2.0,6.0,0.0,0.0,0.0,0
C5658,0.0,0.0,1.0,1.0,0.0,0.0,0.0,0
C5659,14.0,135.0,3.0,22.0,0.0,6.0,29.0,0
C566,0.0,0.0,1.0,56.0,0.0,10.0,89.0,0
C5661,0.0,0.0,1.0,7.0,0.0,0.0,0.0,0
C5662,0.0,0.0,1.0,12.0,0.0,0.0,0.0,0
C5667,0.0,0.0,2.0,5.0,0.0,0.0,0.0,0
C5671,0.0,0.0,4.0,71.0,0.0,0.0,0.0,0
C5672,0.0,0.0,1.0,4.0,0.0,0.0,0.0,0
C5674,0.0,0.0,1.0,2.0,0.0,0.0,0.0,0
C5675,0.0,0.0,1.0,2.0,0.0,0.0,0.0,0
C5677,0.0,0.0,1.0,6.0,0.0,0.0,0.0,0
C5678,0.0,0.0,3.0,38.0,0.0,0.0,0.0,0
C5679,0.0,0.0,1.0,8.0,0.0,0.0,0.0,0
C568,7.0,15.0,5.0,112.0,0.0,0.0,0.0,0
C5681,0.0,0.0,1.0,2.0,0.0,0.0,0.0,0
C5682,0.0,0.0,1.0,4.0,0.0,0.0,0.0,0
C5683,0.0,0.0,2.0,5.0,0.0,0.0,0.0,0
C5685,0.0,0.0,1.0,2.0,0.0,0.0,0.0,0
C5686,0.0,0.0,1.0,6.0,0.0,0.0,0.0,0
C569,10.0,24.0,1.0,37.0,0.0,11.0,90.0,0
C5690,0.0,0.0,1.0,2.0,0.0,0.0,0.0,0
C5691,0.0,0.0,1.0,1.0,0.0,0.0,0.0,0
C5693,15.0,31.0,3.0,154.0,0.0,38.0,158.0,0
C5696,0.0,0.0,2.0,12.0,0.0,0.0,0.0,0
C5698,0.0,0.0,1.0,15.0,0.0,0.0,0.0,0
C57,0.0,0.0,1.0,63.0,0.0,11.0,86.0,0
C570,0.0,0.0,2.0,74.0,0.0,14.0,103.0,0
C5705,0.0,0.0,1.0,2.0,0.0,0.0,0.0,0
C5707,0.0,0.0,1.0,3.0,0.0,0.0,0.0,0
C571,0.0,0.0,2.0,91.0,0.0,11.0,96.0,0
C5720,4.0,6.0,0.0,0.0,0.0,0.0,0.0,0
C5721,5.0,18.0,0.0,0.0,0.0,0.0,0.0,0
C573,4.0,6.0,2.0,93.0,0.0,13.0,233.0,0
C5732,0.0,0.0,1.0,2.0,0.0,0.0,0.0,0
C5739,0.0,0.0,1.0,2.0,0.0,0.0,0.0,0
C574,7.0,17.0,38.0,6658.0,0.0,0.0,0.0,0
C5741,0.0,0.0,1.0,2.0,0.0,0.0,0.0,0
C5742,13.0,26.0,0.0,0.0,0.0,0.0,0.0,0
C5744,17.0,56.0,0.0,0.0,0.0,0.0,0.0,0
C575,2.0,2.0,2.0,76.0,0.0,14.0,99.0,0
C5753,0.0,0.0,1.0,6.0,0.0,0.0,0.0,0
C5757,2.0,3.0,5.0,89.0,0.0,0.0,0.0,0
C576,6.0,28.0,2.0,105.0,0.0,13.0,106.0,0
C5763,298.0,1944.0,4.0,7.0,0.0,0.0,0.0,0
C5764,0.0,0.0,3.0,61.0,0.0,9.0,22.0,0
C577,10.0,52.0,1.0,70.0,0.0,11.0,89.0,0
C5771,8.0,10.0,4.0,121.0,0.0,0.0,0.0,0
C5774,17.0,449.0,0.0,0.0,0.0,0.0,0.0,0
C5776,17.0,205.0,0.0,0.0,0.0,0.0,0.0,0
C5778,40.0,13549.0,2.0,132.0,0.0,16.0,111.0,0
C578,0.0,0.0,1.0,55.0,0.0,11.0,90.0,0
C5782,237.0,1534.0,3.0,49.0,2.0,0.0,0.0,0
C5783,0.0,0.0,3.0,110.0,0.0,13.0,39.0,0
C5784,2.0,16.0,0.0,0.0,0.0,0.0,0.0,0
C5785,27.0,4498.0,0.0,0.0,0.0,0.0,0.0,0
C5788,21.0,326.0,0.0,0.0,0.0,0.0,0.0,0
C579,0.0,0.0,1.0,47.0,0.0,10.0,92.0,0
C5791,25.0,664.0,1.0,9.0,8.0,0.0,0.0,0
C5794,21.0,1689.0,0.0,0.0,0.0,0.0,0.0,0
C5796,0.0,0.0,2.0,67.0,0.0,13.0,104.0,0
C5799,0.0,0.0,1.0,55.0,0.0,11.0,88.0,0
C58,19.0,1309.0,1.0,39.0,0.0,10.0,146.0,0
C580,1.0,1.0,2.0,70.0,0.0,19.0,210.0,0
C5801,9.0,15.0,1.0,3.0,0.0,0.0,0.0,0
C5809,20.0,371.0,0.0,0.0,0.0,0.0,0.0,0
C581,2.0,4.0,1.0,70.0,0.0,15.0,107.0,0
C5810,1.0,2.0,0.0,0.0,0.0,0.0,0.0,0
C5811,21.0,993.0,0.0,0.0,0.0,0.0,0.0,0
C5817,25.0,622.0,0.0,0.0,0.0,0.0,0.0,0
C582,0.0,0.0,2.0,44.0,0.0,16.0,126.0,0
C5820,26.0,1539.0,0.0,0.0,0.0,0.0,0.0,0
C5827,25.0,775.0,0.0,0.0,0.0,0.0,0.0,0
C5828,39.0,4884.0,0.0,0.0,0.0,12.0,26.0,0
C583,1.0,2.0,6.0,74.0,0.0,7.0,38.0,0
C5830,0.0,0.0,2.0,93.0,0.0,29.0,121.0,0
C5834,23.0,762.0,0.0,0.0,0.0,0.0,0.0,0
C5837,0.0,0.0,1.0,46.0,0.0,10.0,51.0,0
C5839,2.0,2.0,1.0,37.0,0.0,0.0,0.0,0
C584,0.0,0.0,2.0,100.0,0.0,13.0,100.0,0
C5841,0.0,0.0,4.0,67.0,0.0,0.0,0.0,0
C5843,0.0,0.0,1.0,57.0,0.0,11.0,86.0,0
C5845,0.0,0.0,2.0,79.0,0.0,17.0,134.0,0
C5847,0.0,0.0,2.0,82.0,0.0,13.0,97.0,0
C585,1.0,2.0,118.0,7943.0,0.0,3.0,76.0,0
C5850,0.0,0.0,3.0,977.0,0.0,15.0,346.0,0
C5853,0.0,0.0,4.0,66.0,0.0,5.0,40.0,0
C5855,19.0,334.0,0.0,0.0,0.0,0.0,0.0,0
C5857,26.0,928.0,0.0,0.0,0.0,0.0,0.0,0
C586,0.0,0.0,2871.0,65302.0,0.0,6.0,43.0,0
C5862,22.0,578.0,0.0,0.0,0.0,0.0,0.0,0
C5864,23.0,658.0,0.0,0.0,0.0,0.0,0.0,0
C5866,0.0,0.0,3.0,173.0,0.0,15.0,105.0,0
C5874,13.0,25.0,0.0,0.0,0.0,0.0,0.0,0
C5875,23.0,9162.0,0.0,0.0,0.0,0.0,0.0,0
C5876,21.0,166.0,0.0,0.0,0.0,0.0,0.0,0
C5878,20.0,5713.0,0.0,0.0,0.0,0.0,0.0,0
C5879,19.0,1323.0,0.0,0.0,0.0,0.0,0.0,0
C588,0.0,0.0,4.0,95.0,0.0,14.0,90.0,0
C5880,10.0,14.0,0.0,0.0,0.0,0.0,0.0,0
C5883,0.0,0.0,3.0,82.0,0.0,0.0,0.0,0
C5884,0.0,0.0,8.0,114.0,0.0,65.0,257.0,0
C5887,16.0,115.0,0.0,0.0,0.0,0.0,0.0,0
C5888,19.0,124.0,0.0,0.0,0.0,0.0,0.0,0
C589,6.0,9.0,2.0,100.0,34.0,9.0,135.0,0
C5891,4.0,4.0,0.0,0.0,0.0,0.0,0.0,0
C5892,26.0,1060.0,0.0,0.0,0.0,0.0,0.0,0
C5893,20.0,284.0,0.0,0.0,0.0,0.0,0.0,0
C5894,13.0,111.0,0.0,0.0,0.0,0.0,0.0,0
C5898,20.0,171.0,0.0,0.0,0.0,0.0,0.0,0
C59,0.0,0.0,2.0,121.0,0.0,14.0,115.0,0
C590,0.0,0.0,2.0,89.0,0.0,11.0,89.0,0
C5901,28.0,1580.0,0.0,0.0,0.0,0.0,0.0,0
C5902,27.0,524.0,2.0,84.0,0.0,12.0,105.0,0
C5904,24.0,316.0,0.0,0.0,0.0,0.0,0.0,0
C5905,0.0,0.0,1.0,36.0,0.0,11.0,90.0,0
C5908,12.0,42.0,0.0,0.0,0.0,0.0,0.0,0
C5909,27.0,2297.0,0.0,0.0,0.0,0.0,0.0,0
C591,0.0,0.0,1.0,42.0,0.0,12.0,101.0,0
C5910,22.0,402.0,0.0,0.0,0.0,0.0,0.0,0
C5911,21.0,176.0,0.0,0.0,0.0,0.0,0.0,0
C5913,29.0,2621.0,1.0,4.0,0.0,10.0,21.0,0
C5917,20.0,64.0,0.0,0.0,0.0,0.0,0.0,0
C5919,21.0,796.0,3.0,60.0,0.0,13.0,32.0,0
C592,0.0,0.0,1.0,59.0,0.0,12.0,91.0,0
C5920,0.0,0.0,1.0,5.0,0.0,0.0,0.0,0
C5921,0.0,0.0,5.0,269.0,0.0,67.0,264.0,0
C5923,0.0,0.0,4.0,118.0,0.0,52.0,118.0,0
C5924,0.0,0.0,3.0,70.0,0.0,23.0,55.0,0
C5925,0.0,0.0,6.0,145.0,0.0,12.0,24.0,0
C5927,0.0,0.0,4.0,146.0,0.0,63.0,276.0,0
C5929,0.0,0.0,4.0,103.0,0.0,53.0,152.0,0
C593,0.0,0.0,3.0,120.0,0.0,19.0,112.0,0
C5931,0.0,0.0,3.0,154.0,0.0,43.0,151.0,0
C5933,0.0,0.0,0.0,0.0,0.0,43.0,119.0,0
C5934,22.0,381.0,0.0,0.0,0.0,11.0,12.0,0
C5936,0.0,0.0,0.0,0.0,0.0,47.0,80.0,0
C5937,0.0,0.0,0.0,0.0,0.0,12.0,29.0,0
C5939,26.0,1347.0,0.0,0.0,0.0,90.0,576.0,0
C594,0.0,0.0,2.0,84.0,0.0,10.0,96.0,0
C5941,20.0,218.0,0.0,0.0,0.0,0.0,0.0,0
C5942,4.0,14.0,0.0,0.0,0.0,0.0,0.0,0
C5946,3.0,28.0,0.0,0.0,0.0,0.0,0.0,0
C5948,24.0,1956.0,0.0,0.0,0.0,0.0,0.0,0
C5949,8.0,38.0,0.0,0.0,0.0,0.0,0.0,0
C595,0.0,0.0,2.0,92.0,0.0,15.0,110.0,0
C5953,24.0,598.0,0.0,0.0,0.0,0.0,0.0,0
C5956,19.0,72.0,0.0,0.0,0.0,0.0,0.0,0
C5957,3.0,3.0,0.0,0.0,0.0,0.0,0.0,0
C5959,11.0,17.0,0.0,0.0,0.0,0.0,0.0,0
C596,0.0,0.0,1.0,29.0,0.0,11.0,95.0,0
C5961,10.0,20.0,0.0,0.0,0.0,0.0,0.0,0
C597,3.0,7.0,1.0,62.0,0.0,11.0,86.0,0
C5974,2.0,2.0,0.0,0.0,0.0,0.0,0.0,0
C5979,2.0,5.0,0.0,0.0,0.0,0.0,0.0,0
C598,0.0,0.0,2.0,63.0,0.0,9.0,164.0,0
C5999,2.0,3.0,0.0,0.0,0.0,0.0,0.0,0
C6,2.0,6.0,1.0,38.0,0.0,11.0,94.0,0
C60,0.0,0.0,2.0,70.0,0.0,7.0,130.0,0
C600,0.0,0.0,2.0,95.0,0.0,11.0,91.0,0
C601,11.0,20.0,2.0,109.0,0.0,14.0,101.0,0
C6014,13.0,18.0,0.0,0.0,0.0,0.0,0.0,0
C602,0.0,0.0,2.0,63.0,0.0,13.0,91.0,0
C6024,16.0,60.0,0.0,0.0,0.0,0.0,0.0,0
C6033,3.0,6.0,0.0,0.0,0.0,0.0,0.0,0
C6037,21.0,1090.0,0.0,0.0,0.0,0.0,0.0,0
C604,0.0,0.0,1.0,5.0,0.0,0.0,0.0,0
C6041,1.0,1.0,0.0,0.0,0.0,0.0,0.0,0
C6047,8.0,11.0,0.0,0.0,0.0,0.0,0.0,0
C605,0.0,0.0,2.0,99.0,0.0,14.0,107.0,0
C6058,1.0,1.0,0.0,0.0,0.0,0.0,0.0,0
C606,6.0,7.0,6.0,135.0,0.0,15.0,216.0,0
C6066,16.0,79.0,0.0,0.0,0.0,0.0,0.0,0
C6067,21.0,44.0,0.0,0.0,0.0,0.0,0.0,0
C607,0.0,0.0,1.0,64.0,0.0,15.0,126.0,0
C608,22.0,1507.0,1.0,73.0,0.0,11.0,90.0,0
C609,0.0,0.0,1.0,41.0,0.0,12.0,92.0,0
C6093,8.0,11.0,0.0,0.0,0.0,0.0,0.0,0
C6096,2.0,2.0,0.0,0.0,0.0,0.0,0.0,0
C61,0.0,0.0,9.0,5670.0,0.0,10.0,109.0,0
C610,1.0,2.0,2.0,87.0,0.0,11.0,89.0,0
C611,0.0,0.0,3.0,74.0,0.0,3.0,28.0,0
C6110,10.0,21.0,0.0,0.0,0.0,0.0,0.0,0
C612,0.0,0.0,2489.0,39011.0,301.0,8.0,72.0,0
C613,0.0,0.0,2.0,82.0,0.0,12.0,405.0,0
C614,0.0,0.0,2.0,85.0,0.0,15.0,95.0,0
C6143,2.0,2.0,0.0,0.0,0.0,0.0,0.0,0
C6146,9.0,12.0,0.0,0.0,0.0,0.0,0.0,0
C6148,14.0,88.0,0.0,0.0,0.0,0.0,0.0,0
C615,6.0,6.0,2.0,54.0,0.0,11.0,156.0,0
C6155,15.0,31.0,0.0,0.0,0.0,0.0,0.0,0
C616,0.0,0.0,5.0,490.0,2.0,5.0,55.0,0
C6163,3.0,4.0,0.0,0.0,0.0,0.0,0.0,0
C617,0.0,0.0,2.0,105.0,0.0,14.0,111.0,0
C6171,6.0,8.0,0.0,0.0,0.0,0.0,0.0,0
C618,0.0,0.0,2.0,77.0,0.0,13.0,108.0,0
C6181,10.0,46.0,0.0,0.0,0.0,0.0,0.0,0
C6183,5.0,70.0,0.0,0.0,0.0,0.0,0.0,0
C6184,10.0,36.0,0.0,0.0,0.0,0.0,0.0,0
C6189,17.0,78.0,0.0,0.0,0.0,0.0,0.0,0
C619,1.0,1.0,1.0,50.0,0.0,14.0,97.0,0
C62,16.0,266.0,4.0,141.0,0.0,10.0,146.0,0
C620,0.0,0.0,2.0,94.0,0.0,11.0,87.0,0
C6200,3.0,23.0,0.0,0.0,0.0,0.0,0.0,0
C6201,7.0,26.0,0.0,0.0,0.0,0.0,0.0,0
C621,1.0,1.0,2.0,22.0,0.0,9.0,3305.0,0
C6217,19.0,67.0,0.0,0.0,0.0,0.0,0.0,0
C6219,7.0,13.0,0.0,0.0,0.0,0.0,0.0,0
C622,0.0,0.0,2.0,69.0,0.0,16.0,205.0,0
C6223,3.0,4.0,0.0,0.0,0.0,0.0,0.0,0
C6225,3.0,3.0,0.0,0.0,0.0,0.0,0.0,0
C623,0.0,0.0,2.0,67.0,0.0,13.0,101.0,0
C6238,20.0,653.0,0.0,0.0,0.0,0.0,0.0,0
C624,0.0,0.0,2.0,84.0,0.0,14.0,103.0,0
C6247,10.0,31.0,0.0,0.0,0.0,0.0,0.0,0
C6249,3.0,7.0,0.0,0.0,0.0,0.0,0.0,0
C625,0.0,0.0,2230.0,36618.0,70.0,8.0,64.0,0
C6255,7.0,8.0,0.0,0.0,0.0,0.0,0.0,0
C626,9.0,50.0,6.0,212.0,0.0,12.0,223.0,0
C6261,7.0,56.0,0.0,0.0,0.0,0.0,0.0,0
C6267,10.0,22.0,0.0,0.0,0.0,0.0,0.0,0
C627,1.0,1.0,1.0,45.0,0.0,10.0,88.0,0
C6273,11.0,18.0,0.0,0.0,0.0,0.0,0.0,0
C6275,12.0,24.0,0.0,0.0,0.0,0.0,0.0,0
C6279,3.0,5.0,0.0,0.0,0.0,0.0,0.0,0
C628,1.0,4.0,2.0,48.0,0.0,3.0,28.0,0
C6281,17.0,62.0,0.0,0.0,0.0,0.0,0.0,0
C629,0.0,0.0,1.0,62.0,0.0,11.0,180.0,0
C6290,4.0,4.0,0.0,0.0,0.0,0.0,0.0,0
C6296,1.0,1.0,0.0,0.0,0.0,0.0,0.0,0
C63,0.0,0.0,3.0,412.0,0.0,13.0,91.0,0
C630,0.0,0.0,2.0,72.0,0.0,0.0,0.0,0
C6300,6.0,11.0,0.0,0.0,0.0,0.0,0.0,0
C631,19.0,1323.0,5.0,92.0,0.0,14.0,139.0,0
C632,0.0,0.0,2.0,94.0,0.0,23.0,127.0,0
C633,1.0,1.0,1.0,54.0,0.0,10.0,344.0,0
C6332,16.0,61.0,0.0,0.0,0.0,0.0,0.0,0
C6335,13.0,259.0,0.0,0.0,0.0,0.0,0.0,0
C6336,12.0,24.0,0.0,0.0,0.0,0.0,0.0,0
C634,0.0,0.0,1.0,59.0,0.0,11.0,173.0,0
C6342,9.0,20.0,0.0,0.0,0.0,0.0,0.0,0
C6346,26.0,1914.0,0.0,0.0,0.0,0.0,0.0,0
C635,5.0,8.0,1.0,34.0,0.0,11.0,91.0,0
C6358,10.0,14.0,0.0,0.0,0.0,0.0,0.0,0
C636,0.0,0.0,4.0,64.0,0.0,8.0,143.0,0
C6360,16.0,91.0,0.0,0.0,0.0,0.0,0.0,0
C6361,4.0,7.0,0.0,0.0,0.0,0.0,0.0,0
C6367,28.0,1517.0,0.0,0.0,0.0,0.0,0.0,0
C637,0.0,0.0,2.0,74.0,0.0,13.0,99.0,0
C6373,7.0,23.0,0.0,0.0,0.0,0.0,0.0,0
C639,5.0,20.0,3.0,69.0,0.0,5.0,158.0,0
C64,19.0,1041.0,3.0,96.0,0.0,13.0,94.0,0
C640,0.0,0.0,3.0,99.0,0.0,16.0,106.0,0
C6407,7.0,30.0,0.0,0.0,0.0,0.0,0.0,0
C641,0.0,0.0,6.0,200.0,0.0,14.0,121.0,0
C642,1.0,1.0,1.0,50.0,0.0,12.0,87.0,0
C6421,5.0,5.0,0.0,0.0,0.0,0.0,0.0,0
C643,0.0,0.0,1.0,71.0,0.0,11.0,90.0,0
C6433,13.0,45.0,0.0,0.0,0.0,0.0,0.0,0
C644,0.0,0.0,1.0,50.0,0.0,11.0,87.0,0
C6440,19.0,68.0,0.0,0.0,0.0,0.0,0.0,0
C6442,21.0,428.0,0.0,0.0,0.0,0.0,0.0,0
C6445,9.0,20.0,0.0,0.0,0.0,0.0,0.0,0
C6449,3.0,5.0,0.0,0.0,0.0,0.0,0.0,0
C645,0.0,0.0,1.0,68.0,0.0,11.0,91.0,0
C6458,12.0,25.0,0.0,0.0,0.0,0.0,0.0,0
C646,0.0,0.0,2.0,88.0,0.0,11.0,87.0,0
C6466,1.0,11.0,0.0,0.0,0.0,0.0,0.0,0
C647,2.0,2.0,2.0,58.0,0.0,13.0,93.0,0
C648,0.0,0.0,2.0,85.0,0.0,14.0,95.0,0
C649,0.0,0.0,1.0,37.0,0.0,11.0,95.0,0
C6492,6.0,12.0,0.0,0.0,0.0,0.0,0.0,0
C6495,6.0,19.0,0.0,0.0,0.0,0.0,0.0,0
C65,0.0,0.0,1.0,78.0,0.0,17.0,95.0,0
C650,0.0,0.0,2.0,77.0,0.0,13.0,96.0,0
C6503,19.0,80.0,0.0,0.0,0.0,0.0,0.0,0
C6507,15.0,87.0,0.0,0.0,0.0,0.0,0.0,0
C6509,25.0,670.0,0.0,0.0,0.0,0.0,0.0,0
C651,5.0,6.0,2.0,71.0,0.0,17.0,421.0,0
C652,8.0,13.0,1.0,52.0,0.0,12.0,100.0,0
C653,0.0,0.0,1.0,74.0,0.0,10.0,83.0,0
C6530,17.0,36.0,0.0,0.0,0.0,0.0,0.0,0
C6537,32.0,779.0,0.0,0.0,0.0,0.0,0.0,0
C6538,7.0,11.0,0.0,0.0,0.0,0.0,0.0,0
C654,9.0,37.0,1.0,96.0,0.0,10.0,92.0,0
C6542,18.0,83.0,0.0,0.0,0.0,0.0,0.0,0
C655,0.0,0.0,1.0,45.0,0.0,11.0,91.0,0
C656,0.0,0.0,2.0,81.0,0.0,13.0,98.0,0
C6563,7.0,9.0,0.0,0.0,0.0,0.0,0.0,0
C657,33.0,3419.0,4.0,152.0,0.0,0.0,0.0,0
C6572,7.0,59.0,0.0,0.0,0.0,0.0,0.0,0
C6574,15.0,37.0,0.0,0.0,0.0,0.0,0.0,0
C6578,17.0,35.0,0.0,0.0,0.0,0.0,0.0,0
C658,0.0,0.0,2.0,86.0,0.0,11.0,88.0,0
C6586,2.0,2.0,0.0,0.0,0.0,0.0,0.0,0
C6587,10.0,37.0,0.0,0.0,0.0,0.0,0.0,0
C659,0.0,0.0,3.0,115.0,0.0,12.0,93.0,0
C6598,9.0,15.0,0.0,0.0,0.0,0.0,0.0,0
C66,0.0,0.0,1.0,64.0,0.0,11.0,89.0,0
C660,0.0,0.0,1.0,32.0,0.0,11.0,90.0,0
C6604,16.0,117.0,0.0,0.0,0.0,0.0,0.0,0
C6609,14.0,58.0,0.0,0.0,0.0,0.0,0.0,0
C661,0.0,0.0,1.0,50.0,0.0,11.0,88.0,0
C6615,6.0,30.0,0.0,0.0,0.0,0.0,0.0,0
C662,0.0,0.0,2.0,87.0,0.0,11.0,92.0,0
C6621,8.0,10.0,0.0,0.0,0.0,0.0,0.0,0
C6623,1.0,1.0,0.0,0.0,0.0,0.0,0.0,0
C6629,12.0,23.0,0.0,0.0,0.0,0.0,0.0,0
C663,0.0,0.0,2.0,234.0,0.0,17.0,242.0,0
C664,0.0,0.0,2.0,74.0,0.0,17.0,110.0,0
C6641,6.0,9.0,0.0,0.0,0.0,0.0,0.0,0
C6645,2.0,3.0,0.0,0.0,0.0,0.0,0.0,0
C665,0.0,0.0,2.0,58.0,0.0,13.0,91.0,0
C6655,5.0,5.0,0.0,0.0,0.0,0.0,0.0,0
C6657,2.0,4.0,0.0,0.0,0.0,0.0,0.0,0
C6659,6.0,10.0,0.0,0.0,0.0,0.0,0.0,0
C6665,9.0,49.0,0.0,0.0,0.0,0.0,0.0,0
C667,0.0,0.0,3.0,126.0,0.0,11.0,180.0,0
C6673,6.0,6.0,0.0,0.0,0.0,0.0,0.0,0
C6675,5.0,8.0,0.0,0.0,0.0,0.0,0.0,0
C6679,19.0,50.0,0.0,0.0,0.0,0.0,0.0,0
C668,0.0,0.0,3.0,96.0,0.0,19.0,416.0,0
C6689,12.0,33.0,0.0,0.0,0.0,0.0,0.0,0
C669,0.0,0.0,2.0,89.0,0.0,14.0,102.0,0
C6699,15.0,21.0,0.0,0.0,0.0,0.0,0.0,0
C67,2.0,2.0,2.0,61.0,0.0,13.0,100.0,0
C670,0.0,0.0,3.0,122.0,0.0,14.0,98.0,0
C671,0.0,0.0,3.0,117.0,0.0,12.0,87.0,0
C672,0.0,0.0,2.0,75.0,0.0,12.0,89.0,0
C6725,2.0,3.0,0.0,0.0,0.0,0.0,0.0,0
C6729,9.0,11.0,0.0,0.0,0.0,0.0,0.0,0
C673,0.0,0.0,3.0,123.0,0.0,15.0,92.0,0
C6737,15.0,47.0,0.0,0.0,0.0,0.0,0.0,0
C6739,4.0,8.0,0.0,0.0,0.0,0.0,0.0,0
C674,0.0,0.0,2.0,59.0,0.0,16.0,474.0,0
C6741,5.0,8.0,0.0,0.0,0.0,0.0,0.0,0
C6747,1.0,1.0,0.0,0.0,0.0,0.0,0.0,0
C675,1.0,1.0,3.0,77.0,0.0,10.0,44.0,0
C6752,17.0,40.0,0.0,0.0,0.0,0.0,0.0,0
C6758,33.0,2257.0,0.0,0.0,0.0,0.0,0.0,0
C676,0.0,0.0,1.0,48.0,0.0,11.0,89.0,0
C677,16.0,34.0,2.0,76.0,0.0,13.0,95.0,0
C678,0.0,0.0,1.0,53.0,0.0,7.0,130.0,0
C6781,4.0,4.0,0.0,0.0,0.0,0.0,0.0,0
C6785,5.0,9.0,0.0,0.0,0.0,0.0,0.0,0
C679,12.0,49.0,3.0,120.0,0.0,18.0,244.0,0
C6793,7.0,9.0,0.0,0.0,0.0,0.0,0.0,0
C6795,8.0,14.0,0.0,0.0,0.0,0.0,0.0,0
C68,10.0,48.0,1.0,79.0,0.0,9.0,89.0,0
C680,3.0,3.0,1.0,55.0,0.0,14.0,96.0,0
C6801,4.0,5.0,0.0,0.0,0.0,0.0,0.0,0
C6806,4.0,6.0,0.0,0.0,0.0,0.0,0.0,0
C681,0.0,0.0,2.0,82.0,0.0,14.0,97.0,0
C6810,28.0,10807.0,0.0,0.0,0.0,0.0,0.0,0
C6815,5.0,8.0,0.0,0.0,0.0,0.0,0.0,0
C6817,3.0,6.0,0.0,0.0,0.0,0.0,0.0,0
C682,0.0,0.0,1.0,55.0,0.0,11.0,91.0,0
C6823,4.0,4.0,0.0,0.0,0.0,0.0,0.0,0
C6826,9.0,10.0,0.0,0.0,0.0,0.0,0.0,0
C683,0.0,0.0,2.0,77.0,0.0,15.0,106.0,0
C6837,3.0,4.0,0.0,0.0,0.0,0.0,0.0,0
C684,0.0,0.0,3.0,131.0,0.0,13.0,95.0,0
C6841,2.0,3.0,0.0,0.0,0.0,0.0,0.0,0
C6846,7.0,12.0,0.0,0.0,0.0,0.0,0.0,0
C6847,14.0,36.0,0.0,0.0,0.0,0.0,0.0,0
C685,0.0,0.0,3.0,54.0,0.0,6.0,135.0,0
C6855,2.0,15.0,0.0,0.0,0.0,0.0,0.0,0
C6857,27.0,2183.0,0.0,0.0,0.0,0.0,0.0,0
C686,0.0,0.0,3.0,120.0,0.0,15.0,132.0,0
C687,0.0,0.0,1.0,38.0,0.0,13.0,153.0,0
C6871,7.0,14.0,0.0,0.0,0.0,0.0,0.0,0
C6876,5.0,6.0,0.0,0.0,0.0,0.0,0.0,0
C688,0.0,0.0,1.0,57.0,0.0,11.0,90.0,0
C6889,11.0,27.0,0.0,0.0,0.0,0.0,0.0,0
C689,0.0,0.0,1.0,54.0,0.0,12.0,95.0,0
C6895,4.0,5.0,0.0,0.0,0.0,0.0,0.0,0
C6897,28.0,1442.0,0.0,0.0,0.0,0.0,0.0,0
C69,0.0,0.0,1.0,46.0,0.0,12.0,197.0,0
C690,0.0,0.0,3.0,99.0,0.0,14.0,108.0,0
C6909,13.0,46.0,0.0,0.0,0.0,0.0,0.0,0
C691,10.0,28.0,1.0,87.0,0.0,10.0,93.0,0
C6917,7.0,13.0,0.0,0.0,0.0,0.0,0.0,0
C6918,12.0,20.0,0.0,0.0,0.0,0.0,0.0,0
C692,0.0,0.0,1.0,36.0,0.0,14.0,118.0,0
C6920,1.0,1.0,0.0,0.0,0.0,0.0,0.0,0
C6928,8.0,10.0,0.0,0.0,0.0,0.0,0.0,0
C693,0.0,0.0,1.0,38.0,0.0,11.0,89.0,0
C6931,10.0,19.0,0.0,0.0,0.0,0.0,0.0,0
C6937,12.0,25.0,0.0,0.0,0.0,0.0,0.0,0
C694,0.0,0.0,1.0,67.0,0.0,11.0,97.0,0
C695,3.0,14.0,1.0,47.0,0.0,11.0,86.0,0
C6957,4.0,7.0,0.0,0.0,0.0,0.0,0.0,0
C697,23.0,120.0,2.0,73.0,0.0,13.0,100.0,0
C698,0.0,0.0,1.0,161.0,0.0,7.0,83.0,0
C6984,4.0,4.0,0.0,0.0,0.0,0.0,0.0,0
C6988,12.0,18.0,0.0,0.0,0.0,0.0,0.0,0
C699,4.0,6.0,2.0,72.0,0.0,13.0,98.0,0
C6992,10.0,99.0,0.0,0.0,0.0,0.0,0.0,0
C7,0.0,0.0,7.0,5900.0,0.0,0.0,0.0,0
C70,0.0,0.0,3.0,126.0,0.0,16.0,106.0,0
C700,1.0,2.0,2.0,92.0,0.0,13.0,99.0,0
C7008,1.0,1.0,0.0,0.0,0.0,0.0,0.0,0
C7009,6.0,8.0,0.0,0.0,0.0,0.0,0.0,0
C701,0.0,0.0,1.0,48.0,0.0,11.0,173.0,0
C7011,12.0,24.0,0.0,0.0,0.0,0.0,0.0,0
C702,0.0,0.0,2.0,96.0,0.0,19.0,170.0,0
C7024,1.0,2.0,0.0,0.0,0.0,0.0,0.0,0
C7027,3.0,7.0,0.0,0.0,0.0,0.0,0.0,0
C703,0.0,0.0,1.0,32.0,0.0,9.0,138.0,0
C7036,10.0,20.0,0.0,0.0,0.0,0.0,0.0,0
C7038,3.0,4.0,0.0,0.0,0.0,0.0,0.0,0
C704,0.0,0.0,2.0,90.0,0.0,18.0,105.0,0
C7040,11.0,130.0,0.0,0.0,0.0,0.0,0.0,0
C7046,10.0,50.0,0.0,0.0,0.0,0.0,0.0,0
C705,1.0,1.0,2.0,88.0,0.0,11.0,91.0,0
C706,1.0,1.0,11.0,238.0,0.0,3.0,36.0,0
C7063,7.0,88.0,0.0,0.0,0.0,0.0,0.0,0
C7065,2.0,2.0,0.0,0.0,0.0,0.0,0.0,0
C7069,10.0,47.0,0.0,0.0,0.0,0.0,0.0,0
C707,8.0,8.0,2.0,55.0,0.0,14.0,182.0,0
C7073,14.0,32.0,0.0,0.0,0.0,0.0,0.0,0
C7075,4.0,29.0,0.0,0.0,0.0,0.0,0.0,0
C708,0.0,0.0,1.0,33.0,0.0,11.0,87.0,0
C7081,10.0,15.0,0.0,0.0,0.0,0.0,0.0,0
C7083,7.0,7.0,0.0,0.0,0.0,0.0,0.0,0
C709,21.0,1618.0,1.0,56.0,0.0,11.0,88.0,0
C7093,21.0,102.0,0.0,0.0,0.0,0.0,0.0,0
C7095,1.0,1.0,0.0,0.0,0.0,0.0,0.0,0
C71,0.0,0.0,1.0,58.0,0.0,11.0,96.0,0
C710,0.0,0.0,2.0,100.0,0.0,10.0,93.0,0
C7102,9.0,40.0,0.0,0.0,0.0,0.0,0.0,0
C7109,8.0,15.0,0.0,0.0,0.0,0.0,0.0,0
C711,0.0,0.0,1.0,54.0,0.0,16.0,110.0,0
C7115,4.0,6.0,0.0,0.0,0.0,0.0,0.0,0
C7119,6.0,9.0,0.0,0.0,0.0,0.0,0.0,0
C712,0.0,0.0,2.0,52.0,0.0,14.0,103.0,0
C713,0.0,0.0,1.0,58.0,0.0,11.0,89.0,0
C7137,2.0,2.0,0.0,0.0,0.0,0.0,0.0,0
C714,0.0,0.0,1.0,42.0,0.0,11.0,90.0,0
C7141,3.0,3.0,0.0,0.0,0.0,0.0,0.0,0
C715,13.0,171.0,1.0,87.0,0.0,9.0,87.0,0
C7158,10.0,47.0,0.0,0.0,0.0,0.0,0.0,0
C716,2.0,3.0,3.0,85.0,0.0,9.0,80.0,0
C7160,6.0,15.0,0.0,0.0,0.0,0.0,0.0,0
C7162,4.0,4.0,0.0,0.0,0.0,0.0,0.0,0
C7166,1.0,1.0,0.0,0.0,0.0,0.0,0.0,0
C717,0.0,0.0,1.0,43.0,0.0,12.0,190.0,0
C7176,5.0,13.0,0.0,0.0,0.0,0.0,0.0,0
C718,0.0,0.0,2.0,78.0,0.0,14.0,108.0,0
C7182,4.0,6.0,0.0,0.0,0.0,0.0,0.0,0
C7184,6.0,8.0,0.0,0.0,0.0,0.0,0.0,0
C719,1.0,2.0,2.0,66.0,0.0,10.0,163.0,0
C7190,6.0,7.0,0.0,0.0,0.0,0.0,0.0,0
C7196,1.0,1.0,0.0,0.0,0.0,0.0,0.0,0
C72,1.0,1.0,3.0,442.0,0.0,13.0,1032.0,0
C720,0.0,0.0,3.0,152.0,0.0,11.0,88.0,0
C721,4.0,6.0,2.0,73.0,0.0,15.0,98.0,0
C7211,6.0,8.0,0.0,0.0,0.0,0.0,0.0,0
C7217,3.0,5.0,0.0,0.0,0.0,0.0,0.0,0
C722,0.0,0.0,2.0,49.0,0.0,16.0,243.0,0
C7221,15.0,26.0,0.0,0.0,0.0,0.0,0.0,0
C7223,6.0,10.0,0.0,0.0,0.0,0.0,0.0,0
C7227,5.0,9.0,0.0,0.0,0.0,0.0,0.0,0
C723,0.0,0.0,2.0,92.0,0.0,11.0,94.0,0
C7237,23.0,522.0,0.0,0.0,0.0,0.0,0.0,0
C724,0.0,0.0,1.0,44.0,0.0,11.0,91.0,0
C7244,4.0,7.0,0.0,0.0,0.0,0.0,0.0,0
C725,0.0,0.0,2.0,85.0,0.0,13.0,92.0,0
C7251,6.0,6.0,0.0,0.0,0.0,0.0,0.0,0
C726,1.0,1.0,1.0,60.0,0.0,12.0,204.0,0
C7262,10.0,13.0,0.0,0.0,0.0,0.0,0.0,0
C727,0.0,0.0,1.0,66.0,0.0,11.0,91.0,0
C7276,3.0,4.0,0.0,0.0,0.0,0.0,0.0,0
C7277,4.0,9.0,0.0,0.0,0.0,0.0,0.0,0
C728,1.0,1.0,3.0,100.0,0.0,9.0,154.0,0
C7286,3.0,3.0,0.0,0.0,0.0,0.0,0.0,0
C7288,6.0,6.0,0.0,0.0,0.0,0.0,0.0,0
C729,0.0,0.0,3.0,122.0,0.0,15.0,123.0,0
C7298,85.0,2790.0,0.0,0.0,0.0,0.0,0.0,0
C73,3.0,4.0,1.0,67.0,0.0,11.0,89.0,0
C730,5.0,7.0,2.0,82.0,0.0,16.0,500.0,0
C731,0.0,0.0,1.0,46.0,0.0,11.0,94.0,0
C7310,6.0,8.0,0.0,0.0,0.0,0.0,0.0,0
C7312,21.0,1054.0,0.0,0.0,0.0,0.0,0.0,0
C732,0.0,0.0,2.0,63.0,0.0,0.0,0.0,0
C733,0.0,0.0,1.0,44.0,0.0,11.0,86.0,0
C734,0.0,0.0,1.0,4.0,0.0,15.0,102.0,0
C7344,11.0,15.0,0.0,0.0,0.0,0.0,0.0,0
C735,0.0,0.0,2.0,67.0,0.0,13.0,90.0,0
C7350,5.0,22.0,0.0,0.0,0.0,0.0,0.0,0
C7352,6.0,6.0,0.0,0.0,0.0,0.0,0.0,0
C7356,2.0,3.0,0.0,0.0,0.0,0.0,0.0,0
C736,0.0,0.0,2.0,68.0,0.0,0.0,0.0,0
C737,0.0,0.0,1.0,65.0,0.0,12.0,148.0,0
C7373,2.0,3.0,0.0,0.0,0.0,0.0,0.0,0
C738,0.0,0.0,1.0,39.0,0.0,11.0,90.0,0
C7384,6.0,7.0,0.0,0.0,0.0,0.0,0.0,0
C7388,9.0,22.0,0.0,0.0,0.0,0.0,0.0,0
C739,0.0,0.0,2.0,91.0,0.0,12.0,96.0,0
C74,2.0,2.0,1.0,70.0,0.0,17.0,96.0,0
C740,7.0,48.0,2.0,88.0,0.0,14.0,94.0,0
C7409,7.0,7.0,0.0,0.0,0.0,0.0,0.0,0
C741,0.0,0.0,1.0,75.0,0.0,11.0,97.0,0
C7411,14.0,19.0,0.0,0.0,0.0,0.0,0.0,0
C7414,2.0,2.0,0.0,0.0,0.0,0.0,0.0,0
C742,0.0,0.0,4.0,327.0,1.0,58.0,2816.0,0
C7426,2.0,2.0,0.0,0.0,0.0,0.0,0.0,0
C743,2.0,3.0,105.0,7284.0,27.0,6.0,69.0,0
C7438,16.0,76.0,0.0,0.0,0.0,0.0,0.0,0
C7446,1.0,1.0,0.0,0.0,0.0,0.0,0.0,0
C745,13.0,16.0,1.0,66.0,0.0,10.0,83.0,0
C746,0.0,0.0,3.0,117.0,0.0,13.0,94.0,0
C747,1.0,1.0,1.0,45.0,0.0,11.0,86.0,0
C7474,7.0,13.0,0.0,0.0,0.0,0.0,0.0,0
C748,2.0,2.0,2.0,87.0,0.0,13.0,105.0,0
C7485,9.0,14.0,0.0,0.0,0.0,0.0,0.0,0
C7489,13.0,1308.0,0.0,0.0,0.0,0.0,0.0,0
C749,0.0,0.0,2.0,88.0,0.0,14.0,99.0,0
C7491,12.0,18.0,0.0,0.0,0.0,0.0,0.0,0
C7499,5.0,6.0,0.0,0.0,0.0,0.0,0.0,0
C75,0.0,0.0,1.0,58.0,0.0,17.0,96.0,0
C750,0.0,0.0,2.0,78.0,0.0,14.0,120.0,0
C7505,3.0,4.0,0.0,0.0,0.0,0.0,0.0,0
C751,20.0,26.0,2.0,65.0,0.0,12.0,104.0,0
C7511,4.0,20.0,0.0,0.0,0.0,0.0,0.0,0
C7517,10.0,14.0,0.0,0.0,0.0,0.0,0.0,0
C752,10.0,23.0,1.0,70.0,0.0,10.0,97.0,0
C753,0.0,0.0,1.0,38.0,0.0,11.0,90.0,0
C7533,20.0,65.0,0.0,0.0,0.0,0.0,0.0,0
C754,0.0,0.0,4.0,87.0,0.0,11.0,152.0,0
C755,0.0,0.0,1.0,60.0,0.0,9.0,70.0,0
C7550,5.0,7.0,0.0,0.0,0.0,0.0,0.0,0
C756,0.0,0.0,1.0,48.0,0.0,11.0,91.0,0
C7560,6.0,61.0,0.0,0.0,0.0,0.0,0.0,0
C757,0.0,0.0,1.0,46.0,0.0,12.0,93.0,0
C758,0.0,0.0,2.0,60.0,0.0,9.0,154.0,0
C7581,6.0,6.0,0.0,0.0,0.0,0.0,0.0,0
C759,0.0,0.0,1.0,59.0,0.0,11.0,93.0,0
C7597,5.0,22.0,0.0,0.0,0.0,0.0,0.0,0
C7599,4.0,6.0,0.0,0.0,0.0,0.0,0.0,0
C76,0.0,0.0,2.0,105.0,0.0,16.0,189.0,0
C760,0.0,0.0,1.0,48.0,0.0,11.0,91.0,0
C761,0.0,0.0,3.0,122.0,0.0,13.0,96.0,0
C7612,12.0,12.0,0.0,0.0,0.0,0.0,0.0,0
C7616,2.0,2.0,0.0,0.0,0.0,0.0,0.0,0
C762,0.0,0.0,1.0,50.0,0.0,12.0,99.0,0
C763,0.0,0.0,2.0,84.0,0.0,12.0,92.0,0
C764,13.0,73.0,1.0,56.0,0.0,10.0,95.0,0
C7643,8.0,12.0,0.0,0.0,0.0,0.0,0.0,0
C7645,9.0,10.0,0.0,0.0,0.0,0.0,0.0,0
C7647,4.0,6.0,0.0,0.0,0.0,0.0,0.0,0
C765,2.0,2.0,1.0,117.0,0.0,11.0,4527.0,0
C7650,13.0,100.0,0.0,0.0,0.0,0.0,0.0,0
C7654,13.0,17.0,0.0,0.0,0.0,0.0,0.0,0
C766,0.0,0.0,1.0,48.0,0.0,10.0,86.0,0
C7662,18.0,31.0,0.0,0.0,0.0,0.0,0.0,0
C767,0.0,0.0,3.0,97.0,0.0,15.0,98.0,0
C7670,10.0,17.0,0.0,0.0,0.0,0.0,0.0,0
C768,22.0,5907.0,4.0,215.0,0.0,13.0,99.0,0
C7685,2.0,2.0,0.0,0.0,0.0,0.0,0.0,0
C769,0.0,0.0,2.0,64.0,0.0,15.0,101.0,0
C77,0.0,0.0,2.0,94.0,0.0,11.0,94.0,0
C770,0.0,0.0,2.0,105.0,0.0,17.0,134.0,0
C7709,15.0,53.0,0.0,0.0,0.0,0.0,0.0,0
C771,0.0,0.0,2.0,85.0,0.0,11.0,86.0,0
C772,11.0,22.0,1.0,51.0,0.0,10.0,83.0,0
C7720,6.0,8.0,0.0,0.0,0.0,0.0,0.0,0
C7722,6.0,16.0,0.0,0.0,0.0,0.0,0.0,0
C7724,12.0,16.0,0.0,0.0,0.0,0.0,0.0,0
C7728,3.0,8.0,0.0,0.0,0.0,0.0,0.0,0
C773,0.0,0.0,2.0,74.0,0.0,14.0,103.0,0
C774,9.0,22.0,2.0,67.0,0.0,15.0,361.0,0
C775,0.0,0.0,1.0,48.0,0.0,12.0,94.0,0
C776,0.0,0.0,1.0,48.0,0.0,10.0,88.0,0
C7765,3.0,8.0,0.0,0.0,0.0,0.0,0.0,0
C7767,13.0,19.0,0.0,0.0,0.0,0.0,0.0,0
C777,0.0,0.0,1.0,47.0,0.0,10.0,71.0,0
C7774,9.0,17.0,0.0,0.0,0.0,0.0,0.0,0
C7778,11.0,99.0,0.0,0.0,0.0,0.0,0.0,0
C778,1.0,1.0,2.0,65.0,0.0,13.0,223.0,0
C7782,9.0,24.0,0.0,0.0,0.0,0.0,0.0,0
C779,2.0,2.0,3.0,131.0,0.0,12.0,153.0,0
C7792,6.0,6.0,0.0,0.0,0.0,0.0,0.0,0
C7798,8.0,13.0,0.0,0.0,0.0,0.0,0.0,0
C78,0.0,0.0,1.0,129.0,0.0,7.0,132.0,0
C780,0.0,0.0,2.0,68.0,0.0,15.0,115.0,0
C781,0.0,0.0,2.0,100.0,0.0,11.0,91.0,0
C782,20.0,69.0,1.0,50.0,0.0,18.0,96.0,0
C7820,2.0,2.0,0.0,0.0,0.0,0.0,0.0,0
C7828,2.0,3.0,0.0,0.0,0.0,0.0,0.0,0
C783,0.0,0.0,1.0,57.0,0.0,7.0,133.0,0
C7833,4.0,6.0,0.0,0.0,0.0,0.0,0.0,0
C784,0.0,0.0,2.0,106.0,0.0,11.0,93.0,0
C7842,4.0,7.0,0.0,0.0,0.0,0.0,0.0,0
C785,2.0,3.0,2.0,104.0,0.0,13.0,100.0,0
C7852,7.0,99.0,0.0,0.0,0.0,0.0,0.0,0
C7856,16.0,19.0,0.0,0.0,0.0,0.0,0.0,0
C7858,4.0,4.0,0.0,0.0,0.0,0.0,0.0,0
C786,0.0,0.0,1.0,57.0,0.0,11.0,87.0,0
C7863,21.0,868.0,0.0,0.0,0.0,0.0,0.0,0
C787,0.0,0.0,2.0,96.0,0.0,13.0,92.0,0
C788,0.0,0.0,3.0,132.0,0.0,13.0,102.0,0
C7882,9.0,11.0,0.0,0.0,0.0,0.0,0.0,0
C7886,3.0,5.0,0.0,0.0,0.0,0.0,0.0,0
C789,5.0,10.0,2.0,90.0,0.0,13.0,184.0,0
C7895,1.0,4.0,0.0,0.0,0.0,0.0,0.0,0
C7898,10.0,20.0,0.0,0.0,0.0,0.0,0.0,0
C79,0.0,0.0,1.0,57.0,0.0,8.0,77.0,0
C790,11.0,23.0,2.0,101.0,0.0,11.0,91.0,0
C7902,4.0,5.0,0.0,0.0,0.0,0.0,0.0,0
C7904,18.0,1023.0,0.0,0.0,0.0,0.0,0.0,0
C791,0.0,0.0,3.0,130.0,0.0,15.0,115.0,0
C7918,16.0,94.0,0.0,0.0,0.0,0.0,0.0,0
C792,0.0,0.0,2.0,83.0,0.0,13.0,92.0,0
C7920,1.0,1.0,0.0,0.0,0.0,0.0,0.0,0
C7922,8.0,12.0,0.0,0.0,0.0,0.0,0.0,0
C7926,2.0,2.0,0.0,0.0,0.0,0.0,0.0,0
C793,0.0,0.0,4.0,191.0,0.0,9.0,213.0,0
C7932,6.0,9.0,0.0,0.0,0.0,0.0,0.0,0
C7938,3.0,5.0,0.0,0.0,0.0,0.0,0.0,0
C794,0.0,0.0,2.0,82.0,0.0,11.0,182.0,0
C7940,5.0,6.0,0.0,0.0,0.0,0.0,0.0,0
C7944,18.0,36.0,0.0,0.0,0.0,0.0,0.0,0
C795,0.0,0.0,1.0,55.0,0.0,7.0,130.0,0
C7954,5.0,60.0,0.0,0.0,0.0,0.0,0.0,0
C7955,23.0,642.0,0.0,0.0,0.0,0.0,0.0,0
C796,0.0,0.0,2.0,63.0,0.0,13.0,100.0,0
C7968,6.0,9.0,0.0,0.0,0.0,0.0,0.0,0
C797,0.0,0.0,2.0,91.0,0.0,11.0,87.0,0
C7976,8.0,17.0,0.0,0.0,0.0,0.0,0.0,0
C798,1.0,1.0,8.0,173.0,0.0,10.0,156.0,0
C7984,4.0,4.0,0.0,0.0,0.0,0.0,0.0,0
C7986,1.0,1.0,0.0,0.0,0.0,0.0,0.0,0
C799,0.0,0.0,1.0,44.0,0.0,11.0,90.0,0
C7991,17.0,92.0,0.0,0.0,0.0,0.0,0.0,0
C8,0.0,0.0,1.0,52.0,0.0,11.0,89.0,0
C80,0.0,0.0,1.0,39.0,0.0,11.0,195.0,0
C800,0.0,0.0,2.0,62.0,0.0,13.0,90.0,0
C801,2.0,2.0,6.0,766.0,0.0,3.0,24.0,0
C8015,13.0,46.0,0.0,0.0,0.0,0.0,0.0,0
C8017,5.0,14.0,0.0,0.0,0.0,0.0,0.0,0
C802,0.0,0.0,1.0,57.0,0.0,12.0,1399.0,0
C8026,4.0,7.0,0.0,0.0,0.0,0.0,0.0,0
C803,0.0,0.0,2.0,75.0,0.0,15.0,96.0,0
C8030,12.0,18.0,0.0,0.0,0.0,0.0,0.0,0
C8038,9.0,32.0,0.0,0.0,0.0,0.0,0.0,0
C804,0.0,0.0,1.0,66.0,0.0,11.0,91.0,0
C8040,2.0,2.0,0.0,0.0,0.0,0.0,0.0,0
C8044,16.0,51.0,0.0,0.0,0.0,0.0,0.0,0
C805,0.0,0.0,2.0,75.0,0.0,8.0,157.0,0
C8054,16.0,85.0,0.0,0.0,0.0,0.0,0.0,0
C806,25.0,1360.0,1.0,56.0,0.0,11.0,94.0,0
C807,0.0,0.0,2.0,102.0,0.0,17.0,248.0,0
C8076,9.0,11.0,0.0,0.0,0.0,0.0,0.0,0
C8078,8.0,15.0,0.0,0.0,0.0,0.0,0.0,0
C808,0.0,0.0,1.0,92.0,0.0,2.0,121.0,0
C8080,5.0,8.0,0.0,0.0,0.0,0.0,0.0,0
C809,18.0,40.0,2.0,85.0,0.0,14.0,101.0,0
C8097,10.0,17.0,0.0,0.0,0.0,0.0,0.0,0
C81,7.0,19.0,2.0,108.0,0.0,13.0,117.0,0
C810,5.0,7.0,3.0,131.0,0.0,13.0,96.0,0
C8107,4.0,5.0,0.0,0.0,0.0,0.0,0.0,0
C811,0.0,0.0,2.0,98.0,0.0,13.0,93.0,0
C8119,3.0,6.0,0.0,0.0,0.0,0.0,0.0,0
C812,3.0,8.0,3.0,127.0,0.0,16.0,136.0,0
C8124,12.0,86.0,0.0,0.0,0.0,0.0,0.0,0
C8129,5.0,9.0,0.0,0.0,0.0,0.0,0.0,0
C813,0.0,0.0,2.0,124.0,0.0,19.0,219.0,0
C8131,4.0,12.0,0.0,0.0,0.0,0.0,0.0,0
C8133,17.0,900.0,0.0,0.0,0.0,0.0,0.0,0
C814,22.0,2097.0,2.0,51.0,0.0,14.0,106.0,0
C8143,20.0,56.0,0.0,0.0,0.0,0.0,0.0,0
C8147,19.0,1109.0,0.0,0.0,0.0,0.0,0.0,0
C815,9.0,27.0,4.0,507.0,0.0,17.0,1238.0,0
C816,0.0,0.0,2.0,48.0,0.0,14.0,146.0,0
C8169,6.0,8.0,0.0,0.0,0.0,0.0,0.0,0
C817,0.0,0.0,2.0,103.0,0.0,12.0,94.0,0
C818,5.0,5.0,1.0,46.0,0.0,8.0,81.0,0
C8182,1.0,1.0,0.0,0.0,0.0,0.0,0.0,0
C819,0.0,0.0,2.0,72.0,0.0,13.0,94.0,0
C8194,8.0,20.0,0.0,0.0,0.0,0.0,0.0,0
C82,0.0,0.0,1.0,30.0,0.0,11.0,86.0,0
C820,3.0,14.0,1.0,60.0,0.0,10.0,87.0,0
C8209,6.0,7.0,0.0,0.0,0.0,0.0,0.0,0
C821,0.0,0.0,2.0,98.0,0.0,8.0,85.0,0
C8213,19.0,32.0,0.0,0.0,0.0,0.0,0.0,0
C8217,5.0,6.0,0.0,0.0,0.0,0.0,0.0,0
C8219,7.0,27.0,0.0,0.0,0.0,0.0,0.0,0
C822,0.0,0.0,2.0,60.0,0.0,16.0,1016.0,0
C8227,3.0,5.0,0.0,0.0,0.0,0.0,0.0,0
C823,5.0,6.0,1.0,44.0,0.0,13.0,189.0,0
C824,1.0,3.0,3.0,147.0,0.0,12.0,118.0,0
C8240,3.0,5.0,0.0,0.0,0.0,0.0,0.0,0
C8242,5.0,6.0,0.0,0.0,0.0,0.0,0.0,0
C825,0.0,0.0,2.0,97.0,0.0,18.0,100.0,0
C8251,7.0,11.0,0.0,0.0,0.0,0.0,0.0,0
C8257,5.0,12.0,0.0,0.0,0.0,0.0,0.0,0
C826,0.0,0.0,2.0,95.0,0.0,11.0,91.0,0
C8268,10.0,21.0,0.0,0.0,0.0,0.0,0.0,0
C827,0.0,0.0,2.0,72.0,0.0,16.0,104.0,0
C828,0.0,0.0,2.0,89.0,0.0,11.0,92.0,0
C829,0.0,0.0,3.0,120.0,0.0,15.0,110.0,0
C8293,4.0,36.0,0.0,0.0,0.0,0.0,0.0,0
C8297,1.0,1.0,0.0,0.0,0.0,0.0,0.0,0
C83,0.0,0.0,2.0,289.0,0.0,9.0,2194.0,0
C830,0.0,0.0,2.0,70.0,0.0,13.0,93.0,0
C831,23.0,2021.0,1.0,56.0,0.0,11.0,89.0,0
C8310,34.0,686.0,0.0,0.0,0.0,0.0,0.0,0
C8312,2.0,2.0,0.0,0.0,0.0,0.0,0.0,0
C8318,4.0,5.0,0.0,0.0,0.0,0.0,0.0,0
C832,1.0,1.0,5.0,1094.0,0.0,9.0,191.0,0
C8329,4.0,4.0,0.0,0.0,0.0,0.0,0.0,0
C833,12.0,24.0,2.0,91.0,0.0,13.0,416.0,0
C8333,3.0,3.0,0.0,0.0,0.0,0.0,0.0,0
C8335,13.0,24.0,0.0,0.0,0.0,0.0,0.0,0
C834,2.0,2.0,1.0,60.0,0.0,11.0,216.0,0
C835,0.0,0.0,3.0,99.0,0.0,15.0,105.0,0
C8350,1.0,1.0,0.0,0.0,0.0,0.0,0.0,0
C8355,7.0,13.0,0.0,0.0,0.0,0.0,0.0,0
C8357,11.0,25.0,0.0,0.0,0.0,0.0,0.0,0
C8359,21.0,235.0,0.0,0.0,0.0,0.0,0.0,0
C836,12.0,65.0,1.0,72.0,0.0,10.0,89.0,0
C8363,3.0,4.0,0.0,0.0,0.0,0.0,0.0,0
C837,0.0,0.0,3.0,118.0,0.0,13.0,99.0,0
C8371,22.0,669.0,0.0,0.0,0.0,0.0,0.0,0
C8377,2.0,2.0,0.0,0.0,0.0,0.0,0.0,0
C838,0.0,0.0,2.0,104.0,0.0,12.0,202.0,0
C8386,4.0,6.0,0.0,0.0,0.0,0.0,0.0,0
C8388,22.0,1090.0,0.0,0.0,0.0,0.0,0.0,0
C839,0.0,0.0,1.0,59.0,0.0,11.0,95.0,0
C84,0.0,0.0,2.0,58.0,0.0,13.0,725.0,0
C840,4.0,6.0,1.0,32.0,0.0,12.0,96.0,0
C8400,9.0,82.0,0.0,0.0,0.0,0.0,0.0,0
C841,18.0,83.0,2.0,429.0,0.0,11.0,95.0,0
C8410,12.0,42.0,0.0,0.0,0.0,0.0,0.0,0
C8416,3.0,4.0,0.0,0.0,0.0,0.0,0.0,0
C8418,7.0,41.0,0.0,0.0,0.0,0.0,0.0,0
C842,0.0,0.0,1.0,66.0,0.0,20.0,117.0,0
C843,23.0,1549.0,1.0,64.0,0.0,11.0,89.0,0
C8431,15.0,2890.0,0.0,0.0,0.0,0.0,0.0,0
C844,0.0,0.0,1.0,49.0,0.0,7.0,136.0,0
C8443,14.0,295.0,0.0,0.0,0.0,0.0,0.0,0
C8448,6.0,9.0,0.0,0.0,0.0,0.0,0.0,0
C845,0.0,0.0,1.0,44.0,0.0,11.0,97.0,0
C8450,14.0,48.0,0.0,0.0,0.0,0.0,0.0,0
C846,4.0,13.0,2.0,122.0,0.0,16.0,122.0,0
C847,0.0,0.0,3.0,108.0,0.0,17.0,150.0,0
C848,0.0,0.0,1.0,63.0,0.0,11.0,89.0,0
C8483,25.0,183.0,0.0,0.0,0.0,0.0,0.0,0
C849,0.0,0.0,3.0,993.0,289.0,10.0,266.0,0
C8492,9.0,13.0,0.0,0.0,0.0,0.0,0.0,0
C8497,7.0,9.0,0.0,0.0,0.0,0.0,0.0,0
C8498,6.0,9.0,0.0,0.0,0.0,0.0,0.0,0
C85,9.0,19.0,1.0,31.0,0.0,11.0,91.0,0
C850,0.0,0.0,1.0,62.0,0.0,8.0,84.0,0
C8508,12.0,32.0,0.0,0.0,0.0,0.0,0.0,0
C851,4.0,4.0,1.0,56.0,0.0,11.0,176.0,0
C852,0.0,0.0,2.0,69.0,0.0,14.0,101.0,0
C8522,2.0,2.0,0.0,0.0,0.0,0.0,0.0,0
C853,0.0,0.0,1.0,49.0,0.0,12.0,191.0,0
C8533,9.0,11.0,0.0,0.0,0.0,0.0,0.0,0
C854,12.0,29.0,2.0,85.0,0.0,13.0,95.0,0
C8540,8.0,21.0,0.0,0.0,0.0,0.0,0.0,0
C8542,1.0,1.0,0.0,0.0,0.0,0.0,0.0,0
C855,13.0,114.0,2.0,81.0,0.0,13.0,92.0,0
C8555,5.0,10.0,0.0,0.0,0.0,0.0,0.0,0
C8559,28.0,839.0,0.0,0.0,0.0,0.0,0.0,0
C856,0.0,0.0,1.0,43.0,0.0,11.0,94.0,0
C857,0.0,0.0,2.0,66.0,0.0,13.0,95.0,0
C8573,6.0,8.0,0.0,0.0,0.0,0.0,0.0,0
C858,0.0,0.0,2.0,82.0,0.0,15.0,99.0,0
C8581,7.0,9.0,0.0,0.0,0.0,0.0,0.0,0
C8583,1.0,1.0,0.0,0.0,0.0,0.0,0.0,0
C8589,4.0,4.0,0.0,0.0,0.0,0.0,0.0,0
C859,0.0,0.0,1.0,73.0,0.0,11.0,91.0,0
C8593,7.0,8.0,0.0,0.0,0.0,0.0,0.0,0
C8599,3.0,4.0,0.0,0.0,0.0,0.0,0.0,0
C86,4.0,5.0,2.0,69.0,0.0,14.0,117.0,0
C860,0.0,0.0,2.0,82.0,0.0,12.0,89.0,0
C861,0.0,0.0,2.0,62.0,0.0,23.0,121.0,0
C8613,5.0,13.0,0.0,0.0,0.0,0.0,0.0,0
C8617,17.0,30.0,0.0,0.0,0.0,0.0,0.0,0
C862,0.0,0.0,2.0,94.0,0.0,11.0,103.0,0
C8623,20.0,75.0,0.0,0.0,0.0,0.0,0.0,0
C863,0.0,0.0,2.0,70.0,0.0,17.0,121.0,0
C864,2.0,5.0,1.0,43.0,0.0,10.0,85.0,0
C865,0.0,0.0,2.0,75.0,0.0,12.0,97.0,0
C866,0.0,0.0,2.0,93.0,0.0,14.0,98.0,0
C8666,11.0,15.0,0.0,0.0,0.0,0.0,0.0,0
C867,0.0,0.0,2.0,79.0,0.0,14.0,93.0,0
C8672,6.0,119.0,0.0,0.0,0.0,0.0,0.0,0
C8675,2.0,2.0,0.0,0.0,0.0,0.0,0.0,0
C868,0.0,0.0,3.0,437.0,0.0,13.0,95.0,0
C8685,4.0,9.0,0.0,0.0,0.0,0.0,0.0,0
C8688,4.0,7.0,0.0,0.0,0.0,0.0,0.0,0
C869,0.0,0.0,1.0,58.0,0.0,11.0,90.0,0
C8693,13.0,35.0,0.0,0.0,0.0,0.0,0.0,0
C87,0.0,0.0,3.0,122.0,0.0,14.0,104.0,0
C870,3.0,3.0,1.0,50.0,0.0,13.0,93.0,0
C8700,2.0,2.0,0.0,0.0,0.0,0.0,0.0,0
C871,0.0,0.0,2.0,76.0,0.0,13.0,103.0,0
C8711,15.0,40.0,0.0,0.0,0.0,0.0,0.0,0
C8713,5.0,6.0,0.0,0.0,0.0,0.0,0.0,0
C872,0.0,0.0,1.0,105.0,0.0,14.0,99.0,0
C8723,5.0,20.0,0.0,0.0,0.0,0.0,0.0,0
C873,0.0,0.0,2.0,96.0,0.0,14.0,145.0,0
C8732,7.0,8.0,0.0,0.0,0.0,0.0,0.0,0
C874,0.0,0.0,2.0,87.0,0.0,13.0,95.0,0
C8743,6.0,49.0,0.0,0.0,0.0,0.0,0.0,0
C875,13.0,52.0,1.0,58.0,0.0,8.0,145.0,0
C876,0.0,0.0,2.0,107.0,0.0,15.0,116.0,0
C8761,2.0,4.0,0.0,0.0,0.0,0.0,0.0,0
C8768,26.0,757.0,0.0,0.0,0.0,0.0,0.0,0
C877,11.0,19.0,1.0,69.0,0.0,11.0,92.0,0
C8772,5.0,9.0,0.0,0.0,0.0,0.0,0.0,0
C8774,11.0,21.0,0.0,0.0,0.0,0.0,0.0,0
C878,0.0,0.0,1.0,37.0,0.0,12.0,102.0,0
C8784,26.0,769.0,0.0,0.0,0.0,0.0,0.0,0
C879,16.0,25.0,1.0,55.0,0.0,14.0,483.0,0
C8799,3.0,8.0,0.0,0.0,0.0,0.0,0.0,0
C88,0.0,0.0,1.0,71.0,0.0,12.0,97.0,0
C880,0.0,0.0,2.0,92.0,0.0,11.0,171.0,0
C8806,2.0,2.0,0.0,0.0,0.0,0.0,0.0,0
C881,20.0,1102.0,1.0,52.0,0.0,11.0,144.0,0
C8818,4.0,11.0,0.0,0.0,0.0,0.0,0.0,0
C882,0.0,0.0,1.0,43.0,0.0,8.0,150.0,0
C883,2.0,2.0,1.0,35.0,0.0,7.0,132.0,0
C8833,13.0,51.0,0.0,0.0,0.0,0.0,0.0,0
C884,0.0,0.0,3.0,44.0,0.0,13.0,180.0,0
C8846,2.0,2.0,0.0,0.0,0.0,0.0,0.0,0
C885,0.0,0.0,1.0,401.0,0.0,12.0,609.0,0
C886,0.0,0.0,2.0,80.0,0.0,16.0,103.0,0
C887,7.0,15.0,2.0,59.0,0.0,11.0,86.0,0
C8875,15.0,48.0,0.0,0.0,0.0,0.0,0.0,0
C888,0.0,0.0,3.0,123.0,0.0,14.0,96.0,0
C8882,11.0,56.0,0.0,0.0,0.0,0.0,0.0,0
C889,8.0,21.0,2.0,115.0,0.0,15.0,170.0,0
C8895,6.0,56.0,0.0,0.0,0.0,0.0,0.0,0
C89,0.0,0.0,4.0,80.0,0.0,6.0,132.0,0
C890,0.0,0.0,2.0,67.0,0.0,14.0,112.0,0
C8901,11.0,29.0,0.0,0.0,0.0,0.0,0.0,0
C891,0.0,0.0,1.0,34.0,0.0,11.0,86.0,0
C8910,9.0,19.0,0.0,0.0,0.0,0.0,0.0,0
C8912,2.0,3.0,0.0,0.0,0.0,0.0,0.0,0
C8914,22.0,1075.0,0.0,0.0,0.0,0.0,0.0,0
C892,0.0,0.0,1.0,64.0,0.0,11.0,86.0,0
C893,0.0,0.0,2.0,79.0,0.0,22.0,127.0,0
C8934,3.0,31.0,0.0,0.0,0.0,0.0,0.0,0
C894,21.0,1147.0,3.0,84.0,0.0,14.0,90.0,0
C895,0.0,0.0,3.0,116.0,0.0,14.0,110.0,0
C8951,22.0,420.0,0.0,0.0,0.0,0.0,0.0,0
C8958,27.0,1520.0,0.0,0.0,0.0,0.0,0.0,0
C896,0.0,0.0,2.0,70.0,0.0,15.0,59.0,0
C8968,6.0,39.0,0.0,0.0,0.0,0.0,0.0,0
C897,0.0,0.0,2.0,79.0,0.0,0.0,0.0,0
C8972,15.0,72.0,0.0,0.0,0.0,0.0,0.0,0
C898,0.0,0.0,3.0,155.0,0.0,15.0,367.0,0
C8982,18.0,45.0,0.0,0.0,0.0,0.0,0.0,0
C8988,1.0,1.0,0.0,0.0,0.0,0.0,0.0,0
C899,0.0,0.0,1.0,60.0,0.0,11.0,87.0,0
C8990,3.0,5.0,0.0,0.0,0.0,0.0,0.0,0
C9,0.0,0.0,3.0,121.0,0.0,13.0,98.0,0
C90,2.0,6.0,1.0,47.0,0.0,11.0,179.0,0
C900,0.0,0.0,1.0,35.0,0.0,14.0,104.0,0
C901,0.0,0.0,2.0,66.0,0.0,14.0,208.0,0
C9017,1.0,1.0,0.0,0.0,0.0,0.0,0.0,0
C902,21.0,1619.0,1.0,51.0,0.0,11.0,86.0,0
C903,0.0,0.0,2.0,108.0,0.0,15.0,100.0,0
C9030,13.0,19.0,0.0,0.0,0.0,0.0,0.0,0
C904,0.0,0.0,1.0,3.0,0.0,13.0,121.0,0
C9042,4.0,5.0,0.0,0.0,0.0,0.0,0.0,0
C9046,8.0,21.0,0.0,0.0,0.0,0.0,0.0,0
C905,0.0,0.0,1.0,55.0,0.0,11.0,86.0,0
C906,0.0,0.0,4.0,54.0,0.0,7.0,178.0,0
C9063,7.0,740.0,0.0,0.0,0.0,0.0,0.0,0
C9064,3.0,6.0,0.0,0.0,0.0,0.0,0.0,0
C9067,5.0,7.0,0.0,0.0,0.0,0.0,0.0,0
C907,0.0,0.0,1.0,46.0,0.0,11.0,93.0,0
C908,0.0,0.0,1.0,36.0,0.0,13.0,94.0,0
C9080,4.0,7.0,0.0,0.0,0.0,0.0,0.0,0
C9082,7.0,7.0,0.0,0.0,0.0,0.0,0.0,0
C909,0.0,0.0,2.0,65.0,0.0,16.0,104.0,0
C9091,7.0,24.0,0.0,0.0,0.0,0.0,0.0,0
C9095,9.0,16.0,0.0,0.0,0.0,0.0,0.0,0
C9099,3.0,3.0,0.0,0.0,0.0,0.0,0.0,0
C91,0.0,0.0,3.0,127.0,0.0,14.0,106.0,0
C910,0.0,0.0,2.0,88.0,0.0,11.0,90.0,0
C9101,5.0,9.0,0.0,0.0,0.0,0.0,0.0,0
C911,0.0,0.0,2.0,9.0,0.0,32.0,163.0,0
C9110,4.0,4.0,0.0,0.0,0.0,0.0,0.0,0
C9119,9.0,13.0,0.0,0.0,0.0,0.0,0.0,0
C912,0.0,0.0,1.0,25.0,0.0,11.0,97.0,0
C9127,2.0,10.0,0.0,0.0,0.0,0.0,0.0,0
C9128,6.0,8.0,0.0,0.0,0.0,0.0,0.0,0
C913,0.0,0.0,2.0,51.0,0.0,13.0,91.0,0
C914,0.0,0.0,2.0,44.0,0.0,14.0,181.0,0
C9146,3.0,3.0,0.0,0.0,0.0,0.0,0.0,0
C9148,9.0,15.0,0.0,0.0,0.0,0.0,0.0,0
C915,0.0,0.0,1.0,35.0,0.0,11.0,91.0,0
C916,3.0,9.0,2.0,75.0,0.0,13.0,140.0,0
C9165,4.0,5.0,0.0,0.0,0.0,0.0,0.0,0
C9168,2.0,2.0,0.0,0.0,0.0,0.0,0.0,0
C917,0.0,0.0,1.0,31.0,0.0,8.0,132.0,0
C918,0.0,0.0,1.0,47.0,0.0,11.0,89.0,0
C9188,3.0,3.0,0.0,0.0,0.0,0.0,0.0,0
C919,0.0,0.0,4.0,288.0,0.0,15.0,190.0,0
C9194,2.0,2.0,0.0,0.0,0.0,0.0,0.0,0
C92,14.0,33.0,13.0,499.0,0.0,17.0,1053.0,0
C920,19.0,2098.0,1.0,64.0,0.0,11.0,96.0,0
C9201,6.0,1106.0,0.0,0.0,0.0,0.0,0.0,0
C9204,18.0,32.0,0.0,0.0,0.0,0.0,0.0,0
C9209,11.0,22.0,0.0,0.0,0.0,0.0,0.0,0
C921,2.0,2.0,6.0,7403.0,0.0,8.0,87.0,0
C9211,3.0,3.0,0.0,0.0,0.0,0.0,0.0,0
C9219,29.0,1556.0,0.0,0.0,0.0,0.0,0.0,0
C922,12.0,45.0,1.0,74.0,0.0,13.0,188.0,0
C923,0.0,0.0,2.0,61.0,0.0,6.0,43.0,0
C924,0.0,0.0,2.0,64.0,0.0,13.0,93.0,0
C9244,5.0,8.0,0.0,0.0,0.0,0.0,0.0,0
C9246,16.0,25.0,0.0,0.0,0.0,0.0,0.0,0
C9248,12.0,32.0,0.0,0.0,0.0,0.0,0.0,0
C925,0.0,0.0,1.0,59.0,0.0,11.0,89.0,0
C9256,9.0,30.0,0.0,0.0,0.0,0.0,0.0,0
C926,2.0,2.0,2.0,132.0,0.0,17.0,209.0,0
C9262,12.0,24.0,0.0,0.0,0.0,0.0,0.0,0
C9266,4.0,7.0,0.0,0.0,0.0,0.0,0.0,0
C927,0.0,0.0,3.0,137.0,0.0,16.0,133.0,0
C9270,7.0,11.0,0.0,0.0,0.0,0.0,0.0,0
C9279,10.0,48.0,0.0,0.0,0.0,0.0,0.0,0
C928,0.0,0.0,1.0,73.0,0.0,11.0,90.0,0
C9281,16.0,33.0,0.0,0.0,0.0,0.0,0.0,0
C9287,6.0,12.0,0.0,0.0,0.0,0.0,0.0,0
C9289,2.0,4.0,0.0,0.0,0.0,0.0,0.0,0
C929,0.0,0.0,1.0,6.0,0.0,16.0,106.0,0
C9291,2.0,2.0,0.0,0.0,0.0,0.0,0.0,0
C9295,3.0,7.0,0.0,0.0,0.0,0.0,0.0,0
C9297,2.0,2.0,0.0,0.0,0.0,0.0,0.0,0
C9298,11.0,20.0,0.0,0.0,0.0,0.0,0.0,0
C93,1.0,1.0,1.0,44.0,0.0,7.0,67.0,0
C930,1.0,1.0,2.0,225.0,0.0,14.0,101.0,0
C9303,3.0,3.0,0.0,0.0,0.0,0.0,0.0,0
C931,0.0,0.0,1.0,52.0,0.0,14.0,96.0,0
C9315,8.0,34.0,0.0,0.0,0.0,0.0,0.0,0
C9317,10.0,17.0,0.0,0.0,0.0,0.0,0.0,0
C9319,2.0,2.0,0.0,0.0,0.0,0.0,0.0,0
C932,0.0,0.0,1.0,49.0,0.0,0.0,0.0,0
C9323,12.0,36.0,0.0,0.0,0.0,0.0,0.0,0
C9325,1.0,1.0,0.0,0.0,0.0,0.0,0.0,0
C9327,6.0,22.0,0.0,0.0,0.0,0.0,0.0,0
C933,0.0,0.0,2.0,92.0,0.0,16.0,210.0,0
C934,0.0,0.0,2.0,93.0,0.0,11.0,94.0,0
C9343,15.0,53.0,0.0,0.0,0.0,0.0,0.0,0
C9345,17.0,54.0,0.0,0.0,0.0,0.0,0.0,0
C935,0.0,0.0,1.0,62.0,0.0,12.0,104.0,0
C9353,5.0,8.0,0.0,0.0,0.0,0.0,0.0,0
C9355,9.0,75.0,0.0,0.0,0.0,0.0,0.0,0
C9359,9.0,20.0,0.0,0.0,0.0,0.0,0.0,0
C936,1.0,1.0,5.0,318.0,0.0,13.0,116.0,0
C937,13.0,57.0,2.0,77.0,0.0,14.0,96.0,0
C9378,9.0,102.0,0.0,0.0,0.0,0.0,0.0,0
C938,7.0,11.0,2.0,113.0,0.0,11.0,95.0,0
C9388,2.0,22.0,0.0,0.0,0.0,0.0,0.0,0
C9389,15.0,17.0,0.0,0.0,0.0,0.0,0.0,0
C939,1.0,3.0,2.0,72.0,0.0,14.0,104.0,0
C9394,4.0,6.0,0.0,0.0,0.0,0.0,0.0,0
C94,16.0,169.0,1.0,38.0,0.0,7.0,79.0,0
C940,0.0,0.0,2.0,91.0,0.0,16.0,209.0,0
C9402,4.0,8.0,0.0,0.0,0.0,0.0,0.0,0
C941,4.0,6.0,1.0,24.0,0.0,6.0,81.0,0
C9416,18.0,40.0,0.0,0.0,0.0,0.0,0.0,0
C942,0.0,0.0,3.0,135.0,0.0,17.0,130.0,0
C9420,1.0,1.0,0.0,0.0,0.0,0.0,0.0,0
C9426,15.0,673.0,0.0,0.0,0.0,0.0,0.0,0
C943,0.0,0.0,1.0,52.0,0.0,11.0,164.0,0
C9434,2.0,2.0,0.0,0.0,0.0,0.0,0.0,0
C9439,10.0,13.0,0.0,0.0,0.0,0.0,0.0,0
C944,0.0,0.0,2.0,61.0,0.0,14.0,102.0,0
C9441,1.0,1.0,0.0,0.0,0.0,0.0,0.0,0
C9443,6.0,6.0,0.0,0.0,0.0,0.0,0.0,0
C9445,15.0,53.0,0.0,0.0,0.0,0.0,0.0,0
C945,0.0,0.0,2.0,52.0,0.0,11.0,183.0,0
C9456,2.0,3.0,0.0,0.0,0.0,0.0,0.0,0
C946,16.0,133.0,2.0,455.0,0.0,12.0,106.0,0
C9464,14.0,121.0,0.0,0.0,0.0,0.0,0.0,0
C947,0.0,0.0,2.0,65.0,0.0,14.0,112.0,0
C9479,5.0,13.0,0.0,0.0,0.0,0.0,0.0,0
C948,0.0,0.0,1.0,37.0,0.0,11.0,94.0,0
C9483,9.0,20.0,0.0,0.0,0.0,0.0,0.0,0
C9487,2.0,2.0,0.0,0.0,0.0,0.0,0.0,0
C949,0.0,0.0,2.0,50.0,0.0,4.0,32.0,0
C9495,4.0,7.0,0.0,0.0,0.0,0.0,0.0,0
C95,0.0,0.0,1.0,46.0,0.0,8.0,156.0,0
C950,0.0,0.0,1.0,44.0,0.0,11.0,86.0,0
C9506,2.0,4.0,0.0,0.0,0.0,0.0,0.0,0
C951,9.0,31.0,1.0,86.0,0.0,9.0,88.0,0
C9518,2.0,10.0,0.0,0.0,0.0,0.0,0.0,0
C952,0.0,0.0,1.0,50.0,0.0,11.0,87.0,0
C9521,13.0,50.0,0.0,0.0,0.0,0.0,0.0,0
C9526,8.0,9.0,0.0,0.0,0.0,0.0,0.0,0
C9527,7.0,8.0,0.0,0.0,0.0,0.0,0.0,0
C953,0.0,0.0,3.0,114.0,0.0,14.0,99.0,0
C9535,25.0,1005.0,0.0,0.0,0.0,0.0,0.0,0
C954,0.0,0.0,2.0,53.0,0.0,15.0,105.0,0
C9549,11.0,20.0,0.0,0.0,0.0,0.0,0.0,0
C955,0.0,0.0,2.0,94.0,0.0,14.0,94.0,0
C9557,1.0,1.0,0.0,0.0,0.0,0.0,0.0,0
C956,0.0,0.0,4.0,87.0,0.0,0.0,0.0,0
C957,2.0,2.0,2.0,114.0,0.0,11.0,94.0,0
C9570,8.0,19.0,0.0,0.0,0.0,0.0,0.0,0
C9578,29.0,808.0,0.0,0.0,0.0,0.0,0.0,0
C958,0.0,0.0,2.0,90.0,0.0,12.0,179.0,0
C9585,1.0,3.0,0.0,0.0,0.0,0.0,0.0,0
C9589,5.0,6.0,0.0,0.0,0.0,0.0,0.0,0
C959,4.0,21.0,1.0,47.0,0.0,11.0,91.0,0
C9593,10.0,16.0,0.0,0.0,0.0,0.0,0.0,0
C9595,6.0,12.0,0.0,0.0,0.0,0.0,0.0,0
C9599,8.0,57.0,0.0,0.0,0.0,0.0,0.0,0
C96,0.0,0.0,4.0,38.0,0.0,7.0,278.0,0
C960,0.0,0.0,1.0,65.0,0.0,10.0,92.0,0
C9603,1.0,1.0,0.0,0.0,0.0,0.0,0.0,0
C961,9.0,18.0,1.0,62.0,0.0,8.0,74.0,0
C9610,8.0,16.0,0.0,0.0,0.0,0.0,0.0,0
C962,0.0,0.0,1.0,34.0,0.0,11.0,176.0,0
C9621,2.0,2.0,0.0,0.0,0.0,0.0,0.0,0
C9627,27.0,1138.0,0.0,0.0,0.0,0.0,0.0,0
C963,0.0,0.0,2.0,74.0,0.0,13.0,103.0,0
C964,0.0,0.0,1.0,61.0,0.0,12.0,95.0,0
C965,0.0,0.0,2.0,2771.0,287.0,10.0,270.0,0
C9651,11.0,19.0,0.0,0.0,0.0,0.0,0.0,0
C966,0.0,0.0,1.0,54.0,0.0,11.0,89.0,0
C9663,5.0,5.0,0.0,0.0,0.0,0.0,0.0,0
C967,0.0,0.0,3.0,1136.0,0.0,16.0,113.0,0
C9679,2.0,2.0,0.0,0.0,0.0,0.0,0.0,0
C968,5.0,13.0,3.0,110.0,0.0,12.0,357.0,0
C969,0.0,0.0,1.0,74.0,0.0,11.0,100.0,0
C9696,18.0,1457.0,0.0,0.0,0.0,0.0,0.0,0
C97,12.0,37.0,1.0,86.0,0.0,10.0,93.0,0
C970,0.0,0.0,2.0,85.0,0.0,11.0,91.0,0
C9704,12.0,21.0,0.0,0.0,0.0,0.0,0.0,0
C9705,21.0,204.0,0.0,0.0,0.0,0.0,0.0,0
C971,0.0,0.0,1.0,67.0,0.0,11.0,88.0,0
C9711,9.0,11.0,0.0,0.0,0.0,0.0,0.0,0
C9715,23.0,611.0,0.0,0.0,0.0,0.0,0.0,0
C9717,11.0,16.0,0.0,0.0,0.0,0.0,0.0,0
C972,1.0,3.0,2.0,53.0,0.0,4.0,39.0,0
C9727,21.0,36.0,0.0,0.0,0.0,0.0,0.0,0
C973,0.0,0.0,1.0,34.0,0.0,11.0,88.0,0
C9731,1.0,1.0,0.0,0.0,0.0,0.0,0.0,0
C974,0.0,0.0,1.0,49.0,0.0,6.0,69.0,0
C9745,5.0,5.0,0.0,0.0,0.0,0.0,0.0,0
C9747,3.0,4.0,0.0,0.0,0.0,0.0,0.0,0
C9749,1.0,1.0,0.0,0.0,0.0,0.0,0.0,0
C975,0.0,0.0,1.0,65.0,0.0,12.0,87.0,0
C9756,2.0,13.0,0.0,0.0,0.0,0.0,0.0,0
C976,0.0,0.0,2.0,147.0,0.0,19.0,184.0,0
C9762,7.0,8.0,0.0,0.0,0.0,0.0,0.0,0
C9764,1.0,1.0,0.0,0.0,0.0,0.0,0.0,0
C977,21.0,27.0,2.0,61.0,0.0,18.0,274.0,0
C9774,5.0,10.0,0.0,0.0,0.0,0.0,0.0,0
C978,6.0,13.0,1.0,39.0,0.0,12.0,144.0,0
C9786,3.0,3.0,0.0,0.0,0.0,0.0,0.0,0
C9788,2.0,2.0,0.0,0.0,0.0,0.0,0.0,0
C979,0.0,0.0,2.0,160.0,0.0,14.0,104.0,0
C9793,2.0,2.0,0.0,0.0,0.0,0.0,0.0,0
C9799,8.0,20.0,0.0,0.0,0.0,0.0,0.0,0
C98,0.0,0.0,1.0,38.0,0.0,12.0,104.0,0
C980,0.0,0.0,1.0,64.0,0.0,12.0,103.0,0
C9803,2.0,4.0,0.0,0.0,0.0,0.0,0.0,0
C9806,24.0,488.0,0.0,0.0,0.0,0.0,0.0,0
C981,2.0,4.0,1.0,47.0,0.0,7.0,236.0,0
C9810,6.0,9.0,0.0,0.0,0.0,0.0,0.0,0
C9815,12.0,17.0,0.0,0.0,0.0,0.0,0.0,0
C9818,8.0,31.0,0.0,0.0,0.0,0.0,0.0,0
C982,0.0,0.0,1.0,38.0,0.0,11.0,88.0,0
C9829,10.0,58.0,0.0,0.0,0.0,0.0,0.0,0
C983,0.0,0.0,1.0,27.0,0.0,8.0,74.0,0
C9835,18.0,802.0,0.0,0.0,0.0,0.0,0.0,0
C984,0.0,0.0,2.0,98.0,0.0,11.0,142.0,0
C985,0.0,0.0,2.0,76.0,0.0,15.0,206.0,0
C986,0.0,0.0,3.0,149.0,0.0,14.0,195.0,0
C9860,4.0,9.0,0.0,0.0,0.0,0.0,0.0,0
C9866,4.0,7.0,0.0,0.0,0.0,0.0,0.0,0
C987,0.0,0.0,1.0,61.0,0.0,14.0,93.0,0
C9870,12.0,674.0,0.0,0.0,0.0,0.0,0.0,0
C9877,3.0,5.0,0.0,0.0,0.0,0.0,0.0,0
C988,0.0,0.0,16.0,6599.0,21.0,14.0,2953.0,0
C9884,7.0,8.0,0.0,0.0,0.0,0.0,0.0,0
C989,0.0,0.0,2.0,110.0,0.0,11.0,93.0,0
C9897,6.0,13.0,0.0,0.0,0.0,0.0,0.0,0
C99,2.0,3.0,2.0,81.0,0.0,13.0,94.0,0
C990,0.0,0.0,2.0,42.0,0.0,13.0,87.0,0
C991,0.0,0.0,1.0,35.0,0.0,11.0,90.0,0
C992,22.0,1617.0,4.0,111.0,10.0,17.0,114.0,0
C9921,27.0,523.0,0.0,0.0,0.0,0.0,0.0,0
C9927,13.0,25.0,0.0,0.0,0.0,0.0,0.0,0
C993,0.0,0.0,1.0,50.0,0.0,11.0,91.0,0
C9935,1.0,1.0,0.0,0.0,0.0,0.0,0.0,0
C9939,1.0,1.0,0.0,0.0,0.0,0.0,0.0,0
C994,0.0,0.0,2.0,66.0,0.0,12.0,91.0,0
C9943,14.0,29.0,0.0,0.0,0.0,0.0,0.0,0
C9945,8.0,11.0,0.0,0.0,0.0,0.0,0.0,0
C995,0.0,0.0,1.0,58.0,0.0,11.0,87.0,0
C9950,13.0,21.0,0.0,0.0,0.0,0.0,0.0,0
C9954,8.0,13.0,0.0,0.0,0.0,0.0,0.0,0
C996,0.0,0.0,2.0,51.0,0.0,14.0,109.0,0
C9960,3.0,115.0,0.0,0.0,0.0,0.0,0.0,0
C9966,13.0,21.0,0.0,0.0,0.0,0.0,0.0,0
C9968,11.0,17.0,0.0,0.0,0.0,0.0,0.0,0
C997,2.0,3.0,2.0,91.0,0.0,12.0,87.0,0
C9970,4.0,5.0,0.0,0.0,0.0,0.0,0.0,0
C9972,18.0,43.0,0.0,0.0,0.0,0.0,0.0,0
C998,0.0,0.0,3.0,112.0,0.0,14.0,107.0,0
C999,7.0,21.0,1.0,46.0,0.0,11.0,174.0,0
C9996,10.0,33.0,0.0,0.0,0.0,0.0,0.0,0
