host,unique_dst,unique_src_port,unique_dst_port,total_bytes,avg_bytes,total_packets,avg_packets,avg_duration,avg_packet_size,entropy_dst,ratio_bytes_per_packet
C10,33,33,406,15.97773044665727,9.401343378962684,10.429103261774754,3.8736064256974165,2.4183233282353767,5.5525417559735155,4.284423168160664,256.8922226492063
C100,2,18,1,11.958540341705442,6.063708538229975,6.75343791859778,1.2094522700905617,0.16663134105086744,5.211730708188703,0.9989326546260582,182.41121495327104
C1000,10,154,24,13.187141244896276,8.093694675296138,7.641564441260972,2.6227105993695923,2.0403435203861036,5.549950347991996,2.837666295383453,256.2247838616715
C10001,4,34,6,12.451388563109523,8.737972975623139,7.557472901614746,3.8645734057151584,1.8198174220232124,4.901894327542555,1.769122521891063,133.54440961337514
C10003,4,23,5,13.297816399728669,10.002023164766827,8.421122722665503,5.130993885331517,2.9287215632710306,4.884503809490824,1.6663716187938955,131.22484034353667
C10005,13,140,13,14.037898623971312,8.87898181976458,8.365905077202456,3.246312077019452,1.8467337200389735,5.675659736429085,1.9360740734329591,290.6807074703281
C10008,3,20,4,12.393651193434177,9.30269577750823,7.461640392208575,4.382594655137891,2.833213344056216,4.939763553571208,1.3221793455166666,138.7372052903968
C1001,8,196,21,13.538103516120238,7.214479358517746,8.02059914989697,1.8643301620628903,1.1904407981073597,5.521838229971539,1.6602277855395131,249.09434582511506
C10010,15,150,16,13.97790147926935,8.785096786280231,8.110427237575024,2.9698445026018634,1.7683391950199565,5.870598997203327,2.316957332328613,353.4612379807692
C10012,6,14,2,13.280113855888988,9.09057013587151,8.504715669905124,4.328138269461779,1.6333911534565932,4.783996681256493,1.7934590944879387,118.58132469110797
C10014,2,3,1,9.141740280483926,8.043342170441608,3.367295829986474,2.3353749158170367,2.7300291078209855,5.812423318435598,0.9182958340544894,333.42857142857144
C10016,3,22,4,12.69323754912164,9.361115974878476,7.61972421378267,4.300680995219929,2.729252408752813,5.08023889924598,1.2958363892911637,159.81246931762396
C10018,1,1,1,8.431199478249262,5.6014674257855575,3.332204510175204,0.9509762898620451,0.0,5.14101357272937,0.0,169.88888888888889
C1002,1,9,1,8.993551586299981,3.8501476017100584,5.170483995038151,0.6931471805599453,0.0,3.8501476017100584,0.0,46.0
C10020,2,3,1,9.913140809564267,6.9183489671930065,4.584967478670572,1.766441661243765,1.766441661243765,5.343172454316478,0.9709505944546688,208.17525773195877
C10022,10,110,16,14.042277138175919,9.263247699246046,8.197263371414335,3.450120923624383,1.9092312208352322,5.848177735763164,1.8160564030751767,345.6022038567493
C10024,2,2,1,11.488079340597526,9.696371127923914,5.883322388488279,4.105394398408686,3.349904087274605,5.611199485162188,0.6500224216483541,272.47206703910615
C10026,6,27,4,14.638684183489593,10.36204923555117,10.172903816181016,5.8989456070559045,2.588181658954805,4.47724783884163,2.4552059723265187,86.99217049230417
C10028,5,30,7,13.911502323618,10.24797519880936,8.400434630806041,4.745377959846337,1.9854125920315595,5.515324321656471,1.6440405934988813,247.47054856115108
C1003,8,2,55,15.76314593224806,11.081029964373139,8.901775088607979,4.23410650459726,2.502497925593095,6.86255364382385,2.430514128832543,954.8047385620915
C10031,2,6,3,12.30285900796786,8.86900795670068,7.3395376954076745,3.9248436938572078,2.3620705462802256,4.9709272194032765,0.9811522341999134,143.1604938271605
C10033,5,6,1,10.677938184160109,8.11326536262696,5.488937726156687,2.972384909557,2.445685936634719,5.198657491557978,1.7004397181410922,180.02904564315352
C10035,1,1,1,7.988203597022576,7.988203597022576,2.0794415416798357,2.0794415416798357,0.0,6.04432803666505,0.0,420.7142857142857
C10037,3,28,3,11.569088383469074,7.958510751559736,6.352629396319567,2.8025410445231325,1.3163357725129803,5.223595700954532,1.5571489648020924,184.6003490401396
C10039,3,3,1,9.164819856674374,8.06641686059807,3.367295829986474,2.3353749158170367,1.6094379124341003,5.835437107267864,1.584962500721156,341.2142857142857
C1004,3,73,14,12.072964020669621,7.286151759566287,6.950814768442584,2.271266409736618,3.322635059159053,5.129041692823583,1.4598403047164004,167.85522531160115
C10043,5,179,2,12.852130839097908,7.496097345175956,8.490027523343468,3.175889540275382,2.26018953402636,4.374974592014786,0.9891626104742723,78.43782117163413
C10045,4,40,4,12.50420121285411,8.766683735208355,7.569411792450712,3.8526773273191974,1.9183221925364842,4.942464416709954,1.6152502650882519,139.115126484254
C10047,14,128,13,14.208658790493313,9.204812369005916,8.531490496117062,3.5563063749312254,2.016244402366466,5.680781521837213,3.0150867264117367,292.17846578584107
C10049,2,14,1,14.392483408207251,10.75491802731072,9.436997742590188,5.802356858624745,3.2040293167512064,4.962584233267331,0.926819063964577,141.9627680778123
C1005,2,57,10,11.296509234405445,7.236773696411915,5.8522024797744745,1.9434440565601196,2.6254179365219397,5.45147125497226,0.6631968402398287,232.10086455331412
C10052,3,35,3,12.730759753488975,9.017306027879343,7.643482907077201,3.9488957484959295,2.4602140371976287,5.09390606276044,1.3026227503285146,162.0254074784276
C10054,4,23,4,12.703782634148789,9.408024794779516,7.488293515159428,4.206901344750522,2.6855773452501515,5.221459903474168,1.4941800941150334,184.2043673012318
C10056,2,19,3,10.636264016619267,7.640988183081368,5.272999558563747,2.3702437414678603,1.9459101490553132,5.373032665287282,0.6098403047164005,214.51546391752578
C10058,8,79,12,13.816036419674765,9.373469115499583,7.893198869544609,3.4814210684331,2.099820704016488,5.925882913035826,1.8927407682354112,373.6090365944735
C10060,3,3,1,9.254452946594503,8.156032008864598,3.5263605246161616,2.4849066497880004,1.791759469228055,5.761002614986093,1.584962500721156,316.6666666666667
C10061,1,1,1,9.15461622320382,8.461574767653225,3.4657359027997265,2.803360380906535,3.0204248861443626,5.72379591675236,0.0,305.06451612903226
C10065,3,19,4,12.394488096775122,9.303532608040893,7.520234556474628,4.440509928048973,2.629269323249096,4.882399225331187,1.3221793455166666,130.94685466377442
C10067,9,117,9,14.350250930887695,9.373601543185792,8.787830829258759,3.8328305109335754,1.7434864127147205,5.566403645950599,2.2240974102034836,260.4919884022585
C10069,4,6,1,12.089162353921887,8.562987275177136,6.617402977974478,3.1342146252235246,1.0275163669843794,5.477280993720308,1.6457113704075785,238.19544846050871
C10071,2,2,1,8.881141619321468,6.685028307553144,3.4339872044851463,1.4663370687934272,1.0216512475319812,5.483966713434666,0.5032583347756457,239.8
C10076,1,1,1,9.404178688897805,6.7661917146603505,4.564348191467836,2.052290552613885,1.995671658614377,4.858015605446376,0.0,127.76842105263158
C10077,2,6,3,12.267868346072047,9.009889310512378,7.132497551660044,3.8941723180110572,2.8925062304247975,5.142028110628963,0.930586129131993,170.06235011990407
C10079,2,4,1,10.181876578076317,7.238118668972905,4.727387818712341,1.9307583440347111,1.7560413866259759,5.467570268303856,0.4854607607459134,235.88392857142858
C1008,14,567,31,14.331078319998063,7.807922001212397,8.784468454090355,2.3599392781736954,1.7632109249817391,5.550654851178234,2.6044932028100574,256.40606338998623
C10081,10,116,12,13.830550883087012,9.01039047402475,7.948031990637284,3.170295316138886,1.726503845155487,5.885654222905834,1.5031310952983838,358.8381053375751
C10083,1,24,3,10.744558925664444,7.567000907866401,5.521460917862246,2.431417964837014,1.5040773967762742,5.232439260481409,0.0,186.24899598393574
C10086,4,42,4,12.611841040975417,8.805325162648383,7.546974117516527,3.763265165472332,2.120263536200091,5.071683041075036,1.6772670822928921,158.44244984160508
C10087,2,2,1,8.716863386544805,8.023879992734878,2.833213344056216,2.1972245773362196,0.0,5.94672865326659,1.0,381.5
C10089,3,11,1,14.401094242530565,11.143011623931773,9.062883902508307,5.8076803827633485,3.6753264877092326,5.343118083566525,1.1047909373235627,208.1638850254984
C10091,3,4,1,11.973686512849032,9.5758543184003,6.364750756851911,3.983920744607728,3.091042453358316,5.61430410730341,1.0957952550009338,273.32241379310346
C10093,2,2,1,9.274347501950475,7.077873041855241,3.4965075614664802,1.5163474893680884,1.0216512475319812,5.811515174459083,0.5032583347756457,333.125
C10095,2,3,3,14.47716810342406,10.739519640725831,9.39182824802156,5.6575723127501565,3.6115612063299665,5.091589960613998,0.74959525725948,161.64826090583034
C10098,15,181,15,14.752036372631856,9.135372673720504,9.605351022180487,4.00687026818555,2.1874802858615414,5.152553737164502,3.4380457669126,171.8723977632554
C10099,2,5,1,12.745893806137417,9.701429651963478,7.486613313139955,4.453239262899146,3.0888756052732256,5.265020965632326,0.7024665512903904,192.45036455412227
C1010,1,1,44,11.320505086298859,7.536836553976903,4.890349128221754,1.3862943611198906,0.0,6.4392898600235275,0.0,624.9621212121212
C10101,9,214,12,14.543544071809945,9.038330828990189,9.32420462812523,3.8405008054809766,1.9750967701418451,5.2248240408704785,2.0734485712711113,184.82846943328872
C10103,2,2,1,8.925321416943886,8.232307206266459,3.1780538303479458,2.5257286443082556,2.0794415416798357,5.792748461889153,1.0,326.9130434782609
C10105,3,23,3,12.596133041321316,9.228931989081097,7.521859252201629,4.169601299579696,2.3094579722818076,5.081044475503646,1.2921642625537564,159.94206821873308
C10107,5,46,4,13.399845102751483,9.508097540179017,7.718685495198466,3.8479741602980746,1.9998239137151443,5.685004933162833,1.813343318587351,293.41929746554024
C10109,1,1,1,8.022240916806537,8.022240916806537,2.1972245773362196,2.1972245773362196,0.0,5.94509332992586,0.0,380.875
C1011,5,69,11,13.45856557756898,9.064230732942661,7.935945103353701,3.5697065641684986,1.9026601652614965,5.526962749624051,1.931245691645642,250.37924865831843
C10112,2,8,3,9.513403546466266,6.741922039692985,4.31748811353631,1.7272209480904839,1.4469189829363254,5.214715404308303,0.954434002924965,182.95945945945945
C10114,2,3,1,9.24048152888817,8.142063283104147,3.5263605246161616,2.4849066497880004,2.751535313041949,5.747074144289504,0.9182958340544894,312.27272727272725
C10116,5,269,5,15.775655763275582,10.155293627249907,11.76801719470154,6.149744886897242,1.5604303333274057,4.025659093457129,1.9040552048644432,55.01721719860217
C10118,14,153,14,14.24362521742404,8.996724315910775,8.427049641563272,3.220558618702417,2.149924530460528,5.81976652656782,2.9977111786550035,335.8933887915937
C1012,2,2,1,9.557469903071384,8.864393391392426,3.9512437185814275,3.2771447329921766,2.0794415416798357,5.6291716108650265,1.0,277.4313725490196
C10120,2,2,1,9.5450252980233,8.446556111816797,4.02535169073515,2.9618307218783095,1.6739764335716716,5.541548709486301,0.9182958340544894,254.07272727272726
C10121,3,3,1,10.362714572154392,7.965135135376586,5.272999558563747,2.925114706340038,2.032921526044943,5.100934501936981,1.0957952550009338,163.17525773195877
C10123,1,1,1,8.72729202920964,8.034306936339489,3.091042453358316,2.4423470353692043,0.4054651081081644,5.686006364015938,0.0,293.7142857142857
C10125,4,23,3,12.437914258787519,9.179916849818266,7.462214939768189,4.218375843142423,2.5500459519589618,4.983145958226669,1.4956321302677145,144.93275862068967
C10127,3,22,3,12.542162666259054,9.28415544409602,7.527793987721444,4.283055917114827,2.4589311633847397,5.021519512528239,1.309691097339382,150.6415500538213
C10129,2,3,1,9.299723933110869,8.201294526667116,3.5263605246161616,2.4849066497880004,2.833213344056216,5.806138481293728,0.9182958340544894,331.3333333333333
C10131,5,44,4,12.580748594818457,8.57360102060769,7.613818684808629,3.6327899874628926,1.961374374752895,4.974357144472674,2.046223479075053,143.6558024691358
C10133,4,35,3,11.888796970231315,7.699588477487139,7.745435610274381,3.58351893845611,3.3578469407885416,4.159525463569405,1.7683509333843792,63.04112554112554
C10134,2,2,1,8.814627555310697,8.121628907985336,3.1354942159291497,2.4849066497880004,2.1972245773362196,5.726699676216526,1.0,305.95454545454544
C10138,10,126,13,13.966949278036424,9.025426314697881,8.130647968160584,3.2291090011482297,2.0596031994601716,5.839509384304418,2.0082691929905074,342.61071849234395
C1014,2,61,10,11.589136224715652,7.430836742189586,6.142037405587356,2.1102132003465894,2.539384970755741,5.4535327503128075,0.8112781244591328,232.58189655172413
C10142,1,1,1,8.12740456269308,8.12740456269308,2.3978952727983707,2.3978952727983707,0.6931471805599453,5.827473946998751,0.0,338.5
C10144,2,16,3,15.146308065264984,12.055271161486148,8.239329427901795,5.15381694255294,2.0506211031443438,6.908242481991043,1.0,999.4873217115689
C10146,13,67,10,13.935915043505394,9.371651071858434,8.11312710422178,3.5768416019898557,1.9095425048844386,5.826040769788767,3.239098641353932,338.01378483667963
C10148,2,8,3,14.177009846018473,11.343807647997613,8.894670262984233,6.063648400424175,3.228243574871801,5.28754299220503,0.5225593745369408,196.85669226549643
C1015,60,19,2358,18.973837367756875,9.757871012860456,12.32707715333532,3.154638739849333,3.4727986279033995,6.64806201239101,5.103302520666864,770.288129360948
C10150,2,2,1,8.822764296703758,8.129764445794171,2.995732273553991,2.3513752571634776,0.9162907318741551,5.880973935919126,1.0,357.1578947368421
C10152,1,1,1,8.11969625295725,8.11969625295725,2.1972245773362196,2.1972245773362196,0.0,6.042335877481238,0.0,419.875
C10154,2,2,1,11.317883343766894,9.015407627387022,5.733341276897746,3.459466289786131,2.9338568698359038,5.591507779161285,0.46899559358928117,267.13961038961037
C10156,12,114,10,13.946294053575626,9.011941195379938,8.081165777725433,3.188490782103369,1.9272374073500385,5.868268527503501,2.2588917632536987,352.63613861386136
C10160,4,20,5,11.987468774257996,8.896556967882388,7.6783263565068856,4.5969547130347,2.9029189739482533,4.322948487166986,1.3795588554446871,74.41064814814816
C10161,4,276,6,14.445890980220831,8.77961760845302,9.873182972271273,4.221490269432738,1.1644475465337472,4.583035452722687,1.5555367667682185,96.81084424286156
C10163,2,2,1,8.892611378172106,6.69648540023229,3.4657359027997265,1.491654876777717,0.9382696385929303,5.462737713012751,0.5032583347756457,234.74193548387098
C10167,13,121,9,14.162129711489174,9.158288047104044,8.256866848974312,3.2906032091982196,1.5822253489092155,5.908242315666153,2.9140824132823147,367.05865559304436
C10169,8,91,10,13.92637191620742,9.263026799276867,8.148156439921625,3.51463836973754,2.332327062192783,5.781592456608942,2.3302493052104905,323.2751736111111
C1017,2,57,10,11.281006017883909,7.23866067099032,5.849324779946859,1.955885294112133,2.717363423248878,5.438908319308181,0.6292492238560347,229.1907514450867
C10173,2,2,1,10.953242174756578,8.120308810403662,5.631211781821365,2.8537620122836036,1.0169342576538425,5.330457175419271,0.672294817075638,205.53237410071944
C10175,4,227,6,14.295689740223516,8.815198668684797,9.687071321971345,4.221160749909217,1.3914891779969947,4.618595524150372,1.3583792998902169,100.3515862668405
C10177,2,2,1,12.45007317008327,9.811066765840806,6.90975328164481,4.283586561860629,2.4789364828014966,5.545228173712294,0.9852281360342515,255.01298701298703
C10179,1,2,2,11.050350177152948,8.853252644441325,6.0867747269123065,3.907568655078766,3.085979151401769,4.972782816842612,0.0,143.42824601366743
C10181,4,66,5,13.708219290715704,9.41784000096444,9.368539986649727,5.084208224249467,2.2374984764741592,4.352718889448995,1.8768847822229366,76.68940493468796
C10183,4,280,6,14.368350872705246,8.684939657991768,9.7066816015412,4.040781119300011,1.1177032671329388,4.671135303809637,1.5437353006746728,105.81894557408985
C10185,3,24,3,12.471117928238925,9.005500929907269,7.502186486602924,4.053414054870097,2.3483946290253397,4.976402378856489,1.2627317300909384,143.9519602429597
C10187,3,3,1,9.939433679309596,7.637282603634833,5.278114659230517,3.0204248861443626,1.6486586255873816,4.675748125377246,0.9219280948873624,106.31282051282051
C10189,2,13,3,10.5230420127927,7.47905761446674,5.231108616854587,2.2881963555419462,1.8152899666382492,5.302261192336695,0.9587118829771317,199.79032258064515
C1019,3,26,1,11.097546375348252,5.1869339577745075,6.192362489474872,0.8395668593768203,0.3660646842885714,4.914581668605752,1.1273616664982655,135.2622950819672
C10194,4,277,6,14.39196941595076,8.715379108723633,9.749578510178852,4.089653209719478,1.1880939757025788,4.652036631116584,1.564746708553461,103.79820366266185
C10196,4,265,6,14.572399379737305,8.95212751471295,10.092701965587253,4.483616463261601,1.285352410594314,4.491010930320205,1.400310728012955,88.21158700600041
C10199,1,1,1,8.38662882139512,8.38662882139512,2.5649493574615367,2.5649493574615367,2.4849066497880004,5.904225871560719,0.0,365.5833333333333
C1020,1,9,1,9.070503426788383,3.8501476017100584,5.247024072160486,0.6931471805599453,0.0,3.8501476017100584,0.0,46.0
C10203,4,276,6,14.18904940360718,8.522820924593608,9.310004695089129,3.669312093258084,1.1601185354441617,4.8867093686358025,1.5583244263970613,131.51679188920068
C10204,3,3,1,9.776278985795086,8.677780256064185,5.214935757608986,4.127134385045092,3.060270794691562,4.577074247665415,1.584962500721156,96.22950819672131
C10206,3,25,3,12.473646393965293,9.072559965062245,7.5411524551363085,4.155230587778098,2.528391761727739,4.940199913912903,1.2832547532764529,138.79819437068508
C10208,6,55,5,12.939209474306278,8.635319711618592,7.721791776817535,3.4495584533555763,2.2455856490296404,5.223262751706795,2.37000012523991,184.53856382978722
C1021,3,72,19,11.972973450848684,6.029955029954475,7.254884810077338,1.5478966402555696,3.9702425198596862,4.727675669532513,0.8063870864434901,112.03253182461103
C10210,5,26,4,14.118769429700267,10.093458350575983,9.955225747940542,5.932481991541092,3.4757304335247223,4.179022356848206,1.7590606099884263,64.30197996296472
C10213,4,269,6,14.350543213030488,8.723084311278594,9.673319386284954,4.0629825764688965,1.3533846270310927,4.686547395567483,1.4815974926315785,107.47800088122364
C10214,3,24,3,12.459888941528401,9.058804049514407,7.5256399750415355,4.139955073474153,2.7642204725692645,4.941950589021604,1.272905595320056,139.04314994606256
C10216,1,1,1,8.102889134640868,8.102889134640868,2.3978952727983707,2.3978952727983707,0.0,5.80302430930585,0.0,330.3
C10218,6,54,7,14.328602411889781,10.201504543327845,9.078749951588586,4.958549382331535,1.9343225338829253,5.255199908261639,2.2454197906080706,190.55977640885237
C10219,3,5,1,10.608019677962638,6.9979911813272375,5.6240175061873385,2.1352852778959286,1.5070758997725309,4.994392987994833,1.0973549514358283,146.58333333333334
C10221,3,18,3,12.384770979706675,9.389118157021771,7.4999765409521215,4.514698282824016,2.744060638625243,4.892871627372382,1.3366664819166876,132.33591588267848
C10223,4,269,6,14.181174677925517,8.550155736054528,9.26955223160803,3.6642047625099363,1.082958748088106,4.91904890414106,1.425566303803224,135.8723725139033
C10225,13,146,13,15.867158023107786,10.544174262316027,9.67457740632758,4.364309635819935,2.082485684061064,6.1946856802083605,3.000621933201179,489.1373609102911
C10227,1,1,1,8.019612794400267,8.019612794400267,2.1972245773362196,2.1972245773362196,0.0,5.942471237305873,0.0,379.875
C10229,3,26,3,12.496429886525632,9.095340958446384,7.576097340623111,4.189654742026425,2.772588722239781,4.92810802096312,1.2832547532764529,137.1179487179487
C1023,2,7,1,9.970772299341725,5.879181981094002,4.770684624465665,1.0818051703517284,0.4803664162812822,5.2140063031318125,0.21084230031853216,182.82905982905982
C10230,4,279,6,14.398409743015685,8.721818386295707,9.75481351515439,4.094801079007021,1.123416266033918,4.653230160659984,1.544250225355043,103.92335808772337
C10233,3,25,3,12.452588914366125,9.051504846487541,7.498869733976931,4.113602378826515,2.580216829592325,4.961297611644988,1.2832547532764529,141.77894736842106
C10235,2,2,1,8.768729817231666,8.075738145574919,3.091042453358316,2.4423470353692043,2.1972245773362196,5.727312972066395,1.0,306.14285714285717
C10237,4,274,6,14.617993193632383,8.972672684583147,10.162384273556155,4.527762401967679,1.3702655228439917,4.467192959835588,1.5371270148554455,86.1118530240457
C10239,2,15,2,11.709774321044721,8.819542176911416,5.3230099791384085,2.512305623976115,2.7444178452730847,6.393320207814717,0.964078764808229,596.8382352941177
C1024,8,228,29,13.707039654506108,8.22666707851272,8.114025442356757,2.7024791560527546,2.1400661634962708,5.597028218177181,2.4505615127871243,268.62395209580836
C10241,3,26,3,12.505906831053483,8.922517548878753,7.577633832602728,4.0118683403978626,2.165874047452143,4.935990462483855,1.2516291673878228,138.2109575012801
C10243,3,25,3,12.482127381740975,9.081040015879475,7.513709247839705,4.128209076174857,2.8312506348883675,4.975886372511758,1.2832547532764529,143.87718340611355
C10245,6,27,7,12.712826992886022,8.478925299546868,7.679713639966372,3.4765468189039423,3.1067290495260154,5.040066912611759,2.0372424241844356,153.48035136384652
C10247,4,46,3,12.596826742039282,8.645755527935787,7.640123172695364,3.71310291351719,2.283167007136944,4.964189181836093,1.7172273023973539,142.19240019240019
C10249,3,26,3,12.48557006490193,9.019951360604466,7.52131798019924,4.072226756968481,2.840539384148289,4.971745042766376,1.2627317300909384,143.27843986998917
C1025,1,1,7,10.936262699446015,8.990459349963604,4.584967478670572,2.6984807500860595,2.2881963555419462,6.363259146879892,0.0,579.1340206185567
C10251,3,4,1,11.3167402502371,8.225953282211057,5.7899601708972535,2.7611600264161584,1.6274564179367788,5.533789515401299,0.8315435491770657,252.10122699386503
C10252,3,24,3,12.434549947074984,9.067365515093805,7.52294091807237,4.170666829781735,2.837261932582216,4.919475494404013,1.284777238479929,135.93077339102217
C10254,2,9,1,12.30711183770444,9.909261758765135,7.00850518208228,4.6196108701428855,3.095166170542178,5.304488332162201,0.9456603046006401,200.23800904977375
C10256,1,1,1,7.9157131993821155,7.9157131993821155,2.0794415416798357,2.0794415416798357,0.0,5.971990437272603,0.0,391.2857142857143
C1026,2,6,1,10.046635061754612,6.492759180656657,4.584967478670572,1.327453861096957,1.1174807729724925,5.476075261053625,0.18717625687320819,237.90721649484536
C10260,1,1,1,12.848678880196399,10.65147533943753,7.3310603052186325,5.139061082685078,3.0012724539296065,5.522275788910113,0.0,249.20380078636958
C10261,4,273,6,14.612577116241429,8.960215912093691,10.13931038100741,4.497975630833085,1.2691690038824779,4.484650719536816,1.447086728819,87.6459830950312
C10263,3,25,3,12.476397448360093,9.042524707061803,7.538494999413465,4.120347619240602,2.7786188912663725,4.945571253285763,1.273366751166417,139.55111821086263
C10265,3,24,3,12.482616669571453,9.11542700998098,7.519692404116539,4.167466827051063,2.701129758257636,4.9704272968492536,1.2921642625537564,143.08844275637549
C10267,1,6,3,9.230535079261703,7.439265493940961,3.8918202981106265,2.1972245773362196,1.5040773967762742,5.36392952987551,0.0,212.5625
C10269,3,25,3,12.487915201142984,9.054041149123362,7.509335266016592,4.091652770556389,2.7208708895312714,4.985980783850156,1.273366751166417,145.34703947368422
C1027,2,11,5,15.44859917453694,9.919219112488198,9.997296606214185,4.479228962630245,2.7214520571892256,5.4556292364517285,0.8112781244591328,233.0721114449604
C10271,2,8,3,10.206439938023752,7.498906647286028,4.983606621708336,2.367123614131617,1.4508328822574619,5.235010270802943,0.9967916319816367,186.73103448275862
C10277,2,6,1,15.058433269548116,13.26667524301735,8.648922962094131,6.858039686736205,2.953172659135195,6.411329539621474,0.6500224216483541,607.7024373136945
C10279,3,12,3,10.45984088157808,7.415891575461359,5.181783550292085,2.243744592971112,1.7261621867422416,5.28872346933999,1.4937095464322436,197.090395480226
C10281,1,4,3,10.40626084311129,9.020057205511534,5.25227342804663,3.8815637979434374,1.4469189829363254,5.164936338558035,0.0,174.02631578947367
C10283,10,135,12,14.028516496889223,9.031423014315791,8.38022733634308,3.416174748926533,2.20619324731898,5.652034280731204,2.2965826034383645,283.87038311539345
C10285,3,24,3,12.432897412846856,9.031815598270526,7.496097345175956,4.110873864173311,2.5726122302071057,4.944499448532284,1.2832547532764529,139.40055555555554
C10287,3,24,3,12.493474678774636,9.092386071654843,7.52131798019924,4.135699747904015,2.732200661334493,4.979595113465213,1.2832547532764529,144.41549295774647
C10289,2,2,1,8.764678074116606,8.071687033770889,3.091042453358316,2.4423470353692043,2.0794415416798357,5.723273817903174,1.0,304.9047619047619
C10291,2,3,1,11.885653859956168,9.052550726195083,6.274762021241939,3.471235458365765,2.9256884298210646,5.616414258706951,0.5225593745369408,273.90188679245284
C10293,15,115,12,14.50925555979347,9.634123195635665,8.726805608446096,3.8724724668960877,2.3575358129764634,5.7856875682920705,2.598221755799202,324.6058394160584
C10297,3,20,3,12.753925231783228,9.535118787319139,7.84971375760487,4.640151154883337,3.074543453978281,4.91198360422301,1.3108562983864118,134.908736349454
C10299,4,10,1,10.492301467414055,7.927685045615778,4.762173934797756,2.294863046900135,1.8417698898027164,5.741897359984751,1.83392721764183,310.6551724137931
C1030,12,372,32,14.693280811463541,8.545006632715545,8.808668062106715,2.7276572894785382,1.983944378583259,5.8875394245005594,2.5648052876141825,359.5171125392318
C10301,15,139,14,13.310242793975629,8.247907943492212,7.707512194600341,2.713100716888279,2.069103477439944,5.606857832836718,2.0301330774987534,271.28732014388487
C10303,1,1,1,7.941651252930556,7.941651252930556,2.0794415416798357,2.0794415416798357,0.0,5.997872543403312,0.0,401.57142857142856
C10305,4,20,4,12.421054984563677,9.285649485824347,7.449498005382849,4.326720723839039,2.666624159447913,4.97903929983276,1.624821327228443,144.33469150174622
C10307,4,6,1,10.855377061650147,7.3594869270767855,5.517452896464707,2.1418471078672656,1.6033588663577183,5.3467042235936315,1.4291526372734094,208.91532258064515
C10309,2,2,1,8.939187601475613,7.840837573496129,3.4011973816621555,2.367123614131617,2.833213344056216,5.575557176823447,0.9182958340544894,262.8965517241379
C10311,11,136,12,14.517180317951953,9.486817748756714,8.556029215201436,3.5544139184976165,2.0859562227010295,5.963916143287896,1.9998254316798354,388.1310371368097
C10313,4,26,5,12.451142058678043,8.98552745930333,7.547501682814967,4.09798376561464,1.8425317946014783,4.911552306987979,1.5306390622295665,134.85013192612138
C10314,3,28,3,12.499402489254544,8.888618807300878,7.6255950721324535,4.032085722916493,1.264279410556927,4.8819030760455036,1.3854839520814966,130.8814055636896
C10317,1,1,1,7.966239776559467,7.966239776559467,2.0794415416798357,2.0794415416798357,0.0,6.022409350957403,0.0,411.57142857142856
C10319,3,20,3,12.764152969529677,9.673170606564499,7.517520850603031,4.437826803283935,2.645529844120876,5.252421460215429,1.3221793455166666,190.02827623708538
C1032,1,9,1,9.070503426788383,3.8501476017100584,5.247024072160486,0.6931471805599453,0.0,3.8501476017100584,0.0,46.0
C10321,3,4,1,10.845036590624378,9.458800731274183,5.2832037287379885,3.912023005428146,1.9095425048844386,5.570717445570503,1.5,261.6224489795918
C10323,4,45,3,12.620398382070535,8.749352643740663,7.640123172695364,3.7912668042923463,2.257849199152654,4.987598196707612,1.7288027374527126,145.5839345839346
C10326,12,155,13,14.142053663507602,8.88991729459066,8.63497622707262,3.415922636906135,2.0421038712421917,5.51130353143515,2.6395531680353796,246.47350640113797
C10328,13,190,12,14.625113226712608,9.091835880480936,9.430840432344976,3.9174627287239643,1.9282509034810544,5.199885038909678,3.108074869344281,180.25140381838602
C10331,2,11,1,11.15713584330377,8.759383291044553,5.771441123130016,3.404223102578692,3.0137507790566693,5.393357623562847,0.9940302114769566,218.940625
C10333,1,1,1,8.122371243406553,6.045005314036012,2.9444389791664403,1.1786549963416462,1.0986122886681098,5.237032804796916,0.0,187.11111111111111
C10338,11,135,13,14.62316474719264,9.44709349044005,9.415564321987441,4.253647402858568,2.215265502101529,5.213140850965335,2.437579307245877,182.67003339578073
C10342,3,4,1,9.7603097828598,6.928019160899041,4.219507705176107,1.5976034547870976,0.7221347174331976,5.55941791667652,0.8343470230852539,258.67164179104475
C10345,2,9,3,9.933191975242458,7.100754915733499,4.700480365792417,2.003068562895262,1.5488132906176655,5.247072356847007,0.9774178175281716,189.0091743119266
C10347,9,61,11,12.20382011047688,8.02975351078471,6.590301048196686,2.5001741219187887,1.9524819142185479,5.618525216671773,2.201375074926912,274.4828060522696
C10349,2,29,3,11.651591154505844,8.014327034950224,6.529418838262226,2.9444389791664403,1.4561640410803764,5.129561276080661,0.8314743880097293,167.94298245614036
C10353,3,3,1,12.24882078384389,9.850973417532067,6.46302945692067,4.080614369410199,3.471401640335404,5.790409229076942,0.8658566174572236,326.146875
C10355,1,1,1,8.456168489578463,5.626350734523385,3.332204510175204,0.9509762898620451,0.05715841383994861,5.165843615481649,0.0,174.1851851851852
C10357,2,3,1,12.048002628458496,8.715956224290773,6.38856140554563,3.1007355825639755,2.391380591777177,5.664590043931251,1.0,287.469696969697
C10358,1,1,1,8.085794701281568,8.085794701281568,2.1972245773362196,2.1972245773362196,0.0,6.008506012962834,0.0,405.875
C10360,2,3,1,9.343734255146714,7.041936460448157,3.9512437185814275,1.8082887711792655,1.667706820558076,5.416274678956342,0.46899559358928117,224.0392156862745
C10362,3,4,1,9.599201730917567,8.213110697596676,3.6888794541139363,2.3749057545736716,1.3862943611198906,5.9382125205417235,1.5,378.2564102564103
C10364,4,4,1,10.547654550874356,9.16143895161801,5.4680601411351315,4.0943445622221,2.772588722239781,5.089973712095042,2.0,161.385593220339
C10366,4,22,4,13.036417614264716,9.570749273510401,7.615791072035833,4.165210678090732,2.591048110428898,5.425529549595995,1.792654957849531,226.13159191720058
C1037,1,9,1,9.070503426788383,3.8501476017100584,5.247024072160486,0.6931471805599453,0.0,3.8501476017100584,0.0,46.0
C10371,10,123,11,14.028285338891704,9.123118871902143,8.142063283104147,3.2750460963352555,2.0785151868197054,5.889285122000157,1.9762193207390584,360.14701601164484
C10375,3,18,3,13.473432839946492,10.295411390077625,7.684324067681155,4.5167942420366645,2.9661318037777002,5.792622086854931,1.3304835169703002,326.8716060745513
C10378,2,3,1,17.71228483016298,15.92052546247148,10.882940859367924,9.091275264817243,3.5165082281731497,6.830443689169408,0.9182958340544894,924.6014007022287
C10380,14,128,10,14.114497489026713,9.058367361767175,8.62155320674048,3.593027726425137,1.8800969304857416,5.497230263789586,2.4114404342042266,243.01513786267796
C10384,2,2,1,8.824383730256061,8.131383640966515,3.258096538021482,2.6026896854443837,2.833213344056216,5.609032138110391,1.0,271.88
C10386,4,41,3,12.665062722653271,8.881008942632253,7.542213463193403,3.780567378987468,2.1019143975318944,5.129314676121273,1.6443248822677978,167.90132625994696
C10388,4,45,3,12.735087831596365,8.84340892787026,7.7702232041587855,3.8984620825928564,2.141265923688175,4.972235640177967,1.7072769395471006,143.34923986486487
C1039,4,16,1,13.786033342394447,8.335233800791855,8.07961802938984,2.6979854144860695,1.2385608156132657,5.7100421519216455,1.0393306235933713,300.88379299659124
C10390,4,22,4,12.543647845092641,9.047254436841303,7.466799475018602,3.9884227218231816,2.3353749158170367,5.0836333555503455,1.7997487310656006,160.35926773455378
C10392,10,130,12,14.16811553079546,9.2194540352463,8.61122983334262,3.6876375485165456,1.9024250371155744,5.56091971124969,1.9949958425911953,259.06190823015294
C10394,2,2,1,8.789507786736896,8.096512917501594,3.1354942159291497,2.4849066497880004,3.091042453358316,5.701659009577994,1.0,298.3636363636364
C10396,3,8,5,8.74528448245438,6.666956792429207,4.330733340286331,2.339399066116762,3.0081547935525483,4.439509070087244,1.4056390622295665,83.73333333333333
C10397,3,22,3,12.464641254062578,9.245858083628152,7.471932078245122,4.266615783162554,2.3758355547336385,5.000034818345751,1.3108562983864118,147.4183266932271
C1040,1,9,1,9.070503426788383,3.8501476017100584,5.247024072160486,0.6931471805599453,0.0,3.8501476017100584,0.0,46.0
C10407,2,2,1,11.61885182051047,9.539473241210633,6.0112671744041615,3.9488369785508626,2.7957557815213154,5.6136839159569245,0.5435644431995964,273.15233415233416
C1041,2,62,10,11.520764658048316,7.347012189153971,6.113682179832232,2.0717194955859255,2.518936398374312,5.413752242161027,0.8290590693996659,223.47228381374723
C10410,2,5,1,10.462674677179997,7.978082398438155,5.081404364984463,2.662587827025453,2.4849066497880004,5.392035370421788,0.6500224216483541,218.65
C10412,3,14,1,13.855546323487497,9.885304367951438,8.667507952075105,4.706124783412093,3.459822225009679,5.193775983658931,1.5279241279070093,179.147504302926
C10415,15,255,12,17.47066276417626,11.763560256665748,10.629658399543255,4.929778301494343,2.396384013632094,6.8420969593175975,2.8162533538761427,935.4507764500992
C10417,2,5,1,10.130901970700984,7.187179666194936,4.61512051684126,1.834684513945089,0.8397506547518208,5.529667154409346,0.2974722489192897,251.06
C10421,3,22,3,12.621184408023439,9.363170399906714,7.633853559681768,4.387779287163331,2.828678188890825,4.9946088774012685,1.3143204867061786,146.61519845111326
C10423,2,14,3,11.5174750996688,8.221897019958204,6.359573868672378,3.107737331930486,1.6458055566049752,5.165350310817907,0.9182958340544894,174.09878682842287
C10428,4,26,6,12.597215680630782,8.554353754226732,7.669495251007694,3.6522518671290167,3.408190417153126,4.935397568692842,1.5918452814833803,138.12844465203176
C10430,5,391,6,14.67349737310166,8.687213687543695,10.140178916395607,4.169271772769172,0.7728032653792554,4.544044723499606,1.8844896031138043,93.07052091554854
C10432,2,4,1,9.622979683832348,8.013806496747245,4.02535169073515,2.4849066497880004,2.028148247292285,5.619214391383778,0.9709505944546688,274.6727272727273
C10434,3,4,1,10.024864123702642,8.638702608813434,5.288267030694535,3.917010546939185,2.4203681286504293,4.7503028051218745,1.5,114.61928934010152
C10436,6,266,4,15.006664956439188,9.379128011272217,10.627163938130897,5.006237147203403,1.5846733548097038,4.391978406054167,1.4710258163520473,79.80011639467494
C10444,2,36,1,10.184296056044737,6.602097797742099,5.407171771460119,1.9694406464655074,0.0,4.789928710901592,0.9182958340544894,119.2927927927928
C10445,14,149,13,14.099578356790891,8.895707901959426,8.3243363327069,3.163293414764825,2.0614230361771577,5.77858173527507,2.4259068522163942,322.300339640951
C10448,3,20,3,12.423355053854667,9.20457578864633,7.45298232946546,4.247923650150401,2.5952547069568657,4.977861196852118,1.320924277228159,144.16357308584688
C1045,1,9,1,8.928640371201949,3.8501476017100584,5.10594547390058,0.6931471805599453,0.0,3.8501476017100584,0.0,46.0
C10450,3,44,2,11.595564798491031,7.81177097998068,7.471363088187097,3.711352309965995,0.022472855852058597,4.140799862571868,1.5146305767087556,61.85307517084282
C10451,1,2,1,8.680671660408713,7.987694302384625,2.70805020110221,2.0794415416798357,0.4054651081081644,6.04381977744191,0.0,420.5
C10453,3,21,3,12.361797799507952,9.183842380669955,7.449498005382849,4.284735327064502,2.5552874465497997,4.9202018339312525,1.325011210824177,136.0302677532014
C10455,2,2,1,8.955448122347393,8.262429965721566,3.4011973816621555,2.740840023925201,2.302585092994046,5.591758684729219,1.0,267.2068965517241
C10458,1,1,1,8.193676665955241,7.500805843003797,2.3978952727983707,1.791759469228055,0.4054651081081644,5.893576046288857,0.0,361.7
C1046,4,78,11,12.525435054584927,8.025948674406754,6.598509028614515,2.2131465303468048,1.6613976513648114,5.930945223294585,1.6914186516929222,375.5102319236016
C10460,2,2,1,8.838986793496787,8.145984571986164,3.1354942159291497,2.4849066497880004,2.0794415416798357,5.750984076140496,1.0,313.5
C10462,2,2,1,8.80086724247048,8.107870652980768,3.1780538303479458,2.5257286443082556,3.1135153092103742,5.6686808028244755,1.0,288.6521739130435
C10464,3,19,3,12.238897951594595,9.147957102372139,7.414572881350589,4.3361016800503,2.359996000207385,4.832917949839504,1.3221793455166666,124.57685352622062
C10466,4,24,6,12.350934604163747,8.459321918510613,7.527793987721444,3.661466307489792,3.397790223340541,4.831679434046632,1.5495117528591462,124.42142088266954
C10468,12,130,13,14.811004629956944,9.55880141220125,9.457747175426071,4.220200412534958,2.6052073588958997,5.358056349496854,2.972030771533205,211.31188505388099
C10472,3,35,3,12.515012168861867,8.753966228568824,7.527793987721444,3.788935226794867,0.9572987556015321,4.994550397628203,1.3006979255585032,146.6065662002153
C10477,3,44,2,11.887071889820966,8.103177998924808,7.795646536334594,4.028997633603155,0.1476359988060646,4.108400655987665,1.5146305767087556,59.849320708110334
C10478,2,3,1,11.193312311981844,8.996197856192392,5.659482215759621,3.4897507790036006,3.270835563798912,5.541236121225558,0.7642045065086203,253.993006993007
C1048,2,65,10,11.71018489412839,7.521063645222298,6.089044875446846,2.03688192726104,3.019685514576484,5.6270077797928915,0.8453509366224364,276.82954545454544
C10480,2,3,1,12.947028556429935,9.856036150914983,8.0040315078527,4.919980925828125,2.4183458832696614,4.950434351454517,0.9940302114769566,140.23629679144386
C10482,12,141,14,14.108676317483246,9.084908420966704,8.274611946209552,3.2885000759404748,2.235235607250824,5.837239710188133,1.8792334131283828,341.8317185109638
C10484,4,27,6,12.816940869875614,8.846790094987036,7.693025748417888,3.746168886624233,3.2782121588184885,5.130300849751614,1.696561794938871,168.06797445255475
C10486,2,2,1,8.755264763314685,8.062275199588543,3.1354942159291497,2.4849066497880004,2.302585092994046,5.667527057633191,1.0,288.3181818181818
C10488,2,3,1,13.597797236229932,10.378951248451225,7.789040401657477,4.5800574851730165,3.8190301385789813,5.812165355784928,0.24229218908241482,333.3423124740986
C10490,1,4,3,8.864605368075784,7.478734825567875,3.58351893845611,2.277267285009756,1.6094379124341003,5.314050098394104,0.0,202.17142857142858
C10492,4,24,3,12.697770494235982,9.40201313139806,7.6324011266014535,4.349082478954528,2.695627681103653,5.072139648211615,1.744775326093695,158.51526902569074
C10494,4,75,6,12.834675971604993,8.428172702167855,7.707062655370473,3.3361167081664957,1.3771059350654844,5.133970936640965,1.9553322519773977,168.68960863697706
C10495,1,4,3,8.818926087090677,7.43307534889858,3.4657359027997265,2.169053700369523,1.749199854809259,5.3893662806286455,0.0,218.06451612903226
C10497,3,10,3,10.912430389206653,7.821770697019157,5.883322388488279,2.8491287993621155,2.406125771934886,5.038384501374107,1.544024096481951,153.22067039106145
C10499,2,2,1,9.624170396415975,6.792014274607036,4.23410650459726,1.6094379124341003,1.457246097092175,5.40908236926766,0.3227569588973983,222.4264705882353
C1050,3,3,1,9.51044496442652,8.411980812933706,3.6888794541139363,2.6390573296152584,1.992430164690206,5.849694178938907,1.584962500721156,346.12820512820514
C10501,3,23,3,12.543026908815008,9.2472828508979,7.52456122628536,4.242658133409137,2.767948342683279,5.0255912880916815,1.305803563478725,151.26025917926566
C10503,1,1,1,12.171579539610432,10.785300704793393,6.78105762593618,5.3981627015177525,2.6026896854443837,5.3961965576647355,0.0,219.5659090909091
C10505,7,273,12,13.84220506785946,8.18649071125779,9.662434580678351,4.024414688449022,1.3479823259028274,4.195018324726007,1.496534112935146,65.35494750238625
C10506,4,19,3,12.280321679162828,9.284677603562239,7.431299675155903,4.4467604492404496,2.6741486494265287,4.857410879482077,1.543751954420502,127.69057498518079
C10508,2,2,1,8.765302488748196,8.07231135094428,3.1354942159291497,2.4849066497880004,2.1972245773362196,5.677531830783371,1.0,291.22727272727275
C1051,2,26,1,10.146394514691288,3.8524534326383195,6.317164686747284,0.6931471805599453,0.0,3.8524534326383195,0.9004854334784268,46.10849909584087
C10510,15,134,13,14.003962452448466,9.000138718561866,8.212297138229768,3.247717617660131,2.418427395041365,5.794983239680024,2.4775902317722305,327.64667571234736
C10512,10,108,12,14.54422322176431,9.261114064388929,9.384209641955154,4.117343694306139,3.2379814839477863,5.165821865893611,2.6071908718352286,174.18137502101195
C10514,3,26,3,12.849230943745047,9.352807479494999,7.579167967396076,4.098879717387492,2.207274913189721,5.275698968872709,1.4495701653254025,194.52709611451942
C1052,2,64,10,11.66070733548944,7.456583882802064,6.173786103901937,2.097926356353939,2.769786291634079,5.49312158053929,0.8602858652332408,242.01461377870564
C10520,1,1,1,8.068402958569699,8.068402958569699,2.1972245773362196,2.1972245773362196,0.0,5.991151998269682,0.0,398.875
C10523,11,121,12,14.026248679133895,9.002490458718373,8.27052509505507,3.2845649995394837,1.8273044066474664,5.759137571893148,2.617567016489081,316.0747567844342
C10525,3,32,3,12.681138440368175,9.017694937646107,7.6255950721324535,3.980400302872883,1.900958761193047,5.062378788088573,1.497153201175408,156.96583699365544
C10527,14,131,14,13.837265200407261,8.910145558064707,8.031060180240619,3.1473953899094473,1.7139284845833866,5.809532634627044,2.4230966293546694,332.4632400780742
C10529,4,9,4,9.55810574328497,6.994003544363334,4.204692619390966,1.8044984950054848,2.0501711593797225,5.37303121572726,1.6691803368667308,214.5151515151515
C10531,2,3,1,9.559940347242952,6.616769509714688,4.1588830833596715,1.4622802680978126,1.2750687260096663,5.421166910825699,0.2974722489192897,225.14285714285714
C10534,9,120,11,14.05199669970956,9.184564076259456,8.271804031154709,3.4367130146228915,1.9315214116032138,5.783530112937112,1.5154757326395636,323.9041165942214
C10539,3,21,3,12.255757647308222,9.036995999414456,7.4413203897176174,4.23642266081509,2.4475508632442313,4.823093563100573,1.3108562983864118,123.34917840375587
C1054,3,62,10,11.66513139785956,7.522528992830976,6.1779441140506,2.15581452046441,2.6888188391743224,5.493377949119421,0.9031682574209208,242.07692307692307
C10543,2,3,1,11.939094754636685,9.859698922317154,6.472346294500901,4.403665809777363,2.995732273553991,5.472498293001891,0.8112781244591328,237.05417956656348
C10552,3,3,1,9.926373656322829,8.827859100258394,5.407171771460119,4.31748811353631,2.512305623976115,4.534438351643833,1.584962500721156,92.17117117117117
C10554,3,45,3,12.497719348438121,8.221318390770563,7.3914152346753585,3.15759126311708,1.6996847902818786,5.1129535556965555,1.3515351890811589,165.16039481801357
C10555,3,3,1,9.772980154456345,8.674481799934423,5.204006687076795,4.116323468940876,2.751535313041949,4.584685558226654,1.584962500721156,96.97237569060773
C10557,5,7,1,13.234670112126244,9.76898962153527,7.516433302915632,4.067422904655836,2.4423470353692043,5.722057576833084,1.7788310493867563,304.5329341317365
C10559,2,5,3,9.725018565057663,7.933557897636595,5.262690188904886,3.4965075614664802,1.791759469228055,4.478874457456665,0.9182958340544894,87.13541666666667
C1056,11,2,42,10.900048658473553,4.241226701180631,6.79794041297493,0.7568161707941469,0.24242548086366003,4.119591138619202,2.4511628380050947,60.5340782122905
C10561,6,26,4,13.339701308672486,9.728841329726379,8.888342869109282,5.282380231573691,2.7259078185022165,4.46308848356121,2.041006084082505,85.75503726193762
C10563,4,28,5,13.111981673523193,9.327878933306708,7.905810312658931,4.137345998215288,2.592537313980366,5.212003654420075,1.881205836904932,182.4612831858407
C10564,3,19,3,12.358690722950685,9.31425412729508,7.428333194190806,4.395624242939266,2.575878427993727,4.938141311908896,1.3127443531093745,138.51070154577883
C10566,2,2,1,9.194109358865765,8.501063809486354,3.6109179126442243,2.9444389791664403,3.4657359027997265,5.614141380362698,1.0,273.27777777777777
C10568,4,25,4,12.718408128884295,9.351196168648148,7.504942068396171,4.152938726488154,2.629156258632547,5.2194386287757215,1.4713798685183173,183.83039647577093
C10570,1,7,3,10.357425314095071,8.41170568356826,5.225746673713202,3.311585222972468,1.8152899666382492,5.142895608973347,0.0,170.2108108108108
C10572,9,68,9,13.851255043726558,9.547260384778554,7.917900586327916,3.6400723979099427,1.8800837977333136,5.9363628403247475,1.4854479114150834,377.55555555555554
C10574,7,84,11,13.801906440153894,9.177036005033361,8.981555940771887,4.369199621114127,2.0782152999565917,4.828505823454034,2.0482819779853583,124.0240130751823
C10576,2,7,3,9.591512787515303,7.512549273638471,4.248495242049359,2.264363880173848,1.3545456628053103,5.362040337823903,1.0,212.15942028985506
C10577,3,27,3,12.515951535739003,9.019561333111978,7.578656850594762,4.098376825750039,2.793208009442517,4.944947149621418,1.392684473603616,139.46342710997442
C10579,12,120,11,13.986946413248958,9.104254846087196,8.181440695719374,3.3346366151438165,1.9084195401398147,5.808790283283943,2.431969039970707,332.215785054576
C1058,2,15,1,17.029340835439125,11.476391582463433,11.69134776285875,6.14053590380376,2.4761474696981187,5.342795354242719,0.684802430438506,208.0963925977981
C10583,2,2,1,14.030274296515906,10.93924878438645,8.717518372649767,5.629907575571941,2.279595574769347,5.317834246074074,0.5746356978376794,202.94171578258022
C10585,2,2,1,9.159047077588632,8.466005154646805,3.4965075614664802,2.833213344056216,3.5263605246161616,5.6965690201379,1.0,296.84375
C10589,4,27,5,12.96587329664464,9.439589949394968,7.538494999413465,4.029544568995185,2.593936894334789,5.432290953722405,1.7297107016384536,227.67252396166134
C1059,1,18,1,9.718903438087914,3.8817405128144538,5.860786223465865,0.6931471805599453,0.0,3.8817405128144538,0.0,47.50857142857143
C10591,1,1,1,8.037866234709618,8.037866234709618,2.1972245773362196,2.1972245773362196,0.6931471805599453,5.960683122768544,0.0,386.875
C10593,8,64,12,12.124086801188797,7.7677957817767584,7.487733761436444,3.1732345439119967,2.283167007136944,4.646548664297979,1.8438112586815147,103.22464985994398
C10595,2,3,1,9.321613374385612,8.223180008602217,3.6888794541139363,2.6390573296152584,1.5404450409471488,5.661445800824662,0.9182958340544894,286.56410256410254
C10597,2,2,1,9.718482398112972,7.321188556739478,4.30406509320417,2.032921526044943,1.821612432377736,5.432345211262291,0.8453509366224364,227.68493150684932
C10599,1,1,1,8.062747901086354,8.062747901086354,2.5649493574615367,2.5649493574615367,2.6390573296152584,5.581300918218264,0.0,264.4166666666667
C106,3,14,1,15.630538862464995,10.255295463327396,8.951440100949855,3.6036341933901106,1.3266819583183753,6.680484116097345,0.6201004819693601,795.7047162477326
C1060,2,57,10,11.254115875154167,7.211789761122841,5.840641657373398,1.9484132792734319,2.711552831653412,5.420805867406306,0.6292492238560347,225.0612244897959
C10601,2,2,1,8.908694592507015,6.712551096357169,3.4339872044851463,1.4663370687934272,0.8938178760220964,5.511410582008745,0.5032583347756457,246.5
C10603,1,1,1,8.258422462458876,8.258422462458876,2.4849066497880004,2.4849066497880004,1.3862943611198906,5.863114513225457,0.0,350.8181818181818
C10605,3,20,3,10.718808117053749,7.253757850208205,5.327876168789581,2.0023242383354045,2.1400661634962708,5.4003014567841685,1.5794340029249652,220.4731707317073
C10607,15,414,12,14.487911516182226,8.426673059454737,8.874867635688053,2.871547672650529,1.6274564179367788,5.61682603073217,2.100496447404687,274.01510700797314
C10609,3,8,1,12.230487170677328,8.764902518009015,6.784457062637643,3.353188162475795,2.2413743619491493,5.451456371562667,0.9466860869123459,232.0973952434881
C10612,2,2,1,9.645493723786172,8.0363146440182,4.110873864173311,2.5649493574615367,2.6390573296152584,5.55496016640265,0.7219280948873623,257.51666666666665
C10614,12,129,12,14.092830882442469,9.137110670584473,8.423761246623686,3.4984263340411026,2.158129051964774,5.6727328699423465,2.7707272543021744,289.82824511311225
C10616,10,120,13,14.023066856792639,9.060337604460575,9.155144736508232,4.20719444494275,2.1036223398770506,4.875686101869161,2.092803099663518,130.06404565630945
C10618,1,1,1,8.027476530860483,8.027476530860483,2.1972245773362196,2.1972245773362196,0.6931471805599453,5.950316978760987,0.0,382.875
C1062,2,27,1,10.118639253920785,3.8503844188883045,6.29156913955832,0.6931471805599453,0.0,3.8503844188883045,0.9346466439786693,46.01113172541744
C10620,12,132,13,13.996058042021378,8.985547127332561,8.281977058867758,3.3083508312958037,1.7738217685413877,5.717626138247173,2.5888043506650376,303.18197924576054
C10622,2,3,1,9.241451367001236,8.143032933136485,3.6888794541139363,2.6390573296152584,3.120895416507997,5.5815665513322,0.9182958340544894,264.4871794871795
C10624,2,2,1,8.917578753781104,8.224565576571441,3.1780538303479458,2.5257286443082556,3.1986731175506815,5.78502847146483,1.0,324.39130434782606
C10626,2,4,1,13.31568586809027,10.271196398468563,7.383989457978509,4.351812856077385,3.2762458565271593,5.934964893315447,0.2761954276479391,377.02672467371036
C10628,1,6,1,10.877839623823553,9.086174509350576,5.37989735354046,3.6109179126442243,2.6026896854443837,5.506610452789022,0.0,245.3148148148148
C10630,7,53,7,13.174933056865768,8.530737588997246,7.96693349840484,3.357633919074737,2.9880102274600806,5.2138002747842345,2.4721885879590872,182.7911897329171
C10632,2,10,1,14.786714384835578,11.454520097536104,9.924368030115483,6.593484750344611,3.386808644210056,4.87009714992924,0.8112781244591328,129.3335781793252
C10634,11,130,14,12.658618521113436,7.675472898127236,7.401231264413015,2.502445996154804,1.5858747987059594,5.263186993700884,1.6033120883063332,192.09590714722052
C10636,1,1,1,8.019612794400267,8.019612794400267,2.1972245773362196,2.1972245773362196,0.0,5.942471237305873,0.0,379.875
C10638,2,3,1,10.34161344288384,7.451789992505162,5.017279836814924,2.2335922215070942,1.8458266904983307,5.3357737035919905,0.6500224216483541,206.63333333333333
C1064,1,1,1,8.213923595622743,8.213923595622743,2.4849066497880004,2.4849066497880004,3.828641396489095,5.818733220335072,0.0,335.54545454545456
C10640,10,95,11,12.947774248188859,8.332891854367839,7.652070746116482,3.083362271039687,2.051836275587947,5.301174497788612,1.9327483593857901,199.5722433460076
C10642,2,3,1,9.410747396316522,6.6393855175627285,4.007333185232471,1.4759065198095778,1.3545456628053103,5.426091477042763,0.3372900666170139,226.25925925925927
C10644,2,2,1,8.931155429778348,6.734987934992994,3.295836866004329,1.3581234841531944,0.9382696385929303,5.676358571382431,0.5032583347756457,290.88461538461536
C10646,3,3,1,9.77673314419063,7.831163478625156,4.143134726391533,2.2881963555419462,2.959364629383116,5.653054951146543,1.3787834934861756,284.16129032258067
C1065,720,41,13963,19.696296889365392,9.646827465479992,13.821381291436001,3.7945950590208253,1.9944372224355942,5.877721679823885,8.403421719447392,355.99496563729326
C10650,2,2,1,8.767796255626598,8.074804729203475,3.1354942159291497,2.4849066497880004,3.2188758248682006,5.6800174620149715,1.0,291.95454545454544
C10654,2,7,3,12.311531156386314,9.015811272074483,7.275172319452771,3.997180813768453,3.4692021107762128,5.043519002928289,0.7642045065086203,154.014553014553
C10656,2,24,2,12.450178935265079,9.049095140784145,7.630461261783627,4.243243379894411,2.536338823420271,4.828232140967097,0.9967916319816367,123.98980087421079
C10658,2,9,1,12.585204045186483,9.407228924142874,6.880384082186005,3.7256934272366524,2.9575110607337933,5.709165763930971,0.8708644692353646,300.619341563786
C10660,3,15,3,10.779310393854486,7.601735445845974,5.598421958998375,2.502118778669122,1.4663370687934272,5.190164852799179,1.5612781244591325,178.4981412639405
C10664,2,2,1,9.611395771595648,6.354971866352979,4.574710978503383,1.5459245067117746,1.1727202608218317,5.053388755466258,0.9957274520849256,155.55208333333334
C10666,2,2,1,12.18022136193974,9.983037831294137,6.584791392385716,4.398555936625092,3.493134876987841,5.600509834729968,0.5032583347756457,269.5643153526971
C10670,3,4,1,9.701738498076075,8.315627651255522,3.970291913552122,2.6390573296152584,1.9095425048844386,5.753609951668441,1.5,314.3269230769231
C10672,2,3,1,9.455949668006056,6.7489939865971955,4.07753744390572,1.582409240046181,0.9028677115420143,5.399955445284855,0.3533593350214213,220.39655172413794
C10674,3,17,3,12.313342836596643,9.317695896280224,7.422971251049421,4.438525108579144,2.6282852326333477,4.89845072391434,1.3366664819166876,133.0818888224746
C10675,2,2,1,9.482197894080992,8.383737986365558,3.8501476017100584,2.793208009442517,2.751535313041949,5.656979465221125,0.9182958340544894,285.2826086956522
C10677,2,3,1,9.354613861132608,6.870658974340961,3.9512437185814275,1.6582280766035324,1.9095425048844386,5.427107143301684,0.8112781244591328,226.49019607843138
C10678,2,2,1,9.042868018032435,7.944492163932159,3.4339872044851463,2.3978952727983707,2.833213344056216,5.645093478307522,0.9182958340544894,281.9
C10682,3,10,1,13.764237263376726,10.545386700842071,8.46695197497949,5.253110773709958,3.2534704696327,5.302486199583475,1.1829661954675215,199.83550694152294
C10684,11,91,14,12.68718929577948,8.072377777599623,7.489412083508719,2.9286823506602504,2.0181979164391173,5.20384380536083,2.569820582894062,180.97035794183446
C10686,4,41,3,12.496029628409918,8.734986642479674,7.5126175446745105,3.774096586750526,2.0071208801002096,4.990778239089407,1.6407175437002923,146.05081967213115
C10688,3,3,1,9.336708670790989,6.504904397861793,3.912023005428146,1.3564413979702095,0.6632942174102642,5.449109643569158,0.6402064333604701,231.55102040816325
C1069,2,67,10,11.62528046211101,7.391781507230899,6.066108090103747,1.9784995911542593,2.929840179745288,5.56532201057203,0.8865408928220898,260.2093023255814
C10690,3,21,3,12.329515191458652,9.071529131386988,7.492203042618741,4.24794564049664,1.8356536627852802,4.845758020126693,1.2957378005380122,126.19966536530954
C10692,1,1,1,8.098338846189057,8.098338846189057,2.6390573296152584,2.6390573296152584,2.3978952727983707,5.537031374391656,0.0,252.92307692307693
C10694,15,264,18,14.728041831923939,8.938212543617158,9.549594449971952,3.7825898005161367,2.645589031478474,5.184138740431445,3.0270309338916794,177.41971790853398
C10697,3,4,1,9.719504616415508,7.322210160746482,4.07753744390572,1.8362112317988888,1.6094379124341003,5.662481438210618,1.0957952550009338,286.86206896551727
C10699,4,21,4,12.431302020002022,9.21252199051496,7.467942332285852,4.2626798770413155,2.4714836294558595,4.970888118576455,1.6633726580786892,143.15485714285714
C10701,2,3,1,9.583075655461428,6.088769980248909,4.276666119016055,1.1478833376748925,0.614366302706831,5.3252061230448975,0.19590927087360493,204.45070422535213
C10704,2,9,3,10.554431576877635,7.72163538834826,5.407171771460119,2.6432502078752944,1.3099213823353166,5.157500814213178,0.9975025463691153,172.72972972972974
C10705,3,9,3,10.16481281589039,7.275095369739371,5.501258210544727,2.677972745864932,1.1871656860095547,4.676956965085449,1.3516441151533922,106.44262295081967
C10707,1,1,1,8.07837810362652,8.07837810362652,2.1972245773362196,2.1972245773362196,0.6931471805599453,6.001105424144662,0.0,402.875
C10709,3,3,1,15.909230057746118,12.38287359964358,9.507626180570659,5.983714000835944,3.6582686281011534,6.4033354370840385,1.0119209285947934,602.8558056607978
C10711,3,4,1,13.100424469885574,9.964975228923775,6.786716950605081,3.6757501626721436,0.9753796482441616,6.316642410426763,1.1625633078480364,552.7107344632768
C10713,2,3,3,8.887790764195326,6.491275182565042,3.6888794541139363,1.5141277326297755,1.4087672169719492,5.229461848265065,0.6840384356390417,185.69230769230768
C10716,9,71,11,12.58599769873681,8.255520792817508,7.38770923908104,3.1023420086122493,1.9017146762641917,5.204411463443383,2.515894847529396,181.07368421052632
C10718,10,112,11,13.935102623006518,9.044870609192365,9.06554578707295,4.190338035527558,2.2728232626248888,4.877318111948986,2.2870070667596405,130.2781181366316
C10719,1,1,1,8.22040309993373,8.22040309993373,2.1972245773362196,2.1972245773362196,0.6931471805599453,6.142843532192881,0.0,464.375
C1072,2,57,10,11.320686896768008,7.227057135189374,5.863631175598097,1.9242486522741338,2.519039656157459,5.464133560642063,0.7219280948873623,235.07122507122506
C10725,1,1,1,9.267004219093725,8.573951525234847,3.7376696182833684,3.068052935133617,0.4054651081081644,5.557204674075706,0.0,258.0975609756098
C10728,9,81,12,12.676763538556045,8.25817897192727,7.495541943884256,3.1212497123487273,2.1393571950156707,5.187376489634749,2.3737970223402285,177.99833240689273
C10730,10,160,12,14.193868908444164,8.94697429006766,8.36240897761537,3.158566942674449,1.9885950689062637,5.834621568886411,2.6315708904364383,340.9353106025222
C10732,11,113,13,12.655825734681768,7.645665478015598,7.582738488914411,2.645228723519801,2.038619547159581,5.079833725481097,2.614009868036098,159.74732552215997
C10736,3,43,2,11.909255643028947,8.148338056918783,7.826044013518965,4.081471359285895,0.06744128079553258,4.1003104899506715,1.4393995174153549,59.35902555910543
C10739,8,91,14,12.735932954741644,8.151250948610993,7.585788821732034,3.0488860810111964,2.1095945798505236,5.156427845060689,1.9243814402340143,172.54342305738953
C1074,4,98,10,12.148999522170536,7.554398316797087,6.519147287940395,2.0590326700486288,2.6053050428103672,5.634900379898864,1.837350382600186,279.0310192023634
C10741,1,1,1,8.146419323098003,6.0690041245634,2.9444389791664403,1.1786549963416462,1.0560526742493137,5.260961580004268,0.0,191.66666666666666
C10743,3,3,1,9.466841326944389,7.164952370421198,3.8066624897703196,1.6863989535702288,1.33500106673234,5.685973313630623,0.9219280948873624,293.70454545454544
C10747,3,21,3,10.541676837515393,7.141245122350491,5.209486152841421,1.955388893009857,1.2431935174792172,5.342439404435991,1.584962500721156,208.02197802197801
C10751,4,24,4,12.577725853116286,9.210526561538382,7.496097345175956,4.144228818404391,2.4762485870448856,5.088367642636608,1.4675493083185953,161.125
C10753,12,114,11,13.050132411801899,8.271262563764887,7.942717540573791,3.2046575758659217,2.1175708385111824,5.113799369493523,1.7185875712450975,165.30099502487562
C10755,2,8,3,9.542445945729886,6.770932762259401,4.30406509320417,1.7160476474923585,1.3217558399823195,5.25713857322284,0.954434002924965,190.93150684931507
C10757,2,3,1,9.353574540062091,6.646736775239001,3.8918202981106265,1.4350845252893227,0.5500463369192718,5.4864380480891715,0.3533593350214213,240.39583333333334
C10759,5,28,3,12.953703276514494,9.427420874216617,7.689828668736484,4.178451398316432,2.5186447894198505,5.26948932698268,2.0239491900490316,193.31670480549198
C10760,15,150,13,13.255209285137758,8.167894853368438,7.914983005848394,2.8845247936892715,2.02960916793196,5.345371417658714,2.4102032378549727,208.63573255389113
C10762,2,2,1,8.86953877719374,8.17653219417357,3.258096538021482,2.6026896854443837,3.2771447329921766,5.654031849391645,1.0,284.44
C10764,13,137,14,13.285602347610563,8.173894818079123,7.886081401775745,2.834275855223998,1.8076960614908677,5.404402140364021,2.5124133621807783,221.38322677698383
C10766,2,5,3,9.67130325656977,7.107110424172684,4.624972813284271,2.171249090932959,1.65455834771457,5.062469696184038,0.7793498372920851,156.98019801980197
C10767,3,17,3,12.31678183151403,9.321134598253524,7.428927194802272,4.444414407108697,2.803360380906535,4.895949062666078,1.3366664819166876,132.74688057040999
C10768,12,128,13,13.143876306006947,8.126890041142744,7.811163385025279,2.852886109654921,2.101546412247153,5.337933608092456,2.19181946475084,207.08228617754358
C10770,3,12,3,12.876703219281001,9.380277476228823,7.818027938530729,4.334315433668835,2.4383866341531073,5.065406564440128,1.2795860624386364,157.444847020934
C10772,2,4,3,9.039433419997483,6.5558309378020025,3.784189633918261,1.5224265354444708,0.8109302162163288,5.2832037287379885,0.6500224216483541,196.0
C10774,1,4,3,10.025528178445153,8.639366575373915,4.897839799950911,3.5336865647082343,1.6582280766035324,5.14100379531227,0.0,169.88721804511277
C10776,4,17,3,12.3598103829656,9.415448575540621,7.418780882750794,4.485081863620022,2.672332118500131,4.948742862145358,1.6779842806377732,139.99759903961584
C10777,4,22,3,13.050192604590821,9.08001246803511,6.601230118728877,2.6992061763057573,3.6375861597263857,6.451898725337567,1.6653603471435439,632.9047619047619
C10779,13,120,11,13.095238810007672,8.275209976426874,7.757478766584179,2.988447741139362,1.9787742964537591,5.342978687998198,1.835984403488107,208.13473053892216
C1078,3,68,10,11.792668607345352,7.5736672791285775,6.354370040797351,2.2450805985138547,2.7944077696344207,5.444361609327901,1.408262604907771,230.44947735191639
C10786,13,72,13,12.797768326929008,8.287157814064106,7.283448228756631,2.832566722630517,2.193554848447257,5.51902220779305,2.37287775209346,248.39106529209621
C10790,9,97,13,12.841421207362748,8.18773628968893,7.826842098158293,3.2135282185416054,2.1462097181446764,5.021591285163178,2.248711326666615,150.65243415802075
C10794,3,3,1,9.193295937366925,8.094887066112047,3.4965075614664802,2.456735772821304,1.7346010553881064,5.730708363984345,1.584962500721156,307.1875
C10796,15,118,11,13.044788788086002,8.193032974861529,7.715569534520208,2.9186149702095596,2.244691114575143,5.3344970231255395,2.437766801306651,206.3684210526316
C10798,3,22,3,12.63834195639039,9.419544012636706,7.585788821732034,4.379022125653583,2.856470206220483,5.059427070556503,1.3108562983864118,156.50025393600814
C10799,5,377,6,14.615407688471011,8.662336899368926,10.137214897389983,4.199055516311131,0.71752298655809,4.489521423692185,1.9654424935528294,88.07880467049277
C1080,8,131,20,12.89827187692825,7.964143211383366,7.315218389752975,2.468587157959399,2.1007946661504047,5.587468067094701,2.2085838615573583,266.05858854860185
C10801,3,18,3,14.388819028917206,10.604653631977982,9.0595174822416,5.280315389834377,2.93361506110543,5.334252454102684,1.525912451814611,206.31771136178625
C10803,3,11,3,10.236525326708707,7.241473727406729,5.5093883366279774,2.5877640352277083,1.423108334242607,4.739935573025797,1.3609640474436813,113.42682926829268
C10805,3,24,3,12.574033167097063,9.108404540941411,7.478734825567875,4.03036144237623,2.0436524338282505,5.101963388001459,1.2717822215997983,163.34426229508196
C1081,2,59,10,11.75562847676306,7.678545941961801,6.052089168924417,2.1024792097468534,2.7046546121010717,5.709207981512413,0.656540281386946,300.6320754716981
C10811,1,6,3,10.931033392770377,8.628609334694417,5.945420608606575,3.66612246699132,2.4595888418037104,4.995010802861153,0.0,146.6745406824147
C10813,14,112,12,13.540735497179503,8.665709269834565,8.08301991917133,3.2471739202054013,2.0415176971524573,5.462275963365674,2.5136426619074554,234.633106856084
C10815,3,13,3,11.490567375259557,8.12355783506165,6.297109319933935,2.9800933796695364,2.3978952727983707,5.200818446334556,1.4398683625590178,180.42066420664207
C10819,10,80,12,12.287048763594505,7.86858619277627,7.549609165154532,3.1730211070933354,1.9441874957438672,4.746679804673691,2.470275734033925,114.20115850447604
C1082,4,28,1,10.918700116159062,4.414661358621029,6.61338421837956,0.7422190745523424,0.023392879574705473,4.320029683875813,1.60983134083714,74.19086021505376
C10821,12,144,13,13.17858679871941,8.014129744807027,7.846980982138788,2.7480032467671665,2.198493613039524,5.336817700558902,1.967531562528249,206.8502150958154
C10823,2,3,1,9.767667829393593,8.381545274819954,4.219507705176107,2.8763855159214247,2.0476928433652555,5.56674815222483,1.0,260.5820895522388
C10827,12,133,12,13.233910118849133,8.210299685299931,8.144969417087875,3.1639749228493477,1.8707895185872052,5.095373002951539,1.8645249758437938,162.26473149492017
C10829,2,4,1,11.59612625756299,8.551787836180736,6.405228458030842,3.3932292120129786,1.807507826196194,5.198085326022662,0.998363672593813,179.92549668874173
C1083,2,61,10,11.517146543669448,7.390619404781778,6.144185634125646,2.1400661634962708,2.7101984296404997,5.379718952017627,0.7706290693639406,215.96129032258065
C10831,4,19,4,13.051891555666549,9.525601847488844,7.8551570058813445,4.34151096578016,2.702150478975022,5.202637451992174,1.7636922186556347,180.75096974398758
C10833,8,85,14,12.668204750456422,8.146702754637014,7.497207223203318,3.024657696696983,2.1578106087953426,5.177208885413322,1.7226682202704027,176.18756936736958
C10835,2,2,1,8.789050713521046,8.096055913913778,3.091042453358316,2.4423470353692043,3.1570004211501135,5.747571491779862,1.0,312.42857142857144
C10837,7,111,14,12.842710319311495,8.055533322652272,7.591861714889934,2.8626769580629543,2.0149030205422647,5.256577379709697,2.166877689137546,190.82382635032812
C10839,8,80,11,12.69477228509536,8.27618314933149,7.508787170634276,3.1339214764175494,2.0379290477755654,5.192106242379485,2.461093129333858,178.84695556774548
C1084,2,2,1,8.787830829258759,8.094836215637855,3.1354942159291497,2.4849066497880004,2.1400661634962708,5.69998740368765,1.0,297.8636363636364
C10841,4,28,6,12.780968243182615,8.829868019028362,7.699389406256737,3.77099102612818,3.3451695501924927,5.088217343803797,1.6985998567118314,161.10063463281958
C10843,13,140,11,16.948784746237198,11.830798167226195,10.051088256601693,4.940229962768683,2.5211673592424177,6.898749142013267,2.050078094803849,990.0342968075928
C10846,3,4,1,11.986796605742454,9.278833563088131,6.879355804460439,4.185606153500426,1.992430164690206,5.1144910736749685,0.6998428398862386,165.4160659114315
C10847,1,1,1,8.014335737299424,8.014335737299424,2.1972245773362196,2.1972245773362196,0.0,5.937206335377967,0.0,377.875
C10852,4,40,3,12.614104456835651,8.876571145595745,7.573017256052546,3.8562082263217494,2.0853762771996505,5.048040759332858,1.7423773993623526,154.71707818930042
C10856,2,2,1,8.820847033377717,8.127847465187957,3.1780538303479458,2.5257286443082556,3.1986731175506815,5.688595266862673,1.0,294.4782608695652
C10858,2,7,1,14.282989753506827,10.619451917124769,9.186355009225672,5.526678054139533,3.206491765668479,5.102834595045531,0.6193821946787638,163.48750256095062
C1086,2,2,1,8.86488793377419,8.17188200612782,3.044522437723423,2.3978952727983707,1.9459101490553132,5.871836059652451,1.0,353.9
C10862,3,43,2,11.693178216595072,7.932328764243251,7.596894438144544,3.856559460914943,0.045462374076757336,4.113267026302856,1.522932040689616,60.14615770969362
C10865,3,28,3,12.806866021897699,9.372961070488865,7.601901959875166,4.1827886042132265,2.5748259809574487,5.210932470169908,1.5143562668767137,182.26486756621688
C10867,2,2,1,12.240131018242128,9.601136510134074,6.626717749249025,4.004732403532413,3.077970371790963,5.618370974643844,0.9852281360342515,274.44031830238725
C1087,1,1,1,11.996523766481735,11.996523766481735,6.721425700790643,6.721425700790643,3.332204510175204,5.281395748004575,0.0,195.6441495778046
C10870,5,45,6,12.7273514439992,8.616655692191515,7.61972421378267,3.537865924782931,3.0790483065724965,5.114144317713137,2.1079406512417815,165.3583701521846
C10872,2,3,1,9.895505782794471,7.331161050735542,4.3694478524670215,1.9459101490553132,1.5621850275835547,5.542670297801993,0.3912435636292556,254.35897435897436
C10874,4,25,3,12.522425990563214,9.19031986380283,7.631431664576906,4.312236251381362,2.5731573378793664,4.898958034342945,1.473186467992721,133.1499272197962
C10876,3,22,3,12.425376835921663,9.167380677536046,7.508238774678663,4.263762714180148,2.705482805596964,4.924972174548772,1.309691097339382,136.685510428101
C10880,4,27,4,12.64689202737994,9.213001344575247,7.561121589530238,4.142622562487891,2.596698055776117,5.092449546621335,1.6291186839473981,161.78813118167622
C10882,4,20,3,12.408225423982728,9.272821070727135,7.507690077819904,4.38419818818739,2.6202479976577626,4.9084912730423795,1.5227119556807573,134.4349258649094
C10884,2,7,3,9.49732219931357,6.7903221820900415,4.219507705176107,1.698669046162043,1.0531499145913523,5.297570819294252,0.9709505944546688,198.8507462686567
C10886,3,26,3,12.564285406422057,9.1970874210584,7.552762084214147,4.200049846026766,2.6561517629745586,5.01867984017015,1.284777238479929,150.21154855643044
C10888,12,125,12,12.984720687825778,7.8731115243769505,7.719573989259581,2.6782945923469397,2.063501925267679,5.270741603447736,2.8681294442928373,193.56019546868058
C1089,2,13,3,12.241068098677417,9.533085487977395,7.7226775164680035,5.020805622750333,2.7684133508293005,4.529671317163738,0.7219280948873623,91.72807794508415
C10890,2,2,1,8.775549434486189,8.082556706007793,3.1354942159291497,2.4849066497880004,1.9459101490553132,5.687745475746384,1.0,294.22727272727275
C10892,8,92,13,12.735617957484225,8.140786613332248,7.59337419312129,3.046444591126382,2.218324749376306,5.148569363094699,1.8076385849572463,171.18497983870967
C10894,3,22,3,12.358540481598403,9.100551261131814,7.468513271496337,4.224585290133169,2.8466966943935033,4.89808270199227,1.309691097339382,133.03255282695602
C10896,9,83,12,12.651757967124704,8.17469968144001,7.479299637782834,3.049919104895577,1.8856912890622586,5.178671367839535,2.096816108656416,176.44689265536724
C109,4,49,11,12.273600444322048,8.26651959671866,6.100318952020064,2.207274913189721,2.9520653269015047,6.177599050093769,1.275564231700167,480.83370786516855
C1090,1,9,1,9.01371703047137,3.869890628922781,5.181783550292085,0.698845201674583,0.0,3.85876524929624,0.0,46.40677966101695
C10900,5,28,4,12.641501004823718,9.145096955993958,7.546974117516527,4.067212106947886,2.5649493574615367,5.101159793553997,1.680165331217427,163.21224920802536
C10901,2,3,1,10.051001975324677,8.441736618000792,4.382026634673881,2.8213788864092133,1.6486586255873816,5.6849135885032345,0.7219280948873623,293.39240506329116
C10904,4,24,4,12.418935531436764,9.200156693899668,7.545389749611823,4.339119133662605,2.969388298214389,4.881683562730758,1.5143029514736246,130.85245901639345
C10907,13,128,13,13.13165012179606,8.204667867009222,7.804659297056102,2.931773294594333,1.9186261901068449,5.332241697782023,1.8829156152486255,205.90126478988168
C10909,3,4,1,10.080335824865035,8.694167141883597,5.278114659230517,3.907010463604602,2.2512917986064953,4.8154311114712876,1.5,122.4
C10912,1,2,1,8.920923462230686,8.227909837597483,2.995732273553991,2.3513752571634776,1.0986122886681098,5.978885764901122,0.0,394.0
C10914,10,134,13,13.233026011954212,8.256550065629098,7.880048200971577,2.95634602945984,1.9673534658089529,5.358075395893234,2.475035934000271,211.3159288687098
C10916,4,20,3,12.438255221495053,9.260292559147995,7.450660796211539,4.28588277412098,2.608843551018762,4.994966668168781,1.531919635975994,146.66802325581395
C10919,3,22,3,12.576435481386138,9.20923631445305,7.85979918056211,4.503252014521238,2.15815710914531,4.725920928614785,1.2921642625537564,111.83436293436293
C1092,1,9,1,10.777768084253218,8.580710357815253,4.736198448394496,2.606796467397037,3.9951379121386528,6.052713648545044,0.0,424.2654867256637
C10920,3,267,10,12.021001311561887,6.424196488541909,7.429520842786462,1.9792118736043534,0.014706147389695466,4.602148999719014,1.1434296349194595,98.69833729216153
C10921,9,148,14,13.823009371451333,8.619182316030882,9.040500592684284,3.8577176605706036,2.5924625560092625,4.790965414968976,2.137285465936483,119.41756548536209
C10923,9,84,12,12.827224236668814,8.154680144074213,7.495541943884256,2.8799332497522414,2.5268495112292664,5.3370569274929025,2.649390364782792,206.89994441356308
C10925,14,135,17,13.603546779449466,8.599783400032326,8.422003004412488,3.45009407046551,2.23598628537501,5.187364909678089,2.831970732945634,177.9962596259626
C10927,3,26,3,12.64120011038848,9.14479609270817,7.5766097669730375,4.096362726378338,2.0944794190443763,5.07139297104977,1.3456711978139102,158.39620707329576
C1093,6,166,23,12.889780414695373,7.731161622072591,7.233455418621439,2.1921029272161645,1.8293578827850625,5.66053149287383,1.9857250604444554,286.30130057803467
C10931,3,22,3,12.50463159965233,9.28584479720671,7.476472381163905,4.2710950739666,2.4265710727750367,5.0352477542310865,1.290564432903234,152.73767705382437
C10933,11,111,12,12.72954891142104,7.984954426781711,7.709756864454165,3.0146820223336532,1.7946538272544195,5.026818869263805,1.9856985154498186,151.44728577837594
C10935,3,209,10,12.327666189746386,6.986252442530968,8.005700678662542,2.7304450812046874,0.01425202270720145,4.335476826898749,1.22165973194774,75.36136136136136
C10936,2,3,1,10.258921727038727,7.694392802629421,4.8283137373023015,2.3550315683665883,2.009761621041846,5.442941243333081,0.3912435636292556,230.1209677419355
C10941,11,1034,13,12.837126313481633,5.847917301525782,7.846980982138788,1.2090152170268706,1.0435062655026937,4.99731268200296,2.127653766969982,147.01486116542824
C10942,3,26,3,12.616120569809706,9.215019408192914,7.545389749611823,4.159403781106401,2.932082246477535,5.077511113352483,1.2832547532764529,159.374405076679
C10944,11,83,13,13.000191223645896,8.395244742458788,7.914617709040679,3.344979701663927,2.3896797998449792,5.092100740883257,2.6114016794061246,161.7313596491228
C10946,3,24,3,12.584056924248326,9.251944917366476,7.57095858316901,4.252568567436995,2.3479680988418634,5.020235116112502,1.2958363892911637,150.44690721649485
C1095,3,195,12,13.33426315372704,7.4711997670431955,7.498315870766981,1.8123787564307907,0.4054651081081644,5.839414624775643,0.32728640385434005,342.5781596452328
C10951,3,11,3,10.260217494962417,7.265149963845218,5.056245805348308,2.174751721484161,1.6094379124341003,5.215771528656382,1.4854752972273346,183.15384615384616
C10952,4,24,3,12.502711981649663,9.17060781356675,7.520234556474628,4.202558146862334,2.436116485618568,4.989845845996151,1.7273966735744788,145.9137744034707
C10953,3,4,1,9.735778708110018,7.944314843247237,3.912023005428146,2.2155737160044158,1.1526795099383853,5.8467926112352675,1.2516291673878228,345.1224489795918
C10955,3,4,1,9.699165755462506,8.089973151505044,4.143134726391533,2.5952547069568657,2.681021528714291,5.575765801890189,1.5219280948873626,262.9516129032258
C10957,3,5,3,12.1789121151343,8.883208819465226,7.171656822768514,3.89559246403205,2.593041092328552,5.014680393976248,1.2799749139041574,149.60799385088393
C10959,3,39,2,12.378390161695283,8.71498842803494,8.350902451694811,4.696275734510384,0.097638469563916,4.045377793751275,1.4857312481032308,56.13276635955587
C10960,2,7,1,16.891009516485653,13.755516316220913,9.690356211348643,6.556222371587736,2.5446783930879175,7.201460912172638,0.7553754125614287,1340.3889851485148
C10964,12,118,11,15.801612926130076,10.631152945922935,11.468189571128837,6.2995339689208,3.1870098176204107,4.346470734317435,2.474568904936577,76.2055028026437
C10966,11,113,11,12.653050709389891,7.899828196495701,7.652070746116482,2.9516722837599603,2.044350221868566,5.008157575627896,2.054659007650653,148.62880228136882
C10968,4,30,6,12.872809113410694,9.31754832293119,7.649216319820633,4.109936656981937,2.7004019802639534,5.229437691704628,1.6405482644925609,185.68779790276454
C1097,5,119,19,12.19535542068897,7.4084649081734835,6.796823718274855,2.134166441369082,2.1652369018428224,5.404152601723485,1.9885947615540294,221.32774049217002
C10970,11,148,13,12.898029117477897,7.722319812125586,7.87359778968554,2.762295818590959,1.8467183535088125,5.031360890832041,2.683558095346681,152.14127951256665
C10972,3,19,3,12.483496027090716,9.348085158386153,7.454141078146678,4.3313052590894525,2.7698676321254205,5.036448344433598,1.325784781203331,152.9223638470452
C10974,3,5,1,12.029580067184662,9.321613374385612,6.79346613258001,4.100989104940769,2.268683541318364,5.242530560643315,1.0529815751302694,188.14814814814815
C10976,2,2,1,9.041211408968211,8.348182648681956,3.6375861597263857,2.970414465569701,2.70805020110221,5.434547816141724,1.0,228.1891891891892
C10978,13,113,12,13.068266155684045,8.216503974981595,7.871692664323645,3.0669622242456285,1.882561396053331,5.202470988074033,1.9955299070108174,180.7207172834796
C1098,10,269,26,14.31297187589061,8.667696439965013,8.400884069015854,2.81686763226301,1.9723126789652676,5.91501416208168,2.5671099841579963,369.5595505617978
C10980,1,4,1,9.546312483555713,6.839262282536836,3.9512437185814275,1.4816045409242156,0.6931471805599453,5.618053697243854,0.0,274.3529411764706
C10984,4,46,4,13.73528916766128,9.843520877490544,9.436678814186912,5.548678960073671,2.7713123978801764,4.312183909723027,1.7498727291353517,73.60323789775899
C10986,3,27,3,15.222977196216924,11.726477467122027,11.334432569489755,7.8383074674812585,2.861334705041619,3.908824427248972,1.2685347577182178,48.84032659111558
C10988,12,128,12,13.086785939456782,8.11035058326624,7.798523053625206,2.8791984572980396,2.0794415416798357,5.293707001433982,2.5137282690589724,198.08004926108376
C1099,2,66,10,11.720142865734179,7.486588941620511,6.111467339502679,2.017797378568629,2.940617805239117,5.614538303806238,0.8865408928220898,273.38666666666666
C10990,1,1,1,8.080856419640986,8.080856419640986,2.1972245773362196,2.1972245773362196,0.0,6.003578377491493,0.0,403.875
C10992,3,7,1,14.92163952548604,11.455913878585896,10.263327482618017,6.798672566759924,3.4136199016607125,4.667784056025864,1.2261134199863004,105.461567984369
C10997,4,42,3,12.738334855072473,8.931801557440405,7.604396348796338,3.8194202683020606,1.9331304224089145,5.140307054494005,1.7544327325419038,169.76819541375872
C110,2,5,1,9.767152232578871,8.157943507105037,3.970291913552122,2.4336133554004498,1.791759469228055,5.818826720514349,0.9709505944546688,335.5769230769231
C1100,2,66,10,11.662379418138567,7.458255014822741,6.075346031088684,2.011913481693899,3.003167252041509,5.59305685005797,0.8602858652332408,267.5552995391705
C11000,2,5,4,8.2987883944492,6.690345259515688,3.6375861597263857,2.128231705849268,0.8754687373538999,4.696788053905289,0.9709505944546688,108.5945945945946
C11001,11,98,12,12.892164999216416,8.228990228607646,7.627057417018934,3.013498051706013,2.367418382004053,5.270745307747683,1.9771450841312244,193.56091617933723
C11003,3,31,2,11.58232092207538,8.148613565727805,7.476472381163905,4.059330044376999,0.0317486983145803,4.122738371005369,1.358584608060248,60.728045325779036
C11006,4,30,6,15.24148634340145,11.412855759179088,11.354808596873092,7.526694147906363,2.571616048819726,3.9069948066846814,1.7509398667903597,48.749221074331764
C11009,3,18,3,12.510998928259726,9.466550205590792,7.515889085215125,4.482195123629283,2.6757893388839884,5.00239519205198,1.3421389558735093,147.76906318082789
C1101,1,9,1,9.070503426788383,3.8501476017100584,5.247024072160486,0.6931471805599453,0.0,3.8501476017100584,0.0,46.0
C11011,1,1,1,8.085794701281568,8.085794701281568,2.0794415416798357,2.0794415416798357,0.0,6.14173013872367,0.0,463.85714285714283
C11013,9,28,5,12.753653445509654,8.861971941108425,7.953318346560431,4.0782290068655085,2.5232766610609687,4.808874250813571,2.7935092123289333,121.59353023909986
C11015,5,267,6,14.4236438198313,8.803392643590417,9.876527370953346,4.270153411407079,0.7715162476754521,4.557708696452506,1.4748143233947635,94.36471978219551
C11017,3,24,3,12.536997380320399,9.16980210157025,7.535830462798367,4.183365413118862,2.636591237120065,5.0084010862836035,1.284777238479929,148.6652429257875
C11021,10,81,11,13.658059939323158,9.20381213257154,7.665284718471351,3.2500138716568046,2.16305568172097,5.995735432640396,2.2351115641222608,400.7120075046904
C11025,11,128,14,13.371583169020314,8.44454301903215,8.170185652879642,3.28096569833963,1.8605912971523748,5.20717116314635,2.284778493522662,181.57684687234644
C11027,4,59,3,12.864198682387876,8.68997710142201,7.966239776559467,3.8138163271269385,1.6186263384885067,4.905734903708581,1.842838897660824,134.0621312044429
C11029,3,21,3,12.539834068356354,9.244090307220402,7.469654172932128,4.188531777281802,2.2648447650111985,5.077004710853517,1.297231327577664,159.2932116371934
C1103,1,9,1,8.993551586299981,3.8501476017100584,5.170483995038151,0.6931471805599453,0.0,3.8501476017100584,0.0,46.0
C11031,5,18,3,12.847484328682064,9.134017566148954,7.431299675155903,3.741147882659693,1.2836402070598072,5.42120622822326,2.1259320458688844,225.1517486662715
C11033,1,35,3,12.310018160546617,8.67259872268574,7.1308988302963465,3.522483047869741,1.8513515664303006,5.18552784731404,0.0,177.66773418734988
C11035,6,114,2,10.92525479334063,6.029805855328378,6.257667587882639,1.5867954356843406,2.160058137460945,4.678820142657272,1.030038301334929,106.64299424184262
C11037,2,3,1,9.795623906660182,8.697123001373788,4.04305126783455,2.9789251552376097,3.4657359027997265,5.773330747434852,0.9182958340544894,320.60714285714283
C11039,11,86,11,12.32053015775798,7.676598455832044,6.872128101338986,2.3291521203787675,2.4347934954682953,5.453723926070712,2.649590033013626,232.6265560165975
C1104,2,2,1,8.846065190692881,8.153061946801051,3.2188758248682006,2.5649493574615367,2.3513752571634776,5.671316673406624,1.0,289.4166666666667
C11045,1,2,1,10.354117212598666,9.255568644579254,5.062595033026967,3.9765615265657175,3.6375861597263857,5.302829464699195,0.0,199.9044585987261
C11047,3,30,3,12.870223465648527,9.132659357435678,7.703007682479236,3.983678994334581,1.5146038097632615,5.173346466481241,1.5516148469631132,175.5045167118338
C11049,1,2,1,13.16420948733933,10.331026831367508,7.065613363597717,4.245971050553452,3.3173894243900635,6.101690132177369,0.0,445.61196581196583
C1105,2,18,1,9.725854985228304,3.8501476017100584,5.8998973535824915,0.6931471805599453,0.0,3.8501476017100584,0.9989326546260582,46.0
C11051,3,25,3,12.507794448109511,9.07391816903823,7.51425465281641,4.09649279076039,2.4210847177172807,5.000836579317439,1.2604408810349512,147.53737043098747
C11053,2,4,1,13.659499815960116,10.481472868542271,8.276394704863307,5.10417623294874,2.3826278006675823,5.387940287642086,0.4138168503036338,217.75235428862305
C11057,2,3,1,9.448963494138779,8.062905418610505,3.6888794541139363,2.3749057545736716,2.772588722239781,5.788390681443789,0.8112781244591328,325.4871794871795
C11059,9,120,11,13.046054523547834,8.218008415804658,7.7284157798410416,2.953242221933039,2.2226757097657437,5.322967018737152,2.115333382150192,203.99119330691326
C11061,3,8,1,10.807604483478574,8.728304646506608,5.998936561946683,3.9367156180185177,2.9575110607337933,4.819237849882655,1.5,122.87064676616916
C11065,3,3,1,9.333707785926467,8.235272269399529,3.4657359027997265,2.4277482359480516,1.9459101490553132,5.902368888073896,1.584962500721156,364.9032258064516
C11067,2,4,3,9.683464128558162,7.604458628869849,4.454347296253507,2.45315795147342,1.252762968495368,5.246032869006603,0.954434002924965,188.81176470588235
C11068,3,13,1,12.733964803961214,9.40183991995593,6.8658910748834385,3.5614518444274315,3.2622089495745747,5.871935468171842,1.1625782147358088,353.93528183716074
C11069,4,5,1,14.882973710479968,12.049765868485133,7.745002803515839,4.918691989022394,1.8852855272388784,7.139197260870119,1.6457113704075785,1259.4161974880901
C1107,2,4,3,16.774639011311876,12.159523680867116,10.357107702531339,5.745158770968374,4.05376318781541,6.419194322401756,0.5538976334852962,612.508624797484
C11071,1,1,1,8.199738960630786,8.199738960630786,2.5649493574615367,2.5649493574615367,2.6390573296152584,5.717849731867637,0.0,303.25
C11072,2,3,3,10.622643552277124,8.32027765871891,5.602118820879701,3.332204510175204,1.5686159179138452,5.03075256566548,0.7219280948873623,152.04814814814816
C11074,15,193,14,13.59506960134882,8.229359082485379,8.343315881404946,3.026787098016209,2.082940087522349,5.257213901410154,2.3088780023064177,190.94596524636992
C11077,4,21,4,12.531873863093422,9.273867564585718,7.492203042618741,4.24794564049664,2.5854478790098776,5.046676217701946,1.6143308351592656,154.50474065811488
C1108,8,218,25,13.409520812257869,7.984909915167454,7.795234929002173,2.4592499161946364,2.3100461765413787,5.6183334530100995,2.7267081973679668,274.4299835255354
C11080,4,41,3,12.592796562819098,8.831739085459489,7.618251097876695,3.87747970818255,2.461376152377806,4.981918123817171,1.7487775956410334,144.7536873156342
C11082,3,17,3,10.508513649700895,7.251099454050688,5.1647859739235145,2.0402208285265546,1.529395204760564,5.354170650660232,1.5766212201074914,210.48850574712642
C11086,2,2,1,8.804475183846678,8.111478052052863,3.1354942159291497,2.4849066497880004,1.9459101490553132,5.716579036177728,1.0,302.8636363636364
C11088,14,127,11,14.071018293142966,9.122366830126705,8.328692583545568,3.4131820157667776,1.9316241918078367,5.745767850157311,2.2766676241121337,311.86376811594204
C11096,4,36,3,12.780906337268329,9.043352086014036,7.959625305098115,4.236174757661319,1.9594238682220362,4.829648974058227,1.7455044314458517,124.16701607267645
C11099,3,3,1,9.78633556772527,8.687835701766666,5.19295685089021,4.105394398408686,3.2321210516182215,4.608906215091817,1.584962500721156,99.37430167597765
C1110,2,10,1,9.50390510758612,4.28130957677901,5.351858133476067,0.7500100424544884,0.17520408902509066,4.172260467729873,0.04783744742770095,63.86190476190476
C11101,2,2,1,9.421168397567744,7.224591541086491,4.110873864173311,2.03688192726104,1.0216512475319812,5.331590943310962,0.5032583347756457,205.76666666666668
C11103,1,9,3,11.65107741635297,8.878619330530453,6.732210706467206,3.9773424715487886,3.1623054733798064,4.92732286058612,0.0,137.00954653937947
C11105,5,7,1,12.477472885407671,8.788742070955264,7.1284959456800365,3.4704124506836282,1.1786549963416462,5.354513350216734,2.011222213554999,210.5609951845907
C11108,4,4,1,11.206060573101674,7.595631837426969,5.932245187448011,2.4125296803168084,1.8486676014999346,5.281555324749052,1.7947358712137687,195.6755319148936
C1111,1,9,1,8.993551586299981,3.8501476017100584,5.170483995038151,0.6931471805599453,0.0,3.8501476017100584,0.0,46.0
C11110,2,6,3,11.949301211985935,9.004978573516894,6.939253946041508,4.012106463985129,2.839386203163297,5.017652324135396,0.9980008838722995,150.05625606207565
C11114,4,270,6,14.422403529356128,8.777110321661706,9.790654744261785,4.160868743140617,0.8144575567342972,4.641494288369007,1.4494241958183913,102.69918835712286
C11116,2,3,1,10.090050103587338,8.480778138714188,4.499809670330265,2.9338568698359038,2.6100697927420065,5.605058233871933,0.7219280948873623,270.7977528089888
C11118,1,1,1,8.08825472712243,8.08825472712243,2.1972245773362196,2.1972245773362196,0.0,6.0109607549134845,0.0,406.875
C1112,4,109,19,11.975274875279105,7.257474840229795,6.673297967767654,2.086115648767529,2.1670107987397227,5.308198764081631,1.8423709931771086,200.9860759493671
C11120,13,119,12,13.332131474822665,8.427073959742328,8.151044945685024,3.2836920852104456,2.023263039726236,5.1869779304547325,2.7097575898889636,177.9270051933064
C11122,12,90,11,12.327015129314283,7.7735546109319005,7.2456550675945355,2.756673266933882,2.026762245684408,5.088257020519172,2.4643056891265642,161.10706638115633
C11125,3,33,4,13.737213825189098,10.126334843753433,9.48311183169221,5.87493073085203,2.66572557669742,4.268281875001138,1.4870294605203356,70.39885801294253
C11127,3,13,3,10.525595125616142,7.435116165933433,5.293304824724492,2.302585092994046,1.2909841813155658,5.242601761625918,1.5644050517413437,188.16161616161617
C11129,4,24,3,15.244844772336497,11.87755564744005,11.361265015277883,7.994294986415977,3.153325297572222,3.9039591108767495,1.467549308318595,48.598426571392
C11132,5,358,6,14.412639007756939,8.510206546471428,9.707229330003301,3.8265603540280364,0.7306850998790105,4.714474966341129,1.891234844527222,110.55022817158503
C11134,14,120,13,12.475213894276688,7.570450888530698,7.342131730584722,2.520083108588722,2.0407392126607977,5.139603471891112,2.3750079811987534,169.64808813998704
C11136,11,84,12,13.786820917891834,9.161952038826557,8.95944014361693,4.347364144470678,1.7901241458873243,4.835482836402469,2.6384917037515003,124.89935732647815
C11138,9,106,11,14.188226553531884,9.211592002153338,9.291459423260974,4.3279163090263495,2.568656007191249,4.904300903827252,2.138784569759869,133.8685909258576
C11139,2,19,2,12.94204221847976,9.609902376717292,6.415096959171596,3.126133773169586,3.056356895370426,6.530040877614308,0.940285958670631,684.4262295081967
C11142,3,27,3,12.855845096946863,9.300585799496586,7.681560362559537,4.141773255793211,2.035638919021443,5.180385208098275,1.4888229355946472,176.751269035533
C11143,3,28,3,12.738161593960204,9.182913381522601,7.70210434005105,4.162003210695915,2.3335298968434675,5.042981688980689,1.3924305252289026,153.93128390596746
C11145,2,12,3,10.083473049532534,7.25092770817317,4.787491742782046,2.0794415416798357,1.2611312181658845,5.30926561848194,0.9366673818775625,201.2016806722689
C11147,2,2,1,10.443949645430425,9.05774265234845,4.727387818712341,3.367295829986474,1.791759469228055,5.728678318626197,0.8112781244591328,306.5625
C11149,5,27,6,12.532963411832235,8.66193185975617,7.599901959208498,3.751952057569011,3.20545280453606,4.940733504052386,1.8909632571374453,138.87280921382074
C11153,2,2,1,9.042631527550073,8.349602599222276,3.6635616461296463,2.995732273553991,3.2386784521643803,5.409411414053624,1.0,222.5
C11155,4,93,2,11.283021614237802,6.59303196651288,6.282266746896006,1.7747968420084757,2.1776665684365626,5.009311071883183,0.9113584242171129,148.80149812734084
C11157,2,4,3,11.25464684288769,8.615757810044766,6.2766434893416445,3.6617284650479855,2.2881963555419462,4.986723293258966,0.8631205685666311,145.4557438794727
C11159,11,27,6,12.530428922301322,9.129336369073071,7.329749689041512,3.9473901492654373,1.912008597379632,5.2068256744328405,2.481727678869736,181.51377952755905
C1116,2,27,1,10.144981697062931,3.8510705722020693,6.317164686747284,0.6931471805599453,0.0,3.8510705722020693,0.9004854334784268,46.043399638336346
C11161,12,135,12,14.515540994470472,9.36233480639809,9.298168082341704,4.160507485846634,2.1253373478229034,5.222870430019494,2.500399636112939,184.46578730420444
C11163,4,52,3,12.476061614075888,8.505968161687095,6.405228458030842,2.5173921049324886,1.7401351038227477,6.074786386048922,1.359938159931268,433.7566225165563
C11165,7,46,7,12.770110072168846,8.452832432255848,7.706612913964197,3.4218710891527877,2.7899373605743945,5.070244946618962,2.48409964199554,158.2133213321332
C11167,4,19,3,11.18324014503799,7.816333587811509,5.926926025970411,2.631640731960209,1.3689026184080213,5.264157621853198,1.863231501179935,192.28342245989305
C11171,1,1,1,8.146709052203319,8.146709052203319,2.0794415416798357,2.0794415416798357,0.0,6.202535517187923,0.0,493.0
C11173,3,27,2,12.402757225159895,9.10702714191436,8.399760094524142,5.109754148830606,0.07145896398214495,4.021310110146616,1.2538013905715866,54.77412823397076
C11174,7,84,12,13.789756757513183,9.145471539881697,8.987571750367046,4.355968908046881,2.1843211725003115,4.810486184006298,1.7731200620928653,121.79130217445639
C11176,3,25,3,12.651482563544636,9.250378059007714,7.577121930876679,4.190664333227778,2.681021528714291,5.081102033368935,1.272905595320056,159.95133196721312
C11178,5,44,4,12.986387857475474,9.115294532230946,7.659642954564682,3.8103593516516456,1.9781237690389684,5.332060021952575,1.9335024445205307,205.863679245283
C11180,3,31,3,15.219484706514066,11.58190763464553,11.335209287120263,7.698064989671401,2.5810139599653437,3.9046410470954127,1.2448406699719212,48.632261070033564
C11182,3,24,3,12.61626323759805,9.320512625964549,7.581719640125308,4.299047521212191,2.384335743012738,5.041534894140074,1.305803563478725,153.70729219785824
C11188,4,37,3,12.63535844149735,8.97192047275215,7.566828479208331,3.9227346610230738,2.15056888569542,5.075312910114551,1.7262418089182467,159.02225672877847
C1119,8,310,22,13.62516932939493,7.636689242242155,8.220133957151859,2.3329465513405605,1.9738025132782513,5.40978600701939,2.2003762100240682,222.58373721055466
C11190,3,24,3,12.521722449315973,9.263717071490367,7.564238475170491,4.319025392855197,2.6390573296152584,4.96500153400104,1.2957378005380122,142.30877010897768
C11192,1,6,3,9.13270310224903,7.341483852363161,3.7612001156935624,2.0794415416798357,1.5040773967762742,5.399454691361555,0.0,220.28571428571428
C11194,4,23,4,12.715516314836824,9.348304597477208,7.589841512182657,4.236602138535407,2.2886959808333787,5.132099139751293,1.4675493083185953,168.37228123419322
C11196,4,28,6,12.765491271173246,8.853608283547592,7.6544432264701125,3.7653774250866614,3.2339614622862416,5.117528063418642,1.7266246933520124,165.92223802750118
C11198,1,1,1,11.831968113551918,9.886101574218673,6.293419278846481,4.358538653366668,2.114532861491106,5.544309011945608,0.0,254.77777777777777
C1120,2,61,10,11.586120163073273,7.427822442864518,6.1224928095143865,2.093020799806217,2.607308631300678,5.470033432863673,0.8112781244591328,236.46813186813188
C11202,3,7,2,13.792196894186826,10.656725196930262,9.488653694423864,6.354823624113261,2.5446783930879175,4.317046869422714,1.2088301752949477,73.96691399152029
C11204,2,2,1,9.886137914201015,8.499996166587716,4.406719247264253,3.056356895370426,3.5263605246161616,5.495750503536754,0.8112781244591328,242.65432098765433
C11206,3,25,3,12.637176260193344,9.20328651969533,7.5256399750415355,4.107695895396965,2.1754845906998135,5.118077783337029,1.2604408810349512,166.01402373247032
C11208,3,6,1,10.095181715576748,8.303628614882351,4.290459441148391,2.5649493574615367,1.6094379124341003,5.821442045901044,1.4591479170272446,336.4583333333333
C11210,10,87,13,12.481842801977988,7.938900886565117,7.3987862754199485,2.9108462958766745,2.150028885999945,5.0898429459676295,1.8499774787239098,161.3643600734844
C11212,1,10,1,8.60611940061064,6.305179796606579,4.143134726391533,1.9740810260220096,0.09531017980432487,4.490085120438271,0.0,88.12903225806451
C11213,7,94,7,17.11431294837716,12.343632644403925,10.682009354665388,5.9140067724506915,2.531137717672267,6.433933922486218,2.359911113872057,621.6184693783858
C11215,2,3,1,11.036018059407699,8.471262013371469,5.488937726156687,2.972384909557,2.153549513833558,5.555080272047613,0.961236604722876,257.54771784232366
C11217,2,3,1,9.320718279445792,7.018938807942752,3.6888794541139363,1.589235205116581,0.9555114450274363,5.660553740105381,0.7219280948873623,286.3076923076923
C11219,11,105,10,13.080555480375207,8.318623421367072,7.881559917056899,3.1622602500898043,1.942240420166351,5.204876047570671,1.6644362665848278,181.15829240649794
C1122,2,65,10,11.575505820151635,7.356627273192006,6.035481432524756,1.9646411857613766,2.8976977979882377,5.546319627671339,0.8739810481273579,255.2925659472422
C11223,1,1,1,8.438149984075784,7.339970502166216,2.833213344056216,1.8458266904983307,0.2876820724517809,5.668802755760174,0.0,288.6875
C11225,4,26,6,12.622358992269922,8.815841580083392,7.652545692693921,3.8665606313513887,3.3186206017403914,4.977202139544729,1.7063828410324633,144.06793349168646
C11231,3,27,3,12.892550133055185,9.281722818585468,7.619233416226805,4.025834199791555,1.9185111748671988,5.278916230352751,1.4615035989769836,195.15717092337917
C11233,1,1,1,8.04044688130311,8.04044688130311,2.1972245773362196,2.1972245773362196,0.6931471805599453,5.963257955217801,0.0,387.875
C11238,13,146,13,14.174254360338782,8.9758830607617,9.271529540288606,4.089822382026946,1.9708529854047738,4.910216382935348,2.903115198818852,134.66876763875823
C11242,2,8,3,11.513595240620432,8.68054177665449,6.499787040655854,3.6903489620932963,1.0586069540544105,5.021916799460293,0.9774178175281716,150.70180722891567
C11244,11,92,13,12.79099688426325,8.226913303116483,7.818027938530729,3.2911964864478267,2.1960664996155916,4.980264621851397,2.676960853226354,144.51288244766505
C11246,13,131,13,13.152586036913771,8.142239829412604,7.9854843567338225,3.0243197304059035,1.7738217685413877,5.173123125618722,2.436147756965135,175.46510044262854
C11248,1,2,1,14.37591917438526,11.485557123028991,9.094817280720644,6.20635188729305,3.8583877895955143,5.2862869382278435,0.0,196.60832959137855
C11251,2,15,3,11.469192989105222,8.524942038770424,7.3727463664043285,4.439550478812068,2.039167642541896,4.113549285861578,0.9819407868640977,60.16341923318667
C11253,1,1,1,9.301825062098361,8.608769134903447,3.6888794541139363,3.0204248861443626,3.1135153092103742,5.64172520315549,0.0,280.94871794871796
C11255,2,7,3,10.0209594286763,7.313531449816386,4.90527477843843,2.295896104843249,1.582409240046181,5.129015166535501,0.9182958340544894,167.8507462686567
C11257,12,63,11,15.324483507498917,10.942474342493876,9.80211905814784,5.424454299920096,2.973614468300372,5.5264077677489185,3.137562663666455,250.23977643738587
C11258,2,2,1,11.002766285747398,9.616521890068089,5.37989735354046,4.007333185232471,2.803360380906535,5.631062427777327,0.8112781244591328,277.9583333333333
C11260,3,4,1,13.381673752726394,10.123615793136025,7.904334842085095,4.655424479262413,2.9444389791664403,5.481876770875775,1.1047909373235627,239.29726735598229
C11264,5,133,4,15.655805555770268,10.714185202028373,11.660319081462896,6.719875446410751,1.8956903920762869,4.013726081393869,1.7404236794846317,54.35273558853987
C11267,8,87,13,12.770093004798245,8.248563251581214,7.845416036592485,3.3586377672433594,2.08756066611834,4.932301748639623,1.9101427680988012,137.69839404622013
C11268,4,28,4,12.679697834006564,9.245804036251752,7.575071699507561,4.156359741117419,2.6527875224271606,5.111183427439763,1.5539161412049187,164.86652977412732
C11270,2,23,3,10.821756326793912,7.455019234075779,5.53338948872752,2.2710588393472717,1.17599895228353,5.297324810635285,0.7973265101474424,198.8015873015873
C11272,4,22,6,12.45475528034544,8.766027881018307,7.4815557019095165,3.814410176561146,2.865053949911875,4.9806525011941964,1.675143246409987,144.56933483652762
C11274,9,111,12,13.946764233559707,9.056530862014043,9.06820060481506,4.192953010583706,2.1769707204317217,4.886256308038387,2.062035774872314,131.45676735070325
C11276,10,74,12,13.841532043309567,9.37570771216212,9.059168584174444,4.603214251406062,2.302585092994046,4.790819146385682,2.7184153982634647,119.39995346672872
C11278,2,4,3,11.749530009228943,8.614209424964331,6.7580945044277305,3.6478309846748105,2.9236289796526473,4.99935485423397,0.9876925088958033,147.31744186046512
C11281,1,1,1,8.140898460607852,8.140898460607852,2.1972245773362196,2.1972245773362196,0.6931471805599453,6.06349446875243,0.0,428.875
C11283,9,112,13,13.999016413199906,9.178837221035792,9.13075589263334,4.323705305821124,2.3726526556107626,4.876024490357969,1.9499043551097182,130.1084037253628
C11285,9,66,11,12.528047443139313,8.294187311784267,7.443078374348516,3.248012418954856,2.2335922215070942,5.0917175225668885,2.0703479350441754,161.66900995899238
C11286,3,27,3,12.668472438749177,9.234579695379184,7.511524648390866,4.093806783236298,2.7945237991060368,5.163231155315989,1.279798638034158,173.7281181619256
C11288,4,42,3,12.691389673882341,8.820333295492707,7.631916513071252,3.7832422155622214,1.9606814663756258,5.066280727193834,1.756468223722748,157.58341416100873
C11290,2,2,1,8.870382066070137,8.177375364543927,3.1354942159291497,2.4849066497880004,2.1972245773362196,5.782285536144145,1.0,323.5
C11292,11,120,13,13.01833974549684,8.182335206744547,7.454141078146678,2.6877395082546465,1.8959287995157281,5.568598776933662,1.410012001219792,261.0666280417149
C11294,4,40,3,12.67693840303652,8.892883019307737,7.578145472419466,3.8157123252902374,1.700607299572394,5.105383919279292,1.7526645721993568,163.90736949846467
C11296,8,38,9,12.087441125012296,8.326477431908325,6.674561391814426,2.965033286665184,2.4945499260598045,5.418580818300268,2.51133291921107,224.55878634639697
C11298,3,3,1,9.33617975681533,7.034387929915503,3.828641396489095,1.7047480922384253,1.4350845252893227,5.53338948872752,0.9219280948873624,252.0
C113,9,376,19,12.218356884363393,6.228861040940291,7.4645098346365275,1.6789639750827108,2.4527277514237653,4.762992034940626,1.5400487574148956,116.09575688073394
C1130,12,355,26,13.83868592255483,7.756893909864723,8.404919948933452,2.4159953144419886,1.9942964171758824,5.438344930876611,2.3807354790256787,229.0611011638317
C11301,3,24,3,12.514678040593894,9.147485031196599,7.508238774678663,4.1561854825870235,2.201048673774623,5.013653055864448,1.2921642625537564,149.45334796926454
C11303,9,84,11,13.101762631696365,8.438537885635316,7.969011781106478,3.341260416437483,2.4064350343465053,5.138975840536437,2.5016269945534364,169.5410176531672
C11305,1,2,1,8.963544291996744,7.865187954187467,3.258096538021482,2.2335922215070942,0.5108256237659907,5.747735562184664,0.0,312.48
C11307,3,5,3,9.50144159247362,6.61233967601793,4.30406509320417,1.6204877486206852,1.4663370687934272,5.21634929056019,1.3472230399326601,183.26027397260273
C11309,8,113,14,13.023055617915018,8.227530094670048,7.898782356970309,3.1465716920775932,1.9599783763875143,5.1305730393337985,2.015409909948248,168.11399925733383
C1131,2,61,10,11.46085291967712,7.31837112042316,5.961005339623274,1.9661128563728327,2.8143626444854184,5.506486306838687,0.7642045065086203,245.28423772609818
C11311,7,85,11,12.662896045913481,8.16336815089618,7.516433302915632,3.0639099980841014,2.026685189240525,5.152803748924272,1.9063543545867974,171.91562329885684
C11313,3,3,1,11.194220452283124,8.629436122670413,6.493753839851686,3.946795972183191,2.633547673804289,4.711003317218309,1.2389012566026307,110.16363636363636
C11315,7,81,11,14.365680156517287,9.822439020041424,9.37974553683691,4.844270849075384,2.466114150438633,4.99282804069403,1.7895345959386642,146.3525538201773
C11317,1,2,2,10.896109497616806,9.509870725508835,5.910796644040527,4.532599493153256,3.091042453358316,4.994804117963715,0.0,146.64402173913044
C11319,1,1,1,8.085794701281568,8.085794701281568,2.1972245773362196,2.1972245773362196,0.6931471805599453,6.008506012962834,0.0,405.875
C1132,1,1,1,8.152774052744075,8.152774052744075,2.1972245773362196,2.1972245773362196,0.6931471805599453,6.075346031088684,0.0,434.0
C11321,8,70,13,12.932209628915777,8.614900495820283,7.940227765145702,3.648751663023157,2.281020915078205,4.999102474385097,2.4926083417854383,147.28001425008907
C11325,7,49,10,11.592835856198022,7.567991796084823,6.962243464266207,2.9876640989044807,2.5257286443082556,4.641223291868277,2.016640356309038,102.67109004739336
C11327,2,6,3,9.820649274227124,6.454873201372066,4.962844630259907,1.7743677265161857,3.041232961073024,4.872451917337113,0.9293636260137188,129.64084507042253
C1133,3,98,10,12.111151889890415,7.506525843831161,6.4967749901858625,2.030776369698555,2.5915163848462583,5.619513831146775,1.4855421386039913,274.75528700906347
C11330,3,21,3,15.215384300524603,12.037336142606884,11.334671623792078,8.156892635262446,2.8693183486983322,3.9011502179777455,1.3085024445205307,48.459305382923795
C11332,3,3,1,9.120196822123217,6.818596142662319,3.7376696182833684,1.62924053973028,1.33500106673234,5.410992528250471,0.9219280948873624,222.85365853658536
C11334,2,14,3,10.606312749647344,7.471363088187097,5.342334251964811,2.3069234945926436,1.5649861498632665,5.2738867388673905,0.9656361333706097,194.17307692307693
C11336,11,126,16,13.458567006525206,8.408932462807602,8.366835309827675,3.3523751656970187,1.9486536350010641,5.0980898806119175,2.722322611641174,162.70890490583585
C11338,10,52,9,13.072281979951894,9.02934845713224,7.681560362559537,3.664011387535923,2.4760960201058455,5.395727115266356,2.50461113548879,219.46239040147668
C1134,2,10,1,9.742731773656734,4.576863706607464,5.3612921657094255,0.7874296110446172,0.070874339586657,4.398459272503839,0.050317612906927774,80.3254716981132
C11340,3,4,1,13.12156305723356,10.077080650734498,7.599401333415815,4.564844100230789,3.0490473323217127,5.526647843277684,1.0488412604661608,250.3001002004008
C11342,13,94,13,13.977254337110626,9.276866688865328,8.76748487464946,4.083834984110241,2.5271821329362387,5.215371562498844,3.1849486570525465,183.08020557545552
C11344,2,2,1,8.962391701743002,8.269372652389587,3.4011973816621555,2.740840023925201,3.1570004211501135,5.598677354223872,1.0,269.0689655172414
C11346,13,397,15,14.62578277997211,8.546043471403703,9.882110686776542,3.824204146282035,1.7230934485366265,4.752391224955251,2.7306460690937477,114.86100326930936
C11348,2,2,1,8.917042560738766,8.224029455395218,3.1354942159291497,2.4849066497880004,2.0794415416798357,5.828811918833352,1.0,338.95454545454544
C1135,10,198,27,13.477856423176505,7.993395830469499,7.889459149404524,2.4907677250045466,1.829089898142807,5.592503261957623,2.8707539739153325,267.4066716641679
C11350,3,25,3,12.449159990646692,9.081973943055937,7.498869733976931,4.146958822829936,2.626665597320095,4.957892731141003,1.2921642625537564,141.29362880886427
C11352,2,2,1,8.742893471512136,8.04990586966473,3.091042453358316,2.4423470353692043,0.0,5.70155777963409,1.0,298.3333333333333
C11354,3,4,1,12.843141417070248,10.645937993122537,6.814542897259958,4.626061545019468,3.3862717314454795,6.032097512774398,1.3516441151533922,415.5879120879121
C11356,1,1,1,7.954372272531867,7.954372272531867,2.0794415416798357,2.0794415416798357,0.0,6.010566648981468,0.0,406.7142857142857
C11358,2,6,1,13.135674391464,10.30249262377919,7.29505641646263,4.472646688627793,3.601333174731237,5.844195984803186,0.9366673818775625,344.2248641304348
C1136,1,9,1,9.48158813796454,4.248871111251304,5.41610040220442,0.7788419016648281,0.16462197969455372,4.086801302286005,0.0,58.549107142857146
C11360,4,46,3,12.72787084975135,8.796193569132116,7.7664168980196555,3.855556393760375,2.4533687662733996,4.968850210548366,1.74648384417233,142.86138194150064
C11362,1,2,1,8.840580188488795,8.14757773620177,2.8903717578961645,2.2512917986064953,1.252762968495368,6.009679986999323,0.0,406.3529411764706
C11364,12,102,11,13.116109864890051,8.434193957027775,8.112527763478637,3.461967236214304,1.9538153285624265,5.0105693249038445,2.2057296723859166,148.99010494752625
C11366,12,103,12,14.056097092056868,9.045578929925627,9.204422898212146,4.208664819251399,2.52785970531721,4.859558133427604,2.6951792252570734,127.96720321931589
C1137,1,9,1,8.993551586299981,3.8501476017100584,5.170483995038151,0.6931471805599453,0.0,3.8501476017100584,0.0,46.0
C11370,4,12,4,18.10746873845526,14.49655131822305,12.535951766681743,8.92516326757867,3.5247694343839195,5.575318024422687,1.3970574189813385,262.83344777627184
C11374,10,112,12,12.998458642322898,8.15455675601563,7.68937110752969,2.9012485238157897,1.935734821013661,5.314475044780873,2.125318410269925,202.25778388278388
C11376,2,2,1,14.06185409626217,11.289277098758417,8.935377071932177,6.16476112602761,3.674717140301432,5.132527011141212,0.3372900666170139,168.4447662936142
C11378,1,1,1,8.022240916806537,8.022240916806537,2.1972245773362196,2.1972245773362196,0.0,5.94509332992586,0.0,380.875
C11380,3,7,3,9.994378892724196,7.797519495471461,5.407171771460119,3.245193133185574,1.8281271133989299,4.601740889242289,1.5304930567574826,98.65765765765765
C11382,2,2,1,8.834628222017367,8.141626633653937,3.2188758248682006,2.5649493574615367,3.58351893845611,5.6599176610092625,1.0,286.125
C11386,3,30,3,12.856038279180964,9.300778964585469,7.571473648851271,4.0334818168184,1.5322482737429703,5.290130935059839,1.3437884540090375,197.3693972179289
C11388,5,30,6,12.85374117281109,8.902630877733063,7.66105638236183,3.733540224941357,3.1463051320333655,5.1986921910437545,1.8210088613564348,180.0353273669336
C1139,3,3,2,13.12751011022386,10.930301450624775,8.106514516255185,5.911699578639119,3.6492141977215047,5.02786953753834,0.9864267287308426,151.60754147812972
C11391,11,113,13,13.125512413980017,8.338257894766349,7.768533300926033,3.0301337002713233,2.057323736426217,5.362102113821739,2.087617261121335,212.17258883248732
C11392,3,4,1,9.895606579085252,7.123773505353758,4.330733340286331,1.7382707842770688,0.9162907318741551,5.581840803850959,0.6685644431995965,264.56
C11394,3,3,1,9.161045080251306,8.062642875617582,3.4965075614664802,2.456735772821304,2.1972245773362196,5.698560530675049,1.584962500721156,297.4375
C11395,2,2,1,8.814033201652784,8.121034642628373,3.1354942159291497,2.4849066497880004,1.9459101490553132,5.726107171385091,1.0,305.77272727272725
C11398,12,141,15,13.12952169540264,8.073585616663514,8.013674142832684,3.007761541748353,1.7735479321641172,5.12215752220978,2.5572909490660467,166.696789142668
C11400,12,88,11,14.073888425761794,9.34658710128374,9.084550365917883,4.369783855158205,2.2619474472622194,4.99623702297378,2.5790672984191825,146.8557332425995
C11402,10,60,11,13.822812831350564,9.53242486379916,8.951180966457603,4.670008319771557,2.3080495874661247,4.879391145246526,3.007180128425956,130.55054432348368
C11404,3,38,2,10.256360277191787,6.620073206530356,5.521460917862246,2.0218960560332353,0.0,4.7475827071131285,1.4990004419361498,114.30522088353413
C11405,12,142,11,13.329993617140941,8.267653678902567,8.268475388982598,3.2453575122440523,1.8949023378499843,5.068087452676419,2.8453384227801597,157.87018984094408
C11408,4,45,3,12.644937068102912,8.773887566241529,7.577121930876679,3.7297014486341915,2.3252431168866297,5.074597317123507,1.756468223722748,158.9077868852459
C11410,2,7,3,9.557257866458935,6.850196785120849,4.290459441148391,1.7578579175523736,0.8472978603872036,5.285597927473373,0.9709505944546688,196.47222222222223
C11412,2,3,1,9.17585244151751,8.0774471493312,3.5263605246161616,2.4849066497880004,1.791759469228055,5.682651693026128,0.9182958340544894,292.72727272727275
C11414,13,117,12,12.90336123859067,8.083385855256088,7.646353722445999,2.8831774822621377,2.1238056426244905,5.262677805111308,2.332635227788317,191.99760994263863
C11418,2,2,1,8.845633256340186,8.1526300746285,3.091042453358316,2.4423470353692043,1.9459101490553132,5.803986863164656,1.0,330.6190476190476
C1142,7,258,30,13.68110335335695,8.008111750146574,8.096208271650037,2.507557674824897,2.436503008846984,5.58894465564974,2.3987908346436497,266.4532154830844
C11420,4,46,3,12.936761245403058,9.005055999747382,7.620705086838262,3.7130937122345307,2.2209070619797786,5.321441745712921,1.809283079297365,203.67876410004905
C11421,1,1,1,8.380456667842767,6.185064851615216,2.995732273553991,1.1349799328389845,0.20067069546215116,5.440136687634958,0.0,229.47368421052633
C11425,1,1,1,14.37867034422661,12.586913722029571,7.732807530422021,5.943236724794726,2.5776883832389665,6.6475985279385235,0.0,769.9307321350285
C11427,2,2,1,9.058121158998672,7.959741726310192,3.367295829986474,2.3353749158170367,2.7300291078209855,5.729055638786826,0.9182958340544894,306.67857142857144
C11431,4,36,3,12.365973901909191,8.604952738069535,6.38856140554563,2.695569539878601,1.4752418471363868,5.981618251247027,1.6888197667866363,395.0808080808081
C11433,3,23,3,12.582812437284241,9.250700545587861,7.5652752818989315,4.246963457220872,2.623632859289627,5.024647599898142,1.2838868242312453,151.11664074650076
C11435,5,32,7,13.031917746473132,9.043049727348382,8.204124932574041,4.229533530925316,2.9424877590351786,4.836034335431362,1.8377215420395714,124.96880984952121
C11437,2,4,1,9.67464026580524,8.288534459413917,3.871201010907891,2.545531271604435,2.7568403652716422,5.827379937002285,0.8112781244591328,338.468085106383
C11439,4,9,1,13.475470765175466,10.009778416535694,8.135639903354386,4.678943280648032,3.4197737672350907,5.344906234192886,1.6686450333085072,208.53823615587459
C11441,3,25,3,12.543473022724209,9.247728923415275,7.516977224604321,4.235179466073587,3.035664983889362,5.033572959491145,1.305803563478725,152.48041349292708
C11449,3,4,1,9.531263778207766,8.145187037051738,3.7376696182833684,2.4203681286504293,2.0476928433652555,5.820589424339529,1.5,336.1707317073171
C1145,1,9,1,9.070503426788383,3.8501476017100584,5.247024072160486,0.6931471805599453,0.0,3.8501476017100584,0.0,46.0
C11451,2,21,2,12.33090190922329,9.11213199645697,7.575071699507561,4.368434681154414,2.9338568698359038,4.764899293256642,0.9988455359952018,116.31930184804928
C11453,3,21,3,12.429384182733964,9.293977948152826,7.484368643286131,4.361158222239133,2.840856693368784,4.952663137889856,1.3377780971924957,140.55143338954468
C11455,11,190,16,13.626482160511175,8.318457256760116,8.46653127661401,3.1996829126481,1.957861082155246,5.165884456469671,2.008414440476979,174.19234006734007
C11457,12,62,10,12.983340361955413,8.763986631098073,7.720017940432244,3.529814759484249,2.528078821653209,5.268926512014209,2.6749451691387947,193.20737122557728
C11459,2,2,1,12.84838695200866,11.462100481960416,7.45182223652793,6.067267510523482,3.068052935133617,5.40166191422502,0.8112781244591328,220.7746806039489
C1146,2,14,1,14.274929617770063,10.085315932182667,8.664232934065552,4.485738064063357,3.373026504695459,5.61451993538129,0.5328350630342235,273.3816266620618
C11461,7,99,11,13.779476043484728,9.070059871749715,7.699842407396986,3.0389298225873627,1.7039287558550227,6.08237096788551,1.9032441567291718,437.0666062528319
C11467,1,16,2,13.731775625744339,9.881678040452723,8.885855993000296,5.0420514903296345,1.501710531766008,4.853885469879545,0.0,127.237686773658
C11468,10,125,11,13.498450480259521,8.448807278549772,8.34972083747249,3.3358608213783145,2.211369084722384,5.154753385328574,2.3409717249471926,172.2530747398297
C11470,10,116,11,14.998113136953998,9.935566220139032,9.945684601235916,4.890587036533013,2.372252842185033,5.0588492953349276,2.80065886817262,156.4092804755285
C11472,13,114,14,13.13392033772898,8.258979993992632,7.9748769005588755,3.143428141844597,2.1405150972860776,5.165114304640032,2.343549556019246,174.05746730901583
C11474,3,21,2,11.644471137356648,8.600124032107878,7.591357046698551,4.556879896860311,0.04652001563489285,4.070820878962171,1.356669519833311,57.60505050505051
C11475,5,25,4,12.55276745317156,9.185570601236783,7.509335266016592,4.157265396298886,2.849310271098391,5.050404102631853,1.6387838670649264,155.08552631578948
C11477,12,113,11,13.120489623022518,8.341602544583424,8.075271546297458,3.332204510175204,1.995100393246085,5.051944689269738,1.9457770969381252,155.32617491441022
C1148,7,259,31,13.750835494171845,8.175166923313382,8.130647968160584,2.629269323249096,2.263182545128017,5.624097231549453,1.9760266798903567,276.0220848056537
C11481,3,5,1,11.233819842735949,8.749058596542316,5.697093486505405,3.248434627109745,1.4853852637641214,5.543993031217804,1.2516291673878228,254.6969696969697
C11484,13,121,11,14.066478592924607,9.206765773651084,8.404696160189092,3.573129234606974,2.064799991686888,5.665475007526263,2.509001726373614,287.7250951421536
C11488,14,105,15,13.403972044007723,8.641973153876984,8.318254328798846,3.5839936595663784,2.1495733654539184,5.092124168348974,2.880372667172033,161.73517207712962
C1149,1,1,1,12.90011192804881,12.206967245256486,7.653969180478774,6.961296045910167,2.0794415416798357,5.251866021185629,0.0,189.92220113851994
C11490,10,19,4,9.843259726985641,6.899776161904616,5.043425116919247,2.2088526153313386,1.0258529343856815,4.81439919570197,2.792586226369732,122.27272727272727
C11492,3,24,3,12.629934163916488,9.262729961763995,7.5256399750415355,4.173325698670678,2.631640731960209,5.1108791822419,1.284777238479929,164.8160733549083
C11494,3,21,3,15.230471575909492,11.972381111246651,11.347520020552587,8.089718406885146,3.13382057537112,3.903343733252083,1.3143204867061786,48.567914198739885
C11496,12,120,11,14.039898934162393,9.098367567047793,8.182279739259018,3.278760677324425,2.1852483862895036,5.860751168006532,2.131930997618415,349.9876957494407
C11498,7,2,31,14.289488778048753,10.505325912167093,7.233455418621439,3.4798405089812685,2.2440888863124373,7.057616217750905,1.44886330184573,1160.6726878612717
C11499,3,23,3,12.789550038844194,9.42233231947355,7.884576510596324,4.527767668105098,1.8530599950918507,4.912726889347341,1.284777238479929,135.00979284369114
C1150,2,67,10,11.572712088705506,7.339245915595827,6.037870919922137,1.9541576184853304,2.9618307218783095,5.541150957903184,0.8865408928220898,253.9712918660287
C11501,2,4,1,10.619129810923445,8.054473737264967,5.288267030694535,2.7821581732559317,1.4423838277709342,5.340705646492966,0.6193821946787638,207.65989847715736
C11504,3,4,1,10.050786239557008,7.653322391762093,4.382026634673881,2.1019143975318944,1.6094379124341003,5.6846985763542195,1.0957952550009338,293.32911392405066
C11506,8,67,13,12.85627057055369,8.565999011040422,7.904703913873747,3.640465931334997,2.234570216695071,4.958977974466466,2.507094684224907,141.4481358434847
C11508,4,61,5,13.605939482479842,9.416364891927415,9.299906815335225,5.116177611408978,1.483668525145067,4.319518482056803,1.8282762305064264,74.15243233357718
C1151,3,60,10,11.49453743665695,7.384274520694236,5.945420608606575,1.9804360179043867,2.717838207468373,5.555601111226964,1.0104488493066102,257.68241469816275
C11514,2,2,1,8.765302488748196,8.07231135094428,3.1354942159291497,2.4849066497880004,1.9459101490553132,5.677531830783371,1.0,291.22727272727275
C11516,1,1,1,8.82246957226897,6.052089168924417,4.174387269895637,1.6094379124341003,4.111897929803002,4.672828834461906,0.0,106.0
C11517,5,24,3,12.995588536362428,9.594456991893997,6.794586580876499,3.4253478418944385,2.624668592163159,6.204143218170826,1.238826429298142,493.79484304932737
C11519,2,6,3,10.385759368884058,7.613633573895812,5.231108616854587,2.5356789751614235,2.1473922035883435,5.165707208442835,0.8112781244591328,174.16129032258064
C11523,3,4,1,9.485165142425407,7.876031065922243,3.713572066704308,2.1972245773362196,2.341805806147327,5.79924415813478,1.370950594454669,329.05
C11525,4,269,6,14.586500797975214,8.962610948764503,10.103444356875002,4.490662466543245,0.9341802966249302,4.4943319366403,1.3953243877163908,88.50835175632523
C11527,1,1,1,8.326032685955079,8.326032685955079,2.70805020110221,2.70805020110221,2.302585092994046,5.690118112462144,0.0,294.92857142857144
C11531,2,2,1,9.055556158175316,8.362525711404098,3.7612001156935624,3.091042453358316,3.624340932976365,5.322661486366106,1.0,203.92857142857142
C11533,1,11,3,10.034778938217304,7.637322050415652,4.624972813284271,2.320603598496724,1.6094379124341003,5.424033647116402,0.0,225.79207920792078
C11535,3,26,3,12.576963561998006,9.143079870037967,7.515889085215125,4.098100939056576,2.346756311307183,5.067930872739931,1.273366751166417,157.84531590413943
C11537,1,1,1,12.977728280475693,10.492847053956226,7.267525427828172,4.790265669664771,3.543371870442698,5.714202853767094,0.0,302.14245810055866
C11539,4,4,2,10.091832598307642,7.894939297631871,4.634728988229636,2.512305623976115,2.4375044108934163,5.4710341210222575,1.7527152789797051,236.7058823529412
C1154,3,58,10,11.359925789150308,7.266268532194509,5.8971538676367405,1.9530276168241774,2.6112945326379022,5.469732557120215,1.0204383099444245,236.39669421487602
C11541,6,346,6,14.604888857769971,8.707899824662215,10.121337115389228,4.238674808567639,0.826678573184468,4.494820996125993,1.9878401117675506,88.55213737081273
C11543,7,46,10,13.679842026140896,9.748073656886959,8.868131713503033,4.943321684129025,2.696215743455207,4.819949889889973,1.968100854206646,122.95887903112238
C11545,2,3,1,13.036779344910078,10.264223302729254,7.098375638590786,4.338107400739046,3.4156754008428085,5.941858914057737,0.3372900666170139,379.641852770885
C11547,4,66,5,13.091854684159138,8.761275978744102,7.831220214604293,3.5298374452523333,1.405838957192861,5.2662061638936635,1.838800977761207,192.6797775129122
C11549,7,83,11,12.938281872810395,8.484138915023832,7.6638772587034705,3.2486603862257284,2.1345791812800115,5.279977360973147,1.0803175341951656,195.3654297792391
C11551,9,67,10,12.483761198696179,8.102033744686098,7.471363088187097,3.133317936506554,2.004852684688763,5.019592777879126,2.323403930876889,150.3496583143508
C11553,1,11,3,10.330061623854528,7.932492668565987,5.111987788356544,2.772588722239781,1.5723966407537513,5.22945435675856,0.0,185.6909090909091
C11555,2,2,1,9.855347177208193,8.469210201394086,4.23410650459726,2.8903717578961645,1.4469189829363254,5.639348523214427,0.8112781244591328,280.27941176470586
C11557,13,144,15,14.167589657168769,9.092527648379116,9.71739890917293,4.651755540397451,2.0848953923622995,4.461858283145687,2.99941287615762,85.64837679937361
C11559,2,4,3,8.272059622210412,6.88653164253051,3.58351893845611,2.277267285009756,0.5596157879354227,4.725363014173434,0.8112781244591328,111.77142857142857
C1156,4,84,20,14.789470395475343,8.203572074728388,8.921591063563978,2.4276670967537193,4.026951395746201,5.870836935839496,0.6592845249015821,353.5455880389801
C11560,2,2,1,8.898365606955357,7.800026505012072,3.258096538021482,2.2335922215070942,1.6739764335716716,5.682763107432126,0.9182958340544894,292.76
C11562,2,18,1,13.965756481285743,10.633575204241673,8.156223323194624,4.8317364445798034,3.437437466677299,5.81281276966917,0.9852281360342515,333.558840413318
C11564,11,134,12,14.205350222185098,9.093474159884508,9.354786976341211,4.256978946902059,2.0899285291750838,4.858441976840438,2.8345534038166162,127.82333593006146
C11569,3,23,3,12.442692975731507,9.22391186128626,7.495541943884256,4.289911345766076,2.454447442303292,4.95477741078151,1.290564432903234,140.8510283490828
C11571,2,21,2,12.522229194690919,9.121137504515412,7.336285660021297,3.953804539443101,2.6508917872622613,5.192167027255164,0.7837769474847011,178.85788787483702
C11573,1,165,2615,19.347848129984996,11.181645785025731,13.172114984001738,5.012572809839207,2.303067930954489,6.177812163248775,0.0,480.93640390938987
C11574,2,2,1,8.822616945344176,8.129617116143812,3.1780538303479458,2.5257286443082556,3.1986731175506815,5.69035945432406,1.0,295.0
C11576,13,127,11,13.433715588678778,8.429986066166055,8.219056661060598,3.2542170555921595,1.8795162804676333,5.2203470831445795,2.5661112698428297,183.99838274932614
C11578,1,1,1,8.326516830239528,6.382057709250175,2.9444389791664403,1.2729656758128876,0.13353139262452263,5.440250862436703,0.0,229.5
C11581,4,130,4,15.948025340237121,11.013567765329709,11.934572273639633,7.0010031636712,1.5440357090778776,4.031368943097897,1.4410213653883486,55.33798197394487
C11583,1,1,1,9.485013189834323,9.485013189834323,3.9512437185814275,3.9512437185814275,3.367295829986474,5.556979462154028,0.0,258.03921568627453
C11585,5,26,4,12.602934182164171,8.796419615420357,7.601402334583733,3.816490578706582,2.1095395728371154,5.0087301471223595,2.1224551198234156,148.7145
C11587,11,48,8,12.632212549504521,8.740548965107644,7.088408778675395,3.2358734012367716,2.141265923688175,5.548536328227827,2.923540755683874,255.86131996658312
C11591,3,24,3,12.489238284232226,9.193499354780156,7.502738210754851,4.2211403585999925,2.512305623976115,4.99385062473656,1.305803563478725,146.50331125827816
C11596,5,386,6,14.379799978871551,8.406213297700202,9.620328568811932,3.6722017102721516,0.5858056256239809,4.768070273339731,1.9250873917219176,116.6919094710294
C11598,1,2,2,11.104987301379666,9.718738050667506,6.12029741895095,4.740574822994295,3.1245651453969594,4.993678832888318,0.0,146.47797356828193
C11600,1,1,1,8.111328003286733,8.111328003286733,2.1972245773362196,2.1972245773362196,0.0,6.033985098263819,0.0,416.375
C11604,3,25,2,9.895757754474186,6.678090510677662,5.049856007249537,1.9740810260220096,0.0,4.860062435616881,1.4269608142719166,128.03225806451613
C11607,2,2,1,9.7553934942914,8.146187479359643,4.23410650459726,2.681021528714291,0.4700036292457356,5.539762996599612,0.9709505944546688,253.61764705882354
C11609,13,131,11,13.313803235842812,8.365274534138749,8.11522197256233,3.207463432816456,2.0909004594839073,5.204386169720019,2.200298595543866,181.0690789473684
C1161,3,97,10,11.98765540758005,7.403291138375149,6.461468176353717,2.0176204135187645,2.6846492709375975,5.531711796985884,1.4806603537011562,251.57589984350548
C11613,4,58,3,15.304920241180165,11.177799611890363,11.386148353602957,7.259706178949369,1.8261089492426927,3.938453530171221,1.6982474255534974,50.339145438859376
C11616,4,29,6,12.528511154139746,8.7000327299765,7.569927655242652,3.764228891355723,3.045557098964199,4.966090491577988,1.7568210278476646,142.46491228070175
C11617,3,23,3,12.785356597940543,9.45322772532699,7.621195162809845,4.302132725453116,2.731580698512404,5.170347510680022,1.2638091738835462,174.97598039215686
C11619,4,138,4,13.505749188569602,8.550114309572368,8.476162841858246,3.5492935525807074,1.2999229841521063,5.036312249751037,1.847954333687202,152.9014172571905
C11621,11,97,12,12.446415438270447,7.571729117352411,7.408530566894626,2.6091713200849793,1.9013096691710316,5.04494980543542,2.823685912350365,154.23650697392358
C11622,1,7,3,9.876732815227308,7.9311307534658315,4.6443908991413725,2.7545702167371027,1.9042374526547452,5.247228445756129,0.0,189.03883495145632
C11623,2,6,1,12.52011301571899,9.812113947577098,6.922643891475888,4.22829253473184,3.1441522786722644,5.602147933173097,0.8366407419411673,270.00788954635107
C11625,3,3,1,9.205629292246064,8.107217927830186,3.5263605246161616,2.4849066497880004,2.120263536200091,5.712331684383435,1.584962500721156,301.57575757575756
C11627,2,6,3,9.32250766884693,6.684611727667927,4.127134385045092,1.6784307839210517,1.3121863889661687,5.216982841230711,0.8631205685666311,183.37704918032787
C11629,14,119,11,13.190496679567396,8.378540227393149,8.007700012884026,3.2353251556090044,1.8674148304719655,5.188722494417563,2.318056366403459,178.23942723942724
C11631,6,103,9,12.173260155783623,7.529401293814756,6.697034247666484,2.1723449814535956,1.0357817098756947,5.48162730988156,0.6076891624125635,239.2373300370828
C11632,1,1,1,14.571756943092474,12.625849610584186,8.48632152774915,6.541648237231233,3.970291913552122,6.087913958080338,0.0,439.5015473488756
C11634,2,3,1,9.321344930019094,8.222911612268689,3.58351893845611,2.538973871058276,2.772588722239781,5.76903502652743,0.9182958340544894,319.22857142857146
C11637,8,75,12,12.787080832818821,8.430587326601025,7.592366128519796,3.273752435094035,2.0251071907165064,5.200744032382493,1.7074867911809657,180.4071644803229
C11639,10,106,14,13.288831598175063,8.50990789443879,7.808729306744399,3.0764211848041336,2.1155465463219523,5.4846654126713945,2.189324767357799,239.96830556684276
C11641,2,8,1,12.80826614295877,9.975096606674061,6.913737350659685,4.096303426707434,3.211791969979796,5.898268548756683,0.9774178175281716,363.40597014925373
C11643,2,5,3,8.327726166461412,6.719254671111467,3.6888794541139363,2.174751721484161,1.2237754316221157,4.673307991155309,0.9709505944546688,106.05128205128206
C11646,1,2,1,9.987966559114067,8.601810037136117,4.605170185988092,3.248434627109745,3.188416617383492,5.397339656203802,0.0,219.8181818181818
C11648,12,119,13,14.054566040367646,9.037404302258183,9.24435525056346,4.241469674368946,2.273694941328057,4.818419029841707,3.033552198049809,122.76926051232479
C11650,4,8,4,9.417842227300435,6.779840735346715,4.143134726391533,1.6916760106710724,1.6236225474260568,5.295652528696966,1.4299111709758698,198.46774193548387
C11654,1,2,2,15.251110188659263,12.61205595268335,10.164273649274849,7.525716984013119,3.972983705217833,5.093033118047314,0.0,161.8831574081208
C11658,11,123,12,14.166404021305723,9.17607422182285,9.317848579691468,4.3404425868261844,2.229209453351999,4.85645297893636,2.8456175879443224,127.56736123585414
C1166,2,58,10,11.237053379277805,7.177361164016887,5.84354441703136,1.9360090780726018,2.695325911437836,5.400921179012019,0.6631968402398287,220.61046511627907
C11661,3,3,1,9.80780230240172,8.70930004894499,5.209486152841421,4.121743536410215,3.258096538021482,4.6137050884379285,1.584962500721156,99.85714285714286
C11663,3,20,3,12.342769024297853,9.123997862154118,7.471932078245122,4.266615783162554,2.318458442150336,4.879034984208887,1.3108562983864118,130.50369948776324
C11665,8,66,10,12.630765052065906,8.426288219791978,7.488293515159428,3.319868606894394,2.2021873666783485,5.1488510135267855,2.312660644163996,171.23348264277715
C11667,11,70,10,14.435978437641205,9.83086148182388,9.504575923397805,4.906755163608864,2.300583090323373,4.938666421103701,3.231830937850052,138.58397913561848
C11669,3,4,1,16.643398630249713,14.245503948827329,11.056256532156192,8.658519127506672,3.520998581474776,5.590896488190152,1.3221793455166666,266.9757491553254
C1167,2,67,10,12.664149178909547,8.444853338475987,6.448889394146858,2.3301430370577036,3.0542786126687878,6.2188337062887085,0.8546480601169081,501.1172741679873
C11671,4,36,3,13.138270190567622,9.288213132909275,8.133000218583613,4.296271721387945,2.533359033173947,5.012239959711322,1.7163307661627771,149.24089306698002
C11677,2,2,1,8.922391597295857,8.229377776741444,3.1354942159291497,2.4849066497880004,1.9459101490553132,5.834145976019711,1.0,340.77272727272725
C11679,3,5,1,13.423531108226447,10.938640737286232,9.177507214880942,6.693736635444928,3.0163515607567266,4.260343803626276,1.0408520829727552,69.83433236874741
C11681,5,7,2,12.96487881302138,9.87388552208753,8.520388082312756,5.433523492387335,2.0506211031443438,4.456360154669936,2.054313010308058,85.17328015952144
C11686,4,26,4,12.624631653149496,9.190743142939175,7.603897968521881,4.184755173185267,2.722991781100409,5.027803776871571,1.618325528409407,151.59750623441397
C11688,11,130,14,14.544654510359022,9.256482492526262,9.681343501555002,4.405301637855534,2.204493270227844,4.871067671480647,2.3699610648536633,129.46013112706837
C1169,3,61,10,11.582861891169392,7.4403051186508575,6.12029741895095,2.1049081481168965,2.692049859755769,5.468979809561967,1.4338834018644275,236.21806167400882
C11693,4,37,3,13.356989550360865,9.619384781022973,8.027150106832774,4.302777263019741,2.3237873006446486,5.334995975241171,1.8726693569100332,206.47191378184192
C11694,3,27,3,13.124421258513772,9.51357519527323,7.682021510826875,4.087564875236722,2.3904969653169257,5.447176659946862,1.1528899109717061,231.10193726937268
C11695,4,189,6,14.735205887612548,9.447017386008397,10.360437603332802,5.078388340078046,1.276997939340826,4.387311609226585,1.455843185799132,79.42391717325228
C11697,2,11,3,10.280484596664767,7.390695699258592,5.0106352940962555,2.2276220545205905,1.6314168191528755,5.281601246252511,1.0,195.68456375838926
C11699,2,2,1,9.016998311898762,8.323972453753282,3.295836866004329,2.6390573296152584,3.1570004211501135,5.761930427231194,1.0,316.96153846153845
C117,9,453,30,14.030327539411621,7.4461192132043035,8.57300625623545,2.1163886351435366,1.8169909475191934,5.461764733624027,2.544907562179485,234.51267499054106
C11701,3,30,2,11.60339668313407,8.20246418156955,7.52131798019924,4.135699747904015,0.06453852113757118,4.099333900453945,1.5058231002082845,59.30010834236187
C11706,1,1,1,8.12740456269308,8.12740456269308,2.3978952727983707,2.3978952727983707,1.0986122886681098,5.827473946998751,0.0,338.5
C11708,2,23,2,12.650130064259896,9.318012143195363,7.55171221535131,4.23358877225331,2.5704288232261625,5.105024653253742,0.9852281360342515,163.8481345244351
C1171,2,62,10,11.736716806423093,7.594077636023543,6.102558594613569,2.08931329015899,2.7027451488725167,5.639949235391639,0.7024665512903904,280.4484304932735
C11710,3,7,1,14.505266494751735,11.460754090947978,9.507180382212729,6.46414316680302,3.9401938823948424,5.004887604957646,1.1657840518150733,148.14031958379783
C11711,3,4,1,9.826768482122723,8.217546494115913,4.219507705176107,2.667228206581955,1.5260563034950492,5.625632667516178,1.5219280948873626,276.44776119402985
C11714,4,132,3,13.437009140132737,8.51722676749489,8.013012110368916,3.13707975613764,1.125024388207887,5.428725096279179,1.5723922016754601,226.85856243789334
C11716,2,11,1,9.417842227300435,7.020759236246021,4.2626798770413155,1.9965538818740682,0.08701137698962977,5.174938345387532,0.6840384356390417,175.78571428571428
C11717,2,2,1,10.124388591297558,9.025856479017545,4.51085950651685,3.4339872044851463,2.995732273553991,5.628140563085971,0.9182958340544894,277.14444444444445
C11719,3,3,1,9.22078562983772,8.122371243406553,3.4657359027997265,2.4277482359480516,1.9459101490553132,5.789762854400954,1.584962500721156,325.93548387096774
C11723,8,71,10,12.69265680492313,8.388816060302279,7.513163545234075,3.2481721943566315,2.1972245773362196,5.185648212473652,2.354561322388411,177.68924085199345
C11725,2,3,1,9.127067452782361,8.028672508170747,3.295836866004329,2.268683541318364,1.8458266904983307,5.871684326096283,0.9182958340544894,353.84615384615387
C11727,2,4,1,14.319829257541732,11.680779778815149,9.207736986106068,6.569982196627876,3.927615100187982,5.118196734982681,0.5916727785823274,166.0338915070691
C11729,3,20,3,12.396101921392331,9.351662173742424,7.541683099882111,4.507714849837378,2.568605668664647,4.862704907241185,1.3421389558735093,128.3736730360934
C1173,12,19,62,14.317782906540222,7.17651034936858,9.046644279305394,2.043293634265212,3.097530280119097,5.2763798196891045,2.4996427864286974,194.66026622688184
C11733,12,133,12,13.381019235764315,8.350816001790932,7.848933726364071,2.8761093109756004,2.1210475425122994,5.5364225925261685,1.9409243288209594,252.76854020296642
C11734,2,3,1,9.369308003071827,7.2904633999676856,3.871201010907891,1.927891643552635,1.4469189829363254,5.523076633167603,0.5435644431995964,249.40425531914894
C11736,5,39,6,12.69105109045061,8.779178922710624,7.60688453121963,3.718923575462313,1.8687205103641833,5.090832524505213,2.140075977062645,161.5251118846345
C11738,4,37,3,12.749413860972844,9.060647657306586,7.591357046698551,3.9219733362813143,2.2591555350667094,5.164292345615599,1.7883763717345074,173.91363636363636
C11740,1,16,1,11.285497749716967,8.395339381389373,6.666956792429207,3.797982956050597,1.4534336639575192,4.629607989047208,0.0,101.47388535031847
C11741,5,6,1,10.746325482201238,8.10754793005711,5.521460917862246,2.933096702562506,2.2735975561207935,5.2341964288930765,2.005977711423774,186.57831325301206
C11743,9,82,10,13.667359676628946,9.21311094898536,7.70210434005105,3.2854471621551933,2.0394065435981785,5.968268102222905,1.613311928204962,389.82820976491865
C11746,3,7,3,11.000314915838985,8.435565895612463,5.940171252720432,3.406312482328926,2.162438461250804,5.069070133259673,1.5262349099495225,158.0263852242744
C11748,2,4,3,8.880724576151456,6.802255864789467,3.58351893845611,1.6817585740137264,0.8649974374866045,5.330092850218172,0.8112781244591328,205.45714285714286
C1175,1,3,1,17.097725509984556,14.207354390353261,10.962787123818696,8.072710016287344,2.9056859928692074,6.1371191628864405,0.0,461.7186319037548
C11750,3,30,3,10.017441042611972,6.617536658878359,5.231108616854587,1.9740810260220096,0.0,4.799914262780603,1.5058231002082845,120.5
C11751,1,1,1,8.386856689688234,6.309008773843676,3.4011973816621555,1.5314763709643886,0.965080896043587,5.0259201816100525,0.0,151.31034482758622
C11753,4,4,1,9.515321941506025,8.129248697026062,3.871201010907891,2.545531271604435,2.224623551524334,5.668559433910738,2.0,288.6170212765957
C11755,3,4,1,14.858438522259098,12.555856601051657,8.859647499714997,6.558339636724995,2.5726122302071057,6.001411010928709,0.9219280948873624,402.9984377219145
C11757,1,2,1,11.055340405097962,9.956759720993555,5.62040086571715,4.529008825022528,2.6855773452501515,5.442889854062198,0.0,230.1090909090909
C11762,4,173,3,13.541564381338436,8.354412643736216,8.10258642539079,2.967689081970684,0.7965504748464354,5.443612651034883,1.392998394425075,230.27619624470017
C11764,3,11,3,10.278527816830314,7.188206727912534,4.927253685157205,1.9778617488619157,1.8067973465925955,5.363209383592728,1.544024096481951,212.4087591240876
C11766,3,19,3,12.393680206753366,9.349240659589585,7.534762657037537,4.500867311888401,2.8360105486772773,4.867172587515445,1.356669519833311,128.95296632816675
C11768,14,139,16,13.603859464645382,8.606828824733869,8.420021279663963,3.454695450953493,2.199474297070235,5.189646950440899,2.7791418219922113,178.4052028218695
C1177,1,9,1,8.928640371201949,3.8501476017100584,5.10594547390058,0.6931471805599453,0.0,3.8501476017100584,0.0,46.0
C11770,3,4,1,14.561156730765902,11.516643781550236,10.050268283744323,7.006608956725267,3.720516539057119,4.521859439541811,1.3127443531093745,91.006519580329
C11772,5,228,9,14.535051342632293,9.01771920888166,10.171948578540798,4.663931509038401,1.522207453397368,4.3757983756873085,1.7867582473006902,78.50328771312792
C11774,3,16,3,11.031108330238945,7.8959702339049915,5.793013608384144,2.7224389385543097,1.6766901394432678,5.246412264249081,1.4509082837501823,188.88379204892968
C11775,4,22,4,12.521715156141292,9.189609099336646,7.509883061154913,4.192356716110156,2.334222177937228,5.019009266733653,1.456546354807554,150.2613698630137
C11777,3,21,3,12.408437813653219,9.230477910503597,7.4770384723196965,4.311917068486855,2.68273239311792,4.939147807413814,1.3250112108241774,138.65118912797283
C11779,3,20,3,12.450041830103245,9.405597740488345,7.541683099882111,4.507714849837378,2.796119219649975,4.916239063109339,1.3566695198333107,135.48832271762208
C1178,2,18,1,9.725854985228304,3.8501476017100584,5.8998973535824915,0.6931471805599453,0.0,3.8501476017100584,0.9989326546260582,46.0
C11781,1,1,1,11.074017320741712,9.975436051848712,5.41610040220442,4.326337728813293,3.245193133185574,5.665824059707307,0.0,287.82589285714283
C11783,2,4,1,13.205888016114134,10.372704107414199,7.181591944611865,4.360472474338896,3.426368120008707,6.027469478735577,0.3227569588973983,413.66438356164383
C11787,1,1,1,12.758013340865146,10.560811796512159,7.71333788887187,5.519681557962169,3.7054087560651467,5.051539538251351,0.0,155.26285203397407
C11789,8,90,14,12.82155553773362,8.27851200054641,7.83002808253384,3.3230441407765396,1.9773263452886922,4.998692074489375,2.375641809834425,147.21917263325378
C1179,2,57,10,11.31569329544052,7.273323890090989,5.860786223465865,1.965761917608045,2.712717654149705,5.462002044867969,0.6292492238560347,234.56857142857143
C11798,3,20,3,12.413399774067756,9.194621474891557,7.5251007461258,4.319086834900007,1.4906543764441333,4.896336467550281,1.3108562983864118,132.79870480302213
C11800,3,3,1,9.314249835366695,8.215817791832453,3.4339872044851463,2.3978952727983707,1.6094379124341003,5.9156628336917,1.584962500721156,369.8
C11803,4,258,5,14.02513838194648,8.44940251907614,8.951828676824181,3.4093709575027966,1.0986122886681098,5.079679740761697,1.3705819224028906,159.7225747960109
C11804,3,20,3,12.409992601876624,9.274588089965052,7.476472381163905,4.353358739804309,2.687551679553869,4.941253840443574,1.325784781203331,138.94560906515582
C11812,4,15,3,12.096553494723489,9.152214927245053,6.7580945044277305,3.8343459185187365,0.9873866535578852,5.344401769347032,1.8474201200521745,208.43255813953488
C11813,4,28,6,13.05937458814508,9.29826392970166,7.716460800176355,3.9737960783292188,2.5135619055483764,5.348125601561319,1.6685694085708958,209.2139037433155
C11815,2,2,1,8.758098072309089,8.065108062672847,3.1354942159291497,2.4849066497880004,2.0149030205422647,5.6703510318977415,1.0,289.1363636363636
C11817,2,2,1,8.755264763314685,8.062275199588543,3.1354942159291497,2.4849066497880004,2.0149030205422647,5.667527057633191,1.0,288.3181818181818
C11821,2,2,1,8.963672275615016,8.270653062295631,3.295836866004329,2.6390573296152584,3.4657359027997265,5.70877001616724,1.0,300.5
C11823,11,127,14,14.024384784986204,9.034070669794305,9.187174093944343,4.211573148407389,2.108769156774356,4.845209299336217,2.5806929944573382,126.12988741044012
C11827,8,311,15,15.649552235081936,9.856590868990528,11.591551785425418,5.801556357626464,1.2895349609711564,4.075145261886576,2.437923729936021,57.85902994111611
C11831,3,19,3,12.374100870948743,9.329662962650064,7.476472381163905,4.4432113237130215,2.2833537310661582,4.905623054788741,1.3421389558735093,134.04702549575072
C11833,4,23,6,12.510523335557192,9.10943288979444,7.560080465021827,4.173874317845406,2.495956485974585,4.958011841238385,1.8309595631140105,141.31057842626367
C11839,4,66,4,13.458173966613732,9.224164664444894,8.900957872545062,4.67607427341603,2.0830581821500243,4.5677861062590175,1.7826274037731245,95.33060779503953
C1184,2,65,10,11.568284483090506,7.364216124774436,6.016157159698354,1.960725234840454,2.959254064951581,5.5584221685592725,0.8602858652332408,258.4132029339853
C11841,3,7,1,11.71845886375797,9.521299421332458,6.263398262591624,4.081296846829625,3.332204510175204,5.46121647186143,1.3516441151533922,234.38358778625954
C11844,3,20,3,12.490582190835365,9.355170733630725,7.506591780070841,4.383113000886103,2.4328502878319473,4.991355894378631,1.3377780971924957,146.13578889499726
C11846,4,59,5,11.833819851628107,7.380089040197773,7.664346632098617,3.2491117516136665,2.3187330794020276,4.185270411632762,1.4342937884645977,64.71126760563381
C11847,3,4,1,10.128389556865201,8.74221497774222,5.327876168789581,3.9560398908449206,2.505525936990736,4.813492244507192,1.5,122.1609756097561
C11849,7,27,7,14.048025262539696,10.38449373240418,10.00324238567312,6.3413988753371155,2.126398524767607,4.062188485832406,2.418155042375033,57.10132597185138
C1185,2,66,10,11.633929972775375,7.415015731541609,6.042632833682381,1.9708077006770406,2.8968864389173583,5.5973808528615105,0.8739810481273579,268.7190476190476
C11851,1,1,1,8.065893546964274,8.065893546964274,2.1972245773362196,2.1972245773362196,0.0,5.988648084598408,0.0,397.875
C11856,4,22,4,12.372307163671197,9.23690609664063,7.483806687665835,4.360603129246806,2.684588714423212,4.896558822705238,1.5416892248400096,132.82845894263218
C11858,12,79,12,14.03878370088113,9.413891673863237,8.236950048061455,3.6383598541556963,2.5573792986009916,5.805114234453977,2.5651385070158774,330.993116229812
C1186,3,8,1,14.584272039879957,10.633051963949596,9.220587688427733,5.274379276925912,3.317676409612294,5.368455098171912,1.0377357776840286,213.53118194416948
C11860,3,197,10,11.798698215827054,6.506880123419244,7.122059881629142,1.9770080613545324,0.005012541823544282,4.686698058432726,1.0611600166836694,107.49434571890146
C11861,3,19,3,12.513472782879306,9.422507538951608,7.487733761436444,4.408380837233913,2.4924538554233835,5.032837047740209,1.3420192178195207,152.36750700280112
C11863,15,823,25,13.133600009330317,6.3865240038387245,8.12296471523406,1.5995415074422643,0.642038974243997,5.017572599583879,1.9892044932918678,150.04421364985163
C11864,2,2,1,8.695004592732307,8.00202481821611,2.772588722239781,2.1400661634962708,0.0,5.989295529823142,1.0,398.1333333333333
C11868,11,113,13,14.05100709599546,9.153272384249602,9.170871628065816,4.28677242345254,2.004902937207681,4.887805211413097,2.407638792023038,131.66208905534748
C1187,2,10,1,10.082721012730849,4.913900371013508,5.442417710521793,0.8326634528687659,0.070874339586657,4.654167368065312,0.050317612906927774,104.02173913043478
C11870,2,4,1,11.781806907958291,9.835942611883048,6.161207321695077,4.227875954846623,3.4153820166541116,5.626312212980207,0.9852281360342515,276.6363636363636
C11873,4,34,3,12.543840471084904,8.988613673594497,7.53955882930103,4.002124840125333,2.155078955885456,5.011493082119262,1.7585972063202933,149.1287234042553
C11877,2,2,1,8.97233695775495,7.181211644169936,3.4339872044851463,1.791759469228055,1.3862943611198906,5.574812093359241,0.6500224216483541,262.7
C11879,6,33,9,12.7048034206075,9.121390754174469,7.503840746698951,3.9394219796162604,2.498699971920336,5.20700387511121,2.113283334294875,181.54630650496142
C11881,3,5,3,9.797682493639151,7.85210577053858,5.293304824724492,3.377099830083095,1.455287232606842,4.520305264045305,1.556656707462823,90.86363636363636
C11883,7,95,11,12.869036353782848,8.294572699159074,7.601402334583733,3.0735520523985373,1.8533942941812134,5.273271316506007,1.6092468267329187,194.053
C11885,3,15,3,11.439020549122256,8.18119315098516,6.333279628139691,3.118630409877145,2.336614841580357,5.1135408414885655,1.543022494205784,165.25800711743773
C11886,4,33,3,12.463841753032202,8.88045804081946,7.549082710812286,3.9838267375571297,1.8803128665695001,4.922588799700906,1.7882158123713763,136.3577449947313
C11888,2,2,1,8.874168090363968,7.77583567855187,2.995732273553991,1.992430164690206,0.0,5.932245187448011,0.9182958340544894,376.0
C11890,4,5,1,9.803556713911078,6.971227054878677,4.330733340286331,1.6885752329928243,1.1557707025080584,5.490149113342984,1.6578764348499597,241.29333333333332
C11893,6,49,12,13.825476730276124,9.747996709554537,9.01602720232985,4.94550902964995,2.5855952520850836,4.8176883140561175,2.076114955716493,122.67885339487428
C11894,4,21,4,12.427819221528583,9.209039526243135,7.495541943884256,4.289911345766076,1.8870696490323797,4.940009230707886,1.5195563653739033,138.7715397443024
C11896,5,40,8,12.644156594102743,8.930713573393833,7.110696122978827,3.429255334457313,2.285364495242375,5.538215202538947,1.5723459216934321,253.2238562091503
C11900,1,1,1,8.098034756176071,8.098034756176071,2.1972245773362196,2.1972245773362196,0.0,6.0207199052567715,0.0,410.875
C11902,1,2,2,12.738149846357448,10.946405061611275,7.705262474866325,5.915752725372285,3.713572066704308,5.0398308824599125,0.0,153.4438936457864
C11904,3,20,3,12.445573680757033,9.354613861132608,7.488293515159428,4.408934087593806,2.5684397624013053,4.964839522434585,1.3420192178195207,142.2855543113102
C11908,4,220,6,13.884607424043601,8.464282380891257,8.696844519654313,3.313220132092607,0.8294402429871972,5.193497124994981,1.473168291222645,179.09727561424035
C11910,2,3,1,9.237858258012922,8.139440521874608,3.5553480614894135,2.512305623976115,2.512305623976115,5.714703020002862,0.9182958340544894,302.29411764705884
C11912,3,4,1,9.529884417576708,8.143807976771484,3.784189633918261,2.463853240590168,2.6210388241125804,5.77173087322259,1.5,320.09302325581393
C11915,14,56,9,12.933220206215442,8.774489346223318,7.334981878871814,3.216372694650082,2.1636821565676123,5.602583580435203,3.3158170940755913,270.1259791122715
C11917,8,161,14,13.425925688752445,8.22769436838292,8.38958706681109,3.2311755626209164,1.896567346021305,5.043039412046151,1.873663158372722,153.94022727272727
C11918,1,2,2,8.491670234185152,6.700936090587782,3.044522437723423,1.4663370687934272,1.0986122886681098,5.499828617735132,0.0,243.65
C1192,4,5,2,13.693932580616897,10.47508385803952,8.751949058058614,5.5368617144382695,2.995732273553991,4.949254494326578,1.3397218324096136,140.06975640620058
C11922,3,20,3,12.5215875169734,9.386173533280145,7.510977752014095,4.387446702143221,2.733802697204625,5.017794426531586,1.3377780971924957,150.0777230432403
C11924,9,95,9,12.339444650453151,7.744753526745176,7.164720378771857,2.642658341788853,1.9121578622504218,5.181131095516677,1.1077601775935322,176.88390092879257
C11926,3,21,3,12.53432908184427,9.202221791015791,7.5569505720129,4.238754072993807,1.5656352897757073,4.984762424377265,1.2838868242312453,145.1688447464715
C11928,2,4,1,10.047328122511802,8.2557851363015,4.584967478670572,2.842969519001581,2.1972245773362196,5.476765451746195,0.6500224216483541,238.0721649484536
C11929,1,7,3,10.011085563134147,8.065444774349821,4.844187086458591,2.9444389791664403,1.717651497074333,5.180400393350992,0.0,176.75396825396825
C1193,5,101,20,12.724306758543957,6.751663785696566,7.827240901752812,1.998656404105304,3.8934288079917456,4.904899462407586,1.2333068747509552,133.94934184284006
C11932,7,64,12,12.819721969958021,8.543248019401217,7.950854857719988,3.6988985394791465,2.5649493574615367,4.876866869168761,2.1265248579114955,130.21889319703914
C11936,2,2,1,9.290721483922995,8.19229373114764,3.6109179126442243,2.5649493574615367,2.8903717578961645,5.71042701737487,0.9182958340544894,301.0
C11938,2,2,1,8.790269111478656,8.097274126337922,3.1354942159291497,2.4849066497880004,2.1972245773362196,5.702417907694404,1.0,298.59090909090907
C1194,1,9,1,9.070503426788383,3.8501476017100584,5.247024072160486,0.6931471805599453,0.0,3.8501476017100584,0.0,46.0
C11940,3,15,3,12.398394036902461,9.625867190873153,7.476472381163905,4.712341561049881,2.0395956331326364,4.929738586363259,1.1994602933016412,137.34334277620397
C11943,2,4,3,8.258681496264236,6.873163834212518,3.5553480614894135,2.2512917986064953,1.252762968495368,4.740831661315983,0.8112781244591328,113.52941176470588
C11946,2,3,1,10.163849814332947,7.766339853449334,4.836281906951478,2.5147596129376812,1.8362112317988888,5.340303483215096,0.9940302114769566,207.576
C11948,10,112,10,12.989741285526263,8.236413678177062,7.6760099320288875,2.974385350999194,1.9857464362508093,5.319102178191857,1.8256533703134854,203.20046403712297
C11952,8,100,12,14.009366998125573,9.290959561803595,9.18840146445743,4.481184920492559,2.3615276286274955,4.829092824452722,2.289715711886441,124.09742383970558
C11954,2,2,1,8.915969311373605,8.222956349993781,3.1354942159291497,2.4849066497880004,2.1972245773362196,5.827741684617485,1.0,338.59090909090907
C11957,2,3,1,9.300181075975972,8.201751585955662,3.6888794541139363,2.6390573296152584,2.8134107167600364,5.6400869029801886,0.9182958340544894,280.4871794871795
C11968,1,1,1,8.829958044235482,7.731638281531137,3.258096538021482,2.2335922215070942,0.2876820724517809,5.61458689585173,0.0,273.4
C1197,3,13,1,17.17139821668859,13.060526445216869,11.063085182267388,6.953151712815668,2.670183761762868,6.110550475433369,1.4683074126843003,449.58668381107697
C11973,3,25,3,12.790322507757269,9.293904146140324,7.573017256052546,4.0928282617041365,2.0408267055520564,5.22322125202142,1.5014104754503446,184.53086419753086
C11975,1,1,1,8.12415060330663,6.515897174280189,2.772588722239781,1.3862943611198906,1.4350845252893227,5.420239970504841,0.0,224.93333333333334
C11977,4,35,3,12.587982494016801,8.924550525229634,7.555905093611346,3.912023005428146,2.085831339778607,5.03909781215657,1.7885748670040278,153.33071690214547
C11979,3,25,2,15.240061225038591,11.872772132292987,11.354562592970932,7.987594754740748,2.482028949960385,3.905839409573811,1.4398683625590178,48.69177416142374
C1198,2,3,1,9.562123369834488,7.770715555144641,4.060443010546419,2.3513752571634776,1.7346010553881064,5.52300358698524,1.0,249.3859649122807
C11981,1,1,1,8.195885391314796,8.195885391314796,2.5649493574615367,2.5649493574615367,2.833213344056216,5.714007795198989,0.0,302.0833333333333
C11987,2,3,1,9.976459164991951,8.030827865220408,4.382026634673881,2.5084371471981943,1.455287232606842,5.6106303022308195,0.5916727785823274,272.3164556962025
C1199,2,61,10,11.397065578875694,7.2868651909877995,5.921578419643816,1.9598638638291785,2.7898567998718615,5.482328802934564,0.7153220528038851,239.40591397849462
C11990,10,98,12,13.467917109275945,8.785937345936246,8.41715183723601,3.7583968793565323,1.9285648175935395,5.0573675357172485,2.516643151452862,156.17621047977008
C11992,3,3,1,9.309008543772885,7.9229859587111955,3.6888794541139363,2.3749057545736716,2.803360380906535,5.6488839487836895,1.5,282.97435897435895
C11995,4,78,5,11.878103157867375,7.293808703773728,7.641564441260972,3.102112677112563,1.6879095278755956,4.251359258148979,1.7478495796830043,69.20076849183478
C11996,11,109,14,14.119173257282453,9.228921554806858,9.226213721132472,4.348773045179881,2.4767279316592585,4.900527717246154,2.2345924096864564,133.36066541982478
C12,11,222,30,13.720799798471694,7.66448399481167,8.130353547431238,2.191745111571594,1.6493789569709507,5.594464977752031,2.3264006506020833,267.9337260677467
C12000,3,21,3,12.543276757122694,9.36530500616698,7.580699752224563,4.414312298171851,2.8550323914508557,4.970050779174252,1.3250112108241774,143.03420112302194
C12002,1,1,1,9.331141072121888,9.331141072121888,5.0689042022202315,5.0689042022202315,3.295836866004329,4.282363640673977,0.0,71.4113924050633
C12004,4,5,1,9.819399172153842,7.622609590202655,4.330733340286331,2.2335922215070942,2.793208009442517,5.505927564234259,1.6577427265048887,245.14666666666668
C12006,1,7,3,12.29072624514597,9.45758640482929,7.2991214627108,4.47666814176857,3.5263605246161616,4.999043788655306,0.0,147.27131258457374
C12010,3,5,3,11.167035015895737,8.334047765923884,6.1675164908883415,3.367295829986474,2.392533329656985,5.008307657278281,1.5485652260309177,148.65126050420167
C12013,2,2,1,8.728426091704613,8.035440815135955,3.1354942159291497,2.4849066497880004,3.1986731175506815,5.640778129603792,1.0,280.6818181818182
C12015,3,203,10,13.430317084798066,8.117407981217735,9.311090275076326,4.015983526772777,0.0,4.13544068500355,0.899341344154009,61.5171353648612
C1202,8,122,20,12.358810899782455,7.484171351332001,6.720220155135295,1.9906937516822867,1.220627239231073,5.643340756804248,2.5976746926464673,281.40458937198065
C12021,3,3,1,9.13830716907635,8.0399097955176,3.6888794541139363,2.6390573296152584,3.0122615755052013,5.478821032663309,1.584962500721156,238.56410256410257
C12023,3,20,2,13.159470319655592,10.16377466120842,9.19309247856663,6.199291394310299,0.0,3.985240558600785,1.4406454496153465,52.79822954822955
C12024,2,2,1,9.846705538437144,8.460569928475147,4.2626798770413155,2.917770732084279,2.5257286443082556,5.60185521207364,0.8112781244591328,269.92857142857144
C12026,8,21,3,9.01627006814768,5.974173049997921,4.499809670330265,1.6559579280689933,1.2595426554807467,4.538261817781385,2.789865782092892,92.52808988764045
C12027,2,3,2,9.613870275449836,8.22777628167074,5.225746673713202,3.855452653939752,2.0476928433652555,4.405729964413578,1.0,80.91891891891892
C12029,2,4,3,9.03491498187007,6.838643352789408,3.828641396489095,1.791759469228055,0.5753641449035619,5.233482505209749,0.7642045065086203,186.44444444444446
C12032,3,21,3,12.625496541532515,9.447518312254196,7.6760099320288875,4.508567504596674,2.2380465718564744,4.957006062311784,1.325011210824177,141.1675174013921
C12036,4,22,4,12.429576132059932,9.210796268039779,7.498315870766981,4.292648823522665,2.1186622548331173,4.938997972526935,1.5143029514736246,138.63026607538802
C12038,12,130,15,13.94527837722305,8.989575152159956,8.203304026795282,3.2853490928936986,2.097758669592416,5.745449675963027,2.7730055773943114,311.76423877327494
C12040,9,95,10,12.922682414217785,8.33795178404708,7.631916513071252,3.092896022007639,1.5888186252313647,5.296271142548146,1.8515340055289204,198.59117361784675
C12042,1,2,2,12.298875138259335,10.219465494142757,7.25063551189868,5.176149732573829,3.9219733362813143,5.055340647698571,0.0,155.85795454545453
C12046,7,101,12,12.86477329835575,8.20160586709365,7.523481312573497,2.9152177564826958,2.086492099676503,5.346605474206257,1.4911811407293434,208.8945945945946
C1205,9,313,28,13.798194496599026,7.929256684779932,8.24564690087386,2.464934516601085,2.1646858215494458,5.556678069198881,2.8318362951887246,257.96115485564303
C12050,1,2,1,11.580219561021574,9.634365505605258,6.405228458030842,4.469186810116282,2.790288299339182,5.182267100302437,0.0,177.08609271523179
C12051,4,30,3,12.597989725493047,9.071740695085214,7.597396320212795,4.087458160192467,1.6831256282252596,5.007799953011786,1.760030960453028,148.57530120481928
C12053,4,44,3,15.289131496392955,11.397322194755208,11.36040345813479,7.469142092477756,2.25664799780702,3.948216982213695,1.6388398422706083,50.842847658206466
C12055,3,20,3,12.619509230160354,9.528536218605701,7.513709247839705,4.434058292767484,2.625985248047906,5.112382301992106,1.3420192178195207,165.06550218340612
C12057,3,3,1,9.201602306032898,8.103191752285786,3.5263605246161616,2.4849066497880004,2.268683541318364,5.708317629821592,1.584962500721156,300.3636363636364
C12059,2,2,1,8.761863373274727,8.068872773001644,3.091042453358316,2.4423470353692043,1.9459101490553132,5.72046789244568,1.0,304.04761904761904
C12061,14,117,12,13.102215770609565,8.331769879998616,7.946263643580541,3.2161602766957182,1.7674551993020051,5.162050548480452,2.652018109537616,173.52195467422095
C12063,1,8,3,11.064260537555844,8.666521874470728,6.0867747269123065,3.711352309965995,3.1275576663334133,4.986597744050586,0.0,145.4373576309795
C12067,8,64,12,13.76432778378493,9.446917553344027,8.969414650866176,4.661298439765693,2.3430870363033756,4.803275990077105,1.820197759869539,120.90913718503435
C12069,1,2,2,10.71188122110046,9.325653693731638,5.786897381366708,4.409763389645481,2.9041650800285006,4.9352483979589135,0.0,138.1076923076923
C1207,15,251,24,16.40496038948371,10.558547510247847,10.516346161867236,4.679210030305063,2.3262903298077475,5.891408150395114,3.1820886720004427,360.9145558475334
C12071,3,21,3,12.703916367872987,9.44589580695508,7.529406457837013,4.284647007347068,2.445685936634719,5.180684104736786,1.2957378005380122,176.80440623320794
C12074,12,107,11,12.99626713257948,8.251593612000404,7.579167967396076,2.890854733032334,2.007338247778492,5.42203594442599,2.1413336871288795,225.33946830265847
C12076,8,69,10,12.627243765959955,8.3370205569107,7.511524648390866,3.259675901340038,1.825432684334643,5.122243212455385,1.623621922471058,166.71115973741794
C12078,6,25,7,16.187845382621003,12.40365975899165,9.249176395761381,5.469114437490037,2.885308455939618,6.9397340854999285,2.416532267517478,1031.495622895623
C12082,3,14,3,12.615068181006002,9.724752888477484,7.915348169263078,5.031163874237384,2.5944251755944903,4.709135279995273,1.2997367636952524,109.95617238860483
C12083,1,1,1,8.232706009860976,8.232706009860976,2.3978952727983707,2.3978952727983707,0.0,5.9325104042643115,0.0,376.1
C12085,1,1,1,14.22248585849094,12.14304897642467,9.27865301215827,7.1998650347610695,4.123093975508087,4.951026875367007,0.0,140.32000747244535
C12087,1,4,3,8.86488793377419,7.4790172715519585,3.4965075614664802,2.1972245773362196,1.252762968495368,5.40352161999756,0.0,221.1875
C12089,8,91,10,12.97481187502834,8.42115285037222,7.65491704784832,3.1446058962804053,1.5751733184600043,5.3252453703619365,2.1473663940063927,204.45876777251186
C1209,1,9,1,12.554399339598392,7.29757784462943,6.706862336602747,1.6592196483258272,1.2039728043259361,5.851636048050413,0.0,346.8029375764994
C12091,9,80,12,12.274235839596647,7.880160258345069,7.536363938404511,3.1836963177470277,1.9045000921835038,4.747115257036003,2.2528712604562213,114.2513340448239
C12093,3,22,3,12.545020386987927,9.367048493046688,7.521859252201629,4.356174495926144,2.4166575492538938,5.030257432266415,1.325011210824177,151.97238765565783
C12095,1,1,1,7.484368643286131,6.791783102729716,2.4849066497880004,1.8718021769015913,0.4054651081081644,5.09207562603643,0.0,161.72727272727272
C12098,2,3,1,9.323222529032856,8.224788875592088,3.5263605246161616,2.4849066497880004,1.9459101490553132,5.8295693089922995,0.9182958340544894,339.2121212121212
C1210,2,8,1,12.303271948907293,9.307625872277033,6.431331081933479,3.4657359027997265,2.711377991194885,5.876356860962107,0.8812908992306927,355.508064516129
C12100,3,19,3,12.581806803246819,9.53735304165366,7.5126175446745105,4.478958874850075,2.568605668664647,5.07599656411482,1.3566695198333107,159.13169398907104
C12104,1,2,2,8.12355783506165,7.430707082545968,2.70805020110221,2.0794415416798357,1.8718021769015913,5.488347233077822,0.0,240.85714285714286
C12106,3,43,2,11.925736856274575,8.164814652537647,7.862112211662748,4.1169552208097615,0.0,4.081037357862414,1.522932040689616,58.20685670261941
C12107,5,35,4,12.70690247740966,8.969357087057434,7.629489916393995,3.9115467015372647,1.9727573990915013,5.084109224975299,2.073020648520975,160.43607194944093
C12109,2,5,3,9.275472466913964,7.4841813598320766,3.8918202981106265,2.1972245773362196,1.4663370687934272,5.4086654237169025,0.9182958340544894,222.33333333333334
C1211,4,104,19,11.836674243458402,7.173994464552851,6.543911845564792,2.02117263355586,2.217972209530468,5.299203141280717,1.7722838415114153,199.17723342939482
C12111,2,2,1,9.051813463747946,8.358783454668595,3.4011973816621555,2.740840023925201,2.1972245773362196,5.687793256718417,1.0,294.2413793103448
C12113,3,18,3,12.541472879190051,9.450505503456672,7.493317248862145,4.413899615037855,2.1019143975318944,5.055106111025137,1.3420192178195207,155.82116991643454
C12116,2,2,1,8.860357273327022,8.16735198705607,2.9444389791664403,2.302585092994046,2.2512917986064953,5.972394984387631,1.0,391.44444444444446
C12118,4,6,1,10.051390182459624,8.259846318760529,4.31748811353631,2.5902671654458267,2.2155737160044158,5.7504683242057375,1.9182958340544896,313.3378378378378
C12120,1,1,1,12.367604588116572,10.575866389646118,6.771935555839602,4.9858871244070615,3.258096538021482,5.60051372148693,0.0,269.5653669724771
C12122,4,4,1,9.684460516733758,7.738923757439457,4.0943445622221,2.243744592971112,2.649209701079277,5.610526680331337,1.6644977792004612,272.2881355932203
C12125,1,1,1,8.073402968986406,8.073402968986406,2.1972245773362196,2.1972245773362196,0.6931471805599453,5.996141094991883,0.0,400.875
C12129,4,5,1,13.778199061097142,11.13915522560286,8.655040258108363,6.018245569785624,3.377099830083095,5.129270502599664,1.5744174271404583,167.89386545834785
C12133,10,106,12,12.96509651398305,8.255823747266199,7.685703061234547,3.025465992710447,2.0555087754682075,5.284930830794761,1.7428029546159807,196.3405330882353
C12135,2,2,1,8.880585523102495,7.782251321199246,3.1354942159291497,2.120263536200091,1.791759469228055,5.792459130964892,0.9182958340544894,326.8181818181818
C12137,1,1,1,8.085794701281568,8.085794701281568,2.1972245773362196,2.1972245773362196,0.0,6.008506012962834,0.0,405.875
C1214,1,2,2,13.902525518280816,10.958103038919129,8.327726166461412,5.387628728123108,4.147303135928713,5.578824339700159,0.0,263.76015473887816
C12141,10,39,9,13.65582056442769,9.784674689914938,8.845633256340186,4.981177875604094,2.0794415416798357,4.818442331751561,2.811303984200316,122.77214460607806
C12143,4,37,2,15.283871193349718,11.477218836848001,11.377048466418875,7.570889887696015,2.6002174962989946,3.926738584780878,1.8015331921869937,49.741219327788855
C12147,3,18,3,12.507039828805016,9.46259139854898,7.437206366871292,4.404393664820778,1.5093544538771178,5.076679016558037,1.3396642639295129,159.2410135533294
C12152,3,15,3,12.3092833520033,9.476142160296801,7.434847875211999,4.611035305440489,1.6094379124341003,4.882627391972587,0.8343470230852537,130.9769639692853
C12154,2,9,2,12.09704987644564,9.612204560102507,5.484796933490655,3.044522437723423,2.9267394020670396,6.61774271526614,0.8112781244591328,747.2541666666667
C12158,2,4,3,8.258681496264236,6.873163834212518,3.5553480614894135,2.2512917986064953,0.22314355131420976,4.740831661315983,0.8112781244591328,113.52941176470588
C12159,3,42,2,11.672703140662618,7.9353829179710464,7.491087593534876,3.7760396295563368,0.06899287148695145,4.197315289936709,1.4449238287033859,65.50753768844221
C1216,3,129,10,12.454603202434464,7.549850851345681,6.885509670034818,2.1086406963720985,2.3425178033294167,5.573915461996176,1.535569379874063,262.46366427840326
C12162,2,16,2,15.296923034990854,12.205885355265174,11.445941288988696,8.355123358920268,2.7668907011251433,3.872028031962565,0.9940302114769566,47.03971343028229
C12166,4,29,7,12.94699757317638,9.391730542783886,7.698936199813447,4.1588830833596715,2.6225960525611867,5.253753971277735,1.7254920470275783,190.2829931972789
C1217,2,57,10,11.59745960948492,7.537540257763783,5.973809611869261,2.048804572217946,2.696489378701134,5.629784386574894,0.6631968402398287,277.6020408163265
C12170,3,4,1,13.166382176694869,11.220483510805236,8.35608503102148,6.411583663603249,3.58351893845611,4.818640782782872,1.3787834934861756,122.7967097532315
C12172,5,24,4,12.576746150812207,9.175648853186214,7.511524648390866,4.126058537711629,1.9832976811269336,5.072054211437518,1.6183203709705833,158.5016411378556
C12174,2,4,3,8.272059622210412,6.88653164253051,3.58351893845611,2.277267285009756,1.3217558399823195,4.725363014173434,0.8112781244591328,111.77142857142857
C12175,3,4,1,9.527265662897605,7.918119062096181,3.828641396489095,2.302585092994046,1.4816045409242156,5.723802943147012,1.370950594454669,305.06666666666666
C12178,2,2,1,8.948715833843691,8.255698548718104,3.4339872044851463,2.772588722239781,2.3513752571634776,5.551278586271429,1.0,256.56666666666666
C1218,2,14,1,11.740984913438037,6.464421400576831,6.429719478039138,1.4250734540103454,1.0097439009312672,5.317787333748479,0.17134991233324484,202.93214862681745
C12180,2,2,1,9.02905827475689,7.930685708012499,3.4657359027997265,2.4277482359480516,3.2321210516182215,5.598660879080744,0.9182958340544894,269.06451612903226
C12181,2,6,3,10.267818117285737,8.322116344976333,5.1298987149230735,3.2188758248682006,2.6288008294480694,5.149637803938108,0.9852281360342515,171.36904761904762
C12183,3,9,3,10.982951000143254,8.585225601808064,6.234410725718371,3.8559335387771023,2.2934526094307732,4.759096310714198,1.3221793455166666,115.64047151277013
C12185,3,18,3,12.537966560469918,9.402551273404379,7.506042178518122,4.3825699653039285,2.336776457742325,5.038972192402677,1.325784781203331,153.3113311331133
C12189,12,115,12,13.568953794028408,8.7816143134601,8.516392871245468,3.7524409356036807,2.1498223384416355,5.059131152445493,2.0337007538793666,156.45365365365365
C1219,2,65,10,11.571430194342792,7.3673598759770185,6.173786103901937,2.097926356353939,2.574092278294211,5.404227835338047,0.8171387756817724,221.3444676409186
C12192,2,19,2,11.782196591288216,8.73782692911489,7.493317248862145,4.459869121437816,2.3760125615488628,4.3030482397129175,0.7024665512903904,72.92479108635098
C12199,10,110,12,13.086093506231297,8.367824808158119,7.948031990637284,3.2680060672589004,1.9932415237610854,5.14426271133143,1.9644005503157655,170.4450335807706
C122,11,222,22,13.43484000846932,7.560428601980666,7.920083199053234,2.166482178541017,1.8486317414259392,5.519136152985464,2.9488074198517586,248.41948382406397
C1220,7,139,31,12.975539457863531,6.424651667787344,8.201934351194222,1.82496336120651,1.8035771439868902,4.782289035541576,2.2156582797737308,118.37729640800659
C12202,7,83,11,12.363934999991463,7.933472534801814,6.844815479208263,2.498699971920336,1.3682758556172123,5.524177905808186,1.5259067878836599,249.68017057569296
C12203,3,5,1,10.215667096588296,8.424090573153913,4.672828834461906,2.9267394020670396,2.614959778036198,5.556062853142878,1.4591479170272446,257.8018867924528
C12206,3,3,1,11.996135257703026,9.5112964536585,6.361302477572996,3.895215887111765,2.532373187026924,5.640114009358541,1.584962500721156,280.4948096885813
C12208,3,7,1,10.13491668343711,7.938009415321386,4.454347296253507,2.3460702049337847,1.791759469228055,5.695592162688188,1.2243944454059863,296.5529411764706
C1221,2,14,1,13.102015761628902,7.799118992685626,8.278428259199071,3.0246629502464124,0.5855730502738052,4.831843188526489,0.04522463667671496,124.44196088392177
C12212,3,20,3,12.147956125794497,8.970024169444885,6.904750769961838,3.7495040759303713,1.6422277352570913,5.249467712657319,1.4899343783255763,189.46485943775102
C12216,2,4,1,11.85073965790801,9.904872307605832,6.07073772800249,4.138589264019858,3.1103356562929947,5.785383796119796,0.5916727785823274,324.50694444444446
C12218,3,3,1,9.158836529109067,7.213557892547113,3.6109179126442243,1.8152899666382492,1.8382794848629478,5.5789958040374685,1.4488156357251847,263.80555555555554
C1222,3,68,11,11.4132487657807,5.706141720351253,6.391917113392602,1.0897430509273298,1.2944549723379901,5.029560227914404,0.8627005887829555,151.86577181208054
C12222,2,2,1,8.830835365537549,8.137834330392552,3.1354942159291497,2.4849066497880004,2.1400661634962708,5.742857489550318,1.0,310.95454545454544
C12224,1,1,1,8.452334619067742,8.452334619067742,2.6390573296152584,2.6390573296152584,2.995732273553991,5.889942807757321,0.0,360.38461538461536
C12226,3,19,3,12.6379914162954,9.419193499845893,7.516433302915632,4.310530632968812,2.2741856184723477,5.128044865398617,1.290564432903234,167.68698965704954
C12228,10,80,12,13.931712789252005,9.35708727543173,9.072456664612796,4.508704699899133,2.2165104842228027,4.867095474895585,2.128322837932003,128.942945700838
C12230,3,19,3,12.496175535437471,9.360763616645924,7.506042178518122,4.3825699653039285,2.513480022232056,4.9974575384840145,1.3377780971924957,147.03630363036302
C12234,1,2,1,8.653121708640482,7.960149093848632,2.70805020110221,2.0794415416798357,0.4054651081081644,6.016331360552378,0.0,409.07142857142856
C12236,3,13,5,12.301650971198365,9.166256723461236,6.171700597410915,3.0811118851557153,2.8229304771006323,6.134205493357374,1.3377780971924957,460.3723849372385
C12238,2,9,2,9.94860431133925,7.751762015271127,4.110873864173311,2.03688192726104,1.563975538357343,5.85707564406933,0.5032583347756457,348.7
C1224,3,63,10,11.626155931168178,7.4523399827367385,6.182084906716632,2.1318880170523786,2.731366006415827,5.450434035965859,0.9905881818153939,231.8592132505176
C12240,5,23,4,13.363329557895845,9.92938950439129,7.091742115095153,3.682406939608319,2.9221204562107452,6.274304043082001,1.6890582152619198,529.7568692756037
C12242,1,1,1,8.107720061910534,8.107720061910534,2.1972245773362196,2.1972245773362196,0.6931471805599453,6.030384734338641,0.0,414.875
C12244,9,32,8,12.733619683940091,9.1228079747582,7.499423290592229,3.9082320450255987,2.294443935410346,5.240061027558801,2.2484269500475715,187.6816168327796
C12247,9,109,12,14.009208820594031,9.213517138886512,9.166806369952454,4.38347187080858,2.318165563969294,4.8503624030092505,2.55447873361148,126.78669173717748
C12249,5,125,4,15.068040356420479,10.170238564608743,10.929475383483236,6.034016387864722,1.53991184978549,4.154402252816909,1.5273429112434893,62.713868377661484
C1225,2,65,10,11.591662705507613,7.387579926745388,6.008813185442595,1.9544027691009669,2.9569293835482213,5.589045902189289,0.8602858652332408,266.4802955665025
C12253,3,35,4,11.538388512406758,7.98337184785593,7.4109518755836366,3.875951613666489,0.055569851154810765,4.144017771033067,1.3977584759698873,62.05565638233515
C12257,14,206,16,13.795490487028939,8.379618588402513,8.496990484098719,3.1255902608122046,1.9083895771441122,5.303688708049166,3.016931883619755,200.0771586037967
C12259,4,18,4,12.398385786451781,9.40273188943107,7.460490305825338,4.4756308146331065,2.545531271604435,4.945606919743614,1.5954618442383217,139.55613126079447
C1226,7,115,19,12.741463068840748,7.851500256835324,7.1308988302963465,2.3409378761058615,2.098986137752806,5.615011051987218,2.234295791290868,273.5164131305044
C12263,2,2,1,8.83200393125627,8.139002725442953,3.2188758248682006,2.5649493574615367,2.1400661634962708,5.65730214077366,1.0,285.375
C12267,11,118,12,13.505172431062414,8.645534588897833,8.401108712395436,3.5696418727465584,2.2525150403492393,5.110339311672463,2.3158970552362574,164.7265782970119
C12269,10,118,12,13.0572059981469,8.237186960517008,7.758760544157663,2.9896655208717537,2.069309742749429,5.303855186877348,2.1830651120195097,200.1106364801367
C12273,1,8,3,9.477462530462603,7.3985567509172,4.07753744390572,2.1102132003465894,1.749199854809259,5.421373829534611,0.0,225.18965517241378
C12275,7,37,8,11.25823964564614,7.621130692849601,5.720311776607412,2.1972245773362196,1.9269342475963076,5.545113194882707,2.383127957859796,254.98355263157896
C1228,1,9,1,9.070503426788383,3.8501476017100584,5.247024072160486,0.6931471805599453,0.0,3.8501476017100584,0.0,46.0
C12281,4,16,4,12.295044599332437,9.522524490081121,7.469654172932128,4.705580971920004,2.3690748342628787,4.833943042681592,1.3244602933016414,124.70564746149458
C12283,4,25,3,12.58776063851891,9.329749435360013,7.614312146452,4.3684736682691785,2.344022282858219,4.980830591271552,1.6571602433530894,144.59526159921026
C12285,2,266,9,11.99566637948555,6.413804022733237,7.4133673356952405,1.9781454368070805,0.0037523496185504547,4.593069506166874,0.9523316000461217,97.79722389861195
C1229,3,63,10,11.602656473739822,7.428854106072522,6.16541785423142,2.1171818696626827,2.6640179309517067,5.443665507684428,1.0887184451399874,230.28842105263158
C12290,1,1,1,8.045588280803528,8.045588280803528,2.1972245773362196,2.1972245773362196,0.0,5.968387815778005,0.0,389.875
C12292,3,14,3,12.37271356793049,9.733711259530155,7.416979621381154,4.78570443220795,2.5199979695992702,4.963344906683569,1.0949143184120975,142.07155742633793
C12294,1,3,1,9.231220849555537,8.132804408909989,3.295836866004329,2.268683541318364,0.2876820724517809,5.9755696592581975,0.0,392.6923076923077
C12296,2,6,3,9.449986995389407,7.253391744694474,4.110873864173311,2.03688192726104,0.7985076962177716,5.36027443359825,0.9910760598382222,211.78333333333333
C12298,8,80,12,12.275580051288328,7.88150396830594,7.5411524551363085,3.1882893342419725,2.0206478044991565,4.743698367523978,2.3057911224959478,113.85820499203399
C1230,9,329,25,13.799516329502374,7.752572862376384,8.605020901781758,2.632109915413678,1.962655349435456,5.2002082936481075,2.2272036529335795,180.3100036643459
C12302,9,80,11,12.613632225366949,8.171260344009408,7.5126175446745105,3.11482164512443,2.2293816889707507,5.107626458002782,2.1674907962120833,164.2775956284153
C12308,1,5,1,7.913155185928068,6.305179796606579,3.4657359027997265,1.9740810260220096,0.0,4.490085120438271,0.0,88.12903225806451
C12309,5,28,4,15.225867333141148,11.729367581442393,11.34700074233762,7.850870864494783,1.7129785913749407,3.899341350216067,1.9462477267061051,48.369920906622596
C1231,2,71,10,11.862814436189542,7.586648576120763,6.322565239927284,2.165874047452143,2.945899899806115,5.545949965253141,0.9182958340544894,255.1978417266187
C12316,5,29,5,12.888527870301148,9.454616469141783,7.536363938404511,4.118250083075655,2.0170512490805543,5.357419076544762,1.9710459260302622,211.17662753468517
C12318,12,92,13,13.258902741543155,8.694720287016283,8.372398606513004,3.829773002358407,2.164280421616865,4.89425127935358,2.5036291626962153,132.52
C12320,2,2,1,8.81537000096066,8.122371243406553,3.091042453358316,2.4423470353692043,2.1972245773362196,5.773811845828751,1.0,320.76190476190476
C12322,8,59,3,9.31154225248515,5.23923287168631,5.017279836814924,1.2647968080590914,1.3341086079493205,4.314282982587362,2.9880723352991936,73.76
C12323,8,22,4,12.186186214722579,9.008249687324936,6.967909201801884,3.8112814356266145,1.8781919750003624,5.2246109667657334,2.7201755214643453,184.78887841658812
C12328,1,2,1,10.172521830615427,9.479412855178792,4.890349128221754,4.204692619390966,3.6635616461296463,5.294712391578536,0.0,198.28030303030303
C1233,3,100,10,12.12433099547098,7.470934777378714,6.52795791762255,2.0155377397003558,2.5130775267546968,5.601529754263013,1.522246637866571,269.84040995607614
C12333,2,9,3,9.851615143125416,7.65481177360883,4.875197323201151,2.7372493557944724,2.209494669928034,4.990851128168125,0.9182958340544894,146.06153846153848
C12334,3,4,1,9.713657880251851,8.327544859235822,4.007333185232471,2.6741486494265287,2.9311937524164198,5.727872677589801,1.5,306.31481481481484
C12337,1,11,1,11.432485178272625,9.034698276014913,7.329749689041512,4.938390387222927,2.1019143975318944,4.119762430816959,0.0,60.544619422572175
C12339,3,4,1,11.199720435287361,9.590337233434301,6.251903883165888,4.650143551630823,3.250374491927572,4.956791843011359,1.5219280948873626,141.13706563706563
C12341,3,15,3,12.414553218893245,9.581404818072604,7.465082736399547,4.640991462439909,2.170732961889243,4.957097488004339,1.3328204045850196,141.18051575931233
C12343,2,2,1,8.851663425366777,8.158659377992505,3.1354942159291497,2.4849066497880004,2.1972245773362196,5.763622475012218,1.0,317.5
C12345,3,4,1,10.012566147562366,8.626406276389554,4.948759890378168,3.58351893845611,3.1245651453969594,5.077136174261558,1.5,159.31428571428572
C12347,8,117,12,13.16820634571258,8.340129467959404,8.043663352393944,3.2543973969352793,2.43781504225415,5.130791687478859,2.322005270660743,168.1509797622872
C12349,2,4,1,9.540363284917488,8.154284572721986,3.7612001156935624,2.4423470353692043,2.327277705584417,5.805636850984739,1.0,331.1666666666667
C12351,1,3,2,8.256607344626158,7.158513997329321,3.5553480614894135,2.512305623976115,1.2992829841302609,4.738775105321224,0.0,113.29411764705883
C12352,3,5,1,9.78239278915807,8.17318059762104,4.007333185232471,2.468099531471619,2.1041341542702074,5.796395417491524,1.5219280948873626,328.1111111111111
C12354,2,4,1,9.792276623200125,8.000796522600792,4.02535169073515,2.3191143949452564,2.6026896854443837,5.787956496825671,1.0,325.3454545454546
C12358,1,5,1,7.913155185928068,6.305179796606579,3.4657359027997265,1.9740810260220096,0.0,4.490085120438271,0.0,88.12903225806451
C12359,2,4,3,8.272059622210412,6.88653164253051,3.58351893845611,2.277267285009756,0.5596157879354227,4.725363014173434,0.8112781244591328,111.77142857142857
C1236,2,65,10,11.572646148946163,7.398861595057697,6.008813185442595,1.9804708241207807,3.0833204072644054,5.570100941744065,0.8290590693996659,261.4605911330049
C12360,2,9,2,11.775858798256571,9.378040401817989,6.709304340258298,4.323530427992273,0.8979415932059586,5.074043750822069,0.9456603046006401,158.8192918192918
C12362,4,5,1,9.831991550831058,7.88640358402629,4.204692619390966,2.344549292093078,2.575878427993727,5.645821599893159,1.8423709931771086,282.1060606060606
C12365,5,19,4,10.848793249478808,7.758158701725137,5.0238805208462765,2.0622491411394632,1.1430640512389434,5.834423380379732,2.02539184492663,340.8675496688742
C12366,2,11,10,8.361941906144946,5.966379812193154,3.7376696182833684,1.5533484457830566,0.31015492830383956,4.657670069227625,0.8453509366224364,104.39024390243902
C12367,2,12,3,10.823750385162683,8.25904004772021,5.733341276897746,3.206491765668479,2.069779630768099,5.099747637113492,0.961236604722876,162.9805194805195
C12369,13,98,12,14.00189468466797,9.248399933800528,9.174091239301061,4.432355024035097,2.346436975522895,4.8358777160378015,2.9961215361461044,124.94908223581872
C12371,3,6,1,11.212698365016152,9.133351330448047,5.730099782973574,3.6731310971457973,2.8763855159214247,5.489973612301851,1.561278124459133,241.25081433224756
C12373,2,4,1,9.910314197878405,8.301074905038782,4.1588830833596715,2.6100697927420065,1.9740810260220096,5.770253650821858,0.9709505944546688,319.6190476190476
C12375,1,1,1,12.161446549582342,10.552029549665953,8.117610746466228,6.5093650845459345,4.273884476054178,4.061502033157336,0.0,57.06145584725537
C12380,3,20,2,11.591755129512041,8.596198438036192,7.3864708488298945,4.402441819416474,1.2947271675944,4.220692226358078,1.2954618442383217,67.08059516429014
C12382,1,1,1,8.59711281459211,7.904150255097954,2.9444389791664403,2.302585092994046,0.4054651081081644,5.709874988655359,0.0,300.8333333333333
C12386,3,20,2,11.383295025154466,8.387779025654691,7.336285660021297,4.3528552573736015,0.1397619423751587,4.064962298069108,1.4406454496153465,57.26271186440678
C12387,12,111,11,13.088814866850573,8.35285010172945,7.749322464660356,3.060681894389027,1.9583636101266,5.34470624339527,1.8904653069446673,208.49633462699438
C12389,2,11,2,10.45774615922359,8.060138094193292,4.532599493153256,2.236833715431265,2.3116349285139637,5.938568137754405,0.8453509366224364,378.39130434782606
C12391,10,85,9,12.938755393517745,8.450330473296814,7.641564441260972,3.194306800146152,2.123404665100952,5.302659510794671,1.634278628264446,199.87031700288185
C12393,12,107,13,13.2947726359552,8.576460590100888,7.796057974316123,3.122207580454305,2.1069611649602122,5.503206424920763,2.577604760918211,244.4777777777778
C12397,2,3,1,9.224243277145174,8.125828207686855,3.4965075614664802,2.456735772821304,1.6094379124341003,5.76155990982587,0.9182958340544894,316.84375
C12399,12,104,10,13.20010559482428,8.518172341521906,7.554334823725748,2.9267394020670396,1.9694406464655074,5.649817255326962,2.3237925754074213,283.2395178197065
C1240,2,13,1,13.545259675722162,8.26740049101731,8.549660381553739,3.3086045948343306,1.0622446444972349,5.002535187006305,0.11420425383509088,147.78989155693262
C12402,3,10,4,11.49092522469056,8.926098528989375,6.5337888379333435,3.986130977581868,2.7029088016017915,4.965579052627375,1.5766212201074914,142.391557496361
C12403,10,110,12,13.198110719342509,8.470930538362397,8.11102783819368,3.4167106446261832,1.8819614244550398,5.09353646732423,2.0277016785891555,161.96516516516516
C12406,15,130,13,13.601122316819668,8.681309894887974,8.402231172946555,3.5123077584976685,2.25244365129672,5.204620561394833,2.3448951287533415,181.11175942549372
C1241,2,57,10,11.312289213359325,7.218665477553126,5.840641657373398,1.9045919997245824,2.5217206229107165,5.478729910888668,0.7219280948873623,238.54227405247812
C12410,3,12,3,11.762118756341085,9.197262926021972,5.1647859739235145,2.66615925939305,1.4781019103730135,6.604410961526797,1.2389012566026307,737.3448275862069
C12412,1,8,1,9.792053072089823,7.713002712062967,3.9889840465642745,2.031432322493475,1.2878542883066382,5.824663432160545,0.0,337.54716981132077
C12414,10,129,15,13.517088349512003,8.62691710591906,7.977625098784593,3.131563650763955,2.092513623247189,5.543724615870392,2.466951629252812,254.6283459162663
C12416,2,2,1,9.783464509936397,9.090373703928995,4.290459441148391,3.6109179126442243,3.417726683613366,5.510793107459951,1.0,246.34722222222223
C12419,1,8,1,10.753403411543824,8.674111466487656,6.608000625296087,4.537961436294641,1.0116009116784799,4.1624241038373615,0.0,63.22702702702703
C12425,3,15,3,12.296603239471912,9.588616977572675,7.415776975415394,4.716115079939819,2.1972245773362196,4.888981138952329,1.0529815751302694,131.8181818181818
C12427,11,66,13,12.620500798605278,8.386618912900072,7.650644551436897,3.448375941937246,1.6630473630394813,4.977245682784141,2.733140856003748,144.07425035697287
C1243,9,317,24,13.812677548780668,8.01999181434747,8.230577217146454,2.521083727021662,2.339399066116762,5.586122333126682,2.4093897220413503,265.6994404476419
C12430,4,5,1,9.999570161213173,8.208037763445482,4.356708826689592,2.627081138568543,2.3826278006675823,5.659210673397344,1.9182958340544893,285.9220779220779
C12432,2,2,1,8.86953877719374,8.17653219417357,3.1354942159291497,2.4849066497880004,2.0794415416798357,5.781444728919722,1.0,323.22727272727275
C12434,1,2,1,8.690305809124883,7.997326822998097,2.70805020110221,2.0794415416798357,0.4054651081081644,6.0534328036579685,0.0,424.57142857142856
C12441,2,7,2,11.758464358021245,9.679077574642193,4.969813299576001,2.9378382951350885,1.927891643552635,6.796729952891403,0.8112781244591328,893.916083916084
C12443,12,88,13,12.781823278237702,8.271216766904049,7.597897950521784,3.1311848963564075,2.1237738513448354,5.190011669572983,2.0361307587319857,178.470647265429
C12445,1,1,1,8.067149039910106,8.067149039910106,2.1972245773362196,2.1972245773362196,0.0,5.989900825131799,0.0,398.375
C12448,9,92,13,12.478790815153959,7.935849978140311,6.804614520062624,2.359447954888589,1.6612629802986865,5.678705585503349,2.3139229819909763,291.57047724750277
C12449,3,17,3,11.76151061660614,8.928422049316652,7.404279118037268,4.580756946134229,2.370793343020579,4.370557337132801,1.0863128407412879,78.08769792935445
C12451,4,6,1,10.726368298094252,8.780589889773365,5.44673737166631,3.5263605246161616,1.742969305058623,5.288988271259519,1.950212064914747,197.14285714285714
C12453,3,3,1,9.852404762306811,8.24317730972827,4.477336814478207,2.91235066461494,1.33500106673234,5.391011798065209,1.5219280948873626,218.42528735632183
C12455,8,48,8,12.273675217665385,8.32266980180898,6.725033642166843,2.833213344056216,1.4911739919403662,5.553718651259945,2.3021135748263157,257.19591346153845
C12457,3,15,3,12.320521239219907,9.547999404076961,7.48605261786314,4.721841492791785,2.45315795147342,4.842940253120691,1.198192411043098,125.84175084175084
C12459,4,24,3,12.133507329024972,8.875545189851088,5.62040086571715,2.4490137267273937,1.4423838277709342,6.518208257755357,1.7549369174491276,676.3636363636364
C1246,3,17,1,18.081467720804834,12.674299065869908,11.0186455364637,5.615106443432245,0.9471982693372316,7.06369454101199,0.7184804783968851,1167.755213114754
C12461,2,2,1,8.874727765766853,8.181720455128108,3.2188758248682006,2.5649493574615367,2.1972245773362196,5.699886004377078,1.0,297.8333333333333
C12463,1,1,1,8.19946419761216,8.19946419761216,2.4849066497880004,2.4849066497880004,2.3978952727983707,5.804313163638077,0.0,330.72727272727275
C12465,5,23,4,11.962043755999796,8.784136698718617,5.545177444479562,2.45315795147342,1.6094379124341003,6.4223999025613585,1.9875168162362657,614.478431372549
C12467,1,1,1,8.106514516255185,8.106514516255185,2.302585092994046,2.302585092994046,0.6931471805599453,5.911699578639119,0.0,368.3333333333333
C12469,2,2,1,10.680539205318292,9.987415012471414,5.541263545158426,4.852030263919617,4.04305126783455,5.149004049159315,1.0,171.25984251968504
C12471,3,4,1,10.209611032126512,8.600320367990118,4.77912349311153,3.202746442938317,2.379546134130174,5.443224487491734,1.5219280948873626,230.1864406779661
C12473,2,12,11,8.401333305321703,5.918893854273146,3.8066624897703196,1.5404450409471488,0.7339691750802004,4.6267537576552655,0.8112781244591328,101.18181818181819
C12474,1,10,1,11.444143285571855,9.141654596187664,7.401231264413015,5.104125637183595,1.4586150226995167,4.06089579703374,0.0,57.02626756261454
C12476,3,16,3,12.221414357329373,9.448899490515167,7.407924322559599,4.6443908991413725,1.6462518855568167,4.822173565748987,1.198192411043098,123.23483009708738
C12478,2,2,1,8.777401286867264,8.08440827265311,3.1780538303479458,2.5257286443082556,1.791759469228055,5.645293252409779,1.0,281.95652173913044
C1248,1,3,1,10.294143544990584,6.768898808896129,4.927253685157205,1.6153030318864985,0.028987536873252288,5.378753034621836,0.0,215.75182481751824
C12480,3,14,3,11.974064923277492,9.201570781274926,5.313205979041787,2.6119063405493077,1.3705460041517514,6.667063858473313,1.4197367178034828,785.0841584158416
C12484,4,4,2,9.33087517360492,7.944846711001996,3.784189633918261,2.463853240590168,3.258096538021482,5.573391218620477,2.0,262.3255813953488
C12488,3,16,3,12.565999795309814,9.621623609615664,6.249975242259483,3.3396951819043617,2.3130563928613412,6.319755438555088,1.359992492218488,554.4371373307544
C12490,1,8,1,9.777300552285743,7.698256004797992,4.007333185232471,2.0476928433652555,1.3545456628053103,5.7913184054014755,0.0,326.44444444444446
C12494,2,8,2,11.667884389508286,9.470728325853418,4.882801922586371,2.7444178452730847,0.7472144018302211,6.793799832415829,0.9182958340544894,891.2977099236641
C12496,1,8,1,9.492507263739853,7.4135934862370805,3.871201010907891,1.927891643552635,1.0986122886681098,5.645822738591774,0.0,282.1063829787234
C12498,9,83,11,13.96105401599202,9.417839633855367,9.080459451121662,4.547698832073612,2.2240483429953883,4.8882705450580115,2.560020400943858,131.72383555403712
C1250,2,2,1,9.104646467417119,8.411610428841172,3.1780538303479458,2.5257286443082556,2.2512917986064953,5.971594526236559,1.0,391.1304347826087
C12500,3,4,1,9.588845298501564,8.202756381655638,3.7612001156935624,2.4423470353692043,2.545531271604435,5.853979771923219,1.5,347.6190476190476
C12502,3,10,3,11.971122165951929,9.48628508028152,6.922643891475888,4.448516375942715,2.0689702418125404,5.055849993410353,1.5545851693377997,155.9378698224852
C12506,2,3,1,9.208638925336425,8.110226957181807,3.4339872044851463,2.3978952727983707,1.6094379124341003,5.810342270889509,0.9182958340544894,332.73333333333335
C1251,3,74,11,11.681283314746796,6.2582412920020465,6.368187186350492,1.270848899577089,1.8975604165159914,5.319710602018999,1.1154715382291072,203.32474226804123
C12510,2,6,3,9.427707270512938,7.48227978577397,4.0943445622221,2.243744592971112,0.9444616088408514,5.35482585171597,0.9852281360342515,210.6271186440678
C12513,3,17,3,12.381533219517326,9.491232780068549,7.484368643286131,4.603502128887395,1.8370160608161759,4.905158185128255,1.2516291673878228,133.9842608206858
C12515,3,5,1,10.17068626604651,8.561401446080557,4.430816798843313,2.8678989020441064,1.791759469228055,5.7549793788561985,1.5219280948873626,314.7590361445783
C12519,3,4,1,9.56843430866833,8.182349627786845,3.6888794541139363,2.3749057545736716,2.5257286443082556,5.907525369155322,1.5,366.79487179487177
C12523,2,2,1,8.9680140012452,8.274994233566868,3.1780538303479458,2.5257286443082556,3.2386784521643803,5.835319125482299,1.0,341.17391304347825
C12525,6,71,10,12.602291807980993,8.339847403938741,7.418780882750794,3.1972348891997897,2.1956584063034743,5.189696907857839,1.7050536313873255,178.4141656662665
C12527,9,22,4,8.668539943910762,5.581101098055744,4.143134726391533,1.3397743454849977,0.9694005571881035,4.551837461933771,2.366079445682285,93.80645161290323
C12533,1,1,1,6.825460036255307,5.442417710521793,3.044522437723423,1.791759469228055,3.9464244321454784,3.8501476017100584,0.0,46.0
C12534,2,7,3,9.273221270015384,7.327874395477404,4.442651256490317,2.5649493574615367,2.5427262206768266,4.850168412702201,0.5916727785823274,126.76190476190476
C12539,2,10,2,10.349806654652559,8.047509510981422,4.477336814478207,2.272125885509337,1.1939224684724346,5.886646668359588,0.8812908992306927,359.1954022988506
C12543,1,6,1,9.259987311865597,7.468703512151338,3.6375861597263857,1.9694406464655074,1.6094379124341003,5.652489180268651,0.0,284.0
C12545,3,20,2,13.127442457014185,10.082959815850753,9.158309963881798,6.115892125483034,1.9661128563728327,3.9879475494799563,1.4180260055608096,52.944058154235144
C12546,6,52,4,12.780106843946836,8.772925724271808,7.764720544771477,3.78004884125223,2.0610924030116395,5.022418395360224,2.3478653518582,150.7779193205945
C12547,8,49,11,13.912212496096245,9.941967788410732,8.991562278171614,5.0277211995437,2.5779271892102504,4.928040789667702,2.142871106188596,137.1086631814787
C1255,4,8,2,12.572079412253705,9.016849238493702,7.699389406256737,4.159329412311513,2.6552520155352393,4.880759947968731,1.126528595677306,130.73073436083408
C12550,2,2,1,10.814866240049263,9.716294147538406,5.680172609017068,4.58836306767171,3.7297014486341915,5.143944059201385,0.9182958340544894,170.3904109589041
C12552,2,2,1,11.190734760054784,10.092150073964758,6.111467339502679,5.017279836814924,3.9383403137455195,5.08766491998602,0.9182958340544894,161.01111111111112
C12554,3,13,3,11.829340756244882,9.264478845768666,7.769378609513984,5.209486152841421,1.0986122886681098,4.077472969142194,1.2389012566026307,57.99619611158073
C12556,2,6,4,8.28828304520769,6.497780015396087,3.6375861597263857,1.9694406464655074,0.5108256237659907,4.686376457622692,1.0,107.45945945945945
C12560,1,9,1,11.331343634511274,9.134214981586691,7.351158226430694,5.159055299214529,2.0222831278398874,3.9993137268271655,0.0,53.5606936416185
C12562,1,7,1,8.891786635857315,6.946701229116792,3.6109179126442243,1.8152899666382492,0.8873031950009028,5.313069133335108,0.0,201.97222222222223
C12564,2,2,1,8.804024902413179,8.11102783819368,2.772588722239781,2.1400661634962708,0.0,6.09807428216624,1.0,444.0
C12566,3,4,3,11.732992288006441,9.941272941232121,4.90527477843843,3.1498829533812494,2.740840023925201,6.836219197598661,1.2516291673878228,929.9626865671642
C12568,1,7,1,9.560926818574357,7.615439145232975,3.8501476017100584,2.0243817644968085,1.0498221244986776,5.735449647908573,0.0,308.6521739130435
C12570,2,3,1,9.356602878954435,8.258163361537619,3.6888794541139363,2.6390573296152584,1.7346010553881064,5.696318793116111,0.9182958340544894,296.7692307692308
C12578,1,7,1,9.47654341275084,7.531092928148575,3.784189633918261,1.9661128563728327,0.8873031950009028,5.718556519927509,0.0,303.4651162790698
C12587,2,10,3,9.78318258949248,7.481104896086487,4.844187086458591,2.6100697927420065,1.840549633397487,4.9539249591256835,0.8812908992306927,140.73015873015873
C12588,2,9,2,10.045637944640806,7.848760303428453,4.2626798770413155,2.1722232751308024,1.0216512475319812,5.800131076153008,0.7642045065086203,329.34285714285716
C1259,2,59,10,11.825346490402064,7.63616722303631,6.22455842927536,2.1559816188021705,2.3191143949452564,5.606443783787319,0.8849636363831529,271.1746031746032
C12598,1,5,1,8.663369301573839,7.0546223547916895,3.258096538021482,1.791759469228055,0.8754687373538999,5.4486321272069045,0.0,231.44
C12599,2,15,1,9.541584681053092,6.834539216650878,4.574710978503383,2.0014800002101243,0.0,4.984034612299077,0.8366407419411673,145.0625
C126,1,18,1,12.839286683896535,6.884470741945439,7.123672785204607,1.438040920642925,1.3600461350449542,5.7197034477737025,0.0,303.81451612903226
C1260,7,168,25,12.90031922153342,7.718977587366855,7.244941546337007,2.1821299511137346,1.8761143871197714,5.659579274264822,2.5458423951906157,286.02785714285716
C12604,7,63,10,12.634974293146255,8.492041425812205,7.259116128097101,3.1586876157463997,1.9749624716498153,5.38117193521731,1.441798424562999,216.2767605633803
C12606,6,56,12,12.448167481459043,8.40533598435741,7.318539548567902,3.3119506532707064,2.15745790620814,5.136184794349708,1.724240583438686,169.06569343065692
C1261,3,77,11,12.356826132856465,7.926366195101238,7.026426808699636,2.666732051771479,2.6009244599198147,5.33610970963898,1.409975018822061,206.7031111111111
C12613,4,8,5,10.315530976004416,7.917966796146857,4.897839799950911,2.57191802677763,1.5910887737659039,5.429543472460873,1.4911148500551858,227.04511278195488
C12616,8,52,7,12.631546242096595,8.624389475564964,7.444833273892193,3.4685727841349263,2.2541584990885712,5.1928658785912125,1.8082020406430241,178.98362573099416
C12618,2,8,2,11.213656523266527,9.134309398193293,6.082218910376446,4.018632740486404,2.3513752571634776,5.139587185519762,0.5435644431995964,169.64530892448514
C1262,1,1,1,14.903553857783148,11.536267460252542,8.987696695703624,5.623893011945037,4.204692619390966,5.918674154454775,0.0,370.9182806447582
C12622,1,3,2,8.256607344626158,7.158513997329321,3.5553480614894135,2.512305623976115,0.8472978603872036,4.738775105321224,0.0,113.29411764705883
C12628,9,51,10,12.717401142834069,8.785725423460109,7.549609165154532,3.6437590188334665,2.2867744869674036,5.173993436039906,1.5513246946573833,175.6187467087941
C12630,3,15,8,9.462498888358917,6.755536066004626,4.330733340286331,1.791759469228055,2.793208009442517,5.150745002080901,1.2866926683547546,171.56
C12632,3,11,7,9.314790473332646,6.917795614785638,4.143134726391533,1.8925641683500207,2.55793178480289,5.193136046303287,1.3221793455166666,179.03225806451613
C12638,1,4,1,8.591743922680534,7.206006302783152,3.091042453358316,1.8325814637483102,0.22314355131420976,5.550927251658582,0.0,256.4761904761905
C1264,1,9,1,8.993551586299981,3.8501476017100584,5.170483995038151,0.6931471805599453,0.0,3.8501476017100584,0.0,46.0
C12640,2,5,4,8.24117615049496,6.632791978938131,3.367295829986474,1.8870696490323797,2.4159137783010487,4.916062937271696,0.7219280948873623,135.46428571428572
C12644,1,1,1,4.976733742420574,4.976733742420574,1.0986122886681098,1.0986122886681098,0.6931471805599453,4.290459441148391,0.0,72.0
C12646,3,20,2,11.429272079972975,8.433746362959136,7.38770923908104,4.403665809777363,0.262364264467491,4.059577898535228,1.4406454496153465,56.94984520123839
C12651,2,5,3,8.351610750626559,6.7431164570404905,3.9318256327243257,2.3978952727983707,2.747270914255491,4.451086170605376,0.9709505944546688,84.72
C12654,2,8,4,9.140883106960962,7.062191632286556,3.6888794541139363,1.7707060600302227,1.2878542883066382,5.481386507079484,0.5435644431995964,239.17948717948718
C12674,2,10,1,9.109303827798412,6.80771392480191,4.1588830833596715,1.9878743481543455,0.0,4.9730048501858235,0.8812908992306927,143.46031746031747
C1268,1,15,1,15.86452871625998,12.338172444059753,11.04376947637563,7.517936365287865,4.012134474797304,4.828803322001953,0.0,124.06121307072516
C1269,1,1,1,8.452121194672523,8.452121194672523,3.332204510175204,3.332204510175204,2.70805020110221,5.161818612695712,0.0,173.4814814814815
C127,3,3,1,9.52806656577634,7.043960177934944,3.9889840465642745,1.6894806201076369,2.120263536200091,5.561552079351353,1.1887218755408673,259.22641509433964
C1273,2,69,10,11.781340616609485,7.519195809598669,6.2422232654551655,2.1072211057869117,2.9128098365829067,5.544971831237345,0.9086185980409245,254.94736842105263
C1276,9,395,32,13.901019223114478,7.725592517636118,8.423321975806166,2.347705528274515,2.078401499984422,5.482085360816193,2.245038265436687,239.34739617666446
C12765,2,255,9,11.944480582838134,6.400957988907389,7.3727463664043285,1.9761405357196775,0.003898640415657323,4.582636617476532,0.954434002924965,96.77184160905091
C1277,9,214,30,14.053905217639024,8.665005233459778,8.54752839121231,3.1998838278266275,1.971032243172651,5.510621870851641,2.417038398817412,246.30487094896176
C1279,8,163,22,13.365599709994411,8.224202707266635,7.876258882303226,2.797138691651821,2.2285670853044213,5.493839485712799,2.5577227015821244,242.1891378655526
C128,2,60,10,11.607025822325324,7.448715995213238,6.150602768446279,2.1177604059819726,2.5381511643068126,5.462799112051261,0.8112781244591328,234.75641025641025
C12828,3,34,2,11.670117230291716,8.144038664178257,7.604396348796338,4.0943445622221,0.028987536873252288,4.083207668592273,1.492790774359489,58.33549351944168
C1283,2,69,10,11.625646823034229,7.363592130219336,6.082218910376446,1.9678015705371665,2.9112784427154783,5.549601283303211,0.8760643678555243,256.1350114416476
C1284,1,9,1,8.993551586299981,3.8501476017100584,5.170483995038151,0.6931471805599453,0.0,3.8501476017100584,0.0,46.0
C12849,3,323,10,12.311940532453429,6.52650384191599,7.600902459542082,1.9645779366547491,0.006116227017436089,4.72048449957315,0.9810385573982519,111.22261130565283
C1286,2,60,10,11.527242485565022,7.416959917530035,6.093569770045136,2.109716305926428,2.7156713593832826,5.440270492989696,0.7473944462440388,229.50452488687782
C12883,1,8,8,6.175867270105761,4.110873864173311,2.1972245773362196,0.6931471805599453,0.0,4.110873864173311,0.0,60.0
C1289,11,368,29,13.853578684067298,7.720623360840121,8.39185670010494,2.357656490809894,2.0715471220225585,5.4661840461365685,1.9763596563788448,235.55578231292517
C1290,1,9,1,8.993551586299981,3.8501476017100584,5.170483995038151,0.6931471805599453,0.0,3.8501476017100584,0.0,46.0
C1291,1,9,1,8.993551586299981,3.8501476017100584,5.170483995038151,0.6931471805599453,0.0,3.8501476017100584,0.0,46.0
C1292,2,55,10,11.315985579152654,7.27361597460285,5.8522024797744745,1.9583636101266,2.7068799259540195,5.470865089880542,0.6699960320994333,236.6657060518732
C12922,2,6,1,8.909640602443098,7.11855630709796,3.6635616461296463,1.992430164690206,0.15415067982725827,5.277039968100752,0.6500224216483541,194.78947368421052
C1294,2,72,10,12.152925001319282,7.809520241617874,6.525029657843462,2.286877963788688,2.733692631715548,5.632941872412167,0.9456603046006401,278.48311306901616
C1295,11,718,30,19.732177614870977,13.028991694677797,15.899340083346829,9.196253269475806,2.7139224959315844,3.854254759538503,2.3955510935777555,46.19343337672585
C12953,1,2,1,8.703838719690246,8.0108574729231,3.5553480614894135,2.8903717578961645,2.4849066497880004,5.182939524328828,0.0,177.2058823529412
C1296,2,65,10,11.585348446896345,7.381269529823235,6.0330862217988015,1.9753240342616067,2.9584797714556763,5.558515825813258,0.8602858652332408,258.4375
C12972,2,6,1,8.939449862164238,7.148345743900068,3.713572066704308,2.03688192726104,0.0,5.255670791826564,0.6500224216483541,190.65
C1300,10,385,25,14.356613754720428,8.19357483073908,8.585038738311304,2.5065994743992603,2.2731020773543085,5.774870760857846,2.578853917307209,321.10280373831773
C13009,2,16,1,9.78131991856192,7.009578295059791,4.6913478822291435,2.0476928433652555,0.06062462181643484,5.105215690277094,0.6962122601251458,163.87962962962962
C13023,2,255,9,11.962885812964943,6.419333064212384,7.4067107301776405,2.005483798625773,0.007782140442054949,4.567217198699839,0.954434002924965,95.27582017010936
C1303,2,10,3,7.3796321526095525,5.0826458300725275,3.4339872044851463,1.3862943611198906,2.2407096892759584,3.996364153861897,0.9709505944546688,53.4
C13035,4,36,3,11.73194853876475,8.148710716905606,7.621684998724611,4.055160885420002,1.16141318990714,4.127007936817569,1.9048750051552583,60.9921607055365
C1304,1,18,1,9.771840098470129,3.8582202994351698,5.937536205082426,0.6931471805599453,0.0,3.8582202994351698,0.0,46.38095238095238
C1305,4,109,19,11.95599459547576,7.194565176327967,6.666956792429207,2.0424405852648677,1.581706499328575,5.295332023121665,1.8762034724640078,198.40382165605095
C1307,1,9,1,9.070503426788383,3.8501476017100584,5.247024072160486,0.6931471805599453,0.0,3.8501476017100584,0.0,46.0
C1308,4,133,10,12.415624243324917,7.510892652356266,6.816735880594968,2.0484094324321074,2.647487305775718,5.603671314884519,1.6497718860166257,270.42105263157896
C1310,2,14,1,11.714788176971018,6.413116348936514,6.091309882077698,1.1612833956308855,0.6342312970233506,5.629332563706192,0.11190990870168402,277.4761904761905
C1311,6,111,21,12.02301481775525,7.30518221499101,6.70808408385307,2.116685714852207,2.2342297733297736,5.3210460983815,2.0044417089607593,203.59779951100245
C1313,1,1,1,10.675445913520363,8.596166096285529,5.10594547390058,3.068052935133617,3.1245651453969594,5.579338585172514,0.0,263.8963414634146
C1315,1,9,1,9.070503426788383,3.8501476017100584,5.247024072160486,0.6931471805599453,0.0,3.8501476017100584,0.0,46.0
C1319,2,5,20,16.635385277967902,11.890459945510369,10.536194469284657,5.794285333862873,4.060742815675333,6.1014594155046025,0.07201647168541384,445.5089368709001
C132,2,61,10,11.481393517357066,7.323160404358932,6.082218910376446,2.057723017725193,2.6687461511431803,5.405949898762755,0.8351164948421137,221.72768878718534
C1321,2,67,10,11.718540281733475,7.4849872436412035,6.07993319509559,1.9904519246781005,2.9818684980542067,5.6444333196670575,0.868533960265235,281.7133027522936
C1322,9,249,26,13.819130996261185,7.550559670219234,8.17103418920548,2.0408267055520564,2.047448434223137,5.65189560888717,2.2186110971384125,283.83088235294116
C13220,2,9,1,8.875985891325971,6.67987832052868,4.060443010546419,1.992430164690206,0.1053605156578263,4.840727593628934,0.9182958340544894,125.56140350877193
C1323,2,64,10,11.572297537968923,7.4140079627779905,6.008813185442595,1.9938496113444324,3.042287799922007,5.56975365596662,0.8351164948421137,261.3694581280788
C1324,2,65,10,11.56878581446685,7.3797455698717815,6.013715156042802,1.9715525796686508,3.0159804343839385,5.56136013381211,0.8453509366224364,259.1764705882353
C1325,1,9,1,8.993551586299981,3.8501476017100584,5.170483995038151,0.6931471805599453,0.0,3.8501476017100584,0.0,46.0
C133,3,89,10,11.990314256647869,7.491056591070177,6.416732282512326,2.052698216704325,2.3036955872780727,5.5789946022504795,1.3663255298464625,263.8052373158756
C1332,2,65,10,11.599075637896737,7.4100170648147285,6.040254711277414,1.9944941489110577,3.0189455959337734,5.565032351166322,0.8453509366224364,260.13365155131265
C13345,3,268,10,12.029830571176143,6.4404346145295825,7.427144133408616,1.9835715036916237,0.007434978487518079,4.6132446425056255,1.0629374837904795,99.81071428571428
C1335,3,93,10,12.016303423601062,7.452529328325211,6.543911845564792,2.1076847539932313,2.211017899468555,5.478011796309108,1.4420026955568543,238.37031700288185
C1336,3,74,19,12.015027145562167,6.056361412537722,7.31455283232408,1.582797527878236,3.95830634825974,4.7101782078150745,0.8017373658637159,110.07195203197868
C1338,2,65,10,11.596347073109301,7.407290128447377,6.040254711277414,1.9944941489110577,3.0167225494458267,5.562314224541436,0.8453509366224364,259.42482100238664
C134,1,8,1,10.587417383546464,8.508152446764088,5.030437921392435,2.995732273553991,2.6390573296152584,5.567339579548298,0.0,260.7368421052632
C1340,1,1751,9,12.473657872407822,4.976733742420574,8.602636673233706,1.3862943611198906,2.2965614777538517,3.8918202981106265,0.0,48.0
C1341,4,108,19,11.98212251902163,7.27328013585229,6.672032945461067,2.0928645620119766,2.137412938273046,5.3162730645378975,1.833320740505572,202.6235741444867
C1342,3,66,12,11.80564731637462,7.586639460135178,6.246106765481563,2.1486794811743857,2.70805020110221,5.565308699001673,1.1659735345943605,260.20582524271845
C13421,1,8,8,6.175867270105761,4.110873864173311,2.1972245773362196,0.6931471805599453,0.0,4.110873864173311,0.0,60.0
C1343,2,59,10,11.26332242856534,7.169734854081545,5.872117789475416,1.9315214116032138,2.6695403463403347,5.39854609300349,0.7219280948873623,220.08474576271186
C1344,2,32,1,13.152060034221165,7.347567488757564,7.3727463664043285,1.756506776672291,1.9117711663819,5.783024204087451,0.9676906267433988,323.73978629792583
C1346,4,99,11,12.069548206779963,7.464945269906789,6.505784060128229,2.038619547159581,2.776954179749421,5.569075598150526,1.5777796831457152,261.19161676646706
C1347,1,9,1,8.993551586299981,3.8501476017100584,5.170483995038151,0.6931471805599453,0.0,3.8501476017100584,0.0,46.0
C13488,4,332,18,12.909949556103134,6.035047263409068,8.284756593190435,1.6262037927868063,3.7112056783684557,4.635194468012944,1.249161819512718,102.04795557799092
C1349,12,104,20,12.751914000043756,8.033736618610742,7.269616749608169,2.6255739792779718,1.4342338234090097,5.487139237094041,2.6963208606772047,240.5651567944251
C1350,1,9,1,8.993551586299981,3.8501476017100584,5.170483995038151,0.6931471805599453,0.0,3.8501476017100584,0.0,46.0
C1351,3,66,11,11.787765429408712,7.583574082196244,6.3080984415095305,2.216929648415552,2.8668807448205658,5.485637056606745,0.9979538421611867,240.20255474452554
C13527,3,1,164,10.977619289460709,5.8805329864007,5.10594547390058,0.6931471805599453,0.0,5.8805329864007,1.111237321108446,357.0
C1354,2,62,10,11.732639140981245,7.429159882628533,6.07993319509559,1.9303456325142017,2.295805406008667,5.658482771367463,0.9090221560878149,285.7133027522936
C1356,6,154,19,13.090123203496693,8.040587302318585,7.532623618788788,2.5624808299182082,2.0834399476465313,5.561881932161362,2.200846593265685,259.3122656668452
C1357,6,321,26,13.857701854562388,8.077267946534006,8.28374674710613,2.5814319533572987,2.594886111302121,5.577994073105559,2.161505066163264,263.54042445679636
C1358,2,62,10,11.827502600884653,7.684820432548714,6.222576268071369,2.19545935181165,2.843431733014894,5.6105708203657265,0.7918583525674836,272.3001988071571
C136,4,66,17,11.626807568541661,7.378927867585723,6.22455842927536,2.1041341542702074,2.6380364004811514,5.408709843483706,1.2616219640620188,222.34325396825398
C1363,3,90,10,11.800710032169244,7.27960365242162,6.354370040797351,1.9795010934913488,2.218730782557183,5.452368489403736,1.380360541202062,232.31010452961672
C13637,3,33,4,15.28148148281211,11.592611031953544,11.365723917231175,7.677296210169744,2.6844403354630764,3.9354982333549198,1.2057959968013854,50.187646997485835
C1364,2,13,1,10.345638111452145,5.08396240180814,5.579729825986222,0.8590110250508568,0.10742024862083686,4.778104384743072,0.08283655281361224,117.87878787878788
C1365,2,2,1,9.404343433543975,8.711278615130434,3.7376696182833684,3.068052935133617,1.9459101490553132,5.694060572995651,1.0,296.0975609756098
C13656,3,31,2,11.607444422750037,8.17373012416863,7.510977752014095,4.093268714888637,0.0,4.1134905172483895,1.358584608060248,60.159824849480025
C1366,1,9,1,9.070503426788383,3.8501476017100584,5.247024072160486,0.6931471805599453,0.0,3.8501476017100584,0.0,46.0
C1367,2,58,10,11.374249432781127,7.280582404590837,5.877735781779639,1.9363406980391626,2.662587827025453,5.503388478320884,0.7219280948873623,244.52247191011236
C1368,1,9,1,9.070503426788383,3.8501476017100584,5.247024072160486,0.6931471805599453,0.0,3.8501476017100584,0.0,46.0
C1369,3,137,11,13.005148430355053,8.063818531285923,7.035268599281097,2.2090590349832224,3.0221655306221464,5.97330730551013,0.9818992181882599,391.80264317180615
C13700,3,44,4,12.457640375060942,8.673617907039672,8.417814747435958,4.6430788499699895,0.06595796779179743,4.057486352961163,1.410453006642615,56.82876712328767
C1371,2,4,1,12.588429468671226,10.79668705558688,7.357556200910353,5.568980433830223,3.3081069585961433,5.23683903805377,0.9182958340544894,187.07466496490107
C1375,1,9,1,9.070503426788383,3.8501476017100584,5.247024072160486,0.6931471805599453,0.0,3.8501476017100584,0.0,46.0
C1376,2,65,10,11.59481876692969,7.4210210002104935,6.028278520230698,1.9973133275152781,3.030505240309036,5.572750830601567,0.8290590693996659,262.15700483091786
C138,4,109,19,11.97390096300596,7.274107789304464,6.670766320845874,2.0996897025097834,2.243606842437111,5.309353954473718,1.823349086766278,201.21954314720813
C1381,8,336,29,13.744694239293242,7.693060081671471,8.327484416188264,2.3729887335840147,2.056233121248823,5.421879185389386,2.3057800828784347,225.30399032648126
C13834,3,263,10,11.97543231344559,6.404926743915246,7.387090235656757,1.9652760044087443,0.0037950709685516124,4.599067338739897,1.0700150310756595,98.3915737298637
C1384,2,58,10,11.308812183937764,7.2319858206593155,5.877735781779639,1.9507410763249788,2.75333679074046,5.4382258541204385,0.656540281386946,229.03370786516854
C1386,1,2,1,11.678482275431453,9.481325489534894,5.429345628954441,3.2666072276893905,2.2216160304603783,6.25544559943015,0.0,519.8414096916299
C1387,8,207,20,13.575125471954651,8.228283699326408,7.97522083865341,2.6975187490498684,2.01426789825988,5.603937432084103,2.3806249968864,270.4932920536636
C1389,9,151,22,13.202423315698647,8.16575313007316,7.677400430514807,2.708915627378639,1.5844530493505056,5.529460347596251,2.4162870307897593,251.00787766450418
C1392,5,127,22,17.018308300399756,10.566285076018838,11.092701985886519,4.65024306957203,3.605232071278319,5.928288086167406,1.774443944176404,374.5111205833549
C1393,2,65,10,11.591634976640474,7.3875522147835175,6.042632833682381,1.9835715036916237,2.9608008556698797,5.555245637316484,0.8602858652332408,257.5904761904762
C1396,2,66,10,11.635956925738617,7.417041483155457,6.056784013228625,1.9830278120118159,2.9544506145806873,5.585268538154042,0.8546480601169081,265.4718309859155
C1398,1,2,2,14.50838570152551,11.417353750968816,8.01862546504575,4.9344739331306915,3.9327165013801273,6.491606325017009,0.0,658.5820158102766
C1399,2,59,10,11.405306846159862,7.2951009326275695,5.91350300563827,1.952911344514297,2.7232348746405273,5.498599960100845,0.7473944462440388,243.34959349593495
C140,3,90,10,11.996739539489369,7.402223606205159,6.437751649736401,1.9882893720241748,1.6758685817237096,5.564422161019132,1.4760290202047932,259.97435897435895
C1401,3,57,10,11.365005334893606,7.3226031317333184,5.886104031450156,1.987633992426713,2.716204002829143,5.48582508054848,0.7522759607993073,240.24791086350976
C14014,3,228,10,12.293556827396626,6.860878784761197,7.280697195384741,1.992827068843065,0.0877389143080068,5.020169300947792,1.129783949602009,150.4369400413508
C1403,2,27,1,10.118397298923234,3.8501476017100584,6.29156913955832,0.6931471805599453,0.0,3.8501476017100584,0.9346466439786693,46.0
C1407,2,57,10,11.310527723466677,7.268161848229791,5.860786223465865,1.965761917608045,2.717363423248878,5.456858394676588,0.6292492238560347,233.36
C1409,3,3,1,9.196748418456716,8.098338846189057,3.4965075614664802,2.456735772821304,2.662587827025453,5.734150011272598,1.584962500721156,308.25
C141,7,144,17,13.149680834756523,8.113025942023674,7.569927655242652,2.6089232227711845,2.0320708241646304,5.58403155972244,2.438007890817252,265.14241486068113
C1410,7,296,25,13.502375283747494,7.557475635606881,8.10076824307173,2.2647037965576913,2.0959923007864725,5.40640686146307,1.9392063910316082,221.82949029126215
C1411,13,273,27,13.815306537153443,6.930773589318831,8.442469645220301,1.7480433224976153,1.1165151481812925,5.377680651996245,2.165106211934623,215.5195085147661
C1412,2,65,10,11.6376532190386,7.433543036544709,6.042632833682381,1.9835715036916237,2.9584797714556763,5.601090353337404,0.8602858652332408,269.7214285714286
C1416,3,62,10,11.75326432591149,7.579380200680554,6.182084906716632,2.1318880170523786,2.6820747146989494,5.577030769017057,1.0135875317995566,263.2857142857143
C1417,2,57,10,11.322333804949741,7.262580236889401,5.863631175598097,1.9532721454963824,2.694161088941543,5.465773518081325,0.6631968402398287,235.45868945868946
C1418,3,59,10,11.540423893672038,7.3978921686895704,6.093569770045136,2.081423702883827,2.569821474285537,5.453395218228556,1.2484787238511479,232.5497737556561
C142,2,62,10,11.553164889829727,7.379392189082857,6.118097198041348,2.075587972363846,2.5446258844896223,5.4416050948586046,0.7793498372920851,229.81236203090506
C1420,10,477,25,14.115218775572187,7.784132559594723,8.658519127506672,2.419972637247212,2.3457672893691814,5.461130365342274,2.5985768997191108,234.36332059742966
C1421,5,9,62,13.999620514617446,9.780168541458524,8.301769763117166,4.098746623622739,2.5374246840714467,5.701444756728593,1.8537841598862632,298.29950372208435
C1423,9,244,25,13.611321234941878,7.552721630718193,8.106212902619962,2.168252311252238,1.99508170148261,5.509465298279735,2.4957677022123974,246.01901025950514
C1425,1,9,1,8.993551586299981,3.8501476017100584,5.170483995038151,0.6931471805599453,0.0,3.8501476017100584,0.0,46.0
C1427,8,135,21,13.078919197960177,8.15195163792932,7.510430556378006,2.6554848037572065,2.16115509351819,5.572840955475447,2.6092451362910865,262.1807228915663
C14270,3,134,10,11.546292540505648,6.64973826791874,6.732210706467206,1.9815160045095277,0.007434978487518079,4.823337174251285,1.0078713832444277,123.37947494033413
C1428,11,142,18,12.526883596222387,7.564553981206708,6.8658910748834385,2.041129506462773,2.0384009918095685,5.665501611980637,2.900255331771275,287.7327766179541
C1429,1,8,1,8.993551586299981,3.8501476017100584,5.170483995038151,0.6931471805599453,0.0,3.8501476017100584,0.0,46.0
C1432,5,92,11,12.493928452889172,7.940403937960443,6.573680166960646,2.143157356065944,2.2639536798536093,5.9243193681847135,1.706760943353758,373.0237762237762
C1433,2,65,10,11.589793909226806,7.415999111252371,6.0330862217988015,2.0014800002101243,3.036431183576583,5.562944232123928,0.8290590693996659,259.5889423076923
C14343,3,266,10,12.03312897854855,6.436304677450823,7.4821189235521155,2.024731109478527,0.0,4.562062717911901,1.068769332362284,94.78084507042253
C1435,8,274,29,13.779299790376513,8.113171677502594,8.166784289056151,2.5789577800083148,2.2662943393695163,5.616442624629395,2.480567260622477,273.90968474865093
C1439,3,97,10,12.021927426875305,7.437542840629514,6.470799503782602,2.0257285660471873,2.648487939950867,5.556540689892326,1.4806603537011562,257.92558139534884
C144,2,10,1,9.876835521538702,4.715297730379044,5.356586274672012,0.78794069799163,0.0712630200214906,4.535703268509803,0.050556933576743124,92.28909952606635
C1440,9,338,25,13.679394112682658,7.642002028900032,8.246695943718557,2.312795320598786,1.9601283980575923,5.437319803956176,2.262310401433975,228.82538017829052
C1441,2,65,10,11.556214813068626,7.367182339662127,6.013715156042802,1.9715525796686508,3.0211637114457948,5.548837634250988,0.8453509366224364,255.93872549019608
C1442,2,11,1,11.090812547889174,5.545633323041411,6.115892125483034,1.0147794416369076,0.9123920914584978,4.983985383766967,0.3209231392538795,145.0553097345133
C1443,3,36,1,14.561666136280774,8.60860487285035,8.46252579007393,2.58727568243195,2.825544594816916,6.101592940972658,1.2155727308552973,445.5685611662793
C14437,2,255,9,11.94357087160869,6.40004978255239,7.3833681469923835,1.985302550765974,0.003898640415657323,4.571217166184037,0.954434002924965,95.66169154228855
C1444,4,83,17,12.13716727021532,6.870342415220011,7.01211529430638,1.904566418061517,3.6778654133920696,5.13187093393489,1.4864997797141866,168.3336339044184
C1445,1,9,1,8.993551586299981,3.8501476017100584,5.170483995038151,0.6931471805599453,0.0,3.8501476017100584,0.0,46.0
C1447,4,70,14,12.428756091011927,7.531448394301597,6.871091294610546,2.102494660324319,3.5041669816562084,5.56254505870451,1.567673596300613,259.48494288681206
C1449,2,57,10,11.315644573181746,7.255895630815812,5.863631175598097,1.9532721454963824,2.7419517527778914,5.459112589093963,0.6631968402398287,233.88888888888889
C1450,2,25,1,14.86360469034415,10.644120475448592,9.851404472665903,5.635419656744644,3.0318372781961074,5.018886382691948,0.787126586201269,150.24278339654447
C1453,9,447,29,14.109026082700387,7.819711584405073,8.6164953924901,2.419749508154363,2.203594680043908,5.496819273000348,2.5673283843573693,242.91487049447565
C14535,2,258,9,11.978663760600009,6.427315991828783,7.399398083331354,1.992430164690206,0.007722046093910305,4.590075187449124,0.9522656254366643,97.50183598531211
C14536,3,51,3,10.530120929037734,6.599630374346753,5.762051382780177,1.976257305444605,0.03846628082779606,4.7796270378117605,1.2843256354899717,118.05993690851734
C1458,2,57,10,11.335185397109868,7.2583405318932455,5.872117789475416,1.9459101490553132,2.617024614615376,5.470096256075293,0.6939659673342857,236.48305084745763
C14580,1,9,3,20.889476250973416,18.324526903674297,13.614555266452953,11.049620579725136,1.9459101490553132,7.275614660448572,0.0,1443.6388816893004
C1463,9,253,37,13.620733350622952,8.0451037520165,8.030084094267563,2.536278855203408,2.0244532313540837,5.594698063917839,2.31180330800739,267.99641810485184
C14646,2,230,9,11.769217484463914,6.328578198263382,7.272398392570047,1.9781611948890072,0.004319661144516415,4.508581218069604,0.9852281360342515,89.79291174426685
C1467,13,254,31,15.734537131736667,9.303297030504778,11.567991134993036,5.142510727004022,2.2613268788135,4.181941911207036,2.575400647121205,64.49291122468294
C14674,1,8,8,6.175867270105761,4.110873864173311,2.1972245773362196,0.6931471805599453,0.0,4.110873864173311,0.0,60.0
C14675,2,255,9,11.949197786668618,6.4056674112635505,7.381501894506707,1.9836918121626883,0.0,4.578634286803282,0.954434002924965,96.38130841121496
C14678,4,15,6,9.199077179697472,5.869599530778692,4.454347296253507,1.3951833085371366,2.4789364828014966,4.764885188153132,1.7887031414261725,116.31764705882352
C1468,2,11,1,9.675268643355135,4.510114211159079,5.332718793265369,0.7718852566068168,0.2575722709804105,4.360187955447476,0.050317612906927774,77.27184466019418
C1472,2,61,10,12.000824266220523,7.842327874534305,6.352629396319567,2.2978865722124917,2.6578527972352965,5.653443992041305,0.8112781244591328,284.27225130890054
C1474,2,65,10,11.57467886124571,7.385635007140353,6.035481432524756,1.990361911626147,3.0189455959337734,5.5454958889745685,0.8453509366224364,255.08153477218227
C1475,2,63,10,11.537520511825608,7.379251933735392,6.1463292576688975,2.1139939231864955,2.6773761939173952,5.397861644416601,0.7578784625383954,219.93347639484978
C1477,1,1,1,13.013599298412737,9.681454990987033,8.842171048611716,5.513860680517677,4.238754072993807,4.186880748231866,0.0,64.81717011128775
C14783,1,1,1,4.110873864173311,4.110873864173311,0.6931471805599453,0.6931471805599453,0.0,4.110873864173311,0.0,60.0
C14789,1,1,2,5.176149732573829,4.48863636973214,1.0986122886681098,0.6931471805599453,0.0,4.48863636973214,0.0,88.0
C148,18,21,7,17.08576101391211,12.376234992251064,10.545315122572783,5.838675552379236,3.7091677433548043,6.541914935499731,2.6619019360291967,692.6135322911732
C1480,4,107,19,11.873407154051794,7.182812115935834,6.569481420414296,2.0191752272232844,2.129759590027321,5.310275081634881,1.812368578259039,201.4058988764045
C1483,2,61,10,11.613820023068454,7.471245637234029,6.150602768446279,2.1316272948504063,2.6877395082546465,5.469564652700509,0.7918583525674836,236.35683760683762
C1484,7,59,52,19.12685939486543,14.251662713248567,11.882894647615771,7.008594903772559,2.930277302069705,7.244685863282203,2.034051745138552,1399.6418338306808
C1485,3,10,3,13.377836258434078,9.37058672111828,8.995908761263994,4.995244737467805,1.7578579175523736,4.394472104611737,1.1867716669431863,80.00185896641467
C1487,4,82,11,12.908112667305094,8.397476143906868,7.536363938404511,3.0723880177865115,2.9718223216378012,5.376912511944218,1.9514308817790706,215.35325506937033
C1488,1,9,1,8.993551586299981,3.8501476017100584,5.170483995038151,0.6931471805599453,0.0,3.8501476017100584,0.0,46.0
C149,9,191,18,13.447982647347771,7.548610829925312,7.89989532313973,2.126599585362921,1.5182834691442966,5.552342632517398,2.0575949532195064,256.8408753709199
C1490,3,6,1,12.670925532448342,9.62646591550354,6.871091294610546,3.8471034593288302,2.297811814241388,5.803889338632462,0.7228578977329688,330.58670820353063
C14909,1,231,10,12.12006258523743,6.350363651281559,7.7226775164680035,2.0837158827513287,0.030677252247047034,4.41005141544597,0.0,81.27369353410097
C14912,3,44,2,13.193669571096997,9.409560015171019,9.20833836930551,5.428448097106605,0.022472855852058597,4.0038434237289,1.5146305767087556,53.80839763503357
C1494,3,94,10,11.984290666855097,7.330979221693201,6.56244409369372,2.0455399900041544,1.5404450409471488,5.427656816930057,1.531630234056755,226.61527581329563
C1496,3,78,11,11.888625282853006,6.443473181546447,6.556778356158042,1.393809157622377,1.9234932701407712,5.338078200797289,1.1666114158155887,207.11237553342818
C15,2,10,1,10.444037013468341,5.202501795897375,5.736572297479192,0.9655820235910325,0.3587779941355112,4.719625143885452,0.047414460026828226,111.12621359223301
C150,10,410,29,13.953135435834197,7.013811873714701,8.551014739891748,1.7927270551767909,1.4314824155479933,5.4068092150343885,2.105137638298561,221.9191645716496
C1501,3,3,1,9.449750895754265,7.147873934502308,3.828641396489095,1.7047480922384253,1.916922612182061,5.646545626367803,0.9219280948873624,282.31111111111113
C15055,2,322,9,12.334984635122371,6.555659780448731,7.603897968521881,1.9724507540920115,0.015314234973042507,4.740354824714186,0.876716288999464,113.47481296758104
C1506,6,219,23,13.472262215303651,8.04763069833581,7.8724551500639794,2.5301242557812933,2.266706805329144,5.603877181096528,2.148805768137083,270.47693480747233
C1507,3,96,10,11.97458815509688,7.321283034513653,6.54534966033442,2.030651377510404,1.5606477482646683,5.435040602263441,1.522246637866571,228.3021582733813
C1508,9,367,29,13.797648985601493,7.611933980542631,8.344267356262645,2.2671924344279644,1.8803128665695001,5.457890045721989,2.137332403677464,233.60190249702734
C15086,1,8,8,6.293419278846481,4.22683374526818,2.302585092994046,0.7537718023763802,0.11778303565638346,4.110873864173311,0.0,60.0
C15096,1,1,1,4.110873864173311,4.110873864173311,0.6931471805599453,0.6931471805599453,0.0,4.110873864173311,0.0,60.0
C151,1,2,1,9.254070134837509,8.561018670956267,3.7612001156935624,3.091042453358316,2.6390573296152584,5.520317407160167,0.0,248.71428571428572
C15101,3,1,164,10.988761276765057,5.8916442118257715,5.10594547390058,0.6931471805599453,0.0,5.8916442118257715,1.111237321108446,361.0
C15110,2,28,1,10.00690117422521,6.675913291439007,5.187385805840755,1.995671658614377,0.0,4.833066470097504,0.9059282160429994,124.59550561797752
C1512,2,65,10,11.58880258554332,7.415008375017333,6.0330862217988015,2.0014800002101243,3.033472601536838,5.561956705336614,0.8290590693996659,259.3317307692308
C1513,2,57,10,11.311849131692625,7.2350206129394365,5.863631175598097,1.9386197157926341,2.60832350316264,5.455333290509435,0.6939659673342857,233.002849002849
C1514,6,123,19,12.802072710151212,7.927233480135241,7.322510433997394,2.529690252414974,1.660043947812507,5.484379989083602,2.3506986418036,239.8995373430271
C1515,13,391,31,14.145056721764748,8.121905415939757,8.688453800850768,2.732132379182108,2.340128109789605,5.4610289708925634,3.1112683964099137,234.3394572728805
C1516,3,94,10,12.154731981599651,7.52053971684403,6.584791392385716,2.0818657852913423,1.6343672954766257,5.575115737006651,1.5095269546427745,262.78008298755185
C1517,1,9,1,8.993551586299981,3.8501476017100584,5.170483995038151,0.6931471805599453,0.0,3.8501476017100584,0.0,46.0
C15182,3,261,10,11.967250576078879,6.400561728091299,7.399398083331354,1.9791571790538702,0.0038095284166676977,4.578778456296865,1.0714243071858431,96.3953488372093
C1519,3,61,10,11.79468503397024,7.6520179603475125,6.066108090103747,2.0573744476511573,2.784423179886784,5.73413121092291,0.875991527572584,308.24418604651163
C152,7,296,32,13.805361227311959,8.085356504665633,8.234299635696253,2.591577781622947,2.156326684368051,5.575124218130758,2.2777691766590515,262.78232014865944
C1520,4,23,1,11.012808960012588,5.047973676860462,6.302618975744905,0.8714214424479597,0.5508309583796899,4.720953261793342,1.2803198025266493,111.27522935779817
C1524,1,9,1,8.993551586299981,3.8501476017100584,5.170483995038151,0.6931471805599453,0.0,3.8501476017100584,0.0,46.0
C1526,6,137,22,12.613702076467714,6.346357127064168,7.615791072035833,1.5774936915849251,3.435757386543607,5.005126473322383,1.8828326673749298,148.17594874322327
C1528,3,90,10,11.799366767985877,7.289182871232513,6.354370040797351,1.988927534139004,2.293755013545774,5.451030976455006,1.3612005378853027,231.99825783972125
C153,1,9,1,8.993551586299981,3.8501476017100584,5.170483995038151,0.6931471805599453,0.0,3.8501476017100584,0.0,46.0
C15318,1,1,1,4.110873864173311,4.110873864173311,0.6931471805599453,0.6931471805599453,0.0,4.110873864173311,0.0,60.0
C15332,1,2,2,4.859812404361672,4.174387269895637,1.0986122886681098,0.6931471805599453,0.0,4.174387269895637,0.0,64.0
C15341,1,9,3,8.361941906144946,6.061456918928017,4.110873864173311,1.9459101490553132,0.09531017980432487,4.28128506487235,0.0,71.33333333333333
C15365,1,23,3,11.965496780505664,8.564483819144256,7.4318919168078,4.047718720882045,2.1935139979396836,4.544869119641845,0.0,93.14810426540285
C1537,2,7,1,14.061567970095778,10.169785201392965,8.78216942633238,4.89768748862627,2.7493618716299646,5.284633001033427,0.3322866302216151,196.28176795580112
C1538,2,67,10,11.657839330759215,7.438911072530197,6.07993319509559,2.003068562895262,3.0863523275079023,5.583953195494675,0.8546480601169081,265.1215596330275
C1539,1,9,1,9.070503426788383,3.8501476017100584,5.247024072160486,0.6931471805599453,0.0,3.8501476017100584,0.0,46.0
C154,7,183,17,13.231565703847476,8.011539754387522,7.68937110752969,2.5498673790804607,2.335549268533022,5.546559058864369,2.4391901810167065,255.35393772893772
C1540,1,18,1,11.112418047181292,5.259680482933119,6.493753839851686,1.0597724553518457,0.09531017980432487,4.629966266987433,0.0,101.51060606060607
C15408,3,1,164,10.991527483599203,5.8944028342648505,5.10594547390058,0.6931471805599453,0.0,5.8944028342648505,1.111237321108446,362.0
C1543,8,396,27,13.669163682427095,7.500104971627792,8.183676582620658,2.1390811843474418,1.899105460223326,5.489901948510001,2.02372419836502,241.23345434236248
C1544,1,9,1,9.070503426788383,3.8501476017100584,5.247024072160486,0.6931471805599453,0.0,3.8501476017100584,0.0,46.0
C15459,1,8,8,6.175867270105761,4.110873864173311,2.1972245773362196,0.6931471805599453,0.0,4.110873864173311,0.0,60.0
C1547,3,96,10,12.02262445432194,7.4382394620439625,6.473890696352274,2.0284167397089874,2.6470428529941863,5.554151019903344,1.4806603537011562,257.3075734157651
C15476,10,28,4,8.266935347610456,4.941642422609304,4.143134726391533,1.1676051601550612,1.3312345839368631,4.155348618685471,3.3059584928680414,62.774193548387096
C1549,3,44,10,11.164629603976666,7.158061117999766,5.697093486505405,1.8562979903656263,1.9275610103871168,5.475081985749032,1.4793019864045978,237.67003367003366
C15499,2,10,1,9.142061531222888,6.84043957169727,4.204692619390966,2.028148247292285,0.0,4.959341999708705,0.8812908992306927,141.5
C1550,13,252,29,13.898612887908577,8.296742505548062,8.491465042843506,2.9432730248952153,2.189403998271031,5.411825633430453,2.839906961886865,223.04022988505747
C1553,2,18,1,9.725854985228304,3.8501476017100584,5.8998973535824915,0.6931471805599453,0.0,3.8501476017100584,0.9989326546260582,46.0
C15539,1,1,8,6.0330862217988015,3.970291913552122,2.1972245773362196,0.6931471805599453,0.0,3.970291913552122,0.0,52.0
C1554,4,154,10,13.254554121761428,8.101563885656395,7.979338895262328,2.8832818152095334,2.815374105968456,5.280658072736505,1.8259678123317062,195.499143542309
C1555,4,80,11,12.478901198622433,7.97943021529344,6.559615237493242,2.1785324443240666,1.6465195873386322,5.92337931830001,1.663454630222225,372.6723404255319
C1556,13,244,39,13.725757608113977,7.538024981106891,8.08794755464267,2.0388441112655564,1.614762520549627,5.64166947367743,2.7649044982299156,280.93300553165335
C15565,3,279,10,12.147590414654518,6.50717185307194,7.454141078146678,1.9629874098735063,0.003539826705124037,4.703131436188726,1.042962181811106,109.2920046349942
C156,1,1,1,8.076826031298808,8.076826031298808,2.4849066497880004,2.4849066497880004,2.3978952727983707,5.682032497959905,0.0,292.54545454545456
C1561,3,9,1,10.31503413096016,5.283137802641119,5.572154032177765,0.9937326578476341,0.29576619085173994,4.755299705626185,0.2300585566113814,115.19847328244275
C1562,3,97,10,11.996394280325783,7.422275101712681,6.46302945692067,2.0278769136859536,2.654402899289919,5.538858695038667,1.4703760552193827,253.3875
C1565,2,66,10,11.59128367775547,7.402229766742605,6.045005314036012,1.9986093810561643,3.0226397264739155,5.5525267821486075,0.8230660790114691,256.88836104513064
C15650,3,1,164,10.980416446373079,5.883322388488279,5.10594547390058,0.6931471805599453,0.0,5.883322388488279,1.111237321108446,358.0
C1567,2,2,2,14.964771600014668,12.131563325878993,9.44683440765853,6.6148832916020215,4.124284026820735,5.522021588004012,0.787126586201269,249.1402068366622
C1568,2,13,1,12.4927955080872,7.230825750571751,7.3427791893318455,2.1972245773362196,0.755903025591349,5.156438872385089,0.1454942487821595,172.54533678756476
C157,2,61,10,11.480381611894199,7.337887189565687,6.09807428216624,2.0853762771996505,2.6995485558468895,5.3891231497787695,0.7918583525674836,218.01126126126127
C1570,4,53,13,13.202788781071181,8.638615891746262,7.2456550675945355,2.7468701929517922,3.4125905654915982,5.960427529360818,1.607983444929932,386.7758743754461
C1572,2,4,1,10.132016576126675,7.567544526657176,4.663439094112067,2.205735267004128,2.069779630768099,5.4821853460614,0.6193821946787638,239.37142857142857
C1574,2,17,1,9.725854985228304,3.8501476017100584,5.8998973535824915,0.6931471805599453,0.0,3.8501476017100584,0.9989326546260582,46.0
C15758,1,3,1,10.280553186122594,9.182009482208121,3.7612001156935624,2.70805020110221,2.120263536200091,6.544288615961947,0.0,694.2619047619048
C15762,1,8,8,6.175867270105761,4.110873864173311,2.1972245773362196,0.6931471805599453,0.0,4.110873864173311,0.0,60.0
C1577,2,66,10,11.555879584894827,7.366847320060348,6.025865973825314,1.9820458553844897,3.0609807698722546,5.536370999847255,0.8453509366224364,252.75544794188863
C15770,2,254,9,11.968062887721198,6.420609449236001,7.399398083331354,1.9957849837632375,0.0077519768043179515,4.579582436039685,0.9533521077709819,96.47368421052632
C1578,1,9,1,9.070503426788383,3.8501476017100584,5.247024072160486,0.6931471805599453,0.0,3.8501476017100584,0.0,46.0
C1580,1,3,1,9.42504844446929,6.026187983166367,4.204692619390966,1.1631508098056809,0.2876820724517809,5.240624050315018,0.0,187.78787878787878
C15805,1,3,2,8.236685322712457,7.13860241468138,3.5263605246161616,2.4849066497880004,0.9808292530117262,4.748614405012124,0.0,114.42424242424242
C1581,3,11,86,15.242487063825896,9.256130347327156,9.990857198673035,4.022431062297031,3.966872782098862,5.256900502497206,0.2366636664930148,190.88581901489118
C15818,3,322,17,12.164297071497458,6.223476791528916,7.724446645633537,1.9368705394775882,1.8740205906378515,4.45201076241986,1.552278723731467,84.79929266136163
C1583,2,65,10,12.008596840964541,7.8345993586396165,6.2422232654551655,2.1851865987767405,3.0489084096666774,5.771435050470647,0.8290590693996659,319.99805068226124
C1584,10,299,21,13.395280989655145,7.394479414914037,7.983440063006542,2.110813080388574,1.9073398608220964,5.416632502169905,2.338883345659486,224.11975435005118
C1587,3,75,11,11.839376225350357,6.411667016102561,6.411818267709897,1.2992829841302609,1.9626859385601505,5.433571164782643,1.1203590941469341,227.96546052631578
C15881,2,280,9,12.159992057142508,6.52666217458352,7.457609289715606,1.9720949280503803,0.00711746776886398,4.711982303451188,0.9275265884316759,110.27251732101617
C159,9,189,23,13.28720810014695,7.903081012658492,7.745002803515839,2.450293044599105,2.214906270626726,5.546545134252589,2.5359726749046367,255.35036812472933
C1590,1,4,1,10.262734186842678,8.317033476492403,4.624972813284271,2.7362210780689065,0.35667494393873234,5.651098601216132,0.0,283.6039603960396
C1591,3,91,10,11.891135847745172,7.30683268213429,6.376726947898627,1.9444513595916533,1.7139817681853706,5.520117596930486,1.4806603537011562,248.66439522998297
C1592,1,9,9,10.572879805741458,6.042632833682381,6.144185634125646,1.791759469228055,1.6094379124341003,4.442651256490317,0.0,84.0
C1593,2,59,10,11.299484689117405,7.205870239105141,5.869296913133774,1.929103030738932,2.6222502112988773,5.437364679945381,0.6873150928309273,228.8356940509915
C15930,5,878,26,17.387808076687023,9.98784448764593,10.363219861917235,3.0135433701930174,3.2715703375796643,7.025509070013432,1.5751742937732507,1123.967100277848
C15976,1,8,8,6.175867270105761,4.110873864173311,2.1972245773362196,0.6931471805599453,0.0,4.110873864173311,0.0,60.0
C15977,1,1,1,9.23356849809539,6.669790901338181,4.941642422609304,2.4589311633847397,4.096905383083774,4.312487622301136,0.0,73.62589928057554
C16,3,12,1,9.886493976159556,4.691650286344144,5.375278407684165,0.779929593610395,0.12871210618857373,4.526680535262936,0.17023728737351904,91.45116279069768
C160,3,60,10,11.444518136305328,7.318036726871785,5.937536205082426,1.9596403418672153,2.705897347741109,5.513652735414435,0.93530288515005,247.05555555555554
C1601,1,3,3,7.384610383176974,5.309504555938601,2.8903717578961645,1.1394342831883648,2.1832383353614797,4.561279763162822,0.0,94.70588235294117
C16014,2,253,9,11.942998629248443,6.399478487514909,7.394493107219038,1.9949128756657624,0.007782140442054949,4.5596348666610025,0.954434002924965,94.54858548585486
C1602,8,319,24,13.638113257096778,7.642139890144877,8.227909837597483,2.3332059789503745,2.0221733764267276,5.414928938263455,1.5907694515498347,223.7365749398878
C16029,2,16,9,6.799055862058796,4.04305126783455,2.833213344056216,0.6931471805599453,0.0,4.04305126783455,1.0,56.0
C16054,2,9,1695,11.296024885689746,3.8501476017100584,7.467942332285852,0.6931471805599453,0.0,3.8501476017100584,0.023346706732832758,46.0
C1607,3,79,10,12.10786427001096,7.726273301513389,6.481577129276431,2.21375387928743,2.4932054526026954,5.631404168265861,1.5085735339754032,278.0536809815951
C1609,11,171,23,14.940346319378506,9.565137721002937,9.937019035744921,4.572082479295933,1.925869398171867,5.010068107181358,2.843763326789191,148.9149460857792
C16095,3,78,4,11.873804559071996,7.517632327109473,7.704811922932594,3.3822149307498655,0.025317807984289873,4.184779088673248,1.447974570539304,64.6789900811542
C16097,3,52,4,11.644935701222812,7.694138812130804,7.498315870766981,3.5749351947647185,0.01904819497069448,4.162850742246425,1.5135298395420582,63.25443458980045
C16098,2,4,3,8.261784679514752,6.876264611890766,3.5553480614894135,2.2512917986064953,0.9162907318741551,4.743908586820463,0.8112781244591328,113.88235294117646
C161,10,367,24,14.060692666392052,8.112956571227535,8.459352191726387,2.5891568887422807,1.9702296969146278,5.60523695515088,2.8291065716346186,270.8463331920305
C16106,3,274,10,12.102815471852464,6.491199701258455,7.4673710669175595,1.9992087307796753,0.007272759329079777,4.64566004988738,1.0543944044027853,103.13207547169812
C1611,4,2,4,15.600034581035718,11.911161674101303,10.079832954301699,6.392586905782009,3.78815901820576,5.5242402511299735,1.640136859024207,249.69579979879276
C16124,3,262,10,11.977005333338308,6.410300426515815,7.405495663199472,1.9844175804530506,0.0,4.5823945304813165,1.0714243071858431,96.74817518248175
C16128,1,2,1,7.261927092702751,6.569481420414296,2.3978952727983707,1.791759469228055,0.0,4.96563792816552,0.0,142.4
C16135,1,1,1,6.22455842927536,5.1298987149230735,1.791759469228055,0.9808292530117262,0.0,4.623010104116422,0.0,100.8
C16136,1,1,1,7.29505641646263,5.910796644040527,3.4965075614664802,2.1972245773362196,3.834061463958434,3.8501476017100584,0.0,46.0
C16137,3,120,6,11.289844411702974,6.093594712677083,6.982862751468942,1.93878140599456,2.5776184458329165,4.321269256831271,1.229541657469333,74.2841225626741
C1616,8,134,22,12.691131129608273,7.694371264466103,7.040536390215956,2.1644097291750723,2.014001713586252,5.654973905409421,2.293929930604153,284.70902716914986
C1622,1,1,6,9.125218118559348,7.33400292627283,3.4965075614664802,1.8458266904983307,2.614959778036198,5.6628519673041975,0.0,286.96875
C1624,2,49,10,11.565100370624338,7.558279602016764,5.8944028342648505,2.0257530365663308,2.9473056796485166,5.676876779645329,0.980597440991727,291.0359116022099
C1627,3,68,11,14.517143631274518,10.254498457881402,10.481195822829712,6.220478159794674,2.620782709371777,4.053489538273353,1.046692670026239,56.59809753633762
C1628,1,104,10,15.851840767839873,11.133356382690835,10.943216410966887,6.226677822509522,2.9699564852548495,4.915997294400004,0.0,135.45532810069298
C1630,1,9,1,13.041402748570038,9.430562904509102,7.44716835960004,3.8570244196416272,3.426109702042052,5.5985256746102605,0.0,269.0280046674446
C16347,3,261,10,11.980682823237263,6.410168628194361,7.409741954080923,1.984796539835135,0.0037950709685516124,4.58182902198428,1.0700150310756595,96.69291338582677
C1638,5,92,29,13.56402025707583,7.291823281742176,8.764678074116606,2.571170892396323,3.9662610164824303,4.80769723524848,0.7513929860256228,121.44932063095425
C16397,3,64,4,10.926280148482137,6.6235266958250065,6.133398042996649,1.976330745756025,1.2093636529608125,4.803272368251291,1.3609759159070876,120.90869565217392
C164,3,101,10,12.15505825961246,7.492171490407718,6.625392368007956,2.092329827872188,2.597785997859854,5.534942015303806,1.5277583120536398,252.39309428950864
C1643,3,262,10,11.957297134327028,6.3906248342596355,7.380879035564116,1.9632078776461923,0.011385322225125354,4.587267747202143,1.0714243071858431,97.22568578553616
C1645,9,424,26,13.958574867604256,7.7167961195798895,8.519390774959724,2.3746342490740178,2.296144161192479,5.443715569237393,2.404523885279452,230.3
C1646,2,25,9,11.583747329495884,7.084766464383316,6.56244409369372,2.1810450084599498,0.44183275227903923,5.029272420095,0.6751914401458717,151.82178217821783
C1649,1,9,1,8.993551586299981,3.8501476017100584,5.170483995038151,0.6931471805599453,0.0,3.8501476017100584,0.0,46.0
C165,2,72,10,11.838011697795746,7.56185839745175,6.282266746896006,2.1302138670532593,3.0298652799234493,5.561459202440078,0.887976319515135,259.2022471910112
C1650,2,18,1,9.725854985228304,3.8501476017100584,5.8998973535824915,0.6931471805599453,0.0,3.8501476017100584,0.9989326546260582,46.0
C16507,2,39,3,10.678491179565906,6.787775955699794,5.831882477283517,2.07175904550782,1.8543828924295265,4.85732413105719,0.6420642892306891,127.67941176470588
C1654,6,2,349,14.230832263159797,7.864745276196145,7.776115477098742,1.6278245386845396,1.2798832747145619,6.456707043797768,0.5740549812167719,635.9601175482787
C1655,1,9,1,8.993551586299981,3.8501476017100584,5.170483995038151,0.6931471805599453,0.0,3.8501476017100584,0.0,46.0
C16589,4,1,40,14.220872327399848,10.532018875634792,7.173958319756794,3.5145260669691587,0.9360933591703349,7.04854896420096,1.668880353635593,1150.1871165644172
C1663,11,335,25,14.454022022358004,8.495801146626258,8.657476736863293,2.7639924483977145,2.3268364410391666,5.799751496675854,2.871151731362436,329.2174895688456
C16640,3,262,10,11.964071145570367,6.397387565626346,7.3938782901077555,1.9743990416074533,0.0,4.5810981500309715,1.0714243071858431,96.62153846153846
C1665,1,4,3,6.626717749249025,5.244389024522481,2.3978952727983707,1.252762968495368,0.4054651081081644,4.335982696172475,0.0,75.4
C1670,8,1385,8,12.252579251984255,4.976733742420574,8.38160253710989,1.3862943611198906,2.3133176702947207,3.8918202981106265,2.9375543507480066,48.0
C1671,2,77,10,12.040637703892642,7.671649908999913,6.411818267709897,2.162886439755328,3.078886008430454,5.634037440666695,0.9265044456232999,278.7894736842105
C16712,2014,569,27,16.20970216246085,5.109047154868879,11.747293782224867,1.063870275263839,0.3019381665801355,4.47388464501731,10.838153620757899,86.6967328534135
C1672,2,75,10,11.577176444771752,7.147137691947393,6.148468295917647,1.8809180103096008,0.05781957088882622,5.435207672728905,0.7918583525674836,228.34047109207708
C1680,1,4,3,8.783396232190894,7.397561535524052,3.4657359027997265,2.169053700369523,1.6094379124341003,5.353996191712654,0.0,210.4516129032258
C1685,1220,16,21599,25.158533895396552,14.312503848187601,17.917760176071432,7.072577907883747,1.295311450403894,7.24149023606605,9.59654387079708,1395.1730487549628
C16864,1,9,9,6.293419278846481,4.110873864173311,2.302585092994046,0.6931471805599453,0.0,4.110873864173311,0.0,60.0
C169,2,65,10,11.62004742836771,7.430976486356967,6.037870919922137,1.992430164690206,3.0167225494458267,5.588305390688618,0.8453509366224364,266.2822966507177
C1697,5,100,25,15.808836593969184,9.242260890971782,10.076642221505265,3.539388552302387,3.4223045087483017,5.735470874510028,1.0245548721736195,308.6587468460892
C1698,3,9,4,11.311824677031566,8.267546759011537,6.259581464064923,3.2525868822105126,1.742969305058623,5.060507400274598,1.2060026902433667,156.67049808429118
C17,3,78,11,12.004372531509615,6.260076152284026,6.678342114654332,1.2632057421684837,1.5643469679942694,5.332128443937928,0.989304373822893,205.87783375314862
C1700,10,319,29,13.648237994890984,7.5046018752860535,8.257385655730436,2.2270565018062873,1.6842507250319392,5.3956570854909724,2.4156675241252255,219.44695201037612
C17008,2,258,9,11.960766559527494,6.40944787357355,7.385851078125209,1.980734124927015,0.0,4.585777400253697,0.9522656254366643,97.07940446650124
C1701,2,71,10,11.625155332512335,7.363100946948987,6.104793232414985,1.9872953652181677,3.096151021301038,5.526575333691089,0.8380078505079931,250.28187919463087
C1702,5,2,12,9.959158749906589,5.409717501667706,5.407171771460119,1.2050248822767398,1.0445450673978338,4.566878770633553,2.19830491460131,95.24324324324324
C17047,2,264,9,11.972152484588491,6.394089146801756,7.395107546562485,1.9656599236256014,0.01125715452463447,4.5878795822325005,0.9533849608035017,97.28580208973571
C1705,1,1,1,8.37378460812088,7.680868241179964,2.772588722239781,2.1400661634962708,2.8622008809294686,5.668960959714165,0.0,288.73333333333335
C1707,1133,10,19274,25.154771439224447,14.593583012341345,17.89696569057749,7.336428372600599,1.3979788804333233,7.258510169880285,9.632649800915859,1419.1391942064165
C1712,1,9,1,8.993551586299981,3.8501476017100584,5.170483995038151,0.6931471805599453,0.0,3.8501476017100584,0.0,46.0
C1716,2,62,10,11.696729256045334,7.522874387792752,6.206575926724928,2.153549513833558,2.5918044447647133,5.496273637489393,0.8290590693996659,242.78181818181818
C1717,1,9,1,8.993551586299981,3.8501476017100584,5.170483995038151,0.6931471805599453,0.0,3.8501476017100584,0.0,46.0
C17180,1,1,1,8.82379514872053,7.2149458178219605,3.912023005428146,2.379546134130174,4.021773869387265,4.939015067426923,0.0,138.6326530612245
C17185,1,8,8,6.175867270105761,4.110873864173311,2.1972245773362196,0.6931471805599453,0.0,4.110873864173311,0.0,60.0
C1719,1,1,2,7.32052696227274,5.128582925259553,2.8903717578961645,1.0608719606852626,0.7985076962177716,4.497846961162416,0.0,88.82352941176471
C17191,3,257,10,11.960689875841272,6.409371315619141,7.3864708488298945,1.981268741352472,0.0,4.585087668317327,0.9862892033081987,97.01177929324241
C172,3,109,10,12.213802691592084,7.522990507718062,6.692083742506628,2.126482689225006,2.6390573296152584,5.526941524039621,1.5065468192494946,250.37391304347827
C1721,2,4,1,9.51473205799091,6.082955124795328,4.343805421853684,1.23884162997676,1.0986122886681098,5.189515262899799,0.20559250818508307,178.3815789473684
C1723,2,1,5,10.41262174664114,6.097354922365414,5.545177444479562,1.4816045409242156,1.496642418288756,4.878962117895295,0.4021791902022729,130.49411764705883
C1726,1,9,1,8.993551586299981,3.8501476017100584,5.170483995038151,0.6931471805599453,0.0,3.8501476017100584,0.0,46.0
C17276,3,133,10,11.53907068055842,6.642525719444708,6.739336627357174,1.987669870083906,0.0,4.809097099418225,1.0078713832444277,121.62085308056872
C173,3,98,10,12.021741070001353,7.437356592360033,6.461468176353717,2.0176204135187645,2.6520915474541655,5.565664980165468,1.4806603537011562,260.29890453834116
C1730,9,147,28,13.092015503927945,8.042478997682402,7.566828479208331,2.5941059417529924,1.9976612141077585,5.529677585996553,2.5240515262435217,251.06262939958592
C1734,1,9,1,9.070503426788383,3.8501476017100584,5.247024072160486,0.6931471805599453,0.0,3.8501476017100584,0.0,46.0
C17377,1,9,1,9.202207388745993,3.9949399903171257,5.247024072160486,0.7011793522572095,0.0,3.9792365170150203,0.0,52.476190476190474
C174,2,63,10,11.729076626407295,7.555204816289019,6.222576268071369,2.1677341488255144,2.8038264727350612,5.512522480438794,0.8290590693996659,246.77534791252486
C17406,3,270,10,12.049670265861835,6.452819775399677,7.422971251049421,1.9735664903790653,0.0,4.637024415195538,1.0600946145495087,102.23670053795577
C17418,1,9,1,9.070503426788383,3.8501476017100584,5.247024072160486,0.6931471805599453,0.0,3.8501476017100584,0.0,46.0
C17428,1,1,1,9.723942138688924,7.778390927182333,4.634728988229636,2.7454377331738304,4.110873864173311,5.104994338410971,0.0,163.84313725490196
C1744,6,76,11,12.40756345914893,8.051169324707224,7.690743163541872,3.3686212112275427,2.9198475760291185,4.726173150228184,1.6498643825470867,111.86282578875172
C17481,3,11,4,7.671360923190644,5.278114659230517,3.4011973816621555,1.2909841813155658,0.0,4.3170282376946805,1.309296668237004,73.96551724137932
C175,3,92,10,12.064992835148322,7.522233364767829,6.447305862541213,2.0414966101157126,2.206636411518566,5.622887993391769,1.4138814187257287,275.6873015873016
C1754,9,400,22,13.803111000202083,7.627729600882473,8.333991247194975,2.2672487179141605,2.17786537215744,5.4735640595258666,2.5920980008638317,237.30802498798656
C1759,2,2,4,8.91905180393029,7.533158807455563,3.332204510175204,2.0476928433652555,2.169053700369523,5.62668809129706,1.0,276.74074074074076
C1761,2,69,10,12.038931284331248,7.620575146905766,6.259581464064923,1.9863878502342436,1.6588016355524364,5.784337871395056,0.9872927315785851,324.1666666666667
C1763,3,57,11,12.222398648128946,8.018030632208186,6.48768401848461,2.3787166027677986,1.804120566051629,5.73945464620581,0.9446436671655767,309.8948170731707
C17640,5,220,21,12.205692573311877,6.760109973706435,7.042286171939743,1.7794716384343618,1.6383269222862373,5.169976827557599,1.3609961281470615,174.91076115485563
C17644,3,75,19,12.052565924983291,6.081038900648313,7.346010209913293,1.5976640369820088,3.9384394463354395,4.716184796829572,0.8227856417140497,110.7411233053583
C1767,1,1,9,10.723025063923394,4.946312817995343,6.881411303642535,1.3847547149342978,4.099765738491934,3.863829785354288,0.0,46.64748201438849
C177,1,1,1,8.453401058328458,8.453401058328458,3.332204510175204,3.332204510175204,2.772588722239781,5.163091417279933,0.0,173.7037037037037
C1770,5,79,17,13.236482821407819,7.462503873089027,7.247792581767846,1.6790103260989648,1.0166699171817772,5.9919024853870475,1.0886332105573968,399.1752136752137
C17728,3,260,10,11.980695351268734,6.4139844103828345,7.424165281042028,2.000551159645899,0.0038095284166676977,4.567558207976989,1.0714243071858431,95.30865671641791
C17730,3,266,10,12.013852256556971,6.417059026511312,7.448333860897476,1.995455885606743,0.00738010729762256,4.576439711916697,1.068769332362284,96.16783216783217
C17731,13,145,23,13.832163131005816,8.569661753455348,8.252706676567644,3.0388314660358433,2.426680918624805,5.583482591830977,3.1703133312233613,264.9963513161324
C17733,2,53,2,10.544051132937742,6.5564626497623655,5.8522024797744745,2.004977380742295,0.36772478012531734,4.70380206317228,0.9357110512652843,109.36599423631124
C17735,1,55,9,16.72783622226671,11.186586481705943,12.190207456340591,6.65023338891936,3.7355197833664704,4.548275657455655,0.0,93.46937023433968
C17743,2,132,6,12.6410997921206,7.75117775576568,7.642524134232902,2.8135610813945577,2.402668551551028,5.005773848281653,0.15556286259996746,148.2725527831094
C1776,10,254,33,13.770043416434293,8.017799329847234,8.234564993267135,2.562014652493943,1.7885798163106754,5.539678258615601,2.550977574308114,253.59607218683652
C178,6,337,33,13.789625409585675,7.6897630225937865,8.38091517312361,2.3777175241949795,2.164816677917321,5.413404837029074,1.6268133771162823,223.39431453461714
C17816,3,269,10,12.000738314427146,6.400275834027956,7.421775793644647,1.9693548279715694,0.007352974305258832,4.589761839413489,1.0674089575697947,97.47097546379413
C1784,3,2,8,11.129128889332778,8.29615037319281,4.736198448394496,2.0343211063993665,2.2293816889707507,6.403383709184065,1.0224207038483277,602.8849557522124
C1786,2,10,18,14.272892366102306,10.635329624831119,7.990238185720363,4.365108002557552,3.4632657492176646,6.284858419132973,0.9819407868640977,535.3883429345984
C1787,2,58,10,11.457719261973125,7.380794550238111,5.966146739123692,2.0272557885092657,2.7012474537794575,5.498231758323482,0.656540281386946,243.25964010282777
C17874,1,44,1,10.222704628596402,5.771441123130016,6.161207321695077,1.8718021769015913,2.9632331061610366,4.080614369410199,0.0,58.18181818181818
C1788,2,3,1,10.506299656914493,7.4158316725301345,5.087596335232384,2.1184436994831053,1.821612432377736,5.429263899560419,0.26676498780302604,226.98136645962734
C1790,4,5,8,12.480057589139562,10.400642659128945,7.513709247839705,5.438079308923196,1.890850371872286,4.973830873329662,2.0,143.5796943231441
C1792,1,1,7,10.021937032735671,7.457520511306456,4.127134385045092,1.739115735742633,1.65455834771457,5.913724514111875,0.0,369.08196721311475
C17926,1,9,1200,10.945864530585146,3.8501476017100584,7.1180162044653335,0.6931471805599453,0.0,3.8501476017100584,0.0,46.0
C1796,8,210,21,13.447994200561876,7.943016417189787,7.822444729489319,2.410746560370423,2.1576063145291724,5.6295454155009494,2.4351942824375543,277.5354709418838
C17965,3,44,2,12.498656434914647,8.714627249655958,8.485496104672983,4.710144263351894,0.04445176257083384,4.0312742082167405,1.522160078446185,55.33264505471815
C1799,2,67,10,11.661052323677016,7.427532025993094,6.0844994130751715,1.9944044989939238,3.0271185873746616,5.582594676766782,0.828055725379504,264.76027397260276
C18,1,9,1,8.993551586299981,3.8501476017100584,5.170483995038151,0.6931471805599453,0.0,3.8501476017100584,0.0,46.0
C180,4,5,1,9.749753452594087,8.140548749116267,4.0943445622221,2.5494451709255714,2.2192034840549946,5.675592227041847,1.9219280948873625,290.66101694915255
C1800,2,6,3,9.472242991440476,6.908216710967561,4.330733340286331,1.9123874570166697,1.4781019103730135,5.16043365918465,0.8904916402194913,173.24
C18007,3,42,2,13.18769033764209,9.450097530821278,9.207335862955883,5.473770149136115,0.06899287148695145,3.9989578087835786,1.530618994848517,53.54127796168121
C1801,1,9,1,8.993551586299981,3.8501476017100584,5.170483995038151,0.6931471805599453,0.0,3.8501476017100584,0.0,46.0
C1804,8,324,29,14.756943752450617,8.770646592328154,9.857024678125788,3.8911534775375864,2.0642513761858607,4.90739027162394,1.7676377917190689,134.28589387669584
C18044,3,278,10,12.093010324744991,6.456222010432517,7.455298485683291,1.9670376954811886,0.0,4.6479125576255225,1.0537070026870874,103.36689814814815
C18057,6,540,13,12.722032068767703,6.411937464680051,8.115819701211327,1.9562274961857948,0.3202669682427155,4.616445294513795,1.1494905231215318,100.13389121338912
C18062,1,1,1,7.923348211930154,5.979608830731612,4.110873864173311,2.2587824703356527,3.607049435866304,3.8501476017100584,0.0,46.0
C18079,3,259,10,11.983909863104884,6.413390389087018,7.403061091090091,1.979032835118385,0.011342276603934524,4.5916400406038305,1.0700150310756595,97.65609756097561
C18090,6,66,6,13.30063005762006,9.052250276162372,9.2237500588861,4.982039837212343,1.7725281073001675,4.093793459797697,1.9893818022227134,58.966942964278665
C18117,2,10,1,14.920439189804108,8.798097080640908,10.089178426799686,3.9854038962797014,4.1208540940319125,4.8392464478683115,0.05714385792985574,125.37408637873754
C1812,1,11,11,10.449641709355413,7.083156392931518,5.272999558563747,2.0398759414736447,0.0,5.187357008559216,0.0,177.99484536082474
C1813,1,9,1,8.993551586299981,3.8501476017100584,5.170483995038151,0.6931471805599453,0.0,3.8501476017100584,0.0,46.0
C1814,6,126,19,12.288905303823386,7.414306130057793,6.8679744089702925,2.1196526626319194,2.0062139804413834,5.426376129322069,2.022170202691643,226.32395833333334
C1815,2,63,10,11.687298851915008,7.483160467819505,6.180016653652572,2.1034058221185647,2.582024331214115,5.513386916886991,0.8395304981054318,246.9896265560166
C1818,3,90,10,12.029580067184662,7.476263740457346,6.447305862541213,2.032294763254134,1.9637943813117342,5.5876052917849135,1.4468918297125974,266.0952380952381
C18184,1,9,9,6.8679744089702925,4.679040034554547,2.833213344056216,1.0216512475319812,0.6359887667199967,4.110873864173311,0.0,60.0
C18189,3,262,10,11.994962649688738,6.424425223238567,7.422971251049421,1.9962252356587578,0.0037950709685516124,4.582861012875782,1.0700150310756595,96.79378362223551
C1821,1,1,1,11.350947565559865,9.559246886316366,5.583496308781699,3.8103593516516456,0.15415067982725827,5.774317133916518,0.0,320.92452830188677
C1822,2,520,8,11.238922735552674,4.976733742420574,7.368339686311381,1.3862943611198906,2.3110717068713647,3.8918202981106265,1.0,48.0
C1823,6,44,11,16.286079664641896,8.442838636671114,10.620082668958622,2.836990844805188,2.5879793404827254,5.669476964995416,2.5071908904494467,288.882875842532
C1825,4,31,1,11.731048434227567,5.43280183049679,7.046647277848756,1.1322288994670946,0.32806440989746666,4.694451777353539,0.9878705157659063,108.33885017421603
C18261,1,10,104,12.188911227168807,6.948120026123598,7.1929342212158,2.0834019428959327,1.087973890463054,5.003461391326389,0.0,147.9277652370203
C18263,1,10,107,12.206587512963186,6.950046194110067,7.210079628170788,2.0846363585569403,1.0846260466933697,5.003976089863139,0.0,148.00443786982248
C18266,4,2,9,17.77576843055586,14.220421017045005,12.346842775165893,8.791642379898969,3.3270894095084333,5.433308169823363,1.4021888184913098,227.90525168200634
C18309,1,4,1,9.265869681768663,7.879859075675505,4.23410650459726,2.8903717578961645,2.5257286443082556,5.052680070126156,0.0,155.44117647058823
C1834,3,22,1,11.666255808413585,5.745194669305641,6.302618975744905,0.8990303249411552,0.3022808718729336,5.370125842363766,0.4027129381194146,213.88990825688074
C18345,3,263,10,12.01416731069436,6.436035460945375,7.429520842786462,1.9953418735213386,0.007518832414027321,4.595383737192461,1.0671897973711897,98.02612826603325
C1835,2,21,1,12.065309452070398,6.170242745704333,6.784457062637643,1.2313420780432958,0.6278757902067215,5.287047989465321,0.02733106082381301,196.75877689694224
C1837,1,9,1,8.993551586299981,3.8501476017100584,5.170483995038151,0.6931471805599453,0.0,3.8501476017100584,0.0,46.0
C1839,2,65,10,12.087773226570878,7.839666234615723,6.3080984415095305,2.177993215408332,2.759105371902494,5.784571675111356,0.8980587934501658,324.242700729927
C184,2,57,10,11.312716884938515,7.252969976857173,5.860786223465865,1.9508241638577424,2.630399266872144,5.459038251961518,0.6631968402398287,233.87142857142857
C1840,1,3,3,16.444499730499412,11.933646717583697,9.936196726945832,5.429682953970289,4.070809704083752,6.509841148999685,0.0,670.7197057684863
C1841,2,57,10,11.252936377535196,7.210611119015082,5.849324779946859,1.955885294112133,2.7185215009695054,5.41096198225978,0.6292492238560347,222.84682080924856
C1843,9,276,27,13.564661735557841,7.611911764009594,8.118505067587098,2.2735975561207935,1.5707780809183403,5.450755701865227,2.459464505723622,231.93412816691506
C1845,10,405,28,14.023335780469901,7.76226886445145,8.572438665642215,2.405327681051008,1.9901722392845476,5.455368031396605,2.398055072748986,233.0109786106379
C1848,1,8,3,9.873698223725375,7.79461720016548,4.718498871295094,2.6996819514316934,1.6582280766035324,5.1698183353704685,0.0,174.88288288288288
C1849,1,9,1,8.993551586299981,3.8501476017100584,5.170483995038151,0.6931471805599453,0.0,3.8501476017100584,0.0,46.0
C185,11,173,34,13.1519920801154,7.631014506773643,7.700747794511798,2.286049124353946,2.7936160894318567,5.455974792313724,2.146605367261248,233.1530104119511
C1856,1,3,2,9.20391980417326,8.105508783494155,3.970291913552122,2.908720896564361,2.03688192726104,5.257795807661707,0.0,191.05769230769232
C1857,6,115,24,13.009275303148165,8.247361112101226,7.480428306074208,2.7816289327037533,2.3534081913866975,5.533369413400431,2.144467328022351,251.994920993228
C1859,2,69,10,11.89246403284567,7.616283561580385,6.298949246855942,2.1449561487904627,3.021778982492092,5.599056093885792,0.9182958340544894,269.17127071823205
C18590,2,256,9,11.936786983356543,6.393277159634572,7.370860166536716,1.9745149596369767,0.0,4.57688991117009,0.954434002924965,96.21158690176323
C1863,2,4,10,14.437209533743454,9.185038136430718,9.929009089766206,4.6859536582933945,4.132188304158167,4.519206134304971,0.17484673724763009,90.76272177812439
C1865,1,9,1,8.993551586299981,3.8501476017100584,5.170483995038151,0.6931471805599453,0.0,3.8501476017100584,0.0,46.0
C1866,2,65,10,11.970711006444715,7.722652220505237,6.206575926724928,2.088330489097082,2.750014400201242,5.769273824536538,0.8980587934501658,319.30505050505053
C1867,2,62,10,11.509238677112233,7.320236123199971,6.025865973825314,1.9820458553844897,2.529358412358834,5.489917775237581,0.7990485210442682,241.23728813559322
C1875,5,99,11,12.610617330178597,7.976228597143637,6.618738983517219,2.1116831403437386,2.5284434026170066,5.995703544502308,1.6717746831796967,400.69919786096256
C1878,2,64,10,12.204095692645952,7.900396254883228,6.416732282512326,2.2253537450580554,1.8293329497924788,5.7920501089598435,0.8941071841443881,326.68412438625205
C1879,2,1,4,8.16735198705607,6.781908569116162,3.1354942159291497,1.8718021769015913,0.22314355131420976,5.082250985607912,1.0,160.13636363636363
C188,2,64,10,11.564416739758366,7.375379184991898,6.018593214496234,1.9757631122049943,2.973517648820217,5.55213678480143,0.8453509366224364,256.7878048780488
C1882,1,9,1,9.070503426788383,3.8501476017100584,5.247024072160486,0.6931471805599453,0.0,3.8501476017100584,0.0,46.0
C1883,182,5,1073,21.229786285530494,13.640451653074388,14.03497374503885,6.4472232931417865,0.18046517283327942,7.195563529531179,6.965124990671711,1332.5015814107355
C1884,1,1,16,11.77324147935882,8.777655648594132,6.489204931325317,3.521938999358284,2.4849066497880004,5.290601219932907,0.0,197.4627092846271
C189,8,158,21,13.165271514415403,8.047595707227341,7.597897950521784,2.5598696882614558,1.9450543509714173,5.571684598771438,2.807798674249677,261.87656798795786
C1898,1,1,1,8.329899292995725,8.329899292995725,2.6390573296152584,2.6390573296152584,2.772588722239781,5.7678401109564215,0.0,318.84615384615387
C1899,2,25,1,11.53051977337118,6.166634423264775,6.240275845170769,1.2215739998029445,1.2420246102742354,5.29720346514015,0.3834641323087979,198.77734375
C19,7,390,22,13.902918689569715,7.924393882915873,8.328692583545568,2.440694597648115,1.728176890469351,5.578253027369209,1.9728702016341804,263.6089371980676
C1900,1,89,10,9.783464509936397,5.25603821770393,5.60947179518496,1.3672978604292356,2.2416243932043582,4.192824845623956,0.0,65.2095588235294
C1901,3,97,2,9.82547195555139,5.245734304139903,5.713732805509369,1.40649706843741,2.299519173372211,4.131185131443171,1.1233180066740758,61.25165562913907
C1903,1,9,1,11.687038423214295,5.640852721650031,7.4413203897176174,1.6132043952295774,3.5676041838304657,4.260511953178322,0.0,69.84624413145539
C1905,9,257,29,14.49769132663551,8.78081678405453,9.578242059529382,3.8819706603617443,1.920206687383251,4.926794097273003,2.768607555128921,136.93659144399834
C1906,3,60,11,12.164443033307853,8.05388187272015,6.104793232414985,2.1196075834051706,2.7145861720819955,6.064206533995986,0.8793939303559064,429.18120805369125
C19099,3,260,10,11.974777207691876,6.408075955167032,7.4067107301776405,1.985466348247135,0.00760459938521931,4.578985878141276,1.0714243071858431,96.41555285540704
C191,2,66,10,11.640456390748014,7.451373658118138,6.056784013228625,2.0088239744658827,3.0350986637415454,5.589751195169861,0.8230660790114691,266.66901408450707
C19131,3,260,10,11.972746173815944,6.4060482594325805,7.397561535524052,1.977573647448226,0.0,4.586036740012978,1.0714243071858431,97.10484365419988
C19141,2,256,9,11.937362790320085,6.393852007446383,7.359467638255621,1.9647056166753514,0.0,4.588743001964918,0.954434002924965,97.37070063694267
C1922,6,48,39,14.741315089782278,10.077917597120008,7.739359202689098,3.1206179085278616,2.0149030205422647,7.00330022691838,2.4550881446849235,1099.2582752613241
C1923,12,268,26,15.871335792004704,9.762145673829721,9.854822380554847,3.7688708784212213,1.8249076507719566,6.019000839073518,2.4822183209162163,410.1675678513308
C1925,2,8,3,13.707410738281135,11.510195074176831,8.405143687607614,6.209707219822481,2.3460702049337847,5.307456501973887,0.7642045065086203,200.83620496755427
C1935,2,63,10,11.951838243988004,7.762602493230128,6.329720905522696,2.249695629073673,2.477302050402781,5.627499061021547,0.7990485210442682,276.9660714285714
C19384,2,263,9,11.970419929838892,6.396133884128851,7.394493107219038,1.9683830049073718,0.003780722839906045,4.58677321236415,0.954434002924965,97.17712177121771
C194,11,197,24,13.970204804318191,6.974458370202299,9.180087328805161,2.2900642150020496,3.895119739080942,4.798495983898441,1.979289532722661,120.3278012576023
C1947,7,372,30,13.829603780327519,7.576286574777287,8.405814603432848,2.2617630984737906,1.2899740559260364,5.42841150796103,2.0978433914692713,226.7871198568873
C195,2,25,1,17.77154131958092,11.731294627483317,12.448532431360967,6.409920306958183,4.217369566644441,5.3278789685590136,0.23348971044772956,205.00057675331044
C1953,3,45,10,11.7471039073044,7.876274700958167,6.030685260261263,2.2665260431783434,2.8574276021768106,5.722095687158798,1.5156546557441943,304.544578313253
C1954,8,215,30,14.65094605215177,9.056350893529508,9.865941436462158,4.285046846235052,2.0420407328339403,4.793375052800152,2.4023121338882474,119.70807808119613
C1958,2,61,10,11.795152686739046,7.636744575021941,6.1903154058531475,2.1528517257932425,2.60615589342087,5.610546801396476,0.8112781244591328,272.29363449691994
C196,2,65,10,11.59373095857167,7.389646920191476,6.030685260261263,1.9732514946596342,2.9942386212972076,5.569263790459409,0.8602858652332408,261.2409638554217
C1962,3,56,5,15.421738925314482,10.228817988865645,10.089759629074432,4.9042042467760965,3.1088129122269557,5.33684324315107,1.4008892635491903,206.8555241968955
C1968,2,1,50,17.001376419780403,12.126184471081158,9.806536026459678,4.9384749250126125,3.6283025410830834,7.195645568970613,0.2682870428573906,1332.610985620627
C197,2,65,10,12.097841346447327,7.849730465903047,6.267200548541362,2.1417454250159906,2.7536607123542622,5.8354609158846795,0.8980587934501658,341.22243346007605
C1970,5,59,19,17.2705633805781,12.759706716764438,10.125710680390595,5.618448012536896,2.553899521274952,7.145681278099276,1.806807929360821,1267.6153106982704
C1971,5,106,25,14.037403727877377,7.657752869268134,8.339500903005945,2.0910267160150657,1.3535610338761357,5.701487529463624,0.9683611970878653,298.31230585424134
C1973,345,4,7656,15.55066969289114,6.368287022835316,11.154906761447997,2.1012480335949504,0.26596662211111477,4.408030969336611,8.058178463841752,81.10763178599528
C1987,6,135,19,12.937978894240203,7.790895580386519,7.406103381237015,2.357447591582718,1.800442591801516,5.536429183404131,2.4139902135233977,252.77021276595744
C1988,2,56,10,11.316922746420394,7.25717291778901,5.860786223465865,1.9508241638577424,2.629156258632547,5.463226294864815,0.6631968402398287,234.85714285714286
C1991,14,240,28,13.693257044596322,7.374914777429459,8.147288258706624,1.9770795290182661,2.2496783592587186,5.550151658389337,2.980233413724375,256.2765710975963
C1992,2,57,10,11.283386506567158,7.206578448123673,5.855071922202427,1.9312757415368755,2.607074283762208,5.435539855354607,0.6939659673342857,228.41666666666666
C19924,4,1995,18,12.740581592237245,5.108923146489227,8.234830280442056,1.0354543402057914,0.0014447389943740296,4.51699553829103,0.7857381084709356,90.560095516052
C1993,3,5,2,13.950744001278371,11.242706029269,8.364275084991524,5.659482215759621,3.7103147348340015,5.59044148158115,1.3995812306460644,266.8538461538462
C19944,3,262,10,11.991064660567817,6.4243368818975455,7.419380582918692,1.9964125091446323,0.0,4.582558939145815,1.0714243071858431,96.76424715056989
C19996,1,2,12,6.315358001522335,3.8501476017100584,2.5649493574615367,0.6931471805599453,0.0,3.8501476017100584,0.0,46.0
C2,1,9,1,9.440260907569415,3.970291913552122,5.493061443340548,0.6931471805599453,0.0,3.970291913552122,0.0,52.0
C200,11,337,30,14.121089030249854,8.286529475346828,8.620471540869739,2.8453512826317717,2.0576413064577475,5.504872344204416,2.365490267995026,244.887064766372
C2001,2,67,10,12.02026100547472,7.614029338467709,6.240275845170769,1.9801600720983918,1.6311516726578845,5.785008376310359,0.9788698505067782,324.384765625
C2005,2,42,10,11.986292182688965,8.074574352474242,6.049733455231958,2.247072383063787,2.149433913499871,5.941545199551593,0.9426831892554923,379.5224586288416
C2007,2,66,10,11.620568373985584,7.38707228781319,6.056784013228625,1.9704512579714308,2.9474854400146056,5.569938043995001,0.868533960265235,261.4178403755869
C2008,3,45,11,12.428644033189974,8.42152694822887,6.22455842927536,2.3188162879226284,2.1041341542702074,6.2080788929672694,1.146749389223274,495.74603174603175
C20093,3,266,10,11.995110844491077,6.39834840140607,7.425953657077541,1.9761365252041057,0.00738010729762256,4.580054062990872,1.068769332362284,96.5196662693683
C20096,2,256,9,11.93640729286519,6.392898101915229,7.370230641807081,1.9739725131902608,0.0,4.577137565734087,0.954434002924965,96.2356647763075
C201,2,67,10,11.576463485774216,7.357584336769038,6.042632833682381,1.9708077006770406,2.9898325514268027,5.540133121222542,0.8739810481273579,253.71190476190475
C20101,3,890,49,20.805408354168296,13.280848833834003,15.263334307946016,7.739208357533009,3.306275685481657,5.545985014047576,1.4521179164237121,255.20682130946912
C2016,3,62,10,11.6344083145331,7.5078140034292895,6.16541785423142,2.158863709463773,2.762456923309374,5.475282498012208,0.8837342952634007,237.7178947368421
C2018,2,69,10,12.164568126476365,7.687684643602353,6.419994928147142,2.0751710725563837,1.5957077196221983,5.74938779060377,0.9940302114769566,312.9983686786297
C202,3,334,2,15.696237711586397,9.37915734227617,9.830217690608354,3.5423709782596613,3.314645367478779,5.8689036414940725,1.205887247786003,352.86080921123425
C2020,1,8,8,6.175867270105761,4.110873864173311,2.1972245773362196,0.6931471805599453,0.0,4.110873864173311,0.0,60.0
C2021,2,62,10,11.530971648661291,7.2689790163846935,6.144185634125646,2.0214542840294865,1.7751910428808222,5.393480908035507,0.9086185980409245,218.96774193548387
C2022,3,91,10,12.185186030931987,7.580521164850215,6.517671272912275,2.048982334195127,1.4973884086254776,5.672433263883304,1.4986885704510973,289.74112426035504
C2023,2,59,10,11.82199714010048,7.695310472985896,6.091309882077698,2.0934557850546476,2.6939730872113734,5.736177222739083,0.7706290693639406,308.8775510204082
C2026,4,12,74,19.74018842939464,13.385819922707826,12.852790996773818,6.499923023564058,3.8914298048416733,6.888420092149948,0.055337442114800656,979.8505389522642
C2027,2,58,10,11.88226586235976,7.6632211473482,6.113682179832232,2.032396177989782,1.7794288567705763,5.77390405111848,0.8739810481273579,320.7915742793792
C2029,1,3,3,16.92805512949458,12.312939061404357,10.87050942081664,6.257288167632223,4.232383109082382,6.059902034142091,0.0,427.3334727476664
C203,1,9,1,8.993551586299981,3.8501476017100584,5.170483995038151,0.6931471805599453,0.0,3.8501476017100584,0.0,46.0
C20312,2,255,9,11.944818264913671,6.401295112725786,7.373374309910049,1.976681807722067,0.0,4.5823489368822,0.954434002924965,96.74371859296483
C2035,3,11,1,11.459767274850359,6.257667587882639,6.192362489474872,1.3032710253082163,0.5859534838204581,5.274574610078524,0.25795002714933096,194.30737704918033
C20373,2,3,9,11.26793244300448,8.495535344263434,5.575949103146316,2.8586230595815842,2.05572501506252,5.699120165422514,0.5435644431995964,297.6045627376426
C2038,3,1,4,8.97941663334301,5.517578390598022,4.3694478524670215,1.2347444629926896,1.8669828904656425,4.632361238354061,0.998689844084022,101.75641025641026
C2039,4,3,3,19.777094055164508,16.250733615550732,13.520786414901192,9.994470200248,3.684457928856059,6.258225456108401,1.320103216680235,521.2912884565806
C204,1,27,1,10.092081066090932,3.8501476017100584,6.26530121273771,0.6931471805599453,0.0,3.8501476017100584,0.0,46.0
C2040,3,12,3,11.517534825527127,8.47321144823911,6.278521424165844,3.270835563798912,1.0330150061822965,5.246162997149223,1.509968612636817,188.83646616541353
C20404,2,17,9,10.502351525774941,4.987707789452551,6.20455776256869,1.0905801169708453,0.007968169649176874,4.313268697993602,0.2043246709802796,73.6842105263158
C2044,10,261,32,13.410977015813774,7.809262735987771,7.894318063841624,2.3881193648406622,1.7855904182013398,5.521040090796557,2.1597461013928556,248.8948153674002
C2047,1,18,1,9.766693701018134,3.8531825054052127,5.937536205082426,0.6931471805599453,0.0,3.8531825054052127,0.0,46.142857142857146
C20473,4,281,11,12.12717553141369,5.513806025339874,7.653969180478774,1.3397743454849977,0.0,4.485015982700604,1.3138215500958759,87.67836812144212
C2048,2,5,1,10.187726203210149,6.692422056578081,4.852030263919617,1.5786662537673468,1.363304842895192,5.348269210411917,0.32984607020714635,209.24409448818898
C2049,9,275,27,14.479240256296531,8.692510212276384,9.604677122296504,3.8394523125933104,2.3928631123331923,4.882238932285893,1.6838669972666631,130.92570619564484
C205,8,262,30,13.729165867780509,8.14220715576401,8.133587417660966,2.621515387419418,2.0456368469948836,5.599577203670825,2.5023480910990887,269.3120963006459
C20510,4,1069,18,13.389174662279807,5.876093712709321,9.221478116386638,1.8724300941208747,2.7850650053179007,4.183161608090246,0.7593141461170975,64.57284145979627
C20512,4,35,6,12.012876170583915,7.438747320747404,7.443663683115591,2.9236048922635987,3.6217258327316446,4.580098549586637,1.26376665921089,96.52400468384074
C2053,7,131,26,14.254468467554474,9.095524696589747,9.465989834846651,4.320242936215155,2.1720050060041034,4.796845448963648,2.1571326001241737,120.12771065675341
C2056,6,87,20,12.223485163888297,5.903648211004525,7.531552381407289,1.4697836841857537,3.5933942141041646,4.701586261497864,1.5187571943488034,109.12171581769437
C2057,1,1,1,10.760898389671993,10.760898389671993,5.517452896464707,5.517452896464707,3.9512437185814275,5.252695564909668,0.0,190.08064516129033
C2058,1,1,3,8.784162222270476,5.3873960496315805,4.04305126783455,1.0531499145913523,1.5755363607584192,4.767197923442232,0.0,116.58928571428571
C20593,1,1,4,5.220355825078324,3.8501476017100584,1.6094379124341003,0.6931471805599453,0.0,3.8501476017100584,0.0,46.0
C206,1,1,1,8.37516869138682,8.37516869138682,2.772588722239781,2.772588722239781,2.9444389791664403,5.670340587433569,0.0,289.1333333333333
C20671,3,21,5,10.884816680589505,6.915498805251733,5.501258210544727,1.7234402252505778,1.2391942392892992,5.392192090348675,1.4556831394572687,218.6844262295082
C2069,4,4,7,9.082961442646353,5.62074048195407,4.51085950651685,1.33828514193353,1.4971087274601806,4.593210059069375,1.8741276169985202,97.81111111111112
C20690,1,8,8,6.175867270105761,4.110873864173311,2.1972245773362196,0.6931471805599453,0.0,4.110873864173311,0.0,60.0
C207,4,5,1,9.648788832566362,7.251538388265961,4.143134726391533,1.8925641683500207,1.8362112317988888,5.525581449059352,1.2776134368191157,250.03225806451613
C20809,4,78,6,12.415243025206761,8.046111512929748,7.373374309910049,3.0517296761283723,0.5432070332690305,5.04892947326607,1.615211485470083,154.85552763819095
C2086,2,44,1,14.805060673471306,8.584657101396475,9.381769487603714,3.202600963705221,3.3303567376361114,5.427777588254637,0.3018197232190564,226.64276687168254
C2089,2,16,1,10.533215585226419,5.33950172634529,5.645446897643238,0.9392300228204084,0.27377364240564894,4.898765591237889,0.12174954335844138,133.1241134751773
C2091,4,2,21,14.910206186523123,11.221339783340445,7.734121303328305,4.062165663857866,1.4929040961781488,7.177286310481077,1.514515037654265,1308.3502626970228
C2095,9,406,25,14.035660833896191,7.821453052042303,8.553525120663627,2.4308023907947995,2.154085084675602,5.486478801744121,2.090288119922272,240.4056712962963
C20979,3,264,10,11.99367737394996,6.415578577418182,7.404279118037268,1.9735567796141968,0.0,4.6001025560081805,1.0671897973711897,98.49451887941535
C2098,3,19,8,11.996542263135384,7.822549507037435,7.037905963447182,2.9181864460790417,1.73640937414489,4.966500358360909,1.5405214936985034,142.5237258347979
C21060,1,1,9,11.459725090102248,5.505363047378898,7.568379267836522,1.791759469228055,4.1110856433307985,3.9120540126993535,0.0,49.0015503875969
C2107,3,90,10,12.287191696814967,7.702671328871667,6.5722825426940075,2.114532861491106,2.0390977491293216,5.7195905724868785,1.4656521842896881,303.78011204481794
C21072,1,9,9,10.572879805741458,6.042632833682381,6.144185634125646,1.791759469228055,1.6094379124341003,4.442651256490317,0.0,84.0
C2109,589,42,11648,19.285678551965216,9.473670670447426,13.32811007722169,3.545308081862845,2.101152588774808,5.960152948708232,8.34768158218166,386.66941323955587
C211,2,2,1,8.774931387494947,8.08193875449732,3.1780538303479458,2.5257286443082556,3.1986731175506815,5.642831712705332,1.0,281.2608695652174
C21138,1,8,3,10.598907149201738,8.296546520300614,5.5053315359323625,3.2386784521643803,2.322387720290225,5.1037166468263475,0.0,163.6326530612245
C2117,2,32,10,10.663101082278448,6.143438947512645,5.62040086571715,1.38357327100553,0.12260232209233235,5.052719037730751,0.6904285855304169,155.44727272727272
C2126,3,13,4,10.469937080050116,7.3794903629401105,5.231108616854587,2.2464956263430023,1.3034067013141228,5.24942639084568,1.4949188482339508,189.45698924731184
C2127,5,88,25,13.838810982398083,7.4884839358285555,8.089789175789319,1.9005173486658156,1.7404355568156709,5.752507391785221,0.8853027915313988,313.97944785276076
C2128,6,162,29,12.994825416801799,7.442449579853925,7.623153068476902,2.1885740043602104,1.5379502371583662,5.376792535873111,1.8515045658023064,215.32729941291586
C21296,3,24,2,9.85398213263229,6.67713593678043,5.0238805208462765,1.9867321435755685,0.0,4.844552040452371,1.4505820084462417,126.04635761589404
C21304,3,20,2,11.796938314047624,8.80134905409146,7.784057002639929,4.796203683384068,0.0,4.03120263122741,1.4406454496153465,55.328613077884214
C2131,8,163,27,14.976021950069631,9.50382553188123,10.247821660640062,4.783913921434162,1.9380764241495496,4.73703860911843,2.258520236547154,113.09581856839121
C214,10,94,24,11.932023882409363,7.050083096642474,6.862757913051401,2.1083749645348386,2.416319540124429,5.076566823604585,2.489073521946515,159.22303664921466
C2144,1,24,7,14.197332352774962,10.865146273080498,9.038958755220563,5.709953868560743,1.3951833085371366,5.164225513000991,0.0,173.90194681861348
C21441,1,1,2,8.64241515616962,7.949444420250626,4.532599493153256,3.8501476017100584,0.4054651081081644,4.136556894123081,0.0,61.58695652173913
C2146,2,57,10,11.299794123782744,7.222974199763314,5.863631175598097,1.9386197157926341,2.692104532946783,5.443329961873305,0.6939659673342857,230.2108262108262
C2148,3,43,11,12.060850322373105,8.109901415966666,5.87493073085203,2.0575694668611675,1.9836504770381602,6.1907770863784295,1.141619525334138,487.22535211267603
C21485,1,2,2,4.795790545596741,4.110873864173311,1.0986122886681098,0.6931471805599453,0.0,4.110873864173311,0.0,60.0
C215,2,73,10,11.846414685390751,7.542872441800446,6.210600077024653,2.0433241164518403,2.7768028034866123,5.6413718020597825,0.821812730503485,280.84909456740445
C2150,6,7,40,19.611833452907128,15.874163959210776,12.411097031730241,8.673594398131508,2.0644487570936945,7.201486246312037,2.243158791671846,1340.4229685145208
C21578,4,280,11,12.742644960296984,7.105108604873185,7.960672608388117,2.415532414284477,0.9655891552667267,4.790660074915474,1.3215986714627996,119.38080279232112
C2159,1,166,10,15.106293794091707,9.988345639806674,10.190807059268902,5.079021194986673,2.2280163974965372,4.922829101706505,0.0,136.390756302521
C216,7,178,26,12.93275614440955,7.702097090688691,7.242082359256962,2.1359684430264254,1.7997488592615338,5.694756668542808,1.7856227178438977,296.30444126074497
C21605,2,10,1,9.122273893107732,6.8206711720750235,4.1588830833596715,1.9878743481543455,0.0,4.9858871244070615,0.8812908992306927,145.33333333333334
C2161,1,9,1,9.070503426788383,3.8501476017100584,5.247024072160486,0.6931471805599453,0.0,3.8501476017100584,0.0,46.0
C2162,5,5,62,14.59231712887844,10.358241895104447,8.310414994188292,4.092894235644454,2.3561945435994267,6.284015283413442,2.1279669005109367,534.9362853628536
C21632,3,29,2,11.520516579416041,8.15349859336245,7.447751280047908,4.096640774482451,0.06669137449867223,4.090215544202562,1.518850916195339,58.75276967930029
C217,2,43,10,11.585478657651937,7.735758771944977,5.916202062607435,2.182938620088743,2.7249282388895617,5.675401537018268,0.9034535552068337,290.6054054054054
C21700,2,52,2,10.497835975273388,6.547998668505996,5.7745515455444085,1.9703347010623882,0.01904819497069448,4.73518684217844,0.930586129131993,112.88473520249221
C2172,4,2,53,13.29350601560685,9.182733270484453,6.456769655572163,2.4359115465872128,0.35503425448127246,6.839377110709735,1.8616602097548314,932.9072327044025
C2174,98,12,774,14.067570375040582,6.785252330834038,9.317039990635239,2.1564947895945,2.4170047253880007,4.759228662527839,6.274897261575018,115.65591011235955
C21756,2,202,9,11.853873385046603,6.5421027891503085,7.143617602704121,1.9784502301326734,0.014670189747793747,4.7199940826664335,0.9098659307652252,111.16758893280632
C21763,1,8,8,6.175867270105761,4.110873864173311,2.1972245773362196,0.6931471805599453,0.0,4.110873864173311,0.0,60.0
C218,2,18,1,9.725854985228304,3.8501476017100584,5.8998973535824915,0.6931471805599453,0.0,3.8501476017100584,0.9989326546260582,46.0
C2183,8,150,25,14.79916120210624,9.552207802764103,10.068917241659864,4.829870419780022,2.0120920559366144,4.739071207710525,2.5187426418575045,113.32796541933297
C21836,4,28,5,12.60656876195525,9.11016839275495,8.587278798982926,5.096720316225755,1.8833897920739793,4.037276101990285,1.848040489957519,55.671764267064525
C21851,2,1,1,7.834788107388194,5.068117729509618,3.4657359027997265,1.0775588794702773,1.749199854809259,4.41260277080604,0.8960382325345574,81.48387096774194
C21852,1,1,1,15.189607076968642,13.803313475052867,8.236420527265391,6.850920342229599,4.193435464866331,6.954406038628359,0.0,1046.7560264900662
C2186,3,1,16,13.480053206173187,10.707485462411586,6.248042874508429,3.5040547671018634,1.33828514193353,7.23466645006188,1.561278124459133,1385.6782945736434
C2188,3,1023,12,11.70151069726015,4.739553328446771,7.013915474810528,0.7145135298323078,0.0,4.697645158176907,0.12752587310047414,108.6885688568857
C2189,3,60,10,11.413613287846605,7.151706199839234,5.983936280687191,1.8836493806275818,1.7436732825604173,5.4365520123253335,1.0775531058718104,228.6489898989899
C21893,3,262,10,11.981984898603546,6.4114685715049085,7.412160334945205,1.986884223265619,0.0037950709685516124,4.580722709512549,1.0700150310756595,96.58489425981873
C219,1,9,1,8.993551586299981,3.8501476017100584,5.170483995038151,0.6931471805599453,0.0,3.8501476017100584,0.0,46.0
C21926,3,135,10,11.549652687342256,6.6456687537193195,6.733401891837359,1.9761365252041057,0.00738010729762256,4.825487339171444,1.003843706697296,123.6471990464839
C2193,4,2,7,14.618020982565577,11.727656844080714,7.368339686311381,4.48863636973214,2.658704326999055,7.251021662967387,1.836591668108979,1408.544191919192
C21977,3,261,10,11.985793737205466,6.4190744957277195,7.421775793644647,1.998483975447234,0.0,4.574970065039735,1.0714243071858431,96.02513464991023
C2198,1,4,9,10.82091763510371,7.158114835563717,5.583496308781699,2.053466055276575,3.913048120843391,5.2464479380046285,0.0,188.89056603773585
C21986,1,8,8,6.293419278846481,4.22683374526818,2.302585092994046,0.7537718023763802,0.11778303565638346,4.110873864173311,0.0,60.0
C2202,3,94,10,11.977514461514465,7.413763065586491,6.536691597591305,2.101335526314572,2.317063112174699,5.446587217758273,1.4420026955568543,230.96516690856313
C2203,1,8,1,11.967517188578235,6.803834995533089,5.978885764901122,1.1790944602028168,0.2947995402206449,5.993657572141859,0.0,399.8781725888325
C22032,1,1,8,15.171374319437671,12.126857036192678,8.076826031298808,5.038497481447906,3.828641396489095,7.095687748364044,0.0,1205.7520198881293
C2204,2,70,10,11.875476113100662,7.585517593798067,6.163314804034641,2.01398936127359,3.0086620215624085,5.717554988526269,0.9136617865655932,303.1603375527426
C22069,1,23,62,17.36761774491708,11.17118766246977,11.99230376435879,5.798888967730012,4.040618611821446,5.379938897124279,0.0,216.00901514494817
C2209,1,18,1,9.767381419539136,3.853855679446117,5.937536205082426,0.6931471805599453,0.0,3.853855679446117,0.0,46.17460317460318
C22112,8,1210,21,13.303766178938561,5.288882999241506,8.813884558025606,1.1668229477701124,3.5914072874689564,4.501186460250548,2.0896726260804326,89.12399643175736
C22113,1,16,2,12.315034667969668,9.27060190267293,7.768956044538332,4.732851164934439,1.2595426554807467,4.557045339557772,0.0,94.3014799154334
C2217,1,8,8,7.050122520269059,4.976733742420574,3.2188758248682006,1.3862943611198906,2.1832383353614797,3.8918202981106265,0.0,48.0
C22192,2,51,2,10.49656574811856,6.546730227690675,5.771441123130016,1.9676501356917193,0.0,4.737020478855911,0.930586129131993,113.09375
C22193,1,6,2,9.710327470561179,6.453746130259807,5.117993812416755,1.9993988340062996,0.6131044728864088,4.608297819958323,0.0,99.3132530120482
C2225,6,59,27,15.802375081348677,9.467398028078772,9.51657428982249,3.2221329260978764,2.7017657196372378,6.287734974358557,0.6137167799285704,536.9335149462524
C22250,2,18,1,9.54809749706027,6.658937730899818,4.718498871295094,1.9694406464655074,0.0,4.846383721531407,0.9182958340544894,126.27927927927928
C2226,2,60,10,11.897371205854318,7.649345624738824,6.137727054086234,2.028148247292285,1.7941375916330224,5.764940016155245,0.8980587934501658,317.9199134199134
C22269,11,119,16,13.181235876915274,8.337286354633122,7.8547691834991324,3.0583003507042634,2.1433031605423993,5.331700351505632,1.907997739717413,205.78928987194413
C22271,1,2,4,5.220355825078324,3.8501476017100584,1.6094379124341003,0.6931471805599453,0.0,3.8501476017100584,0.0,46.0
C2229,7,210,23,13.390978831638785,7.873905024142237,7.804659297056102,2.3835541555277127,2.052474758777944,5.590466192373055,2.39895859178797,266.86046511627904
C2230,2,4,3,8.949884285777994,6.007778122599506,3.713572066704308,1.133098464739279,1.0445450673978338,5.266052405960761,0.9980008838722995,192.65
C22335,3,263,10,12.004721162829414,6.4266044670927265,7.409741954080923,1.9782651325445837,0.0037664827954768656,4.605624352977959,1.0671897973711897,99.04542701393095
C2236,2,58,10,11.290331762461454,7.196724023316517,5.869296913133774,1.929103030738932,2.6039234918933123,5.428251645752345,0.6873150928309273,226.75070821529744
C22372,1,8,8,6.580639137284949,4.51085950651685,2.5649493574615367,0.9162907318741551,0.4054651081081644,4.110873864173311,0.0,60.0
C22395,3,21,2,12.403672722373686,9.359232351083087,8.41803561988302,5.377920417147004,0.09097177820572669,4.00426000992367,1.4180260055608096,53.83123481334217
C22397,1,1,1,7.592870287844818,5.3996698608083245,2.8903717578961645,1.0608719606852626,0.8938178760220964,4.767689115485866,0.0,116.6470588235294
C22399,1,1,1,7.592870287844818,5.3996698608083245,2.8903717578961645,1.0608719606852626,1.0216512475319812,4.767689115485866,0.0,116.6470588235294
C2240,2,61,10,11.801527114481393,7.643115985433319,6.091309882077698,2.065675345915688,2.588703443469644,5.715773782746628,0.7855602922535473,302.6190476190476
C22400,1,1,1,7.8898337513942955,6.099945190102052,2.9444389791664403,1.3862943611198906,2.1400661634962708,5.005808850719326,0.0,148.27777777777777
C2242,10,1,29,18.37663150581225,15.009335968435197,11.094116725270446,7.727246446607324,1.5155060925998969,7.283217179668856,3.2457434950529693,1454.6636313885258
C22442,3,20,2,10.735766041881055,7.740446986979978,5.697093486505405,2.7631695003232895,2.2823823856765264,5.04845210416903,0.9917601481809736,154.78114478114477
C22443,2,1,2,7.829232537543592,6.73141579386573,1.9459101490553132,1.0986122886681098,0.0,6.039460745376237,0.9182958340544894,418.6666666666667
C22479,3,197,10,12.039663807196268,6.752559440372057,7.115582126184454,1.9757631122049943,0.024938948347252094,4.9321257375556025,0.8016431965902654,137.6739837398374
C22494,10,66,4,10.179147649760584,5.991956850149376,5.365976015021851,1.44155703979494,0.2762533766281582,4.825869437880945,2.21128318765328,123.69483568075117
C225,3,32,5,11.156350516031829,7.601488002364134,5.66988092298052,2.225395454302916,2.7545702167371027,5.4940292634015755,1.2431803979668357,242.23529411764707
C2250,3,261,10,11.957630516815996,6.390957659823711,7.381501894506707,1.9637436397806258,0.01515180502060222,4.586980836099082,1.0714243071858431,97.197507788162
C22523,4,73,6,12.841227829622571,8.459410465086737,7.709756864454165,3.3625431746806136,1.227445160511078,5.137804709629745,1.9854752972273346,169.34140870345448
C22529,111,1,116,10.080419612045645,5.314624359822735,4.77912349311153,0.6931471805599453,0.0,5.314624359822735,6.717305973053984,202.28813559322035
C2254,7,6,5,14.973978231485443,11.390470281810886,9.66751202240654,6.086206383617667,3.781028075799532,5.3114760573402044,2.413465295408466,201.6491294713517
C2255,9,321,25,13.454207779240852,7.441078012584785,8.018954683155718,2.131254261045073,1.9507882075087462,5.439930109772474,2.4426386654176464,229.42607836680935
C2257,2,12,6,10.490801883683998,6.685361446558473,5.111987788356544,1.5404450409471488,0.9555114450274363,5.389403762690805,0.7219280948873623,218.07272727272726
C22588,3,30,2,13.176908379256124,9.775765917207766,9.199582715323222,5.801312411198839,0.032789822822990866,3.9959853595718458,1.5058231002082845,53.37939749292357
C22594,2,9,3,10.150308567204695,6.85548685043638,5.147494476813453,1.992430164690206,2.4145901513705406,5.015263941579028,0.7642045065086203,149.69590643274853
C22610,2,14,1,6.799055862058796,4.174387269895637,2.70805020110221,0.6931471805599453,0.0,4.174387269895637,0.9852281360342515,64.0
C2263,1,9,1,9.310095205113175,4.08522016884826,5.313205979041787,0.7269605449257234,0.27971390280260405,4.0198557102313615,0.0,54.693069306930695
C2269,2,65,10,11.60599677674251,7.416934092955474,6.042632833682381,1.9965538818740682,3.0211637114457948,5.5695524253295,0.8453509366224364,261.31666666666666
C2270,4,3742,22,16.30441786112267,7.8854342010661576,11.390136168877607,3.020758353943607,1.2484053879475838,4.921607009154259,1.4154628886757075,136.222954637963
C22751,11,48,11,10.695529390070288,5.800696975171592,6.139884552226255,1.4940773134416907,3.685515593718995,4.56821041390029,2.0310986989139774,95.37149028077754
C2277,3,91,10,11.860853263937273,7.339707076883393,6.3784261836515865,2.000304221121112,2.403806620061428,5.488262848452651,1.4029342381953893,240.83673469387756
C228,1,9,1,8.993551586299981,3.8501476017100584,5.170483995038151,0.6931471805599453,0.0,3.8501476017100584,0.0,46.0
C22827,7,69,6,11.78583394331339,7.275659248462057,7.463936604468925,3.0033951462995603,2.4058555138367588,4.3356432105350144,2.2574705528674053,75.37406769936891
C2286,2,5,1,15.139011540964983,11.737821879122361,9.472396896788991,6.073428484959412,3.485334260868355,5.670144650125806,0.3533593350214213,289.0764909580608
C2290,3,46,10,11.679964164899665,7.851703471022981,6.037870919922137,2.31124315573716,3.000070675152589,5.648005037591467,1.4828180666853048,282.7248803827751
C2291,2,27,1,11.134589024250317,5.256479303544448,6.309918278226516,0.9279219901130145,0.4710476523090716,4.8344587523899625,0.1690288523347619,124.77049180327869
C2292,4,108,19,11.973894656304775,7.256095586130812,6.668228248417403,2.081671197007105,2.0580081210770884,5.311876425124435,1.8423709931771086,201.73027989821884
C2293,3,74,19,12.07842675644436,6.117049119469824,7.349230824613334,1.6084091057589938,3.916741930885842,4.738622746676629,0.8003668729380817,113.27670527670527
C22967,2,255,9,11.946504966968469,6.4029790291351425,7.37650812632622,1.9793837818057973,0.0,4.5809147038911044,0.954434002924965,96.60363180964308
C22976,4,271,18,12.738302554429835,5.930817012956294,8.17526610411206,1.5923130638306775,3.7766439469261224,4.573688528077221,1.1767461067132319,95.90087299352295
C2299,8,215,23,13.414510466815269,7.850378246663385,7.866338923046544,2.3968497943968177,2.0278457211971026,5.552439085408802,2.816139917404045,256.8657460682777
C230,3,4,1,9.974411890872826,8.36516026755998,4.23410650459726,2.681021528714291,1.7227665977411035,5.758019960068486,1.370950594454669,315.72058823529414
C2300,3,503,1,17.58248473905334,10.519463558582103,11.74753107518787,4.693670180464112,3.144130136244789,5.837880820051553,1.4589850744073738,342.0515817779184
C2301,11,258,28,15.135101122094541,9.277261231661852,10.014626341770095,4.172187048986035,1.9265400812530096,5.12647440825246,2.3514708305092937,167.42228187919463
C2303,3,59,11,12.17040919779922,7.9512485952265,6.148468295917647,2.0627590417198998,1.7819071727850435,6.026491625027092,1.0119209285947934,413.25910064239827
C2306,1,9,1,8.993551586299981,3.8501476017100584,5.170483995038151,0.6931471805599453,0.0,3.8501476017100584,0.0,46.0
C2307,1,2,2,8.826147399143558,8.133147050681373,3.4339872044851463,2.772588722239781,1.791759469228055,5.429199419435941,0.0,226.96666666666667
C23098,4,934,18,13.268254325082195,5.89637675636648,9.08839870117094,1.879345393777299,2.7268483697478527,4.195150035190233,0.8204076317345377,65.36368771890182
C231,788,16,4435,21.678506724607274,12.47227861170467,14.426087756648537,5.225248810142372,1.068957086559844,7.253127717964853,7.148174827801548,1411.5158976982264
C23138,4,58,6,11.793537604237645,7.666863859036982,7.671360923190644,3.5722550212116446,1.606206891852654,4.138707134639469,1.8838145905896033,61.72167832167832
C232,1,9,1,8.993551586299981,3.8501476017100584,5.170483995038151,0.6931471805599453,0.0,3.8501476017100584,0.0,46.0
C2320,2,4652,6,15.832940915431672,7.175881565086164,9.982437355514529,1.56036447617472,1.2610935690355027,5.85342381458871,0.16137209169484995,347.4252841696701
C2321,10,555,28,19.877029015791276,13.527891355331016,16.044039877442227,9.694962373270013,2.691243082785829,3.8544031380906163,1.6837638557473917,46.20043638957515
C23269,4,10,10,7.985824666418917,4.948084214676786,3.5553480614894135,0.9628107475090479,0.9628107475090479,4.470629881221488,1.5723516633085877,86.41176470588235
C2328,1,33,7,13.084568047908926,9.529290603194765,7.972810784121404,4.429114670772783,1.5686159179138452,5.118105307336625,0.0,166.01862068965517
C2329,3,68,11,12.577384446136888,8.314945980040248,6.4457198193855785,2.2884004580020894,3.039142465096617,6.135416909396783,1.0895830429620594,460.9316375198728
C233,2,59,10,11.285158743253763,7.191554824169693,5.8805329864007,1.9387416595767009,2.6683849447097785,5.411883618671824,0.7219280948873623,223.0532212885154
C23304,1,8,8,6.175867270105761,4.110873864173311,2.1972245773362196,0.6931471805599453,0.0,4.110873864173311,0.0,60.0
C23319,3,53,4,13.206682466771252,9.236486138994568,9.214730720277476,5.249602671228873,0.0550597771830274,4.010342962494485,1.5046309901396135,54.16578711540377
C23329,3,61,4,11.762703157521845,7.6522965685198026,7.619233416226805,3.537389166728609,0.016260520871780308,4.159688566827524,1.4916094114932357,63.05157170923379
C2335,2,5,3,9.42060129745938,7.629246932551225,4.174387269895637,2.456735772821304,1.2992829841302609,5.266810574455658,0.9182958340544894,192.796875
C23375,3,45,2,11.820630728627476,8.014291644616597,7.597396320212795,3.812570926456486,0.04348511193973883,4.238266688330566,1.3673810183899575,68.28765060240964
C23382,1,9,1,13.346749356585295,7.3659661614714205,8.482808764554406,2.5799872348260773,4.106559220904979,4.871834794149073,0.0,129.56024844720497
C23388,1,1,1,6.675823221634848,6.675823221634848,1.0986122886681098,1.0986122886681098,0.6931471805599453,5.983936280687191,0.0,396.0
C23392,1,9,9,6.293419278846481,4.110873864173311,2.302585092994046,0.6931471805599453,0.0,4.110873864173311,0.0,60.0
C23396,3,139,10,11.582274273104215,6.649087053437763,6.771935555839602,1.9842212858897796,0.03533936644530886,4.819578447803843,0.9998475031465504,122.91284403669725
C2341,7,259,28,13.417440538659156,7.8268510283376855,7.732807530422021,2.2524694238652585,1.9664859211038896,5.688460369123954,1.3310011675303888,294.4384042086804
C2347,5,127,19,12.275206840363843,7.408274123759486,6.860663671448287,2.1199557965454083,2.069779630768099,5.420024138832889,1.9626854937034688,224.88457502623294
C2348,1,17,4,15.434184090461077,12.138352376639341,8.621373010325902,5.330210730323991,2.9808066233373154,6.81408990651893,0.0,909.58741888969
C235,3,19,1,10.254355669441074,4.367191102963102,6.068425588244111,0.7797018322618915,0.06110798604078194,4.203271795420721,1.0234628928127487,65.90487238979118
C23510,3,260,10,11.966717137738685,6.400029172445668,7.3987862754199485,1.97862961375543,0.0,4.578856388585151,1.0714243071858431,96.40293937538273
C23559,3,262,10,11.966056295776589,6.399369424648387,7.397561535524052,1.977573647448226,0.0038095284166676977,4.57941523739953,1.0714243071858431,96.45738810545677
C23575,1,8,8,6.175867270105761,4.110873864173311,2.1972245773362196,0.6931471805599453,0.0,4.110873864173311,0.0,60.0
C23594,3,7,3,11.733698208138435,8.26821086310361,7.115582126184454,3.674717140301432,3.4879483080708105,4.628735850108347,1.2747900666170138,101.38455284552846
C236,3,70,10,11.849376272790417,7.559430996171717,6.29156913955832,2.126272841363935,2.7700169248514097,5.563496276144401,1.1600550843749555,259.73283858998144
C23608,1,3,1,13.734350392834319,10.90115440134097,9.098961783992793,6.267535351289872,3.302351547025523,4.645153819120138,0.0,103.07937395192845
C23640,4,272,18,12.438837760788346,6.0661318055187685,7.86480400332846,1.6927513759507937,3.523801887825837,4.584673426174202,1.4749683046024877,96.97118709181713
C2367,3,1,1,7.613818684808629,6.516193076042964,2.302585092994046,1.3862943611198906,1.3862943611198906,5.420534999272286,1.584962500721156,225.0
C23679,22,9,9,15.362333431515497,7.705028604797638,10.931534305156966,3.3109256605239277,3.2742796956210856,4.442651256490317,4.459310804202608,84.0
C23683,12,196,12,15.437031377179336,9.411247007981622,10.234983140444118,4.223831959601664,2.6517439389968276,5.207573914921404,2.929813094281046,181.65039483129937
C23684,4,316,28,12.187781375557922,6.402537623010443,7.647308832356238,2.0046254377840245,0.012195273093818277,4.5515517656153115,1.575588099261381,93.77936962750717
C23698,3,60,4,14.265221552379744,10.154385956221585,10.300349089170124,6.191490474394125,0.048009219186360606,3.983697593835114,1.5076213244090613,52.71528478246251
C23701,1,2,6,5.6240175061873385,3.8501476017100584,1.9459101490553132,0.6931471805599453,0.0,3.8501476017100584,0.0,46.0
C2372,2,26,1,15.286192252113155,8.725323789833482,9.52602664083756,3.015202039067951,3.048354246384852,5.7633837217360275,0.8073313266519867,317.4239661585588
C23724,2,252,9,11.970179411330465,6.426614865325485,7.4133673356952405,2.0112505249606905,0.0,4.5678436343257145,0.954434002924965,95.33614966807484
C23766,2,4,3,6.3473892096560105,4.966335035199676,2.1972245773362196,1.0986122886681098,0.0,4.2801323269925415,1.0,71.25
C23769,1,97,1,12.882317788014763,8.29759691251391,7.517520850603031,2.983928184736424,3.7957184680910023,5.370003002256217,0.0,213.86351277868405
C23773,1,9,1,11.98594329693928,5.953056900455718,7.45182223652793,1.6330796754911407,3.578923066643963,4.545368396284152,0.0,93.1951219512195
C23778,1,343,11,13.020988242887753,6.979284598421951,8.252706676567644,2.3139220117710435,0.5070179085514288,4.776996849643002,0.0,117.74719833203024
C23788,1,9,9,6.293419278846481,4.110873864173311,2.302585092994046,0.6931471805599453,0.0,4.110873864173311,0.0,60.0
C23794,4,55,4,12.779295436871813,8.668590670141306,7.638679823876112,3.5562843911458364,1.9736255489018601,5.146928604500603,1.703303868189808,170.90269749518305
C23804,4,128,8,12.113118188830073,7.103300132461089,7.837159650001675,2.883682769745368,2.0935087988912713,4.290145600219876,1.8380182740218538,71.97709320695103
C23814,1,8,8,6.293419278846481,4.22683374526818,2.302585092994046,0.7537718023763802,0.11778303565638346,4.110873864173311,0.0,60.0
C23835,1,18,2,10.53683164872532,7.592870287844818,5.860786223465865,2.966357664874087,2.2650471736749807,4.6881185582365354,0.0,107.64857142857143
C23836,2,263,9,11.97229146472719,6.398002312037297,7.410347097821024,1.9820458553844897,0.003780722839906045,4.572924605675885,0.954434002924965,95.82687651331719
C2385,3,74,11,12.567153867551722,8.197977777886226,6.432940092739179,2.1816324825763833,2.955042126881511,6.137980914592989,1.1017598761098233,462.11755233494364
C2387,3,260,10,11.958091939929945,6.391418312423028,7.382746449738912,1.964814303694466,0.0038095284166676977,4.586204918027375,1.0714243071858431,97.12134411947729
C23884,1,8,8,6.175867270105761,4.110873864173311,2.1972245773362196,0.6931471805599453,0.0,4.110873864173311,0.0,60.0
C2389,3,56,13,11.922468912003596,7.605472003256453,6.240275845170769,2.057536706291786,1.7555564205640946,5.687531345816819,1.197477624140946,294.1640625
C23893,2,34,2,10.21990284381078,6.694744045454936,5.37989735354046,1.995100393246085,0.0,4.852428043591089,0.8739810481273579,127.05092592592592
C2390,2,17,2,15.324372490572701,11.686794513789502,10.479061050523804,6.842514757113736,3.6934741454922464,4.853173519031828,0.7424875695421236,127.14642033631404
C2393,9,207,24,15.245610298881614,9.716241270115319,10.186747361177321,4.666728078987525,2.0764609135416983,5.0652328141359915,2.267340264101628,157.41731957209583
C23933,1,10,10,6.428105272684596,4.04623598390207,2.4849066497880004,0.6931471805599453,0.0,4.04623598390207,0.0,56.18181818181818
C2394,3,59,10,11.890827511354582,7.642805012905439,6.124683390894205,2.0168059706883508,1.75539182505718,5.771447954827727,0.9982377078182595,320.00219298245617
C23957,4,130,11,12.982862201026762,7.9659272147915,7.065613363597717,2.168864467707401,1.5825906623979125,5.920787565996475,1.656808441541074,371.70512820512823
C23967,1,16,1,6.725033642166843,3.970291913552122,2.833213344056216,0.6931471805599453,0.0,3.970291913552122,0.0,52.0
C24,1,9,1,8.993551586299981,3.8501476017100584,5.170483995038151,0.6931471805599453,0.0,3.8501476017100584,0.0,46.0
C240,2,57,10,11.559026301852892,7.499127462246853,5.966146739123692,2.0421155840671497,2.7103464133625605,5.599145300104266,0.6226343162547098,269.19537275064266
C24025,2,255,9,11.957566413430033,6.414022323037165,7.396948602621014,1.9970360187138403,0.015504186535965254,4.571619746771415,0.954434002924965,95.70061349693252
C24051,1,10,2,8.658519127506672,6.35749558597074,4.23410650459726,2.0541237336955462,0.0,4.450578232343273,0.0,84.67647058823529
C24053,2,256,9,11.930641885006047,6.3871423319098595,7.359467638255621,1.9647056166753514,0.0,4.582090602975938,0.954434002924965,96.71847133757962
C24055,2,32,10,15.37462418005893,10.344218227162386,11.204986261951303,6.176614344664587,3.1972047865119935,4.184990710698491,0.9997226475394071,64.69289067283489
C24057,3,318,10,12.357655746231163,6.5155883138440425,7.670428522190693,1.9756900368277104,0.017241806434506055,4.696855256373578,1.186747774128249,108.60195986934204
C2408,2,13,3,11.850625518943696,8.672735759260641,6.842683282238422,3.6888794541139363,2.1051498983900427,5.015658270338296,0.9798687566511527,149.7553418803419
C24113,2,19,3,10.62772149362817,5.104356911215443,6.304448802421981,1.1526795099383853,0.003960401216096928,4.3382240120154885,0.24083474743116445,75.57142857142857
C2413,12,1142,35,15.151449605707484,8.039444438158245,10.234695959482242,3.165444098449806,3.429824703085412,4.924085210561267,2.4698381370583635,136.56344248168892
C24135,3,9,9,6.814542897259958,4.427564763456936,2.6390573296152584,0.7801585575495751,0.0,4.2626798770413155,1.0957952550009338,70.0
C24136,3,11,10,6.92461239604856,4.371393378372513,2.772588722239781,0.7672551527136672,0.0,4.23023428291475,0.9912642605354288,67.73333333333333
C2415,3,93,10,11.986086604031044,7.323301477187868,6.452048954437226,1.9418588268361348,0.09873484068568898,5.5395459975424055,0.9157026823899986,253.56240126382306
C24159,3,263,10,11.979680071854364,6.409167520635606,7.395107546562485,1.9721780758759235,0.0,4.595330912274551,1.0700150310756595,98.02089735709896
C242,14,236,27,13.537728650090854,7.1737433152085535,8.019941687677365,1.8297547529137301,1.2647391595420836,5.5221199112047445,2.2783866818433505,249.16480263157894
C2422,8,171,30,12.831722264641092,7.4899441683714265,7.333023014386481,2.118156053860526,2.0310400579452375,5.5034314722914015,2.323925864236766,244.53302812295618
C24222,1,5,1,7.909856667269403,6.301886106529253,3.4657359027997265,1.9740810260220096,0.0,4.4868224748034535,0.0,87.83870967741936
C2428,12,275,27,13.38119216867604,7.708316535304361,7.731053144007127,2.177559397638359,1.1088687888352988,5.654085883116949,2.7821355655740483,284.4554238032499
C24280,2,8,3,19.750191958457812,16.977603275909015,12.474850911625184,9.702319511195794,2.1400661634962708,7.276037027452267,0.3372900666170139,1444.2491783606959
C24300,1,1,16,6.725033642166843,3.970291913552122,2.833213344056216,0.6931471805599453,0.0,3.970291913552122,0.0,52.0
C24336,2,9,4,9.876681458115621,6.215069530407615,5.351858133476067,1.8538912503350613,0.8690378470236095,4.540250639888776,0.29181825659888583,92.71428571428571
C2434,5,175,21,13.533487111911775,8.307985682937481,7.917900586327916,2.757352266997691,2.2631062820202583,5.619582178475955,1.8240811408927133,274.77413479052825
C24340,3,23,9,11.455253978354481,8.31999279599381,5.214935757608986,2.192381952860431,1.791759469228055,6.247694017013177,1.1211774609034908,515.8196721311475
C2436,10,308,43,16.86731290889043,10.846308988819782,12.966548981034565,6.946485767439286,2.3439506290892,3.920790788775505,2.965839775229237,49.44031664711189
C24376,3,271,10,12.016502883850203,6.416014517805786,7.4377951216719325,1.9831622577594246,0.007352974305258832,4.589500349690559,1.0674089575697947,97.4452296819788
C2438,2,58,10,11.614786865860147,7.520975023002351,6.061456918928017,2.0959708436310462,2.624668592163159,5.5595127238105455,0.7219280948873623,258.696261682243
C244,7,154,20,13.094363000187439,8.007097753674431,7.530479995245536,2.5257286443082556,1.9625261850366749,5.568242061748308,2.341026311162166,260.97316156736446
C24436,1,73,11,10.37477161168151,5.982816146153941,6.1463292576688975,1.9099996477495425,0.0,4.244994332537475,0.0,68.75536480686695
C24448,4,41,10,12.063638887031031,6.021057858485824,7.651595573857601,1.7889910276734484,3.0745346936136744,4.424564702260451,1.4522307301364823,82.47646219686163
C24449,4,39,10,12.891684002965713,6.375714065609226,8.51057131510735,2.120499845056865,3.8999564043576735,4.393742869701869,1.3117329700582945,79.94281111558598
C24450,5,16,11,13.33911373574221,6.681073423965826,8.963160242833732,2.3989436740825876,4.004882632632072,4.38857608391384,1.1479751205884847,79.52567550262518
C24451,2,1,1,11.997577530086367,6.203537931059663,7.557472901614746,1.9195117837548366,2.7682098480367943,4.452340472381118,0.9999933357172313,84.82758620689656
C24454,2,1,1,11.373467976244354,5.862874841262282,6.856461984594587,1.5741449593929908,2.2900063107871858,4.528898896381268,0.9998123364204978,91.65648050579557
C24464,4,20,4,12.704517948407211,9.40876005095218,6.208590026096629,2.9637445980605936,2.9864298808916776,6.49944439161154,1.6825003405631098,663.7721774193549
C24466,3,271,10,12.032201285049018,6.431687543697818,7.480428306074208,2.020055773937921,0.007352974305258832,4.56281861745005,1.0674089575697947,94.85327313769751
C24474,11,90,12,10.766567363077213,6.1535539289178125,6.240275845170769,1.803244419094952,1.4851984351788048,4.538963607749823,3.1635614937090706,92.59375
C24495,3,22,5,10.729766045699256,6.924065977806452,6.059123195581797,2.350316495815236,0.9295359586241758,4.682261325348563,0.5048637698517882,107.01405152224824
C2451,3,69,11,12.627706334799921,8.245938776405776,6.456769655572163,2.191653532286764,2.408070600840023,6.174588323966079,1.0969002046330523,479.3852201257862
C2454,3,263,10,11.9791030341741,6.4085914296473945,7.393263094763838,1.9705895131907858,0.0037950709685516124,4.596586654628935,1.0700150310756595,98.14532019704434
C24568,3,17,9,12.230867691898418,6.34928994322888,7.868636894184167,2.113668017349371,3.698236652867477,4.375273111658102,1.2182848308864238,78.46153846153847
C24595,2,264,9,11.990196373457565,6.415877788005259,7.443078374348516,2.010347204006404,0.0,4.55823331220198,0.954434002924965,94.41476274165203
C24596,2,191,9,11.738346421028478,6.482374412178678,7.074963197966044,1.9672580337401895,0.005194816877104004,4.673604052827524,0.9182958340544894,106.08298052497884
C2461,7,214,23,13.581726850422072,8.17483550804555,7.99260665240021,2.6577791202890255,2.1275908855774186,5.593187035076541,1.8715502778227309,267.59026369168356
C2462,6,94,21,12.202561488626833,7.618080597457554,6.733401891837359,2.25771580356785,2.3267798215811024,5.474546704557552,2.1330086413779066,237.54231227651965
C24626,4,18,4,13.094103810790536,8.803792486094862,7.971776122880628,3.7058577906483543,2.498512301843779,5.128613148345699,1.6978054851920865,167.7828788401795
C2464,11,347,31,15.060267276085403,9.022516737501538,10.157470639001309,4.135681937037605,2.078546152872067,4.910233202661493,2.475460649594658,134.67104956946707
C2465,3,94,10,12.107505668113149,7.5541473285504415,6.580639137284949,2.1493112216403216,2.318251209738445,5.5322140067269965,1.4468918297125974,251.70277777777778
C24656,1,40,1,7.560601162768557,3.8918202981106265,3.713572066704308,0.6931471805599453,0.0,3.8918202981106265,0.0,48.0
C2466,2,57,10,11.262885937942958,7.186092981017432,5.840641657373398,1.9189146447133016,2.60832350316264,5.429537416607739,0.6939659673342857,227.04373177842567
C247,10,3589,26,16.48567403575298,8.240028613258536,10.785331756675916,2.6153563927430086,2.64081713536756,5.703702081135048,1.2875828093808823,298.9758829130957
C2470,3,46,10,11.751304366687208,7.880473602154935,6.042632833682381,2.277267285009756,2.988413892746311,5.714345536186282,1.0520440502629658,302.1857142857143
C2471,2,57,10,11.259554638035922,7.199845723714828,5.84354441703136,1.9360090780726018,2.696489378701134,5.423322323256648,0.6631968402398287,225.63081395348837
C2475,10,782,43,15.046607066162494,8.317027054690971,10.066753702794923,3.3718173766572566,1.6642971233367678,4.986746797654613,2.4799864697709073,145.45918627367706
C2479,2,65,10,12.074459412061556,7.885175318131818,6.249975242259483,2.1785324443240666,3.025585236703672,5.829355136658566,0.8453509366224364,339.1392649903288
C24806,3,261,10,11.980294376393207,6.413584090121284,7.421775793644647,1.998483975447234,0.011385322225125354,4.569527504493008,1.0714243071858431,95.4985038898863
C24808,3,36,4,11.60341495297969,8.020215682801966,7.463363045520021,3.8997254776177397,0.08004270767353643,4.156404411232974,1.389640911570547,62.84156142365097
C2485,1,9,1,10.126070946991774,7.823845990853625,4.290459441148391,2.1041341542702074,3.893859034800475,5.852242389578323,0.0,347.0138888888889
C24853,2,26,2,9.961331842220567,6.704414354964107,5.170483995038151,2.0452083700375936,0.4554755286828257,4.804723374154611,0.930586129131993,121.08571428571429
C24854,3,48,3,11.745171463032973,7.874342975739065,7.618251097876695,3.769883238267023,0.020619287202735682,4.143400021846393,1.4505820084462417,62.01671583087512
C2486,3,90,10,12.229628026351703,7.634986654470129,6.535241271013659,2.0731083982828133,1.542607203951644,5.699188605645974,1.4760290202047932,297.625
C24873,3,78,5,11.774581786597619,7.4057341788637725,7.555905093611346,3.2264420652515167,0.03727139479723162,4.233795518046818,1.440851516978724,67.97854526425955
C2493,10,366,36,14.964962021256495,8.855856676292111,10.112451040276504,4.021256013299846,2.3710741338759673,4.860329339176197,2.5868115705359305,128.0667018298373
C24954,5,1729,18,13.90767306175744,5.834087204592973,9.78425346461243,1.8742851080344172,2.825690510831266,4.139533549699866,1.4126947455818217,61.773533885414906
C2496,3,73,10,11.997651436729992,7.591430916490764,6.376726947898627,2.0990648128639755,1.6709229960847813,5.626229094578554,1.5397635896673323,276.61328790459964
C25,9,156,23,13.191299713959879,8.128997721228048,7.663407664893479,2.6719638113277893,2.0928012688697675,5.532324625846453,2.437200749936604,251.73073308270676
C25019,3,267,10,12.025239979787639,6.43585133782422,7.419979923661835,1.9773922873256657,0.011131840368844221,4.615796974365942,1.0629374837904795,100.06834532374101
C25059,3,259,10,11.981271471117594,6.422209962497294,7.382746449738912,1.9714065125261948,0.022814677766171344,4.609151050825233,1.0331797170751937,99.39887990043559
C25072,3,10,1,13.573075873518437,9.909562651440773,8.182000136293405,4.529008825022528,2.655406467616788,5.395899597744136,1.414164756982828,219.5004195804196
C2511,5,60,22,12.688545089999122,6.92433494196543,6.897704943128636,1.4110634292322997,1.5044256468233248,5.79489536041579,1.2588171507390258,327.61779575328615
C25123,1,2,2,5.6240175061873385,4.9344739331306915,1.9459101490553132,1.3862943611198906,0.6931471805599453,3.8501476017100584,0.0,46.0
C25128,3,20,2,13.159940432799672,10.164244757143619,9.19309247856663,6.199291394310299,0.09531017980432487,3.9857019361992547,1.4406454496153465,52.823056573056576
C2514,6,267,31,14.35788194070405,8.574245103858617,9.245224773829685,3.4922092928418076,2.0859587202004084,5.118754604602261,2.200349649970239,166.1271006374348
C25146,3,266,10,12.031236999260013,6.44183880830102,7.428927194802272,1.9851103601122544,0.0,4.6128707043581665,1.0629374837904795,99.77302436125966
C25147,3,78,4,11.944636450273196,7.588427534324242,7.784473235736469,3.4593050124694362,0.025317807984289873,4.176051163790333,1.447974570539304,64.10824313072439
C2519,3,2,32,11.792093899031805,5.180325418696689,6.939253946041508,0.8664037096913579,0.06845796909388199,4.861570270134808,1.0634091321064625,128.22696411251212
C25192,2,57,10,11.318102085033306,7.2412691487909155,5.863631175598097,1.9386197157926341,2.613304833512844,5.461559681063416,0.6939659673342857,234.46438746438747
C2521,1,1,2,14.893644591150874,12.0604366907565,9.314249835366695,6.482477543527793,4.045113124235109,5.583251955303013,0.0,264.9350099152695
C25298,3,198,10,11.786404652263519,6.49963513422992,7.1180162044653335,1.9778617488619157,0.010050335853501442,4.678527673841404,1.063407345210738,106.61151662611516
C253,10,167,24,13.086006399843232,7.697386711166025,7.714677473800927,2.4184383123996915,1.8356816759514702,5.376408308127336,2.822362311661392,215.24419642857143
C2532,3,4,1,9.594718027753862,6.418228983247538,4.248495242049359,1.3545456628053103,0.43286408229627876,5.36523078277978,0.4971501836369671,212.84057971014494
C2533,9,248,37,14.546628632517274,8.513742640791195,9.68178046900788,3.674325617710709,2.1558806418500738,4.872593026478747,2.3773198057320233,129.65928098864063
C25339,2,255,9,11.95322346869641,6.409686481468058,7.388946097618437,1.990119257964526,0.011650617219975274,4.575246382076606,0.954434002924965,96.05194805194805
C25343,3,22,4,12.459023511893383,9.240240863408141,7.557994958530806,4.351567427189173,2.4849066497880004,4.908954297959402,1.2597218324096136,134.4976501305483
C2535,2,62,10,11.573841808937502,7.415551318187763,6.182084906716632,2.145565719062309,2.6933594856922065,5.398350049883218,0.7578784625383954,220.04140786749483
C2536,2,3,1,9.25349564229011,8.15507488781144,3.4011973816621555,2.367123614131617,1.7346010553881064,5.8888779583328805,0.9182958340544894,360.0
C25374,1,20,146,11.454967908371335,5.885586364741996,6.5722825426940075,1.3123326198650183,3.4182875186490977,4.891611993831279,0.0,132.16806722689077
C2538,2,57,10,11.821527187674512,7.6323497393286015,6.089044875446846,2.03688192726104,1.8240604140163763,5.737971611238005,0.8453509366224364,309.4340909090909
C25440,3,261,10,11.966488434169277,6.399800847462118,7.385851078125209,1.9674859590372706,0.00760459938521931,4.591441136673037,1.0714243071858431,97.636476426799
C25466,1,9,9,6.293419278846481,4.110873864173311,2.302585092994046,0.6931471805599453,0.0,4.110873864173311,0.0,60.0
C2548,11,523,26,14.194794579587562,7.890719363136777,8.789964651132264,2.565371150086419,1.9995511685332146,5.40946557806533,2.282642235407593,222.51210598446778
C255,2,58,10,11.594201258234992,7.40514559732824,5.981414211254481,1.943743300970223,2.3176229703585864,5.618941353155478,0.8230660790114691,274.59746835443036
C2551,1,9,1,12.310932535896068,8.15233305428042,7.404887575616125,3.283609639434769,2.264363880173848,4.914018925831178,0.0,135.1856360316494
C25515,4,1014,18,13.335164024818654,5.8872799812376035,9.158625936289503,1.8744358130628318,2.7342392157627744,4.191875135643726,0.7840380261829488,65.14670879410215
C25525,1,1,9,8.40357646462927,3.8501476017100584,4.584967478670572,0.6931471805599453,0.0,3.8501476017100584,0.0,46.0
C25536,1,9,9,11.340273011369838,5.5882674347722014,7.146772179452637,1.6125974727244687,4.079627084872925,4.209245709388151,0.0,66.30575256107171
C2556,2,57,10,11.543241262172174,7.432949312124761,5.929589143389895,1.9667683791757231,2.4669874935477356,5.619936990027514,0.7473944462440388,274.872
C2557,5,106,19,12.70640237965286,7.979354048499438,7.21081845347222,2.5629050637342563,1.8350562749813792,5.500413169826858,1.9299253596190067,243.7930524759793
C2559,2,63,10,11.781340616609485,7.592182734818856,6.246106765481563,2.1750960148254856,2.4606243065609963,5.5410960078048195,0.7990485210442682,253.95728155339805
C256,1,9,1,9.070503426788383,3.8501476017100584,5.247024072160486,0.6931471805599453,0.0,3.8501476017100584,0.0,46.0
C2560,1,9,1,8.993551586299981,3.8501476017100584,5.170483995038151,0.6931471805599453,0.0,3.8501476017100584,0.0,46.0
C25614,3,261,10,11.977332210843874,6.410626768600523,7.406103381237015,1.984942101839322,0.0038095284166676977,4.582116199720858,1.0714243071858431,96.7209726443769
C2567,3,54,11,12.802251772772642,8.74196575998864,6.434546518787453,2.461649787623733,3.2257487041559627,6.371020802233378,1.1676516844843352,583.6543408360128
C2568,3,92,10,12.207351827028553,7.592730546366325,6.523562306149512,2.0454546329984264,1.5117486672729257,5.688643953486898,1.4942575791934538,294.49264705882354
C257,5,76,20,12.128867574621202,5.8255424525572606,7.399398083331354,1.3817218794450006,3.5989607361222293,4.738862979295513,1.4458689507352263,113.30416156670746
C2570,2,2,3,8.008698182988528,4.880493595098088,3.6109179126442243,0.9420432279765698,0.4480247225269603,4.436751534363128,0.9986359641585719,83.5
C25759,3,265,10,12.035610487248666,6.4536842002661805,7.45182223652793,2.01138807843482,0.0037523496185504547,4.594521353399656,1.065774142665748,97.94076655052265
C2576,2,57,10,11.549508086031915,7.489614449261415,5.937536205082426,2.017199232802615,2.629156258632547,5.618241877012033,0.6631968402398287,274.4047619047619
C25760,3,67,16,16.568048410848366,11.648076157135163,10.513606322644657,5.597312936582538,3.7554118802616574,6.0568137861944935,1.410227385341881,426.01271324568074
C2577,2,59,10,11.27522649564682,7.198424411149436,5.863631175598097,1.9386197157926341,2.692104532946783,5.418869593891143,0.656540281386946,224.6239316239316
C25777,1,8,8,6.175867270105761,4.110873864173311,2.1972245773362196,0.6931471805599453,0.0,4.110873864173311,0.0,60.0
C258,3,100,10,12.152154857538633,7.470588108906682,6.646390514847729,2.0943757652479635,1.6259672143853108,5.5111084255288025,1.520813359544212,246.4252275682705
C25821,3,261,10,11.964071145570367,6.397387565626346,7.3938782901077555,1.9743990416074533,0.0,4.5810981500309715,1.0714243071858431,96.62153846153846
C2584,8,783,32,14.802973012570757,8.07704987188651,10.069044362997353,3.3774974816052583,2.974219551785885,4.74272372257992,1.4591137098531275,113.74631355932203
C25841,4,80,6,12.307003364108615,7.663077914394172,7.1459844677143876,2.579633909144458,0.7936884097818226,5.167517705770542,1.8435399199048517,174.47870662460568
C25845,2,4,1,10.119284181187284,8.510007435601512,4.499809670330265,2.9338568698359038,1.916922612182061,5.634187495775244,0.9709505944546688,278.8314606741573
C25856,1,2,1,6.842683282238422,5.459585514144159,2.5649493574615367,1.3862943611198906,0.0,4.3694478524670215,0.0,78.0
C2586,1,1,1,8.060855752934316,8.060855752934316,2.1972245773362196,2.1972245773362196,0.6931471805599453,5.983621369646956,0.0,395.875
C25870,1,8,8,6.175867270105761,4.110873864173311,2.1972245773362196,0.6931471805599453,0.0,4.110873864173311,0.0,60.0
C2588,120,25,1090,16.181803327039706,6.768855693055742,11.050985238934048,1.814673288804402,3.938245501937618,5.1367280897031895,5.922621876234724,169.15811443536228
C2591,11,290,34,14.929304355472475,8.280572901235628,10.112369894498068,3.4941889704448728,3.116791456635866,4.825033378018223,2.1262627431827528,123.59062690200852
C2596,3,61,10,11.593195839033498,7.466624244336184,6.12029741895095,2.118972380436471,2.689601495549877,5.47927051319325,0.8837342952634007,238.6718061674009
C2598,2,14,6,10.291365577217242,6.486194663709086,5.123963979403259,1.5499237849016927,1.5065434892714675,5.178987476446317,0.80235344282919,176.50299401197606
C260,3,69,10,11.801909189904732,7.539753492534253,6.257667587882639,2.12082675784269,2.9992472156614354,5.5500465094201,1.0073865417841152,256.24952015355086
C26013,1,4,1,8.74973246437081,7.363913501405819,3.258096538021482,1.9810014688665833,0.0,5.534653511648229,0.0,252.32
C2602,1,9,1,9.070503426788383,3.8501476017100584,5.247024072160486,0.6931471805599453,0.0,3.8501476017100584,0.0,46.0
C2608,2,16,8,13.625203199365696,10.293031348433031,8.232440158470336,4.907388944130765,1.8607523407150064,5.397565623330926,0.3712323266408757,219.86808510638298
C26105,2,11,1,9.470625553571013,7.073500815561883,4.290459441148391,2.0209453349982276,0.08701137698962977,5.199417417893154,0.6840384356390417,180.16666666666666
C26119,3,274,10,12.059635473298835,6.4444491711841225,7.450660796211539,1.9816282316573925,0.0036297680505787077,4.619457174077854,1.0619469869290885,100.43895348837209
C26138,3,44,2,10.566587811743776,6.783505355280105,5.700443573390687,2.0506211031443438,0.04445176257083384,4.877116685026968,1.3000872313303806,130.251677852349
C2614,1,215,10,15.44106155459545,10.06120670964429,10.64830170765649,5.273519333654597,2.2849184317452758,4.801038576278397,0.0,120.63668091168091
C2616,2,37,1,13.760998404392968,8.395247297468597,7.895808377083183,2.606145113899804,2.083521990360998,5.86839276012613,0.5597404598417697,352.6800744878957
C26188,2,81,19,19.324431169841468,12.96140541152447,12.754104454650234,6.392748512616022,3.8856436262188976,6.5717299560767435,0.10500149581279872,713.6050097118808
C2619,3,59,11,12.223401627651949,8.096566957879594,6.1092475827643655,2.1092352051586127,2.705897347741109,6.118577837595464,0.8707361464085611,453.21826280623605
C26191,3,46,3,10.382822509210747,6.555573331988991,5.655991810819852,1.973476978887968,0.0,4.739087469059598,1.474041717473638,113.32982456140351
C262,3,67,10,11.665861121240942,7.432338012193822,6.208590026096629,2.1027192265491816,2.8020419891532766,5.463524212617299,0.9309670725071857,234.92741935483872
C26202,1,3,2,12.303271948907293,11.20466873394947,7.379008127628304,6.28164349975835,3.0122615755052013,4.932121017332707,0.0,137.6733291692692
C26205,3,9,9,9.397732385583243,5.034730836430782,5.056245805348308,1.0901376616771374,1.9313379421962227,4.360645839648932,1.1648594286346186,77.3076923076923
C2623,2,65,10,11.682685117052028,7.493578738595946,6.073044534100405,2.022951353725093,3.0321810832620235,5.615586268382848,0.8453509366224364,273.6743648960739
C2624,2,63,10,11.845920233630927,7.671991593872462,6.272877006546167,2.212492049467008,2.5482425249598113,5.5787092247421395,0.7793498372920851,263.7296786389414
C2626,1,180,10,15.431462805964964,10.222012816118509,10.638568109802293,5.433435614205966,2.3300726764596096,4.801172545382222,0.0,120.65297756041427
C2627,3,30,7,11.137125949517815,6.438231534573252,5.811140992976701,1.3930894042527193,0.4924764850977941,5.333806246340193,1.3485878960124225,206.22522522522522
C26274,1,8,8,6.175867270105761,4.110873864173311,2.1972245773362196,0.6931471805599453,0.0,4.110873864173311,0.0,60.0
C2629,2,60,10,11.371281252235155,7.095432837129177,5.968707559985366,1.8588987720656835,1.7097858862683823,5.409606427447073,0.9182958340544894,222.54358974358973
C263,3,93,10,12.04595084063212,7.482159979390994,6.54534966033442,2.1089497762998173,2.2457942586473,5.506103303317895,1.4591479170272446,245.18992805755397
C2633,1,18,1,9.820920828879165,3.908888123341142,5.953243334287785,0.7023881704136751,0.09362078637730363,3.89086320759252,0.0,47.953125
C2635,2,18,3,10.49935261028952,7.504143731097573,5.198497031265826,2.302585092994046,1.4469189829363254,5.311315852333693,0.46899559358928117,201.61666666666667
C26408,24,1,241,15.591247685603884,9.904322119442504,8.740976538017787,3.0999395821512055,0.5649285268260689,6.8514893276176165,3.60054218113405,944.2877019030865
C2645,5,71,22,17.668353035869718,11.261485887415763,11.89047794847597,5.487736885423971,3.8915171606354613,5.7809724055840155,1.4657008587402136,323.0741687804209
C26451,3,262,10,11.987835786687663,6.421113232417568,7.4133673356952405,1.9912149922466031,0.0,4.585318432560681,1.0714243071858431,97.03439951719976
C2646,5,233,32,13.39670333841292,7.686733780716246,8.11162807830774,2.487662231581247,1.7005248582087669,5.290426168726369,1.5017215382561337,197.4279711884754
C2647,4,65,16,12.182717013782469,7.705825379468861,6.620073206530356,2.252487256011269,1.7392692866066584,5.567799098784391,1.612958773366695,260.85714285714283
C2648,2,65,10,11.574340362671695,7.385296715322848,6.0330862217988015,1.9882893720241748,3.0248496721247182,5.547550303104232,0.8453509366224364,255.60817307692307
C265,2,65,10,11.585776218584382,7.396725624750643,6.030685260261263,1.9862125280793357,2.971967260912762,5.561339431299587,0.8453509366224364,259.1710843373494
C2650,3,69,10,11.729302172753997,7.4813625242982,6.171700597410915,2.0577800448986565,2.990719731730447,5.563525988815137,1.5699687980109565,259.74058577405856
C2651,7,63,36,18.0121907906091,12.204053295702714,10.767642529989754,4.966471050475447,0.9240682164867623,7.245283102977257,1.3289639606052408,1400.4786025832825
C2654,2,65,10,12.13020620510005,7.882083086179201,6.306275286948016,2.1763737818560287,2.7481862461271795,5.828698248593528,0.8980587934501658,338.9159049360146
C2655,8,140,21,12.890012569089182,7.906771733516079,7.300472814267799,2.4102716683994196,2.023088605128704,5.5939399578484394,2.237200709578487,267.7925675675676
C2657,2,69,10,11.80975061183829,7.5336120071646535,6.257667587882639,2.10852827998167,2.94297592111468,5.557857626595662,0.9182958340544894,258.2667946257198
C2658,2,8,1,12.909971815727022,9.018270227242896,7.342131730584722,3.480926068293702,3.227005950951451,5.5722944824813805,0.14372616993938178,262.03694102397924
C2659,2,61,10,11.395593577531182,7.269144897805816,5.934894195619588,1.9573650280300798,2.8255942595797765,5.467567568890574,0.7982441335646697,235.88328912466844
C2661,2,61,10,11.502824622790799,7.344577732794771,6.091309882077698,2.065675345915688,2.605001825202763,5.418214567896755,0.8112781244591328,224.47619047619048
C26631,3,21,2,13.167170381217346,10.122686190042655,9.194007717355285,6.1515161495419,0.13353139262452263,3.991899607393317,1.356669519833311,53.157670021347975
C26672,1,1,1,4.110873864173311,4.110873864173311,0.6931471805599453,0.6931471805599453,0.0,4.110873864173311,0.0,60.0
C2668,8,188,20,13.240007736778935,7.982851909746349,7.701200180857446,2.5265616306121474,2.3907676588741382,5.543179904910674,2.427756099079391,254.4891402714932
C2670,2,17,2,12.072484108415793,6.139742004208714,7.329749689041512,1.615767047485748,4.078568210125112,4.75205607078748,0.14792723800140206,114.82217847769029
C2672,4,98,10,12.346347499821784,7.637295199923141,6.698268054115413,2.115929834942973,1.4303543509139212,5.652822674577434,1.6949072596019832,284.0950617283951
C26721,3,325,10,12.353379962875424,6.567884020692486,7.666690200080086,2.021425669024348,0.006116227017436089,4.6963244136928735,0.9810385573982519,108.54379391100703
C26737,3,32,103,10.032364379457015,5.089739208813837,6.126869184114185,1.4448308635724636,0.4494028111395845,3.927525845388554,0.9553249231336058,49.78118161925602
C26739,3,49,4,10.718852365820323,6.677039269188442,5.8888779583328805,1.9900349539642512,0.0,4.840659436791939,1.4149489635857697,125.55277777777778
C26743,1,8,1,8.21959545417708,5.4510384535657,3.8918202981106265,1.3862943611198906,0.0,4.360973225476049,0.0,77.33333333333333
C26745,3,8,3,10.14399939801143,7.311414836495777,5.497168225293202,2.727468286959312,1.2443240998495033,4.660406314463349,1.37928048729106,104.67901234567901
C26787,1,1,1,9.032289682032873,6.089999187817971,4.30406509320417,1.5773495978825998,4.0952213706956355,4.7503966228353285,0.0,114.63013698630137
C2679,2,41,10,11.028092421478492,7.116864812532475,5.575949103146316,1.8341801851120072,2.0068708488450007,5.460183992087083,0.9426831892554923,234.1406844106464
C26796,7,196,5,14.773189651942282,9.474948655210705,10.439425213116973,5.146912912388804,1.528227857008557,4.346825713123884,1.5116468212379517,76.23291398478642
C268,2,18,1,9.725854985228304,3.8501476017100584,5.8998973535824915,0.6931471805599453,0.0,3.8501476017100584,0.9989326546260582,46.0
C2683,7,97,21,14.178913319299939,9.161737772996757,7.619233416226805,2.6730061838618435,1.6067853909849694,6.561584889924216,2.3310703257594674,706.3919449901769
C2685,7,5,5,6.175867270105761,4.242353974027276,2.1972245773362196,0.7621400520468967,0.2513144282809061,4.110873864173311,2.8073549220576037,60.0
C26850,5,35,5,10.97342598061963,6.697976875955143,5.71042701737487,1.6449123006277602,1.396657148155437,5.271447967872328,2.143756796948836,193.69767441860466
C2689,2,69,10,11.781057678177294,7.50493442450956,6.248042874508429,2.100060828882572,2.8972922007407385,5.538881930394347,0.9182958340544894,253.39341085271317
C269,1,9,1,9.070503426788383,3.8501476017100584,5.247024072160486,0.6931471805599453,0.0,3.8501476017100584,0.0,46.0
C2695,1,44,2,12.500293294821537,6.855896453687389,7.937374696163295,2.3878871182368235,3.9670196811755947,4.573645966619412,0.0,95.89674883887102
C2696,1,9,1,9.440260907569415,3.970291913552122,5.493061443340548,0.6931471805599453,0.0,3.970291913552122,0.0,52.0
C2697,8,165,26,14.67911713391441,9.361082729056335,9.873182972271273,4.565470926977455,2.307962764228164,4.8141326365494646,1.7885343878059268,122.23987217812596
C27,2,57,10,11.283965028334453,7.224238417720641,5.8522024797744745,1.9434440565601196,2.695325911437836,5.438981044825792,0.6631968402398287,229.20749279538904
C270,2,10,1,11.295503016890626,6.115916928608229,5.973809611869261,1.1638528105365107,0.484643137820347,5.32908902521479,0.12339167774830227,205.25
C2702,2,57,10,11.248152301433697,7.074598690567715,5.831882477283517,1.829499797210902,1.7814500995691938,5.423614583558697,0.8512243352621378,225.6970588235294
C27031,3,40,4,11.599570941693186,7.911049054477866,7.445417556701687,3.7790628781719153,0.16126814759612226,4.170296731882103,1.4056390622295665,63.73465809468147
C2704,3,98,10,12.008255652161973,7.423879087445331,6.470799503782602,2.0257285660471873,2.654965112649897,5.542921995889833,1.4656521842896881,254.4232558139535
C27047,1,8,8,6.175867270105761,4.110873864173311,2.1972245773362196,0.6931471805599453,0.0,4.110873864173311,0.0,60.0
C27048,11,114,14,14.145539222147129,9.168908996418715,8.701845363548474,3.748773586063871,2.4849066497880004,5.44817288348932,2.8397967899507703,231.3332778978879
C2707,1,1,1,12.759454758710078,11.373169022579944,7.2485040723706105,5.86434115077879,3.5263605246161616,5.51569056469602,0.0,247.56156583629894
C27086,3,260,10,11.976703505390523,6.409999093113239,7.390798521735676,1.971745816384228,0.00760459938521931,4.596652532066746,1.0714243071858431,98.15185185185184
C27137,1,9,1,9.070503426788383,3.8501476017100584,5.247024072160486,0.6931471805599453,0.0,3.8501476017100584,0.0,46.0
C27148,3,36,4,13.190339732413422,9.606886191598349,9.20391980417326,5.623917220372683,0.02739897418811444,4.004912726142631,1.389640911570547,53.86703573225969
C27156,3,20,2,15.187467629583958,12.191740174611025,11.23426920372576,8.238787955744666,0.7178397931503169,3.972222490852693,1.4406454496153465,52.10241942943221
C2716,3,91,10,12.205417430923957,7.580949820994777,6.517671272912275,2.0317537108941206,1.4887093665479603,5.692595876981438,1.513742051337809,295.66272189349115
C27171,3,27,3,12.60976952457569,9.175882492052494,7.529943370601589,4.1119309467241765,2.9081342142360054,5.08655814947638,1.279798638034158,160.83190118152524
C2719,3,59,11,12.187842481265724,7.9540821718343535,6.12029741895095,2.0254749594676635,1.8458266904983307,6.072049296938567,1.004474712030244,432.568281938326
C27192,3,90,10,11.829384480693415,7.330223165276387,6.363028103540465,2.0059743897979634,2.3712816242802806,5.472285187143606,1.340185236611608,237.0034542314335
C272,1,28,1,12.01781953178278,5.744375871621455,6.860663671448287,1.0265265618951556,0.169076330043934,5.163934164677269,0.0,173.85099685204617
C2724,2,17,1,18.33231440578093,13.024048904077661,11.109802611640422,5.804538345785612,1.0426180193135348,7.223256437620352,0.19290007457898412,1369.9462003531771
C273,5,109,19,11.990376294851014,7.2119845620276335,6.683360945766275,2.0419839791449355,1.5665128677170663,5.3131998059545955,2.1271451445427676,201.9987468671679
C2734,2,2,1,8.80492526261806,8.111928063310739,3.1354942159291497,2.4849066497880004,2.1400661634962708,5.717027701406222,1.0,303.0
C2735,2,61,10,12.019923773901832,7.743685197036805,6.320768294250582,2.164280421616865,1.7419270954801793,5.704286851941095,0.9315627684809641,299.15135135135137
C274,9,211,24,13.389095014079738,7.848220459572063,7.832014180505469,2.386782055716351,2.1338183125579078,5.5613272832268015,2.929524626865223,259.1679237792775
C2748,1,9,1,9.070503426788383,3.8501476017100584,5.247024072160486,0.6931471805599453,0.0,3.8501476017100584,0.0,46.0
C275,2,63,10,11.651321257195779,7.492986598434943,6.1779441140506,2.141902711303572,2.6838001988787505,5.479624895876363,0.7855602922535473,238.75675675675674
C2751,1,1,1,13.375986471996473,10.978106718762065,7.633853559681768,5.240784551077741,4.049410589742843,5.745816512670477,0.0,311.8789932236205
C2752,6,55,7,12.236824910069469,7.24032512352163,6.807934943699926,1.9612361195335402,0.7489909167760381,5.434364259681975,2.296277283193073,228.14712389380531
C2758,3,128,10,12.862361320725856,7.756841150314249,7.887959336599945,2.8417330974009865,2.5098455981352523,4.9816610056779025,1.3237138050740944,144.71621621621622
C2759,2,61,10,11.61787989818774,7.475303242685692,6.0063531596017325,2.005333569526114,2.6984807500860595,5.61762370827713,0.7344461802527668,274.2345679012346
C276,2,59,10,11.289956898345304,7.213144064993135,5.8805329864007,1.9531478163555438,2.7810275908856457,5.416660469427125,0.6939659673342857,224.12605042016807
C2767,7,223,27,13.615288539609272,8.168833334815389,8.074649075066652,2.6973610916722137,2.2960985837644388,5.544864749613058,2.382610830449495,254.91996262846465
C2770,2,20,4,15.380650859581912,12.202601837572043,9.3729692954244,6.196868341944182,1.5755363607584192,6.010222905438169,0.99498482818597,406.57416064598385
C2775,2,61,10,12.208399935289265,7.960248832035973,6.38856140554563,2.2497869074270747,2.5382217085557217,5.824474356944688,0.8812908992306927,337.483164983165
C278,2,63,10,11.700276021785625,7.496130493706236,6.182084906716632,2.1052256588355505,2.584279123601204,5.524247920828162,0.8395304981054318,249.6977225672878
C2780,6,115,14,14.500724856252436,9.617988953156958,10.16419660173648,5.286428794882784,1.5355630133498406,4.349562823325556,1.8189894775187772,76.44459855139466
C2783,2,3,4,12.448791347289275,9.809785008364303,8.174984532943087,5.539581458975442,3.8903615086469667,4.287913273607478,0.5916727785823274,71.8143661971831
C2784,12,439,32,15.246316179884944,8.742187484141354,10.369357650500257,3.8857835383924386,2.000022392048578,4.884580703269145,2.8520185714931507,131.23500800200836
C2798,8,280,23,13.614744746867663,7.969642489280633,8.069968149059841,2.509053277508704,2.37219026226524,5.548987205259495,2.81428383821615,255.97715894868585
C2800,3,11,4,15.004035455420516,10.996718722251758,9.009936307631463,5.009179689763555,3.783362845942267,5.996711055815525,1.4301495212875497,401.1041182940242
C2802,2,63,10,11.904109076252624,7.6850543599657515,6.313548046277095,2.2085975675084897,2.4397862145075306,5.596086775076244,0.833764907210665,268.37023593466427
C281,7,186,27,13.615834478818396,7.746968488360203,8.101980731853192,2.3342808238041775,1.681889954162375,5.518176742980031,1.89122885679013,248.18030303030304
C2811,2,12,1,10.029811785869622,4.878351070887386,5.407171771460119,0.8223589120399516,0.23001643060197183,4.636825974581292,0.05104301664669756,102.21621621621621
C2814,2,58,10,11.905940052687829,7.828794043123997,6.133398042996649,2.174366439260169,2.8241997627508546,5.777807110004175,0.6939659673342857,322.05
C2817,2,59,10,11.93022032483197,7.740993728447469,6.124683390894205,2.068012845856213,2.086988747315219,5.810720692455645,0.8453509366224364,332.859649122807
C282,8,473,25,14.049271940076265,7.73615994313584,8.56483984488359,2.3512027094967567,2.284856400563965,5.48876353148148,2.4585334144816526,240.95784855998474
C2821,2,62,10,12.004415352429477,7.714396248635535,6.320768294250582,2.1520807253198075,1.784886589940293,5.688830406695741,0.9136617865655932,294.54774774774774
C2823,4,90,10,12.22672295265995,7.63208297248002,6.522092798170152,2.061606674043802,1.8442305209655085,5.709417037025104,1.5609091576121643,300.6951399116348
C2825,4,106,12,11.973982946502097,7.138488999563022,6.573680166960646,1.89830975302147,0.2876820724517809,5.406192898716975,1.7226910343363013,221.78181818181818
C2827,11,490,22,14.433729968889889,8.138755471562327,8.722905701000768,2.512056266071424,2.234053369774432,5.7142904976455355,2.9024963082467763,302.16902784562774
C283,1,1,1,10.707191723660717,9.60862420075576,5.0689042022202315,3.982792076316353,2.512305623976115,5.648104721357077,0.0,282.753164556962
C2831,2,3,1,9.772581282688328,7.827013033459698,4.174387269895637,2.316769727986002,2.2587824703356527,5.617282330601106,0.8631205685666311,274.140625
C2835,2,61,10,11.467666558564613,7.3251803270601465,5.998936561946683,1.9989026791958238,2.491498631470153,5.475401350575743,0.7344461802527668,237.7462686567164
C2836,2,62,10,11.978312202755708,7.68830474185343,6.311734809152915,2.1440870776390617,1.7378190790823071,5.6718351251357255,0.9271587399898307,289.5672727272727
C2837,3,8,1,10.561318387968505,6.691333874991175,5.181783550292085,1.5448993912965292,1.4420049681338962,5.389716466850608,0.8886865525783177,218.14124293785312
C2848,2,2,1,8.858368636308018,8.165363632473982,2.8903717578961645,2.2512917986064953,0.0,6.027427697717659,1.0,413.6470588235294
C285,2,13,1,15.412029579728276,11.317696970866594,11.443350281115192,7.349638030011218,2.3718001620155187,3.987411641408641,0.6098403047164005,52.91515684298548
C2850,7,345,23,13.61640086572461,7.494463145816547,8.226038429485484,2.218440416486492,2.1194737507174164,5.395177590276683,2.1044004997162573,219.34127408993575
C2851,2,60,10,11.61751968710015,7.459203877465256,6.030685260261263,2.0128175140512434,2.424526138799093,5.592963088222989,0.7855602922535473,267.5301204819277
C2852,7,207,29,15.05093929587838,9.490332955943584,10.314371286671152,4.762239678856161,2.0387197024002877,4.745331053576406,2.5485891354340815,114.04588555135601
C2855,4,77,12,12.546515559994521,6.468132135587174,7.5688956634069955,1.6919770613401734,3.9843117363186518,4.984996038677333,0.8013937339019815,145.2029958677686
C2857,3,90,10,12.168350009698512,7.583886049176911,6.504288173536645,2.054908355155964,1.5991814122669112,5.6690120143371034,1.4806603537011562,288.7481259370315
C2859,6,178,23,14.274599841844129,8.828008418915953,9.321165927065067,3.8948943859910483,1.8544104341897223,4.960556501236741,1.973029935598282,141.6731716050488
C286,3,58,10,11.458522076090842,7.398680753455453,5.916202062607435,1.9986801850353775,2.774741575600882,5.54890780909078,0.7841024265461484,255.95675675675676
C2861,3,92,10,12.03998854482588,7.497242624566273,6.542471960506805,2.1249334661473993,2.138813815179805,5.503035350641482,1.4335125863220846,244.43578643578644
C2870,2,57,10,11.319122245432688,7.259370894350442,5.863631175598097,1.9532721454963824,2.696489378701134,5.462575523453348,0.6631968402398287,234.7037037037037
C2871,7,280,30,13.677354775024192,7.906280993823614,8.348537825386098,2.6501218372709716,2.254729071816411,5.333889516629366,2.6626626596357448,206.24248164811746
C2873,3,59,11,12.12068903392045,8.02666571485768,6.061456918928017,2.0959708436310462,2.6125177743806463,6.063888441785317,0.8519325792170332,429.0443925233645
C2877,3,4,1,11.0432897680291,7.676441672991021,5.720311776607412,2.4408466599939698,0.9894129967031178,5.331096578109295,0.43101676897537733,205.66447368421052
C2881,7,336,33,13.374470602449925,7.093033519665248,8.10530751550515,1.9725221792527186,1.232533013592664,5.274596684077929,1.9272820005970095,194.3116883116883
C2882,10,171,25,13.134181270208254,7.866704503547982,7.601402334583733,2.4256234817718476,1.6135531445792068,5.537222055998706,2.0273160233444405,252.9715
C2883,3,82,11,11.712210655609148,5.749245988333449,6.60934924316738,1.0647107369924282,1.4609973942849235,5.110254664517016,0.8095869615542738,164.71255060728745
C2885,13,325,38,15.087908072404051,8.998986459377452,10.266079953738897,4.1922282160907045,1.8656784590510622,4.8298821656870325,3.088826035540371,124.19620737647878
C2888,6,118,20,12.589861171585225,7.553429609151918,7.034387929915503,2.12389330425067,1.75539182505718,5.560206684438088,0.9926962557337543,258.87654320987656
C289,3,12,1,11.066607111853518,5.81729812827262,5.948034989180646,1.0986122886681098,0.19446394361968009,5.1271221633514354,0.13102723580854536,167.53141361256544
C2890,1,9,1,9.070503426788383,3.8501476017100584,5.247024072160486,0.6931471805599453,0.0,3.8501476017100584,0.0,46.0
C2893,7,633,29,19.539406281603384,13.017315701695871,15.7046353664363,9.182645230568873,2.63305193833808,3.856147240328618,1.4370642868601244,46.282830607400506
C2899,3,47,9,11.387022048081073,7.495746004695086,5.717027701406222,1.9718108774874705,2.0216827075276433,5.676708591245827,1.4755645713509498,290.986798679868
C29,3,63,10,11.633229764013658,7.47490511457164,6.169610732491456,2.1345361954868096,2.679522117487672,5.4699248487794545,1.0136948056278299,236.44234800838575
C290,12,333,24,13.700063791105416,7.660279244310071,8.283241441385425,2.343635632824403,2.0424564229601665,5.4215042672937415,2.239942460807528,225.21916076845298
C2901,3,89,10,12.463660134735397,7.858872468008338,7.8050670442584895,3.239462458476589,1.6505798557652755,4.668428320080063,1.5321030465332584,105.53017944535074
C2902,5,163,24,14.64409905608039,9.326067701344286,9.86837837542256,4.560716195250782,2.1634357080653,4.784168256948123,1.8666729404985194,118.60184369982909
C2904,2,58,10,11.590275319397561,7.51327455972158,5.976350909297934,2.036144735926512,2.6108172700410424,5.620087360076091,0.6939659673342857,274.91348600508906
C2905,3,29,9,10.794850144085432,7.428128284555238,5.236441962829949,2.0079825776976907,1.9108188292440433,5.567548170933585,1.2474241244334552,260.7914438502674
C2908,14,348,31,14.004877239484866,7.554929649913817,8.668368019213355,2.321054862042288,1.4464542341246884,5.341480625048343,3.090093292182264,207.82166809974206
C2909,3,63,10,11.970141429435165,7.666538351321157,6.18826412308259,2.0238716905250254,1.7385677404782116,5.786998363417234,1.4545110780439074,325.0329218106996
C291,4,4,4,13.896665569874951,10.564485954760153,9.706072662294519,6.375511437842565,3.8815637979434374,4.205675886661686,0.6610547526158855,66.06591130604288
C2912,2,62,10,11.836630836598665,7.5886346597165995,6.246106765481563,2.1231166051824975,2.424802725718295,5.596175640718287,0.8980587934501658,268.3941747572816
C2915,7,190,26,13.273017092829745,7.502126311355393,7.954021087278037,2.289098923408624,1.635876587339401,5.324229604289161,1.969136453345516,204.25017568517217
C2920,2,20,7,10.377576575186112,6.301842614356283,5.111987788356544,1.3341086079493205,1.1042461063863658,5.276722224565993,0.656540281386946,194.72727272727272
C2933,2,62,10,11.770555463542012,7.5966627152840465,6.238324625039508,2.1817203908002543,2.633547673804289,5.538119819063246,0.8290590693996659,253.1996086105675
C2934,4,110,19,12.429152194796297,6.376411513784807,7.533158807455563,1.6836129514199456,3.8892299958995893,4.903969302994557,1.1655753254134804,133.82387580299786
C2935,3,76,11,12.306162294544185,6.864784512858386,6.570882962339584,1.4077084556237072,1.9035924993914988,5.7398966304804215,1.152021484634878,310.03225806451616
C2938,2,57,10,11.328545791706802,7.286167681729141,5.869296913133774,1.9731058918638034,2.808133659659193,5.466301504522159,0.6292492238560347,235.58356940509915
C2943,2,58,10,11.615509128741051,7.521696901361107,5.983936280687191,2.028148247292285,2.627081138568543,5.637653463770885,0.7219280948873623,279.8030303030303
C2945,3,67,10,11.558634697463829,7.296623320714809,6.102558594613569,1.9853629974671136,2.866617671888058,5.462557907392574,1.2105702326209742,234.69955156950672
C2947,7,180,29,14.599296570004988,9.205769030205651,9.828063329889288,4.446174454497633,2.0697354991676593,4.779720512651982,2.224825285348878,118.0710665372587
C2951,2,41,10,11.475794566632022,7.5642799680855815,5.8888779583328805,2.1041341542702074,2.0744289998562917,5.59340941717483,0.9426831892554923,267.65
C2955,1,9,1,8.993551586299981,3.8501476017100584,5.170483995038151,0.6931471805599453,0.0,3.8501476017100584,0.0,46.0
C2956,2,4,3,9.403766708502243,7.7946583939617,4.110873864173311,2.5649493574615367,1.1631508098056809,5.314272733338164,0.9709505944546688,202.21666666666667
C2957,1,18,1,10.169652278400532,4.005904667264646,6.20455776256869,0.7034247633181856,0.1020492543541703,3.9858301804672522,0.0,52.82995951417004
C2958,4,90,10,11.821387628021716,7.247381593702732,6.359573868672378,1.9385191324089242,1.6032331355472176,5.467767591637327,1.7393563982459872,235.9306759098787
C2961,10,234,29,14.105991958638214,8.446723620388916,9.082052351674651,3.4545674958982753,1.6768034442616764,5.030608829808234,2.747505685942294,152.0261512222854
C2964,2,64,10,12.08527695137194,7.729002462169398,6.375024819828097,2.1415733227868423,1.8458266904983307,5.715252280401166,0.9520402801398793,302.4607508532423
C2966,2,61,10,12.005638033309292,7.729405606702171,6.322565239927284,2.165874047452143,1.749199854809259,5.688254869081025,0.9182958340544894,294.3776978417266
C2968,1,9,1,9.070503426788383,3.8501476017100584,5.247024072160486,0.6931471805599453,0.0,3.8501476017100584,0.0,46.0
C297,3,75,11,11.66988647782399,6.24247922286525,6.368187186350492,1.2676886187120437,1.8554752836141626,5.308369764255082,1.126458259048527,201.02061855670104
C2971,2,60,10,11.391999997041347,7.281803028200741,5.963579343618446,1.996149023568943,2.6530110443891237,5.435352600657712,0.7473944462440388,228.3737113402062
C2972,1,9,9,10.583574822507286,6.042632833682381,6.154858094016418,1.791759469228055,1.6094379124341003,4.442651256490317,0.0,84.0
C2976,2,57,10,11.217103688158033,7.1748049062498795,5.840641657373398,1.9484132792734319,2.711552831653412,5.38395997435296,0.6292492238560347,216.88338192419826
C298,2,62,10,11.602382183008215,7.444075023313441,6.135564891081739,2.104515179231952,2.741847580685501,5.473181686051369,0.8112781244591328,237.21691973969632
C2980,2,61,10,11.474122264646335,7.347621813807634,5.998936561946683,2.0127501671811636,2.5833887244073366,5.481830170407633,0.7088356733321961,239.2860696517413
C2982,1,2,3,8.798605650854423,7.700295203420117,3.912023005428146,2.8526314299133175,1.5404450409471488,4.91400451479298,0.0,135.18367346938774
C2983,3,50,12,11.733144744767191,7.169558488651918,6.272877006546167,1.8734034582685652,1.8106766283602602,5.466383734956531,1.508326882676236,235.60302457466918
C2986,8,2133,8,12.734536791900199,5.030437921392435,8.80941494391005,1.3862943611198906,2.303973018268894,3.9448128282511368,3.0,50.666666666666664
C2989,8,234,31,14.164075807039609,8.577014847187575,9.181014542594355,3.6207890645132577,2.444136672225285,4.989992519948749,2.419731878863119,145.93532440782698
C2993,2,69,10,12.223504818459213,7.746595395352733,6.317164686747284,1.9856926424424637,1.6880810397532136,5.910855449409475,0.9940302114769566,368.0216998191682
C2997,10,283,36,14.587319647179568,7.915651292264025,9.63351441386512,3.0118672250886176,3.1572697088856843,4.960901539539233,2.2567227211936274,141.7224078076898
C300,9,74,14,11.82294371726766,7.416818374798133,6.18826412308259,1.9354021714568983,1.506783758374017,5.640285934473362,2.7536754345785206,280.5432098765432
C3001,9,247,40,15.051814531560643,9.274255730722142,10.290585003286107,4.523805655659375,2.2253763431620754,4.769781600974196,2.413106347602952,116.89349132516212
C3007,12,462,18,13.957654877615035,7.4086094643760605,8.594154232552366,2.16606538531439,0.8649221391167786,5.368357661142473,2.662939218747008,213.51027968142247
C3021,9,392,35,15.07200711934798,8.956243647178031,10.217020103578019,4.117510498090526,2.3558852024027206,4.862782248043104,2.3590518052749867,128.383679286654
C3024,2,65,10,11.581135363347052,7.407345716051865,6.030685260261263,1.9993988340062996,3.032731586312119,5.556716411981802,0.8290590693996659,257.9710843373494
C3025,8,196,21,14.846199759864511,9.32083600700438,10.027031738627583,4.51256550636195,1.8641110145458513,4.827252588509266,2.104353666557947,123.8674267532812
C3026,1,1,4,8.845777255188445,7.459914766241105,3.713572066704308,2.3978952727983707,2.6567569067146595,5.162497643405501,0.0,173.6
C3028,33,1,51,12.273221818448963,8.099133721622502,5.942799375126701,1.9236870122706031,1.1338804275055676,6.33482092827434,4.745143966741473,562.8684210526316
C3029,1,9,1,14.022210856958232,7.975181816166697,9.200087995511831,3.1944668599892756,3.572823649339362,4.830239738297409,0.0,124.24098211579266
C3031,8,179,28,13.154296058792985,7.467890060546362,7.788211557847076,2.2162514523909134,1.4196307813874822,5.371156832882602,2.089532959205928,214.11157196184155
C3035,1,9,1,8.993551586299981,3.8501476017100584,5.170483995038151,0.6931471805599453,0.0,3.8501476017100584,0.0,46.0
C3036,1,18,1,9.68700923909068,3.850512276849334,5.860786223465865,0.6931471805599453,0.0,3.850512276849334,0.0,46.01714285714286
C3039,2,65,10,11.64504961789727,7.471222979427443,6.042632833682381,2.009761621041846,3.038644389939232,5.608459596358553,0.8290590693996659,271.7238095238095
C304,11,231,29,13.637300935568716,7.60471174176784,8.105911197986508,2.19107729083906,1.5949449051315336,5.535641811716448,2.3107030924528935,252.5704799275581
C3040,4,1,9,11.396964518301022,9.199829773091077,5.981414211254481,3.8041903006249305,2.772588722239781,5.422493425324194,1.6577427265048887,225.44303797468353
C3042,2,101,10,12.04225876029196,7.427727067585948,6.437751649736401,1.9710511380134152,2.4086384378971837,5.609771130486751,0.653839880626333,272.0817307692308
C3044,6,142,26,14.742246943543531,9.549360946126981,10.013731126634887,4.828758083010568,2.1709566505156093,4.737360554449665,1.8648367859769732,113.13255709807434
C3049,10,399,33,14.68050041647479,8.564798590115608,9.866875434039397,3.7741555146863917,2.6981410761697497,4.821761613549383,2.0685814222998737,123.18366182572615
C3050,2,17,6,10.502461406828811,6.6325505947081265,5.209486152841421,1.5668782980153044,0.7635279773217448,5.303414245474448,0.6500224216483541,200.02197802197801
C3058,1,2,9,11.920608112519348,9.522779356503186,5.017279836814924,2.6835090921860925,2.625985248047906,6.9109634605930985,0.0,1002.2133333333334
C3059,7,353,24,13.902099178938505,7.827151070223534,8.435766192720509,2.4504103909880413,2.1765786827126723,5.470765945906114,1.68888358115185,236.64214409722223
C3065,12,36,26,19.52752610434931,13.878552801786352,12.381654877335984,6.733867075373222,3.7704918933609823,7.146663216166549,2.4641527418985754,1268.8616241657473
C3068,2,66,10,11.987997478230303,7.569666649499044,6.22455842927536,1.9561842120314985,1.6724692742811,5.768544185170884,0.9822309298084991,319.07142857142856
C3070,1,3,2,11.68787827242675,10.589282773550448,6.663132695990803,5.567071429114299,2.6855773452501515,5.032558600470295,0.0,152.32480818414322
C3077,1,1,1,8.223627175805483,8.223627175805483,1.9459101490553132,1.9459101490553132,2.772588722239781,6.4332080096865285,0.0,621.1666666666666
C3081,2,64,10,11.665191512850969,7.491353698235769,6.240275845170769,2.1834549966124626,2.8502617605579994,5.431245549934692,0.8290590693996659,227.43359375
C3083,1,2097,9,11.844133871916343,4.174387269895637,7.685703061234547,0.6931471805599453,0.0,4.174387269895637,0.0,64.0
C3084,2,5,3,8.98744678941718,7.1963119688445785,3.8066624897703196,2.120263536200091,1.8971199848858813,5.208616425508223,0.9182958340544894,181.8409090909091
C3088,3,46,10,11.794805739494173,7.700906153013153,6.025865973825314,2.064750826269832,1.912008597379632,5.774461306410643,1.3995812306460644,320.97094430992735
C309,1,2,2,18.22396003921734,13.71310162836347,11.291767441190977,6.782030073338583,4.163850122774371,6.933180431999423,0.0,1024.751129020185
C3090,2,619,8,11.412364524015615,4.976733742420574,7.541683099882111,1.3862943611198906,2.29587473069955,3.8918202981106265,1.0,48.0
C3091,2,13,5,14.66105774395779,10.876886570731243,9.584727524513486,5.803490682440238,1.6139730675994917,5.0826215107936745,0.9256859869821298,160.19607977991748
C3093,12,253,34,15.643171616347864,9.461164367801711,10.611227735398973,4.440972648610546,2.8933517027947495,5.0384731089579375,2.715867685352638,153.23433611747603
C3097,9,326,28,13.637746599522774,7.533487185468172,8.242756345714477,2.249174897898286,1.9233358270167742,5.399780061290067,2.061701302026394,220.35772571729402
C3098,2,4,1,9.471550124096849,5.947727769516171,4.276666119016055,1.127599825541362,0.8043728156701697,5.2142466040919135,0.19143325481419346,182.8732394366197
C310,3,51,11,12.060885010669855,8.109936094038568,5.998936561946683,2.1668534794599204,3.3029341278750906,6.066748533243039,1.1244421366010013,430.2761194029851
C3100,10,122,20,12.679096708669407,7.766862337181745,7.009408932708637,2.2118233767573723,1.911718784307034,5.674028324824407,2.4011522769215774,290.20524412296567
C3101,8,237,28,14.527823888802065,8.878988454821,9.666371843655035,4.035175013901691,2.0445074026739696,4.869223896789306,2.0639046274981463,129.2198136527857
C3105,4,58,11,12.470039471363819,8.250789012767656,6.3080984415095305,2.203739258357413,1.876316857256118,6.165862458808972,1.115046281620772,475.2116788321168
C311,3,11,1,10.903236690400366,5.691662218753858,6.1070228877422545,1.2339536365378718,0.10318423623523076,4.80663399217944,0.30637747469474363,121.31919642857143
C3112,2,10,2,14.01968411125033,8.736640172633248,8.504310565585223,3.2600469969975387,1.3193841634513481,5.519590882695275,0.2450781231224538,248.53292806484296
C3114,11,185,33,14.390432042408149,8.952481594714811,9.557328550325371,4.135305677499397,1.9997158127487367,4.841103305237436,2.8531250098932195,125.60896303103131
C3116,2,42,10,10.98283207084658,7.071641273620407,5.583496308781699,1.840549633397487,2.012232791986386,5.407577814743143,0.9426831892554923,222.09056603773584
C3120,8,198,24,14.106969738155087,8.558084911132093,9.144841389743487,3.622731337364179,2.0372202222575004,4.9692072845806505,2.2102016772610207,142.91276027762947
C3122,8,299,35,14.822699569691045,8.920199541549973,9.981512841973895,4.095618795579185,2.073275026764172,4.8490989037615515,2.6482803234233767,126.62533530663214
C3128,8,94,17,12.412367043746247,7.471289908828522,6.75110146893676,1.9600947840472698,1.5229458810806569,5.665899819845678,2.5000605530448663,287.847775175644
C3137,2,65,10,12.046977260774376,7.64073274296721,6.234410725718371,1.9750967701418451,1.657065961423355,5.817502841128055,0.9788698505067782,335.13163064833003
C3139,6,84,12,12.620305867796837,7.893288054837022,7.446585099157725,2.782495242442573,2.403511011584006,5.179945278274851,2.2979548999549997,176.67308814944542
C314,1,9,1,14.648078753224924,8.541250695528863,9.906881785604144,3.8219374607669048,4.1165534221645625,4.749936259197682,0.0,114.5769173269547
C3143,9,287,26,13.730287036353786,8.057279517857683,8.109826276018477,2.5200769647806056,2.4587955057843147,5.62437563079031,2.9170454650967015,276.09921828021646
C3144,2,24,8,11.378536561931577,8.200745779625725,5.267858159063328,2.201843523192514,1.6739764335716716,6.11804013311857,0.8708644692353646,452.9740932642487
C3145,1,42,11,14.043116936036384,9.398808066612911,8.350902451694811,3.7305472446939936,3.0143086591269266,5.695815552348557,0.0,296.6194188518781
C3148,2,74,10,11.85936217661615,7.5423972568360735,6.329720905522696,2.136136885356381,3.0239957388268506,5.535370867244241,0.9182958340544894,252.50178571428572
C315,7,293,30,13.703725001421414,7.996950162319646,8.145839612936841,2.522134151987036,2.1868348734870837,5.562022646497713,2.4533343861021075,259.3488979118329
C3151,1,4,3,9.206432747145165,7.820439515262181,3.9889840465642745,2.6567569067146595,1.8325814637483102,5.241347614155681,0.0,187.9245283018868
C3155,2,63,10,11.919876135750217,7.7008143347520335,6.180016653652572,2.0904105730504097,2.478760348939306,5.745128813011998,0.833764907210665,311.66390041493776
C3157,3,32,9,11.40324451856682,7.937854491757264,5.442417710521793,2.1026086009613705,1.8765983491650844,5.967717411326558,1.2586632995971399,389.61304347826086
C3159,2,4,3,11.209357883288224,8.644571074591674,6.2766434893416445,3.733999889394406,1.8538912503350613,4.941750030486305,0.7793498372920851,139.015065913371
C316,1,2,1,8.132118772955806,6.054732730458067,2.772588722239781,1.0560526742493137,0.0,5.4281753538062505,0.0,226.73333333333332
C3161,2,68,10,12.169942750872421,7.681762464943219,6.333279628139691,1.9898732724764294,1.607188192700085,5.841344877737855,0.9926108898749405,343.2419928825623
C3163,9,222,28,14.027243656966608,8.432749114265434,9.082507000466299,3.5177956320255803,2.260057803897294,4.951944248924978,2.422852595373954,140.44971019434027
C3167,7,201,28,14.647688109018087,9.14653605743345,9.837881795438134,4.349566689408095,2.055692361468173,4.81797525274611,1.9189010679767315,122.71434673500988
C317,2,12,1,12.082553816617223,6.868652819706155,7.020190708311925,1.956721065159529,0.478796381193714,5.069556547311412,0.08650421412134598,158.10375670840787
C3171,10,171,27,14.641834568298764,9.34360429133292,9.86308213790109,4.575071738164058,2.050270164379556,4.7871749678089595,2.9632277304994767,118.96199302337689
C3173,84,18,15401,19.30195852194456,8.911560700508621,14.657681871465353,4.2810731033160305,3.0579683188383133,4.6538476122075245,5.408157126457351,103.98816318249195
C3174,3,46,11,13.752882743596698,9.82111034098189,8.203851372183879,4.285612905005862,3.306671208170039,5.553186558987092,1.2623741775941768,257.0585659551177
C3176,2,75,10,12.012202661607159,7.5129330480263175,6.300785794663244,1.952239284106961,1.8580325961778346,5.716543838233284,0.964078764808229,302.8529411764706
C3178,2,73,10,11.82685260287019,7.523320685250445,6.333279628139691,2.1511334701359526,2.6907848926289013,5.499440887324392,0.821812730503485,243.55516014234877
C3179,8,173,28,14.561020086270542,9.185843689264374,9.775881427930981,4.41274217504325,2.0994937747137055,4.79351279660253,2.419893939842496,119.72470601602
C3185,3,88,10,11.82185030369066,7.333859852947507,6.349138991379798,2.0036034652883314,2.2992086125774396,5.478637505612191,1.371408071666144,238.5201401050788
C3186,2,61,10,11.943265282909193,7.667060761875504,6.2766434893416445,2.12525107771113,1.765966714666326,5.671943862816501,0.9182958340544894,289.59887005649716
C3189,2,6,3,10.016235712227882,7.3777589082278725,4.882801922586371,2.337676412805316,1.455287232606842,5.146828535258509,0.940285958670631,170.8854961832061
C319,3,65,11,11.64514599879465,7.411635097263084,6.171700597410915,2.070342297824722,2.622355479997327,5.479705782383087,1.0246284743137688,238.77615062761507
C3193,1,1,1,11.686197868062214,5.640015144543976,7.442492722794441,1.614143803471513,3.5702632294708576,4.258526820399859,0.0,69.70574443141852
C3194,1,1,11,11.571581090762118,7.620818202612377,6.182084906716632,2.331023028314579,3.889069264738737,5.396099549603828,0.0,219.54451345755695
C3196,1,2,2,8.491259809389733,7.798317862283561,3.4339872044851463,2.772588722239781,2.0794415416798357,5.095997163247392,0.0,162.36666666666667
C3198,7,283,29,13.660931786518873,8.012287801856484,8.074649075066652,2.5101144165067044,2.451794004910525,5.590333694937904,2.4536702914875796,266.82497664279043
C3199,2,4,1,9.537195079502435,8.151117051536444,3.7376696182833684,2.4203681286504293,2.1102132003465894,5.826503613954656,1.0,338.1707317073171
C320,2,65,10,11.613973696079707,7.44016474816287,6.040254711277414,2.0076976368209944,3.031990021576615,5.579873914312615,0.8290590693996659,264.0381861575179
C3202,2,77,10,12.356550875876534,7.835153657125306,6.556778356158042,2.1565535376052916,1.988469763474109,5.804209074676617,0.978070970973496,330.6927453769559
C3204,10,273,33,14.457860636802199,8.64390579181317,9.525224101853109,3.7351789569709166,2.1015826675570493,4.939890106134528,2.68536656131054,138.7548905109489
C3206,2,65,10,12.115584321870035,7.896443276888863,6.272877006546167,2.1724094082164953,2.9620842394357583,5.847481752935751,0.8739810481273579,345.36105860113423
C3210,8,244,25,13.673358110607484,8.144218322089738,8.099554282376364,2.643582224213548,2.0201800776431087,5.577894078895503,2.5942170511966895,263.51397326852975
C3211,2,63,10,11.569844405694335,7.365775074641613,6.082218910376446,2.0178836486804026,2.5977021439333448,5.494021515702089,0.7930490047779772,242.23340961098398
C3214,1,8,4,11.653217701497194,8.880759336392696,6.413458957167357,3.6651629274966204,2.7647455447787554,5.246669675258182,0.0,188.93267651888343
C3215,2,66,10,12.081772796497383,7.675512048025573,6.249975242259483,1.9885423508511961,1.6311516726578845,5.8366471395868675,0.9788698505067782,341.62862669245646
C322,2,65,10,11.583150909859725,7.394101903704394,6.0330862217988015,1.9882893720241748,2.9758387330344203,5.556326748061664,0.8453509366224364,257.8701923076923
C3223,1,9,1,9.070503426788383,3.8501476017100584,5.247024072160486,0.6931471805599453,0.0,3.8501476017100584,0.0,46.0
C3224,2,65,10,11.604236750754126,7.415175109613295,6.042632833682381,1.9965538818740682,3.0226397264739155,5.567799098784391,0.8453509366224364,260.85714285714283
C3227,7,190,25,14.64505053342976,9.279167435325201,9.897066984733206,4.5417525317715315,1.6586730154317848,4.75666480416657,1.7879821742025523,115.35720396557798
C323,2,65,10,11.633708440747585,7.459888194877062,6.040254711277414,2.0076976368209944,3.0349529867072724,5.5995351021521955,0.8290590693996659,269.30071599045345
C3232,2,8,3,10.754535515348346,8.115755675942665,5.6937321388027,3.0975149678639333,1.4213856809311607,5.070454079920317,0.9852281360342515,158.2466216216216
C3235,8,246,25,14.680425886816899,8.976769309309631,9.888221618865694,4.19950505787726,2.0554049638515948,4.800514150340566,2.851403704784547,120.57290820471162
C3237,2,56,10,11.307032267062546,7.247289325937562,5.84354441703136,1.9360090780726018,2.624168717121508,5.47059592831191,0.7007495497162063,236.60174418604652
C3238,11,273,35,13.900603262144536,7.927153608920647,8.475537516147405,2.580293933567073,1.8621649698523046,5.429667549947567,2.934538560754134,227.07340980187695
C3239,3,80,10,12.413846688738872,7.892427681105062,6.664409020350408,2.252435309308574,1.6582280766035324,5.75388540566989,1.5821930667351334,314.41379310344826
C324,2,4,11,11.591450097874198,9.193647268731485,5.762051382780177,3.395118335585773,2.090741096933769,5.835465419680191,0.9456603046006401,341.22397476340694
C3241,2,46,10,11.151482026956387,7.18193624289234,5.831882477283517,2.0035176983171397,2.413214721331884,5.327390614033744,0.9687003436508602,204.9
C3242,7,196,24,13.109174789050323,7.289772548408757,7.711548979629146,2.0315782475369035,1.7157475324460059,5.402586601799048,1.905747075330838,220.97984773846844
C3245,9,63,20,11.40706482427072,6.654752233671424,6.142037405587356,1.6094379124341003,0.680131812447875,5.272314089377491,2.415954262157813,193.86637931034483
C325,2,65,10,11.593887749703148,7.389803615939351,6.035481432524756,1.9773922873256657,2.9608008556698797,5.564630657867167,0.8602858652332408,260.0287769784173
C3252,4,79,7,14.136532624447753,9.086789049000286,8.502891406705377,3.4839976250598075,2.863665010034358,5.63741182887233,1.7874503075128547,279.73518668831167
C3256,3,3,1,14.208342198826076,11.31798191828492,9.445412494155667,6.556383707587468,2.782951509275328,4.77151170756501,0.6143694458867569,117.09763617677287
C326,6,138,20,13.625968596675081,8.67737790939905,9.315960853839867,4.379719009615056,2.040575375596392,4.323439354989609,2.161239779729282,74.44767389543777
C3264,4,169,28,13.144514225862014,7.7068827830793145,7.835974581721566,2.484544265294091,1.7793641227733372,5.313868028264014,1.2879210520683353,202.1344404903124
C3266,1,8,8,6.175867270105761,4.110873864173311,2.1972245773362196,0.6931471805599453,0.0,4.110873864173311,0.0,60.0
C3268,9,132,19,12.99937732952476,8.043869126041397,7.424165281042028,2.5491150107949103,2.0417689253806657,5.579587884062761,2.915688027855483,263.9623880597015
C3273,2,5,3,9.41865450904439,6.854679019538415,4.110873864173311,1.7255100836868542,1.578185368929996,5.32908902521479,0.8904916402194913,205.25
C3277,4,78,17,11.886094628277572,7.364932434368331,6.705639094860003,2.289455801552253,1.6266797188686064,5.187276258817586,1.6290144795646628,177.98039215686273
C3279,1,9,1,9.070503426788383,3.8501476017100584,5.247024072160486,0.6931471805599453,0.0,3.8501476017100584,0.0,46.0
C3282,6,182,27,13.327118085558425,8.080401978201138,7.803026643632217,2.6303731141928006,2.2260450158717116,5.528478330484758,2.148948608142008,250.76052308949735
C3283,2,68,10,12.110266342677159,7.779945621953199,6.293419278846481,2.092513623247189,2.6390573296152584,5.821658784426068,0.9494520153879485,336.5314814814815
C3293,2,8,3,9.540219493127752,6.768708705669504,4.30406509320417,1.7160476474923585,1.1977031913123406,5.2549235746394105,0.954434002924965,190.5068493150685
C3295,1,171,10,15.397694841202721,10.238675097298952,10.607896085373092,5.453108235499172,2.2979767899078514,4.798102826904496,0.0,120.28010975971522
C3299,6,147,23,13.01804010140519,7.676167485905427,7.508787170634276,2.2744415567335614,1.625574949837073,5.513837860350033,1.367347373964262,247.10148107515084
C330,2,57,10,11.581742320967363,7.521831262557796,5.971261839790462,2.046579877195835,2.6390573296152584,5.6166687906431045,0.6631968402398287,273.97186700767264
C3300,3,104,10,11.581938336257183,6.838069620990172,6.428105272684596,1.8522135735234015,1.7903091426504085,5.16119191321676,1.52083686621422,173.37216828478964
C3309,4,70,11,12.41095446176379,8.107186705764601,6.352629396319567,2.1682812012967307,2.9648550349895517,6.062396201117168,1.62599582937606,428.40314136125653
C331,5,109,19,11.965293242764613,7.256462528947255,6.673297967767654,2.093975056296004,2.239367021000978,5.298266732354755,2.0417817775144775,198.98987341772153
C3310,4,73,12,12.41125179896877,8.080823850064224,6.403574197934815,2.189887787272365,2.9917770937110633,6.0117832510143865,1.166682713720117,407.2106135986733
C3312,2,66,10,11.71845886375797,7.484905870717186,6.2166061010848646,2.1097739295290716,2.8177491183586345,5.507905456327724,0.868533960265235,245.634
C3317,1,3,2,14.220488213953622,10.665162829925348,8.884194633072273,5.333546607882179,3.866427732155233,5.341232955109757,0.0,207.769955654102
C3318,3,13,1,12.648480232560056,7.456098242908075,7.791522819150732,2.6699251837512796,0.8059797110564726,4.865108385315613,0.17596440255098414,128.68499379909053
C3319,2,59,10,11.833602177978094,7.614580545381466,6.1092475827643655,2.0285351693323226,1.7644285755110836,5.7298249643159975,0.8739810481273579,306.9153674832962
C3320,2,67,10,12.126309482113834,7.695942039967135,6.373319789577012,2.074967261284915,1.6259672143853108,5.757855094022569,0.9852281360342515,315.66837606837606
C3322,2,59,10,11.867995121123705,7.709553648739985,6.118097198041348,2.089159791148757,2.2263113156380534,5.75526706788992,0.7855602922535473,314.8498896247241
C3328,2,60,10,11.785727374892558,7.659057240642557,6.234410725718371,2.2202548246109184,2.5906703099785995,5.557139017588021,0.7982441335646697,258.0805500982318
C3329,8,208,27,14.336720477812841,8.734761970530629,9.396736947923277,3.816779244082273,2.1769298240458554,4.947194591265884,2.2982618871503546,139.77946547144754
C333,3,21,1,11.28038792801415,5.376925098648127,6.366470447731438,0.9473258604409969,0.22096727189161422,4.922928948712237,1.0425021719742051,136.40447504302927
C3333,2,11,1,9.946451251968243,4.778696112237441,5.407171771460119,0.8128116843160343,0.11211729812070609,4.554303543103849,0.050317612906927774,94.04054054054055
C3334,7,263,30,13.152844084657916,7.391407479641372,7.671360923190644,2.047084015340361,1.951733233818578,5.486099898015527,1.9008061465369297,240.31421911421913
C3336,2,66,10,12.041451507940529,7.64747382066012,6.2324480165505225,1.983977028979148,1.7834949593781615,5.81395423235057,0.975119064940866,333.9409448818898
C3339,2,175,10,11.399230312522345,5.933810850546441,6.008813185442595,0.9980845831024882,0.23572233352106986,5.397404551367716,0.21288811187631754,219.83251231527095
C334,2,10,1,9.628590074443766,4.463958040033483,5.327876168789581,0.7692708760327461,0.2083453302152599,4.3189179850915105,0.050317612906927774,74.10731707317073
C3340,9,440,33,14.689950849982855,8.473553274857933,9.832474785289708,3.642354686067789,2.6518071835871413,4.865268956907348,2.2171008759423376,128.70581919690787
C3344,1,11,6,9.958780338284837,7.47439396756734,4.30406509320417,1.957744606702316,1.3652409519220583,5.671721457726956,0.0,289.5342465753425
C3349,512,7,687,12.710190824599207,6.142857470695829,7.857867559331803,1.5315900827052484,2.9444389791664403,4.860483913513733,8.906903357595844,128.08665377176015
C3350,2,62,10,12.034797847994993,7.744765569661456,6.342121418721152,2.1710087352053264,1.784886589940293,5.697791608113406,0.9136617865655932,297.20811287477954
C3352,2,59,10,11.851438474939094,7.632408251519071,6.104793232414985,2.0246591954876294,1.8063582686492077,5.752054056886947,0.833764907210665,313.8366890380313
C3354,4,95,10,12.252636523839449,7.580313448360774,6.5638555265321274,2.0303592787789566,1.4162160409849398,5.693560920584663,1.8670613774649814,295.9491525423729
C3370,3,90,10,12.170025690673723,7.565368541798796,6.51471269087253,2.046401687601636,1.556037135706985,5.660278019744466,1.4986885704510973,286.2284866468843
C3371,2,62,10,11.967796420691743,7.6915807164137675,6.329720905522696,2.1722232751308024,1.7707060600302227,5.64340038295077,0.9182958340544894,281.4214285714286
C3374,13,394,30,13.974758794572631,7.627855554059472,8.556029215201436,2.3126914693087746,1.9759764847800705,5.4233432602735006,2.813416418815554,225.6355589763325
C3375,2,26,8,10.816713593037438,6.5276975296429915,5.493061443340548,1.462113197677242,1.0078579253996456,5.33259901126846,0.7586638628883697,205.97520661157026
C3377,3,26,7,10.880327609274326,6.647500382435957,5.771441123130016,1.7294728390211869,0.4006224836323764,5.117993812416755,1.158389032729003,166.0
C338,4,52,49,12.431050513456535,7.942765436926094,6.576469569048224,2.2034473727744883,2.298080580872941,5.858829345730895,1.6230789202957774,349.31380753138075
C3381,1,10,6,9.670041108226021,7.368024179130975,3.9318256327243257,1.791759469228055,0.0,5.761107541275471,0.0,316.7
C3384,9,274,20,13.487360594956694,7.53724965715094,8.09040229659332,2.2507434026508815,1.9632441622683547,5.4017821563483,2.0428439923525423,220.80134886572654
C3387,1,9,1,9.070503426788383,3.8501476017100584,5.247024072160486,0.6931471805599453,0.0,3.8501476017100584,0.0,46.0
C3396,3,1,4,9.039907859574642,7.653969180478774,4.23410650459726,2.8903717578961645,2.6741486494265287,4.8283137373023015,1.5,124.0
C340,2,64,10,11.59467133682051,7.390586726586835,6.035481432524756,1.9773922873256657,2.962345257521254,5.565411251433387,0.8602858652332408,260.2326139088729
C3405,9,223,35,14.817929810558459,9.091194355766403,10.064117198461096,4.350214889294647,2.145988427438527,4.762436308531902,2.4180853441494294,116.03070175438596
C3407,2,73,10,12.27805371457106,7.7566884474865905,6.516193076042964,2.120698224318216,1.8998336907574775,5.766472065352617,0.9914606013843205,318.4088888888889
C3412,3,47,4,14.363712888055213,10.320693987019729,9.38328476695754,5.344933071384476,3.3929765485172982,4.987358716675713,0.9158945926726129,145.54883486161353
C342,5,111,21,12.154821455519379,7.436906599583125,6.8001700683022,2.1982161490585144,2.192251916666841,5.360470100814256,1.9200230564913368,211.82497212931995
C3420,2,61,10,11.596770166665275,7.470196564524566,6.171700597410915,2.1644347545132288,2.7101984296404997,5.43153621033426,0.7706290693639406,227.5
C3422,1,1,10,10.749784912589748,4.979015752858831,6.885509670034818,1.3924672202269717,4.108027610663506,3.8860173510322613,0.0,47.716479017400204
C3424,3,25,2,12.572467695802642,7.067985004885777,8.124446855715847,2.6891739738332783,0.4582478076860835,4.459944008501551,0.41447010196704026,85.48266666666666
C3427,6,94,18,13.712423012706495,7.388681343530788,8.908829791587868,2.657071263386325,2.288507979103209,4.811893010671648,2.0424012965973732,121.96416982152515
C343,1,1,1,8.68406264365127,7.99108471078573,3.044522437723423,2.3978952727983707,0.4054651081081644,5.691541188233847,0.0,295.35
C3433,3,108,10,12.15410543990492,7.46332620021503,6.656726524178391,2.095369068375937,2.3776755443491155,5.502743724435552,1.336021789585787,244.36422136422135
C344,2,18,1,9.725854985228304,3.8501476017100584,5.8998973535824915,0.6931471805599453,0.0,3.8501476017100584,0.9989326546260582,46.0
C3440,9,396,34,15.159526134794113,9.024081463587107,9.866512316411233,3.7545840970152087,2.382228120406466,5.298079181176941,2.2951895109842364,198.95236859855757
C3442,2,6,1,9.733232896960311,6.046662707572744,4.406719247264253,1.1069110914828049,0.28141245943818555,5.343514959345615,0.16866093149667025,208.2469135802469
C3444,9,466,32,15.17061864322558,8.837483955293152,10.332636634648445,4.017486535318012,2.47613531577036,4.84590585462948,2.3193783328786153,126.21847125463897
C3446,3,93,10,11.9666853764817,7.434670129033075,6.519147287940395,2.1137910216944737,2.3301584198981455,5.453299099983894,1.4189016458343788,232.52732644017726
C3448,3,92,10,12.183642970563989,7.539778614576813,6.53813982376767,2.032692562105763,1.451433663290852,5.650468324560714,1.5262349099495225,283.4246376811594
C3451,11,279,28,14.565276701331065,8.6279190766202,9.67990640549087,3.765730550771915,1.7952713253395947,4.892959806433268,2.929417442580805,132.34767383691846
C3457,8,286,33,14.772140223703671,8.905807390937289,9.906532910722088,4.057459174840287,2.108408843625579,4.873333997487412,2.5260983453825188,129.75613160518444
C346,9,172,21,12.821666309475052,7.6291929281228485,7.259116128097101,2.184802057337662,2.191653532286764,5.5670804000976535,2.338340007718834,260.66901408450707
C3460,2,59,10,11.698292379950143,7.587916871214237,6.037870919922137,2.060826733237604,2.583688194347784,5.666269393578093,0.7473944462440388,287.95454545454544
C3462,1,9,1,8.993551586299981,3.8501476017100584,5.170483995038151,0.6931471805599453,0.0,3.8501476017100584,0.0,46.0
C3465,3,60,11,12.382422238928825,8.13421617713927,6.298949246855942,2.1698696938868522,1.7988769369969189,6.087582202590708,1.0361864179112128,439.35543278084714
C3468,7,2,12,13.788841067638097,9.781563340396213,7.759187438507795,3.7746400492019134,1.6931103881582155,6.032481911099168,2.3851992991602304,415.7480785653288
C3469,4,59,11,12.425095719324695,8.205857084512111,6.295266001439646,2.1923105625337906,1.8325814637483102,6.133843010363029,1.533063187048994,460.2051756007394
C3471,1,9,1,11.679718746396418,5.631211781821365,7.438971592395862,1.6094379124341003,3.567044101252605,4.255612709818223,0.0,69.5
C3473,1,6,4,9.282847062762931,7.49155251520395,3.9512437185814275,2.2512917986064953,1.1526795099383853,5.35566094842851,0.0,210.80392156862746
C348,3,93,10,11.839383440123326,7.286184504871056,6.39024066706535,1.9828147059907644,2.1759471788889346,5.4550984374029765,1.3882845778935897,232.94789915966388
C3484,9,181,29,13.281390718395201,7.822204315976921,7.9976631270201,2.613817454842246,2.0655152319816414,5.289121157597034,2.6201319317999596,197.16918937100573
C3486,4,103,14,12.461485884420487,7.3204805181508155,7.020190708311925,2.0199584464365277,2.995732273553991,5.44650602049734,1.9586322374325802,230.94633273703042
C349,2,3,1,9.042986242304014,7.944610360256391,3.258096538021482,2.2335922215070942,1.8458266904983307,5.826943614939534,0.9182958340544894,338.32
C3493,1,3,2,11.702421225512184,8.268682203094675,7.362645270417825,3.9475146900215607,0.27958486221916157,4.353349507135007,0.0,76.7384126984127
C3495,8,317,28,13.500564168924305,7.499701323463531,8.037866234709618,2.158817614406538,2.0831475372741535,5.467251378082476,1.582327917704394,235.80840064620355
C3496,10,208,29,14.431611993800843,8.898358587340663,9.602855320908718,4.086341609359299,2.0604883558775975,4.836787794333732,2.5639153500607517,125.0637579359719
C3501,1,2,2,8.325063693631197,7.632158849192637,3.1354942159291497,2.4849066497880004,0.9162907318741551,5.2390980068880655,0.0,187.5
C3503,3,8,1,14.459526841311877,10.12883288866849,10.134043563565792,5.806283643116425,3.2656589637778652,4.338662387641981,1.1363836745395337,75.60500297796307
C3507,3,58,10,11.898262692893226,7.694018918753397,6.1224928095143865,2.0529749684916725,1.8235859008397322,5.781048719518184,1.0825460933421356,323.0989010989011
C3509,2,66,10,11.715572388225429,7.482020994746279,6.077642243349034,1.988469763474109,2.927515498341928,5.643763990940027,0.8865408928220898,281.5241379310345
C3515,10,116,27,14.521785688660765,9.60187187371415,9.784422445377189,4.872072146261698,1.9322616432237534,4.746142145809435,2.694812026598054,114.13923622845556
C3518,3,70,10,12.150871726311607,7.7204933837921255,6.324358962381311,2.0322126580773565,1.7471273152072866,5.831239952666413,1.2781076015531705,339.7809694793537
C352,3,96,10,11.998168630350486,7.424048402918097,6.46302945692067,2.0278769136859536,2.6565760258242324,5.5406260871232575,1.4703760552193827,253.8375
C3526,4,14,3,19.726156014424774,14.715521124183528,12.703496870351902,7.693314504413481,3.1042876801083366,7.023553233868471,1.6470718755405769,1121.7689992246765
C3528,1,49,9,11.747404525948184,7.855963827522619,5.958424693029782,2.1835257329780573,2.1218948579321752,5.794607812764115,0.0,327.52331606217615
C3534,9,448,30,14.056820889502209,7.778717316050354,8.552367266423891,2.3716279944990184,2.297317962683126,5.508705520913582,2.6025620937996132,245.83140208574738
C3535,1,2,2,16.980101713477634,12.760596837801616,10.487043056465978,6.269402609332795,4.239208556481155,6.494599235199638,0.0,660.5590425977069
C3536,2,71,10,12.189007866903582,7.689650753144255,6.440946540632921,2.0738704966303807,1.5801235247653251,5.752831239190636,0.9967916319816367,314.0814696485623
C3538,8,1425,8,12.266231276436766,4.976733742420574,8.395251520610994,1.3862943611198906,2.3029240186031195,3.8918202981106265,2.9567795456351993,48.0
C3539,1,40,2,12.010526021782988,8.182158182358084,7.016609683894219,3.2275338876113153,2.218730782557183,5.0015577121493004,0.0,147.64452423698384
C354,9,501,31,14.111378782257768,7.741911390631235,8.639410824140487,2.3677120539806236,2.2487651775186444,5.476337628430612,2.545560425938899,237.9699061780846
C3541,1,9,1,8.993551586299981,3.8501476017100584,5.170483995038151,0.6931471805599453,0.0,3.8501476017100584,0.0,46.0
C3542,11,303,21,13.506023134102495,7.735017988379406,7.8050670442584895,2.1562439224857624,0.9619607687073435,5.704698313983631,2.406744925003462,299.2748776508972
C3544,5,101,16,12.782663537671558,6.942984921223211,7.236339342754344,1.6163904317489821,0.744149735012318,5.550932981219954,1.3539343321648463,256.4776657060519
C3546,1,9,1,9.070503426788383,3.8501476017100584,5.247024072160486,0.6931471805599453,0.0,3.8501476017100584,0.0,46.0
C355,8,276,31,13.75147537679655,8.099288931592262,8.24301946898925,2.662587827025453,1.9138218345038127,5.512761078502794,2.6094026974296054,246.83447368421054
C3553,2,37,6,11.579171901789133,7.750951571727148,7.007600613951853,3.2188758248682006,2.733802697204625,4.582746736030166,0.6152538910563409,96.78260869565217
C3556,13,428,25,14.520872829603478,8.196788948174003,8.919586920999915,2.6670788525379168,1.9030165444527238,5.605104985667887,2.788495733813113,270.8104601391118
C3558,2,62,10,15.305923238535646,9.123947135979181,10.07807091323496,3.916064414698056,3.4865659959142405,5.233244563125343,0.46637033306518255,186.39984882842026
C3563,1,4,3,8.922391597295857,7.536497262849745,3.58351893845611,2.277267285009756,1.252762968495368,5.371567828287629,0.0,214.2
C357,3,61,11,12.423093491278355,8.160695294178058,6.295266001439646,2.1540524054710106,2.408086443804559,6.131845119919401,1.046692670026239,459.2846580406654
C3570,3,44,11,12.130502836182151,8.179534096911611,5.916202062607435,2.0937615954545845,2.062471437461374,6.218987683213935,1.141619525334138,501.1945945945946
C3574,22,4,37,11.377311906141381,5.937524782842182,6.470799503782602,1.3329483804145978,1.4772661393256175,4.915409865222433,4.311052342594233,135.3751937984496
C3578,3,62,10,11.928796245792274,7.625212665471281,6.175867270105761,2.013099593543114,1.7290211285946318,5.758165435549159,1.4615035989769836,315.76666666666665
C3582,1,1,9,10.244627450087735,4.764220296165291,5.831882477283517,0.8775327215747514,0.024491020008295776,4.427660562661877,0.0,82.73529411764706
C3586,1,1,2,15.23904506644198,11.712692490213326,8.906122330884303,5.384225193673971,4.111355908048638,6.334833076596854,0.0,562.8752711496746
C3587,9,393,36,14.844991751307244,8.733685135389633,10.061516416761037,3.9690779401523053,2.8110576177987108,4.791849380723848,2.0831363243417784,119.5240575502711
C3589,3,67,12,12.890595241047489,8.60031734255834,6.646390514847729,2.4453205730939356,2.7631262860452854,6.247439029507152,1.1369327782069396,515.6879063719116
C359,45,12,392,13.129317143831598,7.116412005045951,8.122371243406553,2.222970166669655,2.0782182999370917,5.013907843200103,3.9356071979300276,149.4916864608076
C3592,2,9,3,10.85784448521674,8.37314959583226,5.877735781779639,3.4231762883809305,1.9218125974762528,4.989725312336338,0.9182958340544894,145.89606741573033
C3597,2,57,10,11.282354397827222,7.2226289415845,5.849324779946859,1.9409718674147307,2.6929949080513604,5.440250862436703,0.6631968402398287,229.5
C3598,3,127,25,11.775820357860322,6.879002569670819,6.754604099487962,2.0008747343790767,2.132133111755475,5.028942000549908,1.3525386751796495,151.77129521586932
C360,2,66,10,11.63024617154677,7.41133411989574,6.054439346269371,1.9810014688665833,2.968149458938849,5.581920543368577,0.8546480601169081,264.5811764705882
C3600,2,3,1,10.89755380857985,9.798978526110282,5.278114659230517,4.189654742026425,2.5902671654458267,5.628137490214357,0.9182958340544894,277.14358974358976
C3605,3,102,10,12.407354972089703,7.628713794757205,6.70073110954781,2.0571357841655376,1.4975199962301151,5.71116484578783,1.562531814799528,301.2229064039409
C361,2,65,10,11.562819781244071,7.373783212582647,6.016157159698354,1.9736600620082156,3.0757749812275277,5.552978538135609,0.8453509366224364,257.0048899755501
C3611,9,259,29,15.068343238315428,9.422976903238924,9.04381342108087,3.431133484153421,2.321486600761602,6.027063141944539,2.840360695814295,413.49592439456586
C3616,7,230,34,13.338263155830662,7.693270635199253,8.013012110368916,2.4568367268368356,2.104737264614599,5.3304343412770345,2.24498527262385,205.52765816495528
C3622,3,42,11,12.200386510059188,8.249399212693747,5.942799375126701,2.1171818696626827,2.0600234558227344,6.262119249514282,1.141619525334138,523.328947368421
C3623,3,61,10,12.021103587194807,7.717477558729666,6.202535517187923,2.0362942105235824,1.8486676014999346,5.823549867271266,1.4942604028418092,337.17038539553755
C363,2,9,1,13.944266064177237,10.89976121007713,8.392083380373393,5.352083790703697,3.355735007585398,5.5562790900444705,0.9587118829771317,257.857855361596
C3634,1,1,1,16.36827848367084,13.323757603263015,9.668777364850452,6.625518670502598,4.0287472797362875,6.700794960819322,0.0,812.0519127410686
C3636,3,3,1,9.218606116393214,8.120192161720203,3.4339872044851463,2.3978952727983707,1.6739764335716716,5.820280734724483,1.584962500721156,336.06666666666666
C3640,4,2,17,11.56531865425156,5.682615583842269,7.104144092987527,1.4765412389676689,4.00960333376701,4.473460441425463,0.5361579242736605,86.6595394736842
C3645,2,57,10,11.842660773653009,7.65347334655142,6.095824562432225,2.0427932745240973,1.8240604140163763,5.752264447013212,0.8453509366224364,313.90293453724604
C3649,1,1,1,7.268920128193722,5.1943447761650585,2.833213344056216,1.0986122886681098,2.315007612992603,4.5067301131748385,0.0,89.625
C3652,3,8,3,10.053759290414428,7.16411866817649,4.653960350157523,1.9136492868370918,1.413693335308005,5.413790043071236,1.3516441151533922,223.48076923076923
C366,17,56,74,15.955666717410788,8.747965524988242,9.522519916028351,2.40881189997983,0.9437617755372746,6.434825848463831,2.55489588074125,622.1740466954549
C3660,3,14,5,13.772663597917852,10.189181191029455,8.664923303440572,5.087424852766046,2.5734600471294455,5.113942279061405,1.3624920208405233,165.32476272648836
C3662,10,240,31,15.198612578984392,9.481660866897068,10.43599638713326,4.727824379204729,1.9810014688665833,4.771151993985985,2.475322815477659,117.05516249302762
C3666,3,55,10,11.741398787785327,7.734495213920297,5.961005339623274,2.083976696845227,2.8396099543529085,5.7860409725219,1.5027446134766542,324.72093023255815
C3668,2,57,10,11.259554638035922,7.199845723714828,5.84354441703136,1.9360090780726018,2.6976514938813114,5.423322323256648,0.6631968402398287,225.63081395348837
C367,1,9,1,8.993551586299981,3.8501476017100584,5.170483995038151,0.6931471805599453,0.0,3.8501476017100584,0.0,46.0
C3670,8,140,28,14.82214460973603,9.674712622404906,10.091003926207186,4.950572529912131,2.061105861146746,4.739959181628667,2.171461293615917,113.42953075775162
C3674,3,35,9,11.598157760332226,8.043121871752412,5.556828061699537,2.1248245475276533,2.107612418646532,6.0475554232013025,1.4543637930792856,422.07751937984494
C3678,4,68,11,12.626340976608018,8.149289859998051,6.470799503782602,2.119808887408445,1.7150256749966655,6.159203549218878,1.3081870465025802,472.0511627906977
C368,5,138,12,13.165740823973891,7.082079873001691,8.055475141757274,2.101129478072436,3.9241136275019564,5.116595629826049,0.7027601314153782,165.76666666666668
C3680,2,3,1,8.869679374733515,7.771348221855843,3.295836866004329,2.268683541318364,2.833213344056216,5.615091366028624,0.9182958340544894,273.53846153846155
C3681,2,21,8,10.35653574738245,7.312648795191344,4.912654885736052,2.005333569526114,1.5998684614179497,5.45551103084588,0.7918583525674836,233.04444444444445
C3682,1,1,4,6.440946540632921,5.059425458265688,2.6390573296152584,1.4469189829363254,0.22314355131420976,3.894955096915998,0.0,48.15384615384615
C3684,3,32,9,11.163878496766863,7.63798570895098,5.655991810819852,2.2388305781686832,2.1048512572052043,5.515407545397244,1.4183533479345785,247.49122807017545
C3686,2,60,10,11.649019820397864,7.386950689008702,6.0844994130751715,1.9697681395092073,1.7846923020049625,5.570607617725982,0.9086185980409245,261.5936073059361
C3688,8,1412,8,12.260110919013046,4.976733742420574,8.389132521348719,1.3862943611198906,2.302789710530482,3.8918202981106265,2.9455276003238406,48.0
C3692,4,56,9,12.878167267955755,8.658830611834125,7.862497197230545,3.6684516314238382,2.720714763943532,5.022661266620174,1.609776188809356,150.81478629187524
C3701,2,63,10,11.48941115790516,7.186093154412085,6.129050210060545,1.9725783961374748,1.6948714687425133,5.367209796309664,0.9352691398683567,213.264192139738
C3705,2,69,10,12.055546223472613,7.625211723402394,6.267200548541362,1.9826421583240432,1.6399209291591763,5.793291785399243,0.9852281360342515,327.09125475285174
C3714,6,112,20,12.502979538191159,7.46012645479233,6.976348070447749,2.0672710060595807,1.6197075790715565,5.531529683452462,1.7969431849198072,251.52990654205607
C3715,7,127,13,12.48682828553611,7.490170939220979,6.855408798609928,2.0022101937438457,0.852112506182744,5.636043337711208,2.1348965978883996,279.3512658227848
C3716,3,58,11,12.43144171853282,8.212201381833966,6.293419278846481,2.1906671767900603,1.8419492137519102,6.142021475552071,1.0119209285947934,463.9925925925926
C3718,2,70,10,11.879046652335369,7.589086348106434,6.304448802421981,2.1376458315362052,2.9429959774730476,5.580199685866069,0.9136617865655932,264.12454212454213
C372,10,149,25,13.056099635595693,7.793819669798104,7.549609165154532,2.383185636279928,1.9332470375706834,5.511064779384116,2.8239004296613324,246.41442864665615
C3726,3,4,3,9.959915143834772,7.395532706594399,4.770684624465665,2.302585092994046,1.5125880864441827,5.2032080212759615,1.198183947911799,180.85470085470087
C3732,3,91,10,12.283084611295546,7.6585792575162746,6.6293632534374485,2.1296312862036912,1.493124384757077,5.658532333501257,1.513742051337809,285.7275132275132
C3734,4,59,7,12.970851878539866,8.75150008249465,7.631916513071252,3.444369553527364,2.8183982582710754,5.344205073156255,1.2202050686053012,208.3913676042677
C3741,7,304,32,13.414346188407801,7.3191830554786925,8.132118772955806,2.1587043195075197,1.2674550245308136,5.287586666599238,1.8435254253095759,196.86533372537488
C3743,3,57,10,11.848969038299888,7.65977867321299,6.093569770045136,2.0408267055520564,1.8067973465925955,5.7608055517032115,0.9516013003461719,316.60407239819006
C3745,3,15,1,10.412922209355978,5.214338350338694,5.537334267018537,0.8713393440118887,0.2165283121954905,4.887074731059105,0.17438502090188973,131.56521739130434
C3748,2,13,1,18.634016079594566,13.42453139710309,11.453164844796854,6.245608907847967,1.4574706395877857,7.181622564863738,0.1517488867523381,1314.040266247691
C375,2,66,10,11.65402564194468,7.46493520217351,6.066108090103747,2.016921184698502,3.1114930638296068,5.593958956895068,0.8453509366224364,267.79767441860463
C3750,2,33,3,12.511743200712525,8.750697765199584,7.54274354536855,3.8035568972121667,1.8842467819496753,4.976448478494652,0.9902246902198684,143.95864262990457
C3753,10,178,29,14.771500734535323,9.368908308371763,10.011893426379915,4.619081975741884,2.03688192726104,4.768183878439952,2.796039695008052,116.70528063170174
C3756,10,191,41,14.415453040636406,8.922524408531224,9.565143565282119,4.088911448207347,2.177367078850144,4.858174011078515,2.429065501945353,127.78882031140412
C376,3,59,10,11.579854875652169,7.4372998431610995,6.100318952020064,2.087346721186949,2.459453165797804,5.485924555213877,1.0729961342585743,240.27191011235956
C3762,6,188,25,13.349814438065085,8.103091420793637,7.768533300926033,2.5983919644319986,2.1098941701955347,5.585461540551276,2.2151894361430453,265.52326565143824
C3763,1,6,3,11.166978484386473,9.375289679045666,5.91350300563827,4.135166556742356,2.6855773452501515,5.261369407484835,0.0,191.74525745257452
C3767,2,5,1,10.098355078498601,6.462290206815132,4.770684624465665,1.405838957192861,0.8510502100057541,5.3409428619875134,0.17556502585750278,207.7094017094017
C3770,2,59,10,11.833602177978094,7.614580545381466,6.111467339502679,2.0304675370833762,1.8063582686492077,5.727607502331509,0.8739810481273579,306.23333333333335
C3774,11,171,37,14.015798907614307,7.15382235166852,8.91139510724569,2.169770717608655,3.8749856810045524,5.110588634693353,2.0748996361175,164.767902899528
C3777,3,81,11,13.479903546927428,9.01411571690977,9.277812087091196,4.819910714497505,2.8092642007981876,4.217035570476933,1.2399368623824771,66.83210245863326
C3778,11,379,32,14.957707421710607,8.403997693820553,9.8633424122317,3.3452448769222185,1.8467259711344748,5.100528903909817,2.904285074681651,163.10868207370393
C3784,9,261,29,13.707488726366822,7.272032184142158,8.181160858023409,1.9057366011467602,1.3713596738467648,5.530578243008686,1.988947852463814,251.28975363941768
C3785,3,63,11,12.391260922685339,8.128871835097893,6.315358001522335,2.1718666417461376,1.8421133553736697,6.079999521287828,1.0291929750061968,436.0289855072464
C379,7,138,31,12.81455206432404,6.300193903553925,8.149601735736155,1.8115330904184475,1.7545879371197093,4.674609456909031,2.2079811694852327,106.1906963305403
C3790,1,4,3,9.66770192587285,8.281597432162789,4.5217885770490405,3.1675825304806504,2.1102132003465894,5.162522818371517,0.0,173.6043956043956
C3794,3,66,11,12.567739111071527,8.137211324036183,6.419994928147142,2.1159686119172103,1.7133688352823322,6.151503241864066,1.1178896056701053,468.4225122349103
C3796,1,130,9,15.168037151562432,10.29287344398831,10.258360874528233,5.387711398941734,2.385325274888701,4.9170586413128845,0.0,135.60023142466426
C3799,10,244,32,14.824962252638677,9.127976992641623,10.016637650468784,4.332718299364218,2.146362917870711,4.816496927996785,2.6435933628162247,122.53159187318597
C38,5,109,19,11.979328871183473,7.26152600977348,6.679599185844383,2.091643578820042,2.171092437059371,5.305954793677248,1.904982814657167,200.53333333333333
C380,2,71,10,11.815412402566684,7.525484884183831,6.278521424165844,2.11476901688245,2.93429396461958,5.542685208448997,0.9271587399898307,254.36278195488723
C3801,2,59,10,11.902694701505357,7.759979759134343,6.152732694704104,2.133508762950112,2.6032774021818414,5.755256278692625,0.7918583525674836,314.84648187633263
C3802,8,148,29,12.595594668717233,7.460368454497345,7.05617528410041,2.0563836216629836,2.05788738134485,5.544196187751633,2.490513946283598,254.74892148403796
C3806,6,135,20,15.101208592190593,9.942201118986704,10.387578981099482,5.233840146213526,1.7596399198059425,4.722592018773361,1.938447256175755,111.45937201491388
C3808,6,170,20,14.424419784765714,9.067948275663396,9.571644584298577,4.229653069810568,2.1658139567151125,4.860620168007311,1.4494011474772954,128.1042436067173
C381,2,21,1,12.231355327897566,6.287790436624589,6.52795791762255,1.0253094695369502,0.28111606068089035,5.708179819964524,0.06620011607499685,300.3221083455344
C3810,3,50,10,16.920497784003146,12.746113382909229,13.087817480251646,8.913562700719599,2.6478101207248534,3.854102726955399,1.2052018180461705,46.18625898252871
C3812,2,1,10,10.7784353208759,5.290405491610579,5.8944028342648505,0.912167014690293,0.07145896398214495,4.894287691800682,0.03853718088787195,132.52486187845304
C3814,3,59,11,12.730472718162426,8.48218166433981,6.455198563340122,2.3097025607629096,2.531426665422893,6.278722316957719,0.9982377078182595,532.1070866141732
C382,3,65,10,11.64066763232114,7.451584778906403,6.066108090103747,2.016921184698502,2.9758387330344203,5.580650858484831,1.0270835132283895,264.24418604651163
C3822,1,4,3,9.764914902672189,8.37879282168021,4.672828834461906,3.3141860046725258,1.4469189829363254,5.10748802283958,0.0,164.25471698113208
C3824,1,8,3,9.549950537288323,7.471007304926505,4.174387269895637,2.1972245773362196,1.7047480922384253,5.395543323714831,0.0,219.421875
C3826,3,57,10,11.85386627406191,7.6646736408952245,6.102558594613569,2.048669883013082,1.8902784530691645,5.756706725306744,1.1959444988646861,315.304932735426
C3830,2,106,3,12.961485453660975,8.182639113950929,7.614312146452,2.891771338250588,0.9279867716373463,5.352412383971716,0.5225593745369408,210.11697926949654
C3832,1,1,3,8.73020559553099,7.631916513071252,2.5649493574615367,1.6094379124341003,0.0,6.247075288559693,0.0,515.5
C3833,5,102,11,12.422022383304112,7.594208102249355,6.811244378601294,2.110940208739207,1.4706355095536416,5.615523451884226,2.0506573641878854,273.65711135611906
C3841,2,423,10,19.598587331074917,13.516369766319649,15.769302421684474,9.687145447851155,2.795023525617473,3.8507775628664564,0.26767592008620483,46.02961750230923
C3844,3,69,13,12.08649487530076,7.692496427400496,6.583409222158765,2.293905559274323,3.118168390002072,5.5085244153818085,1.3757538090716608,245.78670360110803
C3845,9,117,16,13.989466386092937,8.920694947833704,9.10985683339786,4.0582719284951825,1.6561294399466113,4.887289707840954,2.3805926420908023,131.5937188985956
C3851,1,79,9,9.339349052539717,4.976733742420574,5.472270673671475,1.3862943611198906,2.249291131050198,3.8918202981106265,0.0,48.0
C3854,2,6,1,9.930616219924381,6.061699702196587,4.634728988229636,1.1394342831883648,0.7439195059333685,5.310546210082521,0.1460942501201363,201.4607843137255
C3859,5,109,19,12.001364365538274,7.3015525822226195,6.682108597449809,2.1096620843227205,2.185029304242401,5.325381922859247,2.060540843798829,204.48682559598495
C386,8,184,23,13.314310129692428,8.036517305485456,7.735870319952567,2.5395107838228523,1.7702717494913653,5.582644823809591,2.5585150058178203,264.7736013986014
C3860,14,334,27,14.831926404670634,8.681492986257163,9.88557813199256,3.758518882706942,1.9013753104560198,4.9534826296378895,2.9036734168807046,140.66748116473224
C3862,1,2,1,8.733594061863055,8.040607950804947,2.833213344056216,2.1972245773362196,0.4054651081081644,5.9634186623294365,0.0,387.9375
C3863,10,112,21,14.264226069619253,9.189153762418215,9.472166029882736,4.409155302062135,1.9076889362351155,4.8003968745174355,2.3454778577482323,120.55865147783251
C3865,14,300,30,14.203844427438131,7.993581352004373,8.690474003558043,2.5601494721139897,1.8356290240507245,5.517561651920742,2.845964678697865,248.02708158116064
C3871,5,1133,22,12.824609420045318,5.742753510978598,8.300031711779575,1.4746135090698453,2.3033385778972066,4.535601885311003,0.44558367028928625,92.27964205816555
C3873,25,1,1138,18.45142190518438,11.138216054189314,11.415014907111598,4.118191288696381,2.0649199451608156,7.0372969012058615,4.226791600784162,1137.3064893241574
C3875,3,21,5,13.058375104852233,9.05115704962085,7.971776122880628,3.982905000487892,2.037672128803541,5.093099856281317,1.1828042794154352,161.89402830514325
C3878,2,4,3,11.200855066961413,8.636069646166046,6.236369590203704,3.694632106603386,1.148622709242771,4.973374489132916,0.7793498372920851,143.51372549019607
C388,11,258,33,15.536561577799935,9.85303422035493,9.08851166361105,3.4374921368793188,2.2612669436633146,6.449744874184408,2.905693447676513,631.5408947130592
C3880,2,42,10,11.527538177338075,7.6159979471874175,5.8971538676367405,2.1114245875328868,2.05668455455722,5.6366964812842415,0.9426831892554923,279.534435261708
C3882,6,76,12,12.70680247786412,7.794556617970569,6.728628613084702,1.9656715825552729,2.45189212851959,5.981894952148937,1.9422931007079558,395.19041916167663
C3884,3,89,10,12.3289803056175,7.7444416424722,6.569481420414296,2.1120667689959127,2.0996442489973552,5.764041310259579,1.4806603537011562,317.6334269662921
C3886,2,62,10,11.99153570089386,7.715309432335741,6.306275286948016,2.151439153668541,1.7564201027827462,5.690464444118531,0.9182958340544894,295.0310786106033
C3890,9,217,22,13.466456501156904,7.500861105361856,7.928045600874777,2.0931294841819565,1.5691499633203965,5.542693689504747,2.329703075806261,254.3649477100613
C390,2,18,1,9.725854985228304,3.8501476017100584,5.8998973535824915,0.6931471805599453,0.0,3.8501476017100584,0.9989326546260582,46.0
C3904,2,59,10,12.039350778403923,7.850079926010991,6.20455776256869,2.1382820417027695,2.5257286443082556,5.839723243104037,0.8453509366224364,342.6842105263158
C3907,9,217,18,13.204330386268317,7.749438505672695,7.482681828154651,2.15056888569542,0.8797331361403575,5.725476749214211,2.1272371022887513,305.5793918918919
C3909,2,1,3,13.178662422092362,11.386912405383828,6.040254711277414,4.260329699696362,3.0834378539730967,7.1415814244663185,0.6500224216483541,1262.4248210023866
C391,2,65,10,11.59314969462919,7.404094663836723,6.025865973825314,1.9820458553844897,3.0848248167474455,5.57349727751277,0.8453509366224364,262.3535108958838
C3910,3,205,10,14.008867665128486,8.395964536645321,8.887790764195326,3.3116612541452857,1.9609168989841295,5.127165179570294,1.2054305732668944,167.538663352665
C3912,5,156,24,14.828956675294144,9.587277895514127,10.093322479806597,4.859320096659421,2.122799999196,4.744413419397343,1.7952502530013792,113.94036393713813
C3914,6,164,24,14.97375623223845,9.820518650580667,10.288749953326773,5.141291652179212,2.6983695833914867,4.6942299867848245,1.9440252363988466,108.31460253750127
C3916,9,229,27,13.156140454666724,7.53989901598175,7.6251071482389,2.1338436351038377,2.126064857764178,5.535471682105758,2.6046374652789246,252.52734375
C3919,9,220,31,14.69081928251681,9.081460832377624,9.854612384753992,4.259320787554281,1.960455860057692,4.844164346852915,2.5060583088553128,125.99711210291414
C3921,3,69,10,12.146975294341985,7.7285695521681586,6.4425401664681985,2.146424362238763,1.7796381086957103,5.709343802604869,1.4240650747143373,300.67304625199364
C3928,2,67,10,12.048277833912815,7.629917190537826,6.257667587882639,1.984733590138217,1.6518971202058919,5.795567574700658,0.9763102872004579,327.8387715930902
C3929,1,8,5,9.4925826756776,7.4136688583871075,4.04305126783455,2.0794415416798357,1.3862943611198906,5.471369907959766,0.0,236.78571428571428
C393,2,61,10,11.610161062694507,7.49983145571429,6.148468295917647,2.15822241953295,2.7918688729852814,5.468051105956664,0.7473944462440388,235.99785867237688
C3931,4,19,5,11.49518910147993,7.912026362682582,6.8679744089702925,3.3202283191284883,1.3581234841531944,4.637970089405434,1.9341956474579238,102.334375
C3933,6,155,27,14.607827732380281,9.329801364155163,9.848186236751038,4.580323224751886,2.2295754185893863,4.768225620064506,2.2187913327980384,116.71019394387783
C3935,3,64,10,11.996597751043657,7.67956575472505,6.3080984415095305,2.1170584052511425,1.7532496144661793,5.693689128710682,1.5818814599346398,295.98722627737226
C394,8,125,20,12.628211307479827,7.776597290298928,6.945051063725834,2.2084461020801838,2.1354599830813736,5.687514576444553,2.1123248400382013,294.15911282545807
C3940,2,71,10,12.186629853485524,7.709736481042184,6.461468176353717,2.111589663055313,1.5934009135242833,5.729972750130332,0.9940302114769566,306.9608763693271
C3942,4,94,11,12.620738628802245,7.986346469889191,6.647688373563329,2.1372065676099665,1.5348817442618203,5.976884750562041,1.6034000974803793,393.2103896103896
C3947,8,347,28,15.310270683462877,9.372819261094516,10.380652974809484,4.454776730940025,2.8959265156375045,4.936851551296117,1.859366177459927,138.33088212479444
C395,7,5,433,18.986851078125486,12.259424087842762,11.981465523718978,5.259240355643943,3.533695306310832,7.006298375350985,1.3844846723770934,1102.5619628829843
C3952,6,172,15,11.59384163721634,6.332920642683951,6.343880434126331,1.3719431689568002,0.01030936965886125,5.256935869878364,1.1705503543244498,190.89260563380282
C3953,7,3,13,10.32025521214842,5.623360907345627,5.69035945432406,1.3034067013141228,1.3445249482435957,4.642923068819935,2.428622290610806,102.84745762711864
C3955,8,103,28,14.724967593231291,9.962840375511696,10.03819325538842,5.281075560113531,2.3639133385013684,4.695991394916636,2.185287202442911,108.507319844426
C3957,2,29,8,10.804725558450654,6.41189935262612,5.517452896464707,1.401608596092933,0.09418721505970107,5.2962992023918,0.691289869405789,198.59677419354838
C3959,4,142,10,12.790208208820822,7.429506911426273,7.587310506022615,2.3280789418202654,1.5564134441258801,5.208884657400334,1.42172447746948,181.88995943204867
C396,4,115,19,13.040415522756897,6.972925111217582,7.734996194022781,1.8392260064669788,3.8788395866379055,5.310804691160705,1.1912266268867722,201.51312335958005
C3961,2,52,10,12.424657823227628,8.43588672256987,6.327936783729195,2.429380889371937,2.153053359023082,6.100748037613181,0.3809465857053901,445.19141323792485
C3963,8,157,25,14.79861995946054,9.567580931325425,10.05048413127047,4.82737211764704,2.0237761932227514,4.756808740560312,2.0412282041944616,115.37395320728655
C3967,9,170,30,15.337270689592856,9.966679382408214,10.363314575330303,4.99940973187644,2.3305621527297835,4.980879181151087,1.9860170841163904,144.6023362273086
C3971,2,58,10,11.81849657025775,7.629320570253761,6.091309882077698,2.0388562615647574,1.8018098050815565,5.732687943590111,0.8453509366224364,307.7981859410431
C3977,2,10,4,10.909600706707314,7.246733530432692,5.8522024797744745,2.2922757233351843,1.6042965129336817,5.066581531557644,0.9995256892936492,157.63112391930835
C3978,6,170,29,14.612598296519167,9.256107102247617,9.840547752762253,4.4951341870422326,2.1232778564930137,4.780530297697575,1.999821265360521,118.16752755737792
C3980,3,63,10,12.035468174789564,7.7318358857779,6.3473892096560105,2.1636336329001837,1.740940220831842,5.693200365325664,1.0300329777841206,295.8421052631579
C3983,2,96,10,11.950044266880187,7.277899846528431,6.405228458030842,1.8938435953413348,0.13935552091051132,5.55035724906267,0.7843112002044088,256.3294701986755
C3984,3,20,4,14.012666538591683,10.080881958152373,9.515100775962715,5.586954864788147,3.2165201111757415,4.508712393201378,1.196857468515135,89.80482229759623
C3990,9,259,30,14.513523382058738,8.550137078164784,9.625095526991439,3.6868207812304,2.0684559707803785,4.895997943008669,2.7489218764531103,132.75341832353524
C3992,2,18,1,13.35602739404386,9.772563867994602,7.5411524551363085,3.97604055755159,2.7743233280519894,5.818381121750719,0.8112781244591328,335.4269782262347
C3995,3,12,3,10.178957864028105,7.1351943532185045,4.882801922586371,1.9793580831228534,1.4663370687934272,5.30868330144988,1.556656707462823,201.08396946564886
C4,1,9,1,8.993551586299981,3.8501476017100584,5.170483995038151,0.6931471805599453,0.0,3.8501476017100584,0.0,46.0
C40,2,3,1,9.028938392241612,6.19764144594522,3.8066624897703196,1.2776605201170952,1.3564413979702095,5.249890772642562,0.3227569588973983,189.54545454545453
C400,3,44,11,12.254529420798368,8.448076502740445,6.1224928095143865,2.407945608651872,2.9777945728673236,6.13639229237575,1.0462142562183354,461.3824175824176
C4005,7,165,27,14.328200043659946,8.990785924999088,9.511999311358759,4.189654742026425,2.1160237919420553,4.824338390449958,2.184841865551823,123.50406804733728
C4007,4,97,10,12.39613499824226,7.687059492704956,6.71901315438526,2.1342197476938907,1.4173389828018508,5.6817396131851226,1.7849935481089105,292.45949214026604
C4010,2,3,1,9.59014573330377,6.758026182082881,4.30406509320417,1.6665963262740489,1.3862943611198906,5.3045989657911665,0.3227569588973983,200.26027397260273
C4015,10,277,34,14.896452983377236,9.10660341022017,10.142307583235345,4.3651028869473185,2.481332482082158,4.76276310561326,2.3373358728344202,116.06895329605419
C4020,2,63,10,12.0117534034826,7.721731081000673,6.1903154058531475,2.0374773425808037,1.7521733925339904,5.826436130133211,0.9136617865655932,338.1478439425051
C4029,4,55,14,14.353619581672366,9.842812620388216,9.06589246761031,4.565377880935852,2.3581549441488563,5.2928820069631,1.8844013808243805,197.91587705107466
C403,1,18,1,9.71709773156622,3.8799719572629905,5.860786223465865,0.6931471805599453,0.0,3.8799719572629905,0.0,47.42285714285714
C4032,1,17,8,10.159446732791961,7.069216831472006,4.382026634673881,1.5240780634829436,0.24116205681688804,5.793013608384144,0.0,327.0
C4034,1,10,6,9.771098364490383,7.469026838228501,4.2626798770413155,2.0794415416798357,0.262364264467491,5.526533743582966,0.0,250.27142857142857
C4038,2,18,7,10.417537971057733,6.376159893729761,5.056245805348308,1.318240897874875,1.1826954058786512,5.3723062839959805,0.6699960320994333,214.35897435897436
C404,1,48,9,10.902261089546185,7.011324395123187,5.616771097666572,1.88583202511203,2.1742877919931214,5.294148103294694,0.0,198.16788321167883
C4042,3,17,4,16.140334621683607,12.311697626214041,11.601467336821527,7.77323772469136,3.272210512454955,4.549505060818824,1.4503134017471866,93.58558261713209
C4044,3,60,11,12.637994662600699,8.375542000746126,6.42648845745769,2.271108960892028,2.5138271153308676,6.215123362733391,1.062801040083985,499.25769854132903
C405,7,106,18,12.725172939588267,8.034146335812135,7.229113877793302,2.6131680642310116,1.8144361778990847,5.500873076705959,2.3554572073777615,243.9056603773585
C4051,5,175,27,14.966652992470392,9.619611561093299,10.165813354725493,4.826712455935327,2.1822989271195437,4.809066690699125,1.413163099541023,121.61712439418417
C4064,1,131,9,17.021242620801402,12.13089884242249,13.187189982041863,8.297088251924277,2.166687853476138,3.85544581063713,0.0,46.24967665505749
C4067,2,59,10,11.831866350137231,7.627653381918252,6.111467339502679,2.043350255117463,1.9373447861963902,5.725877316683205,0.8602858652332408,305.70222222222225
C4071,1,1,1,7.8838232148921525,7.8838232148921525,2.70805020110221,2.70805020110221,2.6390573296152584,5.249652194566756,0.0,189.5
C4073,10,149,26,15.022729089215131,9.807848052207403,10.314371286671152,5.105484234476201,2.0413614820816948,4.717369507497294,2.9873220676549543,110.87358265367018
C4077,8,212,29,14.885531995774711,9.324939198114897,10.093032954419403,4.5430083255332425,2.1097468911751647,4.80079725137214,2.4315711144725336,120.60733049269847
C408,6,172,19,12.935942228755328,7.783065044163059,7.2633296174768365,2.2238421183361754,1.8775658816183416,5.676741794280568,2.09373239111646,290.99649368863953
C4081,11,249,32,14.99888057495135,9.265633617049092,9.963641475355875,4.244697006902679,2.086696712561008,5.041769151929282,3.0359398465141605,153.743537831348
C4083,14,226,32,14.727424124010247,9.064578940827355,9.904237271426673,4.25551420220843,2.02960916793196,4.8312449821219055,3.05224983504708,124.36694313980213
C4085,1,8,5,11.370405221979142,9.291044399391145,6.240275845170769,4.174387269895637,1.7047480922384253,5.137956034233128,0.0,169.3671875
C4087,2,517,8,11.2313182365658,4.976733742420574,7.360739903058278,1.3862943611198906,2.3004836498670884,3.8918202981106265,1.0,48.0
C4089,7,15,112,23.466052734547098,17.454785586349928,16.155785385068725,10.144557404472025,3.837288894605748,7.310935860479958,1.0472514860334194,1495.5771214017907
C409,10,220,23,13.342075447916836,7.797307322103985,7.76004068088038,2.3180892795300108,2.1243178065281314,5.586215925803766,2.946131918111656,265.7244027303754
C4091,3,65,11,12.608713769947236,8.25226230265143,6.556778356158042,2.3038663231500944,1.745849767923977,6.055700746590796,1.0971440412695765,425.5376955903272
C4093,11,343,33,15.551550107634961,8.983597478604086,10.395497262044477,3.8489216533154504,1.9072510759055628,5.16183092268663,2.8189625114787713,173.48362936015408
C4096,2,59,10,11.600808128945756,7.3819138673589455,6.0063531596017325,1.9395876833158263,1.7568432041218272,5.600614341350899,0.8739810481273579,269.5925925925926
C4098,9,347,27,15.059127831799929,9.111202982176593,10.177970397179921,4.244346401322787,2.7997936193080966,4.888754441560497,1.886906612380281,131.78807569539444
C4100,12,577,26,14.087154707718282,7.616846654047196,8.45765547870004,2.115173203028461,1.4171598328173431,5.633293944738244,2.243172169212667,278.5815286624204
C4102,2,9,3,10.15657818021829,7.3239857613605395,4.997212273764115,2.266653083767982,1.6993861490970399,5.171797294311465,0.9774178175281716,175.2312925170068
C4104,3,92,10,12.16213120726719,7.567523237468248,6.490723534502507,2.0342434033028587,1.6234802695571393,5.676352964146854,1.490075581796341,290.8829787234043
C4110,4,92,10,12.197425365337622,7.57296180817228,6.539585955617669,2.050850408350577,1.4595265997909002,5.6627594629885065,1.831087336700763,286.94211287988423
C4112,6,150,24,15.09532016059101,9.853625425130462,10.377918865109015,5.142003855659836,2.101679214087725,4.726330522416091,1.9405424497452046,111.88058865623347
C4114,8,161,28,15.045905502774838,9.718089228509557,10.324891624445796,5.003718222335536,2.0592140668671757,4.729912824352599,2.2977041584795215,112.28568616515206
C4116,3,61,10,12.001848979068475,7.725618198504279,6.297109319933935,2.1433288091310874,1.7467814739449774,5.709895364134693,1.0156920008012469,300.83948339483396
C412,1,9,1,9.070503426788383,3.8501476017100584,5.247024072160486,0.6931471805599453,0.0,3.8501476017100584,0.0,46.0
C4123,2,26,7,13.97022793433157,7.918501922133825,8.238536930171769,2.2926535854931287,3.7937163032706263,5.735189950341188,0.5811494293208096,308.57176843774783
C4125,6,100,16,14.14707362143214,9.287353091363531,9.301186055275759,4.452994299159001,1.6608087231970239,4.85380736544576,1.9126550577209391,127.22767123287672
C4127,2,67,10,12.149491711975207,7.780456477149741,6.298949246855942,2.063492240272158,1.8805273897924617,5.855246043090251,0.9140185106642176,348.060773480663
C4131,8,213,30,14.605352414017382,9.033317300910792,9.811975152030021,4.254074434811412,2.0851287608004254,4.8016814584736816,2.4284260598396794,120.71490410958904
C4135,3,96,10,12.25460087063466,7.563767276580128,6.480044561926653,1.941970551051233,1.2925883984580468,5.779182494501196,1.4278732617216512,322.494623655914
C4137,13,258,20,13.671778746074226,8.012626684093075,8.02059914989697,2.4509450218154036,1.350829651547608,5.655013184693622,2.786775408828685,284.72024983563443
C414,3,61,10,11.438191142854164,7.311713876528821,6.021023349349527,2.0319610034468414,2.97865174443618,5.424006348038806,1.2084780435006597,225.78588807785889
C4144,14,246,16,13.481027541532038,7.825433858538827,7.818027938530729,2.2706107883615316,1.06904183134699,5.666865386313911,2.8796783350484123,288.1268115942029
C4148,2,61,10,11.982472740102263,7.692463403048041,6.249975242259483,2.089663095751374,1.7354065326769232,5.737651143779652,0.9271587399898307,309.33462282398455
C415,3,75,19,12.785289359749225,6.820231882821172,7.4377951216719325,1.6778152098788373,3.9634470604969154,5.352826186412373,0.8095869615542738,210.20435806831566
C4150,2,4,66,10.477456975266742,5.753218588323611,5.598421958998375,1.2180327898942347,0.0,4.890265271951352,0.6534358224760193,131.98884758364312
C4159,2,48,2,8.89521858376562,5.030437921392435,4.976733742420574,1.3862943611198906,2.302585092994046,3.9448128282511368,1.0,50.666666666666664
C4161,2,48,2,8.89521858376562,5.030437921392435,4.976733742420574,1.3862943611198906,2.302585092994046,3.9448128282511368,1.0,50.666666666666664
C4163,2,21,7,10.42111995751504,6.328531844740506,5.075173815233827,1.2947271675944,0.4489502200479032,5.356912553465302,0.6500224216483541,211.0691823899371
C4169,2,110,10,12.095643751760784,7.325612216794383,6.5337888379333435,1.9201576529528985,0.06559728248581323,5.567132618241566,0.6161661934005355,260.6826783114993
C4172,2,61,10,11.909296009285454,7.661264862108105,6.261491684321042,2.1366991569483664,1.7821900182119044,5.6532201867092455,0.8980587934501658,284.20841300191205
C4174,910,1,368,14.805590639808923,5.664116354327713,10.341097113970859,1.4602993829851656,2.689205372683455,4.475969852598273,8.328312869003888,86.87978953484618
C4176,3,65,10,11.955570744202676,7.612253377842883,6.336825731146441,2.119224035066986,1.8787708462176849,5.624126315588578,1.3542466704747151,276.03014184397165
C418,2,63,10,11.606106106188683,7.447796806400845,6.135564891081739,2.104515179231952,2.6848668656465526,5.4768900395403435,0.7855602922535473,238.10195227765726
C4180,1,1,9,9.317668949728708,3.8501476017100584,5.493061443340548,0.6931471805599453,0.0,3.8501476017100584,0.0,46.0
C4183,2,58,10,11.84912623617661,7.659935798113325,6.09807428216624,2.044755983691946,1.821612432377736,5.756461820043124,0.8453509366224364,315.22747747747746
C4193,11,147,24,14.830305635586132,9.65421969687695,10.114113079291366,4.94506673857501,2.1549105726448032,4.725141723089369,2.9071953404244484,111.74647602073883
C4198,1,4,2,12.873737902075428,9.136173423724431,7.110696122978827,3.405947984420753,3.381156630778709,5.766989942852053,0.0,318.57434640522877
C420,7,163,24,13.259237676286347,8.117870582979952,7.7306140660637395,2.660954506940012,2.0035325784945113,5.533022992711885,2.509568362060039,251.9072934973638
C4200,2,63,10,12.228245011795314,7.938137614460454,6.450470422144176,2.2677383616638775,2.409040899013287,5.782436682295447,0.9271587399898307,323.5490506329114
C4202,9,175,25,14.336354629075332,8.951988460089511,9.508368736482108,4.139852806806423,1.9988730842032942,4.836029716784615,1.8097328414813245,124.96822804543092
C4207,2,159,11,13.122495368693095,7.154567401799641,7.57095858316901,1.7853450790503913,0.3210080109236314,5.5559221067262525,0.17169267612108802,257.7654639175258
C421,3,100,10,12.33246738270175,7.588037450355275,6.6052979209482015,2.003827419128429,1.4099259656531677,5.731765765024312,1.5577116251690992,307.51355013550136
C4210,1,17,7,11.494252199704608,8.604053631089478,6.315358001522335,3.455264602932431,1.4403615823901663,5.186302310805411,0.0,177.80615942028984
C4217,1,9,1,9.070503426788383,3.8501476017100584,5.247024072160486,0.6931471805599453,0.0,3.8501476017100584,0.0,46.0
C422,3,15,1,10.512709498158312,5.244970683348644,5.631211781821365,0.8860958299281861,0.34377153910282443,4.892591433060984,0.25852215160828096,132.29856115107913
C4222,104,7,151,18.746016210608364,13.5586316904341,13.4132388455362,8.226119153007465,1.8354822802418866,5.337597850763504,6.319619883893921,207.0124327524903
C4223,8,213,31,13.126628269807686,7.57806187602282,7.5352967024440884,2.1143315799982596,2.038741135098207,5.595584762905866,2.2413000582243163,268.2350427350427
C4227,3,28,7,10.950016761334012,7.484824999813806,5.537334267018537,2.186753277468924,1.3940765015619456,5.421042058775217,1.2987949406953987,225.11462450592884
C4230,2,90,10,11.88736763284307,7.292921475049056,6.297109319933935,1.86790960678608,0.07770898432731625,5.595815037895161,0.6840384356390417,268.2970479704797
C4232,8,214,30,13.588281170980094,8.027924562634308,8.438799123988225,2.9326286199373777,2.021038009109781,5.155481524571935,2.3897998454403133,172.37927304197316
C4233,8,231,35,14.401158270270745,8.677742961168711,9.577064651767916,3.8743957932194144,2.2794435644323516,4.832163549220934,2.5209409611010885,124.48215399542588
C4249,2,67,10,12.087120176352881,7.656770689600903,6.270988431858299,1.9859154836690125,1.6762060888989405,5.820987340960222,0.9798687566511527,336.30492424242425
C4251,4,98,10,12.325086035101782,7.643429666028339,6.68586094706836,2.129113151477074,1.5542383630794847,5.644014777241819,1.6803997530317107,281.595
C4254,14,295,30,15.369518632298421,8.754950511927262,10.601895869017545,4.005527998490947,3.1953300075398148,4.776111850843527,2.8246585122245644,117.64215369311117
C426,4,90,10,12.198277340938972,7.593605904309444,6.516193076042964,2.0476928433652555,1.4793292270870801,5.686955268253561,1.962068542144573,293.9940740740741
C4260,1,1,1,8.2482674474469,8.2482674474469,2.6390573296152584,2.6390573296152584,2.833213344056216,5.686453707919019,0.0,293.84615384615387
C4262,1,1,1,9.662498208076329,8.969414650866176,4.007333185232471,3.332204510175204,3.0204248861443626,5.67688063339281,0.0,291.037037037037
C4264,3,112,10,12.241357739669434,7.421669675960035,6.57507584059962,1.9131203262323224,1.3239040685206092,5.671122686829566,1.2696662004127566,289.36033519553075
C4265,1,30,1,15.468314809327431,9.16763319182367,10.111111292192302,3.832185169733273,0.7149266258239853,5.361946756443427,0.0,212.1394734703827
C4267,2,11,1,11.723259321343335,9.158407196795217,5.955837369464831,3.421502647822901,1.4423838277709342,5.773122760535258,0.961236604722876,320.5402597402597
C4269,1,8,5,9.73890767721833,7.659878664642379,4.110873864173311,2.1400661634962708,1.4759065198095778,5.64803482991927,0.0,282.73333333333335
C427,2,64,10,11.598552550937665,7.424752587890023,6.040254711277414,2.0076976368209944,3.034213068064562,5.564511263086077,0.8290590693996659,259.99761336515513
C4273,1,17,1,10.795977274224331,7.705364844728727,4.90527477843843,1.9588135538912212,3.523683146845445,5.900857840848133,0.0,364.35074626865674
C4278,2,7,3,9.406482647787449,7.327616267374034,4.02535169073515,2.063693184711697,1.7047480922384253,5.40357787720553,0.8112781244591328,221.2
C428,1,9,1,8.993551586299981,3.8501476017100584,5.170483995038151,0.6931471805599453,0.0,3.8501476017100584,0.0,46.0
C4282,11,192,25,14.465579554889038,8.83451288125182,9.612399686949514,3.9996136650193668,1.915762335695161,4.861018962211357,2.8605213974459014,128.15573989831415
C4284,14,140,13,12.840838311626287,7.741403789160588,7.243512974665482,2.253855902575433,1.4611642380723742,5.601736018471027,3.1350127493123336,269.89628040057227
C4287,12,282,39,14.962962850829623,9.004660683868526,9.710509415553645,3.7752230802144475,1.9216235079417952,5.257734454873021,2.763561216716867,191.04590939414155
C4289,1,10,1,10.114922828718177,7.2252388426707075,4.276666119016055,1.5982646118359751,0.245122458032985,5.855071922202427,0.0,348.0
C4297,2,90,10,12.171714092893735,7.577101242469944,6.359573868672378,1.921073225908374,0.06831924397747721,5.816848065193404,0.6840384356390417,334.9116117850953
C4299,2,20,7,13.890598549741851,8.27408159912576,9.038602608721874,3.453847331134474,4.017398066434733,4.859895250284872,0.2078897980254865,128.0106875667973
C4305,2,41,10,11.997485139099966,8.085763912630263,6.054439346269371,2.2512917986064953,2.1377104498038118,5.948004271461127,0.9426831892554923,381.98823529411766
C4308,3,3,1,9.303375237943373,8.204945165019208,3.4965075614664802,2.456735772821304,1.8971199848858813,5.840459954819978,1.584962500721156,342.9375
C431,3,92,10,12.174839943099075,7.570180330898697,6.519147287940395,2.050270164379556,1.4906543764441333,5.660649836287055,1.4986885704510973,286.33530280649927
C4311,2,64,10,12.019845471733726,7.861341795599989,6.2285110035911835,2.186753277468924,3.1023420086122493,5.796346042518621,0.8351164948421137,328.09486166007906
C4314,2,41,10,12.204296068351068,8.292518468456796,6.159095388491933,2.3456445824544927,2.8903717578961645,6.049673491809627,0.9426831892554923,422.97457627118644
C4316,5,100,25,14.496110348229692,9.786635839820628,9.79773807235252,5.09430274806361,2.4983296701201407,4.707495698277956,2.0266346471235432,109.77439973321476
C4321,2,60,10,12.545066699694896,8.296817235346188,6.324358962381311,2.1924512985835616,1.7627719323548026,6.2244802137274915,0.8631205685666311,503.9605026929982
C4325,10,180,27,14.467972193027705,9.065409892995145,9.625689802158323,4.237495454660362,2.150084702341868,4.85020544259799,2.5484053224343297,126.76663585951941
C433,4,94,10,12.230277334226992,7.59604602594088,6.556778356158042,2.0573547542769925,1.492140195884549,5.678340648331629,1.876801823633293,291.46372688477953
C4334,10,192,21,14.05269586082365,8.710525675179863,8.00603417874901,2.7307569477283438,1.5266801987008953,6.049356560673386,2.3351423194749525,422.8402268178786
C4343,7,123,27,14.841634587675768,8.97246417940803,9.895556182209848,4.043893414863739,2.2034824200357237,4.953214169237212,1.1532979118353368,140.62945416057659
C4345,2,10,3,9.838949031398556,7.200584794872116,4.564348191467836,2.052290552613885,1.0986122886681098,5.2900729482193904,0.9852281360342515,197.3578947368421
C4347,2,60,10,12.097573877371843,7.878439494686623,6.226536669287466,2.131378011538633,1.924677928949539,5.87582031169575,0.8739810481273579,355.3168316831683
C4352,10,218,26,14.637243107213337,8.838295093473645,9.498897061838624,3.724158844013213,2.0451480636812853,5.144270348414066,2.1371908792172922,170.44634292565948
C436,9,453,33,13.876336571264789,7.201258333720609,8.51919119407891,1.9901347430465013,1.8615646770669088,5.3620463916353645,1.9899200012299525,212.16071072070272
C4363,7,225,30,14.72836860491115,9.115350068013425,9.893336201479753,4.293903159771423,2.19925009960054,4.842997142655447,2.1025766366728265,125.84896701520432
C4367,9,494,38,14.88512751561111,8.548495296660144,10.077566902136047,3.764159305720311,2.6776214040056927,4.815736529262526,2.1574908703010225,122.43769431140241
C4369,2,34,8,16.55956174316863,10.690287530956418,11.421248676398324,5.555813215394377,3.8512288777209758,5.144174331448734,0.7116412885080164,170.42988195837307
C4377,11,518,33,14.947767142998533,8.567834425801237,9.507180382212729,3.169899202638579,2.493485564649345,5.444987998378034,2.2588813119893754,230.59450018580452
C4379,1,76,8,9.300638009956963,4.976733742420574,5.43372200355424,1.3862943611198906,2.1022067524528483,3.8918202981106265,0.0,48.0
C4381,2,52,10,12.17367857771917,7.954516842385173,6.2285110035911835,2.13312169114346,1.8985894928652414,5.949746647431956,0.9975025463691153,382.65612648221344
C4384,3,60,11,12.29737480393696,8.035014335536083,6.280395838960195,2.1408943208934996,1.8376390749787486,6.021278330591573,1.0291929750061968,411.1050656660413
C4388,3,30,4,11.035067067645114,7.065613363597717,5.746203190540153,1.9296054400303697,1.6644976896171277,5.297066584646384,1.560046250410694,198.75
C4390,4,89,10,12.168121526101602,7.5836576806098135,6.486160788944089,2.0390977491293216,1.4903785524181121,5.686877020543699,1.9481382326848125,293.9709923664122
C4394,1,4,3,10.256114313628292,8.8699253728722,5.093750200806762,3.7256934272366524,1.3217558399823195,5.174159890580934,0.0,175.64814814814815
C4396,12,233,28,15.434138908645878,9.56209126900777,10.622180640063812,4.758652634550271,2.5390479972952917,4.820081278893646,3.025311026364872,122.97516693473705
C44,3,59,11,17.132201858125303,12.396007508531712,10.412321193621326,5.67951374882133,3.7073482028534435,6.721116607066515,1.3779630390761746,828.7434918535441
C4405,2,62,10,12.049401291471252,7.759362821720564,6.335054251498059,2.164739122191731,1.7354065326769232,5.719402881609601,0.9271587399898307,303.72291296625224
C4407,81,27,2290,18.951195670946547,10.86296009286954,12.807205957477699,4.727833458783844,2.5714486974406254,6.146136485796412,5.383700494678763,465.90998421208434
C4408,3,61,11,12.461764700229601,8.171583997173736,6.363028103540465,2.1895851207782617,1.8407670483347496,6.102697681508331,1.0497111620078836,446.0621761658031
C441,4,95,11,12.600416137097827,7.985632624694736,6.647688373563329,2.1545214600112432,2.0941838234170396,5.956614269672236,1.60089640562265,385.3
C4412,7,219,30,14.189996735926435,8.595469627539341,9.193295937366925,3.625480308424718,1.976762269249431,5.003538622507023,2.400800752897513,147.93926754832145
C4414,3,58,10,11.837440787467358,7.648255805546704,6.09807428216624,2.044755983691946,1.8362112317988888,5.744813456346125,1.539484756931502,311.56531531531533
C442,2,62,10,11.583365289116092,7.425069183258493,6.12029741895095,2.0910921588998113,2.60615589342087,5.46948109062404,0.7578784625383954,236.33700440528634
C4425,2,61,10,12.011638020852416,7.708016167190042,6.192362489474872,2.0274367566895215,1.7266201670570935,5.824275859496528,0.9352691398683567,337.4159836065574
C4429,2,65,10,12.070533524481398,7.664277957068831,6.253828811575473,1.9918756872709544,1.8296503429394513,5.821591200412906,0.9723594643683987,336.5086705202312
C443,4,910,10,14.108609184365708,7.23927311773531,8.828787083914332,2.0905427270666683,2.1424455917260654,5.285047492260246,1.7618818058969794,196.36355646696938
C4434,9,207,25,15.010553610469048,9.438478880168448,10.223830407227457,4.661140737860792,1.7974466883486444,4.795064055333321,2.0731068202731415,119.91212660157527
C4436,1,8,8,6.175867270105761,4.110873864173311,2.1972245773362196,0.6931471805599453,0.0,4.110873864173311,0.0,60.0
C4438,12,319,25,14.680172360184295,8.73491221360763,9.766751028962657,3.8429366366759217,1.7643362558475892,4.92079827064923,3.0254507618327837,136.11202201456172
C4444,8,107,24,14.251145284963751,8.952956634069754,9.497472293122483,4.213977737166646,1.6428726885203377,4.762329789299236,2.647090259959724,116.0182363977486
C4448,5,148,28,14.894583864578742,9.663538469054918,10.168233593704851,4.944236457786351,2.0619090629181955,4.735207703459889,1.7513089726232962,112.88711100878707
C445,2,11,1,10.338576185710364,5.129544909094452,5.66988092298052,0.9441596308829473,0.11294041118059547,4.681426121489417,0.2580186686648155,106.92387543252595
C4459,9,166,27,14.820401370835938,9.373748561137768,10.083431284544119,4.646295582753092,1.6491558494312215,4.745738099856611,2.458653908746045,114.09272408320106
C4462,2,8,3,9.580868910203451,6.8737847594109835,4.219507705176107,1.698669046162043,1.2039728043259361,5.380722379369312,0.9709505944546688,216.17910447761193
C4466,1,9,1,13.434550239930887,7.535185527456006,9.001346243766392,3.1453324983300908,3.9613088066970303,4.445130760585561,0.0,84.21101935165784
C4468,11,309,30,14.67562324234114,7.97400680919513,9.832421104102268,3.1731791510180996,3.1528095197361576,4.851105858826755,2.2798783180732665,126.88173082085146
C4473,1,8,8,6.175867270105761,4.110873864173311,2.1972245773362196,0.6931471805599453,0.0,4.110873864173311,0.0,60.0
C4479,2,19,8,10.551872695122077,6.545950315850435,5.0689042022202315,1.353958980476954,0.6654956492294353,5.493373943343092,0.7889406572966208,242.0759493670886
C448,5,77,11,12.567961970921463,8.125603142631663,6.646390514847729,2.3072799372982535,2.2715192734191554,5.925541452806691,1.9337223428268375,373.481144343303
C4481,1,68,4,9.189423123720795,4.976733742420574,5.3230099791384085,1.3862943611198906,2.3099111330861186,3.8918202981106265,0.0,48.0
C4490,1,8,8,6.175867270105761,4.110873864173311,2.1972245773362196,0.6931471805599453,0.0,4.110873864173311,0.0,60.0
C4491,1,2,2,8.592115117933497,7.899153483343097,3.332204510175204,2.6741486494265287,0.9162907318741551,5.301091293430762,0.0,199.55555555555554
C4495,2,65,10,12.08430606106836,7.653957890930074,6.269096283706261,1.9842801603282818,1.6306401200847034,5.820071668964283,0.9852281360342515,335.99620493358634
C4499,3,60,11,12.513932274983208,8.237527053492862,6.343880434126331,2.184802057337662,1.8032670760795348,6.173892465616221,1.056234784155701,479.05105633802816
C450,3,89,10,11.861721451280273,7.362539511864503,6.371611847231857,2.013420440582042,2.366081404553173,5.495925313067468,1.3663255298464625,242.69691780821918
C4501,9,233,28,14.988084331866945,9.367768594043673,10.012252267327517,4.404108915066428,2.1952096663180405,4.982755355652285,2.4189038073776232,144.87576804054356
C4505,1,13,7,10.017976279020827,7.3794984657485445,4.454347296253507,1.9560625205193314,1.292768303109067,5.579063677410462,0.0,263.8235294117647
C4508,11,268,33,14.657545306731626,8.858594386281405,9.842250243064939,4.060495255785583,1.8824677080990109,4.823419530439223,2.9645144491455997,123.38971878156399
C4509,3,69,11,12.568456263935888,8.114404730448005,6.452048954437226,2.1235140614675387,1.9442476382816998,6.1201828350207,1.1605739818379095,453.9478672985782
C4513,7,227,30,13.515585849333872,7.906481120724335,8.182838710766026,2.6466163386299493,2.434191557208984,5.337843048887688,2.272229397147304,207.06344326439353
C4515,7,206,27,14.566691241584106,9.03738057116187,9.780585185434793,4.265247559166525,2.0995748021415337,4.794471923281629,2.5350749885643125,119.84055184892004
C4525,2,16,6,10.19260609277387,6.34417953309293,4.941642422609304,1.3755990720031428,0.6716409753389817,5.263286425181167,0.6581912658132186,192.11510791366908
C4529,3,94,10,12.211393464831334,7.557950221472857,6.617402977974478,2.0936261766717923,1.4816045409242156,5.5990316199119725,1.522246637866571,269.16465863453817
C453,9,361,26,13.770155387443335,7.654736122692799,8.325306029752582,2.3133437871740616,2.2576616157315925,5.449398802594887,2.442859924678572,231.61827435773145
C4539,4,119,12,12.41134546224123,7.544336178049476,7.306531398939505,2.5220295032220528,1.565405642283597,5.111526468406796,1.6423864954910556,164.92343854936198
C454,1,9,1,9.070503426788383,3.8501476017100584,5.247024072160486,0.6931471805599453,0.0,3.8501476017100584,0.0,46.0
C4541,1,10,1,9.787234595711878,6.051865054176728,5.1298987149230735,1.6094379124341003,2.946942109384559,4.672606290786792,0.0,105.97619047619048
C4545,5,28,10,10.656294183401949,7.324725378704625,5.19295685089021,2.000514283090165,1.463586035421537,5.473091894051043,1.9976751198055644,237.19553072625698
C4546,2,67,10,11.606106106188683,7.3027058430447465,6.059123195581797,1.912541007880695,2.598677643954423,5.553195564555855,0.9352691398683567,257.0608899297424
C4550,9,203,28,14.893687118970453,9.360383360829175,9.769556079890267,4.250469576353076,1.9442147544700685,5.130121277115411,2.27871405553347,168.03761719643265
C4554,1,3,5,21.43160406455773,16.56406967762973,14.252082783618086,9.384631695656601,4.24717569050535,7.180283668558468,0.0,1312.2807418671275
C4555,5,33,10,11.966456665647431,8.411324610207027,5.840641657373398,2.379546134130174,1.8913893101768964,6.130896862339164,2.025424692693109,458.8483965014577
C4559,7,209,26,14.622298428724061,9.073336587364947,9.82395721357932,4.288645526865288,2.027533682077818,4.80660408868151,2.195970300425659,121.31553871142393
C457,617,41,12774,18.909302880583287,8.979932422014947,13.30442823458709,3.408578205376063,2.0666080454898057,5.6085494284706225,8.017401267375178,271.7483099800782
C4576,10,186,33,14.505924506646775,9.004788622530274,9.667891793282678,4.181956665768874,2.2297949334624003,4.845986409235824,2.435601082991466,126.22871970128473
C4578,3,61,11,12.474847090054327,8.21243468770959,6.3818160174060985,2.231073962810371,1.7751910428808222,6.09697293318837,1.0291929750061968,443.5101694915254
C458,3,9,51,17.843782801159755,10.267720179813047,11.451464868824605,3.895891539928357,4.072547122417053,6.3940015011533475,1.328257423438386,597.2456772793977
C4581,8,226,27,14.447221068335734,8.81615708307002,9.589187682180055,3.9768303076451477,1.9210255057394356,4.865836541279829,2.062083396840288,128.77945908935297
C4589,12,232,34,15.107951278012104,9.43127738107664,10.35204407807524,4.684538272056584,2.0194588370781257,4.764502546317174,2.6544065124018497,116.2727650063857
C459,3,77,11,15.003965683475725,9.482580630946758,9.818474178209172,4.310476925833806,2.4364164406275663,5.191126916198159,1.1337806172911349,178.67091295116774
C4592,4,172,14,16.470463311857745,10.708434214613993,10.643589881319775,4.8890715355999665,3.210031800071748,5.829840086636311,1.1831274151798192,339.3042555221602
C4593,2,66,10,12.020862921995036,7.567026970076899,6.272877006546167,1.9672749715530102,1.5882855374288736,5.753046616557554,0.9902246902198684,314.1493383742911
C4597,10,340,32,13.950301032612254,7.791618039400046,8.546751993657782,2.475347362974544,1.4752418471363868,5.408231975104581,1.80279141007004,222.23655078656049
C46,6,29,291,13.160231252808213,7.334881813636895,8.124743020385568,2.3941338497714093,1.5379133940253693,5.042262539538104,2.226084553206186,153.81990521327015
C460,1,1,1,8.00736706798333,8.00736706798333,2.1972245773362196,2.1972245773362196,0.0,5.930253816063085,0.0,375.25
C4600,9,490,31,14.77863525618564,8.47256873642995,9.821789308551622,3.5447604055856883,1.6665354971733886,4.963909898614647,2.5199760550324077,142.15241454150842
C4603,3,65,10,12.076903154537336,7.670644643720082,6.259581464064923,1.996854950670562,1.6524039483175437,5.822195367253748,1.1251424121652285,336.71264367816093
C4608,7,162,25,12.804169862426637,7.516444294161105,7.313220387090301,2.148350234539691,2.1353014135646315,5.495726334990925,2.236496529791844,242.64843228819214
C4614,4,60,11,12.447602134835476,8.228357512640008,6.298949246855942,2.1955892539954887,1.8718021769015913,6.152619056336534,1.1883084294182185,468.9465930018416
C4616,9,379,38,15.041487975200317,8.916938397999504,10.161457561002383,4.054236511664787,2.3743458298943616,4.887636536078169,2.1707847307090353,131.6397141201468
C4618,12,199,31,14.026055073701968,8.492869720170981,9.024492605405669,3.520998581474776,2.0172717543778154,5.00838618921272,2.7300108860121424,148.66301336866192
C462,1,9,1,8.993551586299981,3.8501476017100584,5.170483995038151,0.6931471805599453,0.0,3.8501476017100584,0.0,46.0
C4620,2,58,10,11.873218854431672,7.668986460419799,6.12029741895095,2.0510574223624007,1.8235859008397322,5.758276222155033,0.8395304981054318,315.80176211453744
C4622,4,98,11,12.641947326557938,7.932772746325397,6.78897174299217,2.19622307499913,1.4787339217702558,5.856963123840154,1.6360845866460532,348.66065388951523
C463,7,134,18,13.081170480775056,8.13981770697381,7.503840746698951,2.635991409993424,2.0596031994601716,5.581652214079614,2.450180715766974,264.5099228224917
C4631,4,65,4,12.98929816181669,8.699003201867555,7.685243607975833,3.4273367698651906,2.0267052455988925,5.309468751197197,1.7191279387293292,201.24275862068964
C4633,3,35,9,11.25700042413164,7.673933463084353,5.733341276897746,2.257122718917288,2.3434070875143007,5.530858183368867,1.5244951608003623,251.3603896103896
C4636,3,28,9,11.298840758144365,7.966970648497409,5.332718793265369,2.1231166051824975,2.010129741789607,5.973500762085163,1.37479762862974,391.878640776699
C4639,3,51,10,11.373364502397276,7.403670290012373,5.805134968916488,1.9803506390356052,2.7242701449689735,5.5750331844158625,1.5461372540650622,262.7583081570997
C4640,8,170,23,14.581190470638555,9.263164870922443,9.810714152383774,4.503669314707406,2.157785975523181,4.778970877493952,2.4436160664840223,117.9818401272837
C4642,3,31,9,11.415489026278753,7.981832469535539,5.484796933490655,2.1681316163945548,1.7193043900126328,5.937481234354325,1.2910357498542624,377.9791666666667
C4643,2,30,9,11.678668690833295,7.094522720481173,6.618738983517219,2.1555518809356515,1.6094379124341003,5.067574828765051,0.8762441668050729,157.78877005347593
C4645,9,429,32,13.398059909368097,7.196272528891901,8.147867129923947,2.078682144098727,2.8191834958457775,5.255711944750268,1.742897499062169,190.6578871201158
C4647,3,52,10,11.177634530336995,7.208069493066195,5.739792912179234,1.924110920712729,2.262156102998401,5.445373817309418,1.3937001647761127,230.68387096774194
C4651,8,455,36,14.8582570088207,8.589346467599409,9.904586947979428,3.6614712732336088,2.56974552972503,4.960751979836379,2.00179807794352,141.70106388292294
C4653,10,227,31,13.38620962012246,7.751848520262238,8.079927770758275,2.528011750322824,1.9163972641268998,5.311536607341172,2.732430728566028,201.66140024783147
C4657,10,122,21,13.837730848591088,8.69040360002845,8.941283763647567,3.8159218151831165,1.8974106403159177,4.904021326917349,2.6680288647384063,133.830890052356
C4659,3,27,9,11.438535914715576,8.10662221336793,5.384495062789089,2.169053700369523,1.9661128563728327,6.060962667279404,1.1358159979737639,427.78801843317973
C4667,2,42,1,11.469119857232753,7.640948500914633,5.780743515792329,2.082155247551432,2.330453992002838,5.69482607693239,0.8865408928220898,296.3250773993808
C4668,3,24,9,10.842576420686262,7.664972120782028,5.1647859739235145,2.1102132003465894,2.3434070875143007,5.686897426165217,0.9405662399881732,293.97701149425285
C467,740,33,19320,19.95487318521828,9.410956577034419,14.443573468492808,3.9196227138672404,2.2820107115438595,5.515332955745386,7.6560545031708305,247.4726938872216
C4674,2,57,10,11.909316191802684,7.720098637656304,6.1092475827643655,2.0545121586373107,1.8067973465925955,5.805302663551659,0.8453509366224364,331.0556792873051
C4679,3,62,11,12.159054410566545,7.882760312440347,6.208590026096629,2.065455299705096,1.7394910406822983,5.955069274120548,1.0222670655189308,384.70362903225805
C4682,1,1,1,7.38770923908104,5.195422943385404,2.9444389791664403,1.0986122886681098,1.0216512475319812,4.507802335074301,0.0,89.72222222222223
C469,2,65,10,11.606333837484957,7.432529323494833,6.035481432524756,2.0035568441549634,3.1014773306508956,5.577029472755928,0.8290590693996659,263.2853717026379
C4692,2,177,11,11.373031013816169,5.946292828461261,6.144185634125646,1.1116843702354624,1.405838957192861,5.236316125583102,0.21929730813217538,186.9763440860215
C4695,3,57,17,11.92869067773707,7.193237565256426,6.61472560020376,2.0195704735897597,3.352670340767495,5.320203622345143,1.3371939034742597,203.4255033557047
C4698,13,286,37,13.368779606849687,7.410958124607227,7.8343923029104365,2.018170716286795,1.875175530631322,5.53872100288065,3.0003418670087023,253.35247524752475
C47,1,18,1,11.586398950165378,5.6550015697031615,6.710523109452428,1.153514583055807,0.19415601444095745,4.884675628039872,0.0,131.24756097560976
C4704,4,111,14,13.258358233210243,7.955402403065412,8.159946655578548,2.9122425038879944,3.1134047447788396,5.104781895671271,1.8760527814638264,163.80812124678295
C4708,3,90,10,12.158870969045877,7.554219573501668,6.507277712385012,2.0399207835175526,1.4793292270870801,5.656582226766739,1.4986885704510973,285.16890881913304
C471,1,9,1,9.070503426788383,3.8501476017100584,5.247024072160486,0.6931471805599453,0.0,3.8501476017100584,0.0,46.0
C4711,4,34,2,10.746691329302752,4.479551654807759,6.410174881966167,0.7602621172226965,0.09137955866238252,4.35111725029603,1.0376597753360974,76.56507413509061
C4712,2,57,10,11.812904123565305,7.623730807754799,6.089044875446846,2.03688192726104,1.8482161778957122,5.7293763808854985,0.8453509366224364,306.7772727272727
C4722,10,368,31,15.06581679688358,8.988299137199725,10.17743828010161,4.116198810194033,2.47240528493815,4.895921359606431,2.1745934569801726,132.74317542392214
C473,9,324,31,13.897368847240848,8.003299505074313,8.27052509505507,2.4647320524931113,1.880032676038107,5.630691355059684,2.2751279246186984,277.85483870967744
C4730,1,2,2,8.340456012916183,7.6475474673651265,2.8903717578961645,2.2512917986064953,1.5040773967762742,5.511054012206429,0.0,246.41176470588235
C4731,3,67,11,12.592225805939233,8.185781785696534,6.432940092739179,2.1486376445464117,1.8903900726696823,6.1629994733671385,1.0582446146980293,473.8502415458937
C4738,2,58,10,11.835545052302459,7.6463609615574715,6.093569770045136,2.0408267055520564,1.8191584434161694,5.747424019916556,0.8453509366224364,312.38235294117646
C4743,2,18,5,12.180175182398807,8.086133313896585,6.946013991099227,2.9069010598473755,2.0325246218920845,5.24043104418833,0.9340680553754911,187.7514450867052
C4745,1,13,7,10.247431803996042,7.60883519772457,4.955827057601261,2.404367787303988,1.550597412411167,5.30362241877773,0.0,200.06382978723406
C4750,4,73,11,13.449287316631805,8.960777859238023,8.419359831067474,3.949946421102186,3.2193251621033503,5.036663196252989,1.6742006678020909,152.95543789984558
C4753,10,230,27,15.082110495388953,9.42619899095067,9.96189796008255,4.319258107943166,1.9469086513849028,5.126216114182577,2.535073785083193,167.3787850202811
C4755,2,59,10,11.824431480145009,7.605414324577331,6.111467339502679,2.0304675370833762,1.7794288567705763,5.718466723995917,0.8739810481273579,303.4377777777778
C4767,2,3,3,10.618445147359923,8.133807528450953,5.564520407322694,3.120895416507997,1.4469189829363254,5.064078839139563,0.8112781244591328,157.23461538461538
C4771,11,248,18,13.47817034476035,7.858154739137051,7.833203948641057,2.3162592895082765,1.246532418744732,5.648889068502497,2.5442001778052963,282.9758128469469
C4773,4,62,12,12.573077551223442,8.282867489226167,6.480044561926653,2.2943319512373255,2.751826730791352,6.096816998217161,1.376082129848191,443.44086021505376
C4782,9,169,29,12.800848716416096,7.478401298822692,7.29641326877392,2.1029436779391326,1.9346976980216344,5.509168579349007,2.697464297641891,245.94572591587516
C4784,16,3,23,10.330322686380486,5.436813095543195,5.75890177387728,1.2114077828134542,1.156599546318459,4.5848060086471305,3.866150075734827,96.98417721518987
C4785,11,76,23,14.30914648176428,8.929380966575543,8.614138397472717,3.272700474881981,2.7469163671856545,5.698545473928223,2.0144631848619463,297.4330065359477
C4787,7,117,25,12.700774984908666,7.704010778746245,7.45182223652793,2.536481436084517,2.478693695603282,5.254766502027235,2.017796216739977,190.47677119628338
C4792,10,228,27,14.421312851380806,8.790252745000476,9.563880407219427,3.9520016336623223,2.0494256457395705,4.865241958670334,2.5263911661774547,128.70231741573033
C4797,8,1995,8,12.667845620680705,5.030437921392435,8.742733867330168,1.3862943611198906,2.30449896917633,3.9448128282511368,3.0,50.666666666666664
C4798,3,80,11,12.828008424054579,7.271872728907583,7.432483807917119,2.0177304225029427,1.498484781640214,5.40063774167947,1.2703438422527076,220.54766133806987
C48,2,61,10,11.975300067051473,7.816813670418387,6.326149473155099,2.2740570093795074,2.6221745425765075,5.654442876421391,0.7855602922535473,284.5573476702509
C480,30,18,487,14.996884316658374,7.9523307957210285,9.00663173330058,2.093187090639188,2.314200028111924,5.992874477162085,3.907110562365634,399.56436978911233
C4803,2,60,10,12.031516856951226,7.812407962491152,6.208590026096629,2.1155465463219523,1.7966494545222467,5.827883621254079,0.8739810481273579,338.6391129032258
C4804,2,66,10,11.99746665987831,7.591246231777824,6.230481447578482,1.9717069363873336,1.675499663112193,5.77206766647414,0.9788698505067782,320.20118343195264
C4808,6,127,25,14.311025976378733,9.217374470303763,9.523397750759193,4.441423509251994,2.1834975258247216,4.7959978155769045,0.9364710050356628,120.02508226691042
C4812,2,51,11,15.17168560228368,9.027619765615459,9.609317813948794,3.4958570703227467,3.5143599996348605,5.566266699209107,0.9087148111133366,260.4561803784727
C4814,10,151,24,14.596103895983122,9.31807856891231,9.837240906717202,4.569490136057937,2.0243817644968085,4.7674543013615125,2.780725848723323,116.61943687556767
C4816,2,5,3,11.103301721713205,8.80085218211611,6.142037405587356,3.858622228701031,2.0794415416798357,4.970366905886289,0.9709505944546688,143.07974137931035
C4823,2,23,4,12.927785416813757,9.036081732529288,7.724004656676065,3.8531825054052127,1.488077055429833,5.2096988123670736,0.9755259511264972,182.0389208314905
C483,3,97,10,11.996727210857355,7.4123574958291245,6.453624998892692,2.0108130352907394,2.64559567473872,5.5485726993096565,1.4806603537011562,255.87066246056781
C4831,1,67,11,11.51005133862326,6.732110542197721,6.248042874508429,1.6745015057811623,0.8803587226480918,5.269096104232706,0.0,193.24031007751938
C4833,2,44,10,11.005344571369127,7.03591614402997,5.634789603169249,1.8348430553643669,1.985545455912709,5.378740481592832,0.9561550236844027,215.74910394265234
C4835,14,506,36,15.133939001631619,8.74385751738888,9.845434621087511,3.4862353362239284,2.5330840770022127,5.293593439537814,2.948377543471226,198.0574426368502
C4837,1,4,3,11.302377258225722,9.916119927056894,6.45833828334479,5.076735095800779,1.252762968495368,4.8534274428264474,0.0,127.1789638932496
C484,7,276,30,13.718777165873632,8.059609948558146,8.114922974204593,2.5375057114992754,2.2602375451649537,5.607827955292571,2.6100193538045766,271.55160035895904
C4847,3,65,10,12.270028184266524,7.88837200941254,6.436150368369428,2.1733302571367834,1.8775548293910411,5.838394743597554,1.12087997015458,342.2279293739968
C4854,2,57,10,11.577626472906104,7.50063254292491,5.966146739123692,2.0272557885092657,2.6770666555822427,5.617677440728049,0.6939659673342857,274.24935732647816
C4856,3,58,11,12.406455117641784,8.18722154480785,6.2878585601617845,2.185720752854735,1.8535368289242982,6.122647980590809,1.0119209285947934,455.0707635009311
C4858,11,1246,45,13.658839203905353,6.304388095607856,8.441391477999955,1.3760246944824344,1.3151782738769184,5.223067678511013,3.0490489328657797,184.50237375917135
C486,3,90,12,18.19853238477015,12.673082567525066,11.791064648553082,6.267502898559161,3.3903821350444923,6.409123120213295,1.116349600312253,606.3608650220344
C4864,4,117,21,13.79877225083967,8.781644934269563,8.923457979694966,3.925965096317866,2.2023622033158112,4.883049201884551,1.157272912389602,131.03264490339774
C4866,4,56,10,11.411446296020374,7.369014648024631,5.916202062607435,2.0137327453940745,2.1493112216403216,5.5020190903348665,1.9020953943130867,244.18648648648647
C4869,11,311,21,13.473137143593512,7.6156953602071855,7.867871490396322,2.135349173618132,1.5626457509273415,5.609317462938193,2.5689170383936077,271.9578705476829
C487,1,18,1,9.686636660844938,3.8501476017100584,5.860786223465865,0.6931471805599453,0.0,3.8501476017100584,0.0,46.0
C4874,10,138,21,14.627581012750344,9.349552917675352,9.531626451841742,4.267554438664799,1.8202609793602695,5.10212900315024,2.6040537695786847,163.37148244850596
C4879,2,13,6,10.465357939808428,6.682393359817539,4.897839799950911,1.3919600986555682,0.5332984796180493,5.57876468454648,0.6840384356390417,263.74436090225566
C488,2,6,1,9.955130785687967,5.932387276632895,4.90527477843843,1.221672381425337,0.27871340246902054,5.063586417505663,0.7147274731317893,157.15671641791045
C4885,3,61,10,12.055918137030243,7.807823709394656,6.3784261836515865,2.2407096892759584,1.812961676878658,5.682595896944998,1.1293434105589755,292.7108843537415
C489,2,57,10,11.31396219990771,7.271593975546158,5.860786223465865,1.965761917608045,2.712717654149705,5.460278283242765,0.6292492238560347,234.16285714285715
C4891,1,9,1,12.411479833354086,6.540802344881985,7.6544432264701125,1.9374235351779945,3.9607326834612717,4.766056916463648,0.0,116.4551920341394
C4893,2,59,10,11.840926205294657,7.636708912159291,6.1070228877422545,2.03947428127277,1.8403126946450457,5.739347820030634,0.8395304981054318,309.86160714285717
C4895,3,91,10,12.171408734366812,7.57679603874409,6.569481420414296,2.103148203980823,1.69644928942373,5.607004457806348,1.490075581796341,271.3272471910112
C4897,3,59,11,12.435182363822888,8.215941028994576,6.297109319933935,2.1939512519912503,1.8718021769015913,6.1420651796729455,1.0119209285947934,464.0129151291513
C49,14,359,28,14.097021880439877,7.720737809528656,8.68676717538769,2.404521385338235,1.6875950130121757,5.414882559991948,2.7891913550910035,223.72615228769206
C4905,3,73,16,12.293080272512773,6.878006014159302,6.980075940561763,1.7532496144661793,3.5985899827664753,5.318840879012883,1.291159046464423,203.14711359404097
C4907,10,163,31,13.887560485224252,8.559875047554149,8.9758830607617,3.6735933111591104,2.074575352028663,4.91913518563968,2.7708257958246603,135.88418257681124
C491,2,56,10,11.253960416615941,7.194255618980328,5.840641657373398,1.9335184167601498,2.630399266872144,5.420651094599579,0.6631968402398287,225.0262390670554
C4911,7,132,23,14.751733712632378,9.581318333784106,10.024554080515571,4.861792472330893,2.1618852108909103,4.736035610585839,2.061024947061559,112.98143800115182
C4915,3,82,27,12.478242523601427,6.55807990945238,7.606387389772652,1.8545370574549265,3.827124919091446,4.8799749242081045,0.7576503418246944,130.6273631840796
C4917,3,94,10,12.268629516996361,7.6151575145897,6.639875833826536,2.1133827751078686,1.4707230407366814,5.633638978852067,1.522246637866571,278.6780104712042
C492,2,10,19,11.32674045464155,8.331237037469135,5.583496308781699,2.6567569067146595,1.1314021114911006,5.750185845409442,0.7219280948873623,313.24905660377357
C4920,694,1,116,14.115082415944206,5.723555553831787,9.676712414987868,1.5267734768803423,3.142154899567419,4.4501771926242935,7.17865682993302,84.64211780942225
C4924,5,79,11,12.483439195454423,7.983966678905463,6.591673732008658,2.207052666272482,1.750165571929218,5.895888878767991,2.0100100232607647,362.53983516483515
C4929,2,32,10,16.237891149141785,11.642779992567359,11.091864369237507,6.4982365113412,2.1983462824454194,5.151847447074921,0.6616179061408356,171.7503428101289
C493,2,57,10,11.579125105684431,7.519215440959914,5.955837369464831,2.033126759498716,2.6999716805370086,5.629469353255684,0.6631968402398287,277.51428571428573
C4931,1,13,7,9.758230539878989,5.9107389822270475,4.624972813284271,1.1470646720540565,0.5565716455541945,5.148875056876269,0.0,171.23762376237624
C4936,1,1,1,8.684401110400144,7.075639787978322,3.332204510175204,1.8562979903656263,2.8678989020441064,5.392953918842887,0.0,218.85185185185185
C4937,2,21,8,10.18527729928307,7.141509009408362,4.770684624465665,1.8827312474337816,1.6916760106710724,5.427469526194106,0.9587118829771317,226.57264957264957
C4939,2,24,8,11.283575191746497,8.105810609544035,5.19295685089021,2.1351521486938414,1.8123787564307907,6.098425736311368,0.24988229283318544,444.1564245810056
C4941,3,28,9,11.658859624311793,8.291805745141355,5.53338948872752,2.2710588393472717,2.3724970821927602,6.131597366179517,1.358433812325649,459.17063492063494
C4942,2,12,3,12.232943372111977,9.460427658737938,7.213768308118642,4.452164683528189,2.2900063107871858,5.026490268446146,0.954434002924965,151.39719970523214
C4944,3,14,1,13.307093697463982,9.522975555236505,7.65728279297819,3.8932107965965463,2.6487504588209183,5.6537922999819425,0.9373012413074895,284.37163120567374
C4946,8,123,23,12.518263167273844,7.44993695323192,7.069874128458572,2.1270330242553377,2.115724950497083,5.453526452631082,2.226525596887901,232.5804255319149
C4948,4,19,9,12.093312598517766,9.097686658824214,5.6240175061873385,2.6946271807700692,2.8094026953624978,6.474449674108336,1.601014305806835,647.3623188405797
C4953,3,47,10,11.841070267414493,7.929400126493638,6.028278520230698,2.2278615467981093,2.519308076505333,5.818174546518166,1.4056780552463373,335.35748792270533
C4957,3,43,9,12.009242344083544,7.466513556503431,6.900730664045173,2.4469617182238768,1.055127176728371,5.1155340095924124,1.4651441632863895,165.5897177419355
C496,2,65,10,11.612951779037353,7.439143422248556,6.040254711277414,2.0076976368209944,3.0430561618008953,5.578855845761831,0.8290590693996659,263.7684964200477
C4964,4,16,3,10.609748372241457,7.474796843614409,5.278114659230517,2.249000846859939,1.330413902725434,5.341524207368066,1.772560705888148,207.83076923076922
C4967,2,57,10,11.847545988227967,7.658356284289386,6.093569770045136,2.0408267055520564,1.821612432377736,5.759386975245363,0.8453509366224364,316.15384615384613
C4969,2,29,8,11.701162822193487,8.334098922363943,5.476463551931511,2.2199528284137755,1.6565846908598023,6.2308535744532305,0.9991421039919088,507.1890756302521
C4971,10,254,29,14.822058360527661,8.981542054425782,9.97459817999408,4.149803104018626,1.7173533011574076,4.855323672185626,2.8512869824016893,127.42225119918037
C4973,7,103,26,14.745225974169186,9.949482787372192,10.045984880764673,5.2553839848381525,2.0500893296673084,4.708344678620119,1.967180729379285,109.86848495360333
C4975,3,39,10,11.761003550828846,8.04774355502958,5.768320995793772,2.172531964745848,2.5872137279589364,5.998290725429804,1.5327198493632384,401.7398119122257
C4977,5,1,6,9.597777277564957,5.39755469609453,4.919980925828125,1.1085133596508212,1.4011094469050314,4.694244384877298,2.0423880704735566,108.31617647058823
C4979,2,69,10,12.12294100534633,7.669055443538538,6.29156913955832,1.9834043534828938,1.6140782919906025,5.836144352496002,0.9902246902198684,341.456400742115
C4981,2,31,3,16.193024907194495,11.930351524795935,9.742907917860578,5.484329288658376,3.2400583337135354,6.451754605208546,0.9964196342978482,632.8134100516675
C4983,7,174,26,13.254995615910918,7.913025625034266,7.989221408815276,2.7150432365931807,2.10015847082963,5.27126197496894,2.273404408399632,193.66146540027137
C4984,1,13,1,10.793865427624695,8.229162340199496,5.14166355650266,2.644536795379884,3.7612001156935624,5.66152971852243,0.0,286.5882352941176
C4988,10,280,34,14.609960833974045,8.746488237972958,9.719865150009126,3.877102125636605,2.299740140861814,4.897647430299254,2.7985313333928183,132.97422494592647
C499,3,8,2,10.459181373890983,8.156854400924182,4.770684624465665,2.5416019934645457,3.3141860046725258,5.700329225601762,0.9219280948873624,297.96581196581195
C5,8,257,30,13.622633082986153,7.57105798120489,8.065579427282092,2.1385425119791224,1.5913937381527838,5.561218159687971,2.379575134316231,259.13953488372096
C50,8,253,26,13.612709929136978,7.551777099340597,8.056743774975313,2.122498798376937,1.5379444144877983,5.560137607152885,2.358254377191243,258.858592263792
C500,2,61,10,11.860930937405115,7.598745204762844,6.115892125483034,1.9969015870236075,1.8103646570590894,5.7504281863330915,0.8760643678555243,313.32522123893807
C5004,1,2,2,8.036249942132116,7.343426229147367,2.70805020110221,2.0794415416798357,1.791759469228055,5.401389551687851,0.0,220.71428571428572
C5006,4,38,12,12.670055058582225,8.35279956459455,6.912742820493176,2.6663018517218244,3.4305404108960658,5.761456101774306,1.7334822032387935,316.81075697211156
C5008,9,166,28,13.894466829525921,8.524026535038754,7.903965634032166,2.609385564182982,2.014592894938911,5.993367980088905,2.5022505382578655,399.7620982637606
C5015,9,208,27,13.503802150909639,7.556288744621976,7.993957547573565,2.167186983381683,1.6254962735653045,5.514218005744427,2.3176628103906407,247.19581363943283
C5018,12,233,27,14.749656532014376,8.733660064210877,9.775028985632325,3.7818587598955404,2.670441196578612,4.981570941650967,2.4939891267118277,144.7030930179668
C502,3,3,1,9.165447603085447,8.067044475681433,3.4339872044851463,2.3978952727983707,1.5404450409471488,5.7672787862153285,1.584962500721156,318.6666666666667
C5026,1,16,8,9.520248603186129,6.748759547491679,4.394449154672439,1.791759469228055,0.11778303565638346,5.1440000061636795,0.0,170.4
C5028,2,16,2,12.03024197726658,9.085910293598007,7.491087593534876,4.556643145093431,2.820752123618404,4.55032656065827,0.9980008838722995,93.66331658291458
C503,2,11,1,12.564739604089699,9.620363497574724,6.742880635791903,3.819445929395995,2.94996385509841,5.825989659206007,0.9819407868640977,337.99645808736716
C5030,926,1,4088,20.543637827694045,11.463075023774211,13.38208877851718,4.314971000866169,1.109070147074745,7.162326140284954,9.596059518568966,1288.907952662868
C5033,3,65,10,12.097846917959073,7.754464840195757,6.3561076606958915,2.136239140072969,1.9533038980802515,5.746669813145375,1.037122412743883,312.14608695652174
C5039,1,2,2,8.521981708148035,7.829033552367331,3.4339872044851463,2.772588722239781,1.6094379124341003,5.126540023629754,0.0,167.43333333333334
C5043,8,145,26,12.68885058474097,7.479925805119518,7.192182058713246,2.111040809431319,1.9751429998758936,5.50150713456426,2.5850633371445144,244.0609939759036
C5045,8,275,31,14.979455739673034,9.165429494530278,10.131101098521789,4.330183306877579,1.9476144528338464,4.85620452956201,2.4774043865269375,127.53542272310939
C505,4,72,14,12.978924784425077,7.995652835127508,8.50045386741194,3.545910319396733,3.6527908171863777,4.489956568273414,1.9234471777049067,88.11757526444264
C5053,3,6,3,11.036420749382133,8.471664625524522,5.676753802268282,3.152078343944685,0.9614111671546247,5.367756873673629,1.3346791410515946,213.38144329896906
C5059,2,70,10,12.158619337370412,7.681738558691056,6.423246963533519,2.078020077332458,1.6207374676880337,5.740211092577895,0.9940302114769566,310.130081300813
C5061,2,61,10,11.989196910352945,7.712971671489832,6.29156913955832,2.13843084015554,1.7801178942125693,5.702817259449661,0.9182958340544894,298.71057513914656
C5067,9,152,25,13.88958410095389,8.456073796564787,8.993551586299981,3.5877554635845663,1.9576932311211186,4.903603264915441,2.4593948865367516,133.7745341614907
C5069,3,18,8,11.314267187680064,8.318766642638865,6.306275286948016,3.3446270301737613,1.0647107369924282,5.01645622328533,0.9219280948873624,149.87568555758685
C5074,3,73,10,11.65093805202827,7.244924137017798,6.161207321695077,1.9122488664821815,0.04762804898925462,5.4959457683496105,1.5397635896673323,242.70190274841437
C5076,4,26,4,10.804217846292227,6.893189714302822,5.605802066295998,1.8594181177018698,1.3137236682850553,5.207568722820412,1.884107451387086,181.64944649446494
C5078,2,67,10,11.992018906414282,7.5858012024898605,6.2285110035911835,1.970007700634374,1.6477200990051173,5.768605046356682,0.9788698505067782,319.09090909090907
C5080,1,11,3,10.06798452441753,7.670513321851545,4.553876891600541,2.256065077359153,1.128465251817791,5.528626671774807,0.0,250.79787234042553
C5084,11,242,32,14.28571729158292,8.588809375160901,9.301642530382969,3.6312965522445926,1.9840055150309546,4.990987579492407,2.276343497817716,146.0816065723414
C5086,2,58,10,11.8229730541801,7.6337949163942085,6.0867747269123065,2.034903687248934,1.8067973465925955,5.741680837340085,0.8453509366224364,310.5876993166287
C5089,8,2124,8,12.723725907834552,5.030437921392435,8.798605650854423,1.3862943611198906,2.304123763705361,3.9448128282511368,3.0,50.666666666666664
C509,3,5,1,9.810823867672708,8.201605349710748,3.970291913552122,2.4336133554004498,1.5260563034950492,5.862373829525658,1.5219280948873626,350.5576923076923
C5092,7,87,23,14.443878655120534,9.599758782570765,9.729550745276567,4.892832573206749,1.6480527485618799,4.723312288170562,2.094873578490402,111.5404022372962
C5094,1,6,4,9.513994213937663,7.722603734787961,4.219507705176107,2.498699971920336,1.7047480922384253,5.314161334616931,0.0,202.19402985074626
C5096,13,52,47,17.195520495914458,11.0708526303848,10.058994455134526,3.953639432662014,2.090593568042427,7.137363967337171,2.881174135498927,1257.10760143811
C5097,3,34,7,13.266863641399413,8.812663461620014,8.081165777725433,3.652770174496882,1.7400580948511646,5.191584209579053,1.363513569285257,178.75309405940595
C51,2,24,1,14.835921997251539,9.049141754171398,8.942591637231851,3.1972949302749667,3.4285300296580323,5.89621433282595,0.269209539369896,362.6581699346405
C510,1,9,1,9.070503426788383,3.8501476017100584,5.247024072160486,0.6931471805599453,0.0,3.8501476017100584,0.0,46.0
C5109,8,144,31,14.617326924490609,9.548493584901852,9.857914707241372,4.797244864660529,2.402458885966866,4.767997786703214,2.03280582454695,116.68337868955412
C5113,1,10,6,9.75359446296151,7.451532002887814,4.330733340286331,2.1400661634962708,0.5877866649021191,5.440395465141026,0.0,229.53333333333333
C5115,2,68,10,12.063171781892168,7.719804637844422,6.272877006546167,2.0630745642156305,2.3848231912310176,5.795224266494402,0.955622269353147,327.7258979206049
C512,1,9,1,9.070503426788383,3.8501476017100584,5.247024072160486,0.6931471805599453,0.0,3.8501476017100584,0.0,46.0
C5125,2,61,10,11.51728594424719,7.241326486287192,6.093569770045136,1.96555714643911,1.7172953082905138,5.430357262829285,0.9182958340544894,227.23076923076923
C5136,223,1,223,10.77170086617711,5.308580970797458,5.476463551931511,0.69525466289951,0.0,5.30439131966518,7.762160970417244,200.21848739495798
C5137,2,61,10,11.981390411049938,7.705168626618872,6.289715570908998,2.1367928381513015,1.777773227253315,5.696887632131052,0.9182958340544894,296.9386617100372
C5139,3,97,10,12.402712044406067,7.711807666691103,6.741700694652055,2.1703634582515865,1.4782628502623123,5.6656574573052705,1.5413336809305218,287.77777777777777
C5145,10,261,33,14.264277782546124,8.453349359066246,9.282474969735382,3.5018462159596253,2.260702156632458,4.988732836453838,2.5953273369345506,145.75034893458638
C515,10,552,26,14.191708874524954,7.6730262162326515,8.69751274553952,2.2854779446724134,2.0722253016500933,5.498463910514916,2.5141676871954015,243.31635209620845
C5151,11,207,28,13.025843666411985,6.4848969872388755,8.054522609537294,1.7110160678391002,3.207398103363724,4.978544446648477,1.9758708115308128,144.2627899586908
C5154,9,247,30,14.702841987860687,9.026207998560798,9.89802264710506,4.235792594756192,1.7360102151582812,4.813025622192466,2.7815450788625795,122.10351935646054
C5156,5,141,28,14.304062965039892,9.078429784951998,9.503009985939002,4.290974848147247,2.249025508684669,4.809313868536184,1.6108376734674328,121.64743637584894
C5159,7,81,23,14.126536773254012,9.52143912140737,9.404343433543975,4.807294370078226,1.9572739077056285,4.731130568964698,2.0536622727814295,112.42372322899506
C5161,1,3,2,12.512825459868276,8.799400548829176,7.491645473605133,3.8001371811353972,2.820216771229036,5.028305631002085,0.0,151.67410714285714
C5163,1,1,1,7.992944547318106,7.992944547318106,2.1972245773362196,2.1972245773362196,0.0,5.915865078610986,0.0,369.875
C5178,2,43,10,11.574095820200032,7.790310589580819,5.988961416889864,2.307120248159437,3.0648766487151966,5.591371291263633,0.8453509366224364,267.1030150753769
C5181,3,92,10,12.342345900811459,7.7178136555617245,6.661854740545311,2.158352387319689,1.4708517491479538,5.685168129549325,1.513742051337809,293.4673495518566
C5186,7,344,28,14.544388715780004,8.236554621883334,9.831400613641227,3.5523250215555704,2.7081716266381495,4.721978733418572,1.9552313642995636,111.39042347377472
C5190,9,150,25,14.764712524645525,9.502096646537066,10.030648698152808,4.776376657873065,2.0531933156049,4.742859351246791,2.5983806185075107,113.76187750429307
C5192,3,92,10,12.16710829951203,7.562452649166883,6.499787040655854,2.033397603178429,1.4838746894587547,5.672266939984693,1.4986885704510973,289.6927710843373
C5194,3,89,10,12.177992050202253,7.573330831561271,6.520621127558696,2.0515563381903004,1.4861396960896067,5.662320116182434,1.4986885704510973,286.81563421828906
C5198,3,100,10,12.390159310270795,7.645701231841365,6.698268054115413,2.084861609149175,1.8439943491702693,5.696484302730637,1.561984784616642,296.81851851851854
C520,3,90,10,11.888810703948277,7.3785690195594995,6.38856140554563,2.0185593317453754,2.232021129275053,5.505995135470988,1.3612005378853027,245.16329966329965
C5200,10,169,31,14.282761025736681,8.926306980895347,9.446992273315185,4.1069223617240755,2.0812088469999197,4.843755659685039,2.7053614475600725,125.94522061725472
C5202,2,32,10,12.182916601812968,7.153256182019818,6.220590170099739,1.4541973142428164,1.413693335308005,5.9668768841894835,0.672294817075638,389.2848605577689
C5208,1,9,1,9.070503426788383,3.8501476017100584,5.247024072160486,0.6931471805599453,0.0,3.8501476017100584,0.0,46.0
C5211,2,49,10,11.890628755292724,7.939734546886628,6.142037405587356,2.294863046900135,3.012891893836817,5.753912736661871,0.961236604722876,314.42241379310343
C5212,4,93,10,12.293543083801714,7.729630014484109,6.647688373563329,2.199536717094599,2.267605374098019,5.650669343551664,1.532195042087313,283.4818181818182
C5215,2,58,10,12.026186121635767,7.821888461138307,6.19644412779452,2.117872620536318,1.8637329688531443,5.834703319907982,0.8395304981054318,340.9632653061224
C5216,3,91,10,12.177956052804348,7.6566353408850105,6.519147287940395,2.123302392456604,2.320894705189382,5.6637551339522405,1.4029342381953893,287.22895125553913
C5218,8,143,23,12.661000707307167,7.474179441397231,7.145196134997171,2.0891705968779553,2.1015418886805017,5.520601827560716,2.3984156911773242,248.78531965272296
C5220,2,57,10,11.84457896726024,7.655390644826152,6.095824562432225,2.0427932745240973,1.8142323250801136,5.754176568797075,0.8453509366224364,314.5056433408578
C5225,2,59,10,11.877832432634477,7.644197914275089,6.135564891081739,2.038770501948908,1.8389380295031454,5.747622902611741,0.828055725379504,312.44468546637745
C5227,3,56,10,11.860655522427155,7.671459763232237,6.100318952020064,2.046714848177279,1.8043066852801437,5.765712258918112,1.4353713907745331,318.16629213483145
C5232,3,29,9,11.139511197027199,7.705959703411216,5.697093486505405,2.3590264038989974,1.9909628129962564,5.450069790461802,1.5647350905912576,231.77441077441077
C5234,2,60,10,11.822907044916777,7.6038906375466775,6.111467339502679,2.0304675370833762,1.7794288567705763,5.716947288816491,0.8739810481273579,302.97555555555556
C5237,9,254,32,13.563931523249602,7.99592262340189,7.966239776559467,2.484588533036471,1.9917359612607304,5.601735782922875,2.652084735452616,269.8962165914613
C5238,1,6,4,9.031213706078747,7.24005214419287,3.7376696182833684,2.0583881324820035,1.3862943611198906,5.322414918127097,0.0,203.8780487804878
C5240,3,23,9,11.50203639363806,8.366764561665835,5.3230099791384085,2.289455801552253,2.182625777915067,6.185966522458807,0.8076702057269437,484.88235294117646
C5250,5,14,4,12.390246652145665,8.95638420853567,7.903965634032166,4.480995801363248,1.5898933163611302,4.497841638896815,2.141504394260723,88.82305134835612
C5253,3,92,10,12.27276821356844,7.6482677061039475,6.641182169740591,2.1400661634962708,1.6250024289752119,5.6364595432435864,1.513742051337809,279.46797385620914
C5257,4,30,9,11.400115045340366,7.966463610386169,5.4638318050256105,2.149509104296553,1.9178709289909204,5.943145548518358,1.9918642483937374,380.131914893617
C5258,9,191,28,14.629769450208654,9.14507882326543,9.815748638228122,4.343967072849536,2.035437622983973,4.822156933399435,2.121587444932839,123.2327637971505
C526,2,3,1,10.045724689956613,8.65956043270316,4.31748811353631,2.970414465569701,1.6094379124341003,5.744820662021315,0.8112781244591328,311.56756756756755
C5261,5,61,20,17.996491610248015,13.639783960387714,10.758158167252745,6.403085880391328,1.8658674413817768,7.239072934035545,1.4644591042522865,1391.802152687669
C5262,6,175,27,14.305716244527318,8.973123618384557,9.52120171737537,4.203466112256943,2.178258958748726,4.792910040799901,1.8306766166196926,119.65196042506413
C5266,2,67,10,11.604848095320566,7.223541819945622,6.059123195581797,1.8464843689173016,2.0964830075346876,5.55194242018039,0.9709505944546688,256.73770491803276
C5269,3,83,13,12.35363452394233,7.690648302018066,6.6052979209482015,2.07471340048389,1.9803506390356052,5.752865106914288,1.382065747761542,314.0921409214092
C5277,3,57,10,11.824409509607499,7.635230687855107,6.089044875446846,2.03688192726104,1.826502417671928,5.7408446827565,1.14630864593417,310.3272727272727
C5279,8,405,37,15.134802030552793,8.965318803786236,10.291738679909605,4.13817458040083,2.2687556783788105,4.850948694393331,2.5773490719109957,126.8616339403805
C528,1080,43,19847,19.960959411060156,9.431025563289447,14.021796006611575,3.521773441914269,1.8709384698173233,5.941794982781833,9.059941099381584,379.61751862943953
C5281,10,240,27,14.62210382765341,8.911811160477935,9.735305559295893,4.042528300856711,2.0324089380558794,4.8943737590701675,2.7065246385652655,132.53635449328522
C5283,1,5,16,11.024497138646277,7.590998740505793,5.961005339623274,2.60149422803961,3.3124249240882278,5.072343586522141,0.0,158.54780361757105
C5286,6,230,32,14.8071591947863,9.161816903689006,9.978966013712034,4.346509302880499,2.099555905872602,4.836207937595734,2.1673559578438253,124.99068020587008
C5288,2,67,10,12.002339487735787,7.572031337460992,6.249975242259483,1.967778135691894,1.6283063967384832,5.7574546265500075,0.9852281360342515,315.541586073501
C529,736,41,15090,19.624942516522957,9.46363984389816,14.169248593406166,4.025876560141968,2.079431883156914,5.459957431868024,8.483708334133938,234.0874169200516
C5290,3,65,10,12.051434346836157,7.669868664006805,6.246106765481563,2.006534770871748,1.903971459834983,5.810262751496918,1.0586071445267504,332.70679611650485
C5292,9,233,36,14.514959838510107,8.848676235511702,9.63619616973208,3.9884071789393936,2.197993216882133,4.886405635120019,2.16014475793681,131.47654821008624
C5294,2,15,6,10.310983929553371,6.305445480245351,5.049856007249537,1.3397743454849977,0.2121745199436358,5.272668651876412,0.6840384356390417,193.93548387096774
C5297,3,59,11,11.329987718370322,6.924240597559056,5.929589143389895,1.7179641436299515,1.6617063409798571,5.407542405308014,1.3924684672939724,222.08266666666665
C5299,1,10,6,9.875910784765894,7.573788167050511,4.394449154672439,2.1972245773362196,0.18232155679395465,5.497936372815289,0.0,243.1875
C5301,3,16,3,9.979012377622373,4.071902089962904,5.961005339623274,0.7103775604471538,0.13252821581409263,4.038325489966036,1.1277660523190456,55.7312661498708
C5305,3,26,9,11.266538874925619,8.008762134283245,5.298317366548036,2.158003864182938,2.3064238693012116,5.975764047333985,1.3701635095276024,392.76884422110555
C5308,3,33,9,11.376292123415663,7.850309841807948,5.472270673671475,2.0757582962635395,2.5374246840714467,5.910933851189235,1.5078971865617072,368.0506329113924
C5309,10,276,32,14.652755485092005,8.844756708101386,9.469545806435415,3.686699903440889,2.4377667747936487,5.188880281106485,2.368057514433196,178.26771106652262
C5311,3,47,10,11.908946114250393,8.017448800518205,6.1070228877422545,2.316769727986002,2.5649493574615367,5.80715664383342,1.554608207224251,331.671875
C5313,3,63,11,12.553400036908394,8.222931626761536,6.495265555937008,2.2718545519030053,1.769585611733733,6.061975176958073,1.0862218199398501,428.22239031770044
C5315,13,266,35,14.767280396519617,8.822006864874512,9.298534382712099,3.387402847584156,1.8047635536512616,5.473044459151533,2.9557803988575877,237.1842322131673
C532,1,9,1,8.993551586299981,3.8501476017100584,5.170483995038151,0.6931471805599453,0.0,3.8501476017100584,0.0,46.0
C5320,2,64,10,12.099617086086244,7.693348230420071,6.251903883165888,1.9902104079518932,1.6547376716637638,5.85251308701412,0.9788698505067782,347.1081081081081
C5321,2,59,10,11.826063273393798,7.607045318199154,6.111467339502679,2.0304675370833762,1.7843793619304325,5.7200931734805165,0.8739810481273579,303.93333333333334
C5325,8,151,28,14.23436693478939,9.069695411283647,9.408453253565146,4.257839206032003,1.9621048349752939,4.833981647589983,1.8440094090250585,124.71050041017227
C5327,13,296,32,14.72143939030249,8.614597552675644,9.741497894714092,3.6604731055825255,2.097375530407127,4.9868504302427805,3.0264685678482093,145.47436500470366
C5329,7,204,28,14.893249165963264,9.363905506255442,10.122783712121445,4.603382875413995,2.1010321742722033,4.7789456444487985,1.8004972212809947,117.97883789101715
C5332,10,228,27,14.324069414553644,8.531252432081521,9.33353098253138,3.5690172768324717,1.7841083224925351,4.997404622697619,2.3564326060085348,147.0284703801945
C5334,3,19,4,12.193093783301974,8.79204328505264,7.1204443723924875,3.742420221041966,1.9647786333596962,5.0796943266451455,1.3382689280764646,159.72491909385113
C5339,1,2,2,8.145549631783584,7.452692432376896,2.8903717578961645,2.2512917986064953,1.8718021769015913,5.31696592562611,0.0,202.76470588235293
C534,1,9,1,8.993551586299981,3.8501476017100584,5.170483995038151,0.6931471805599453,0.0,3.8501476017100584,0.0,46.0
C5349,2,96,18,15.741071779099821,10.653498916411667,10.907459437050116,5.82280845039108,2.802611877877577,4.841556601554003,0.9972496329704709,125.6663674172331
C535,2,5,1,9.676712414987868,5.895216427575681,4.51085950651685,1.11365016603265,0.7905213445851217,5.182469956359409,0.15649106290570153,177.12222222222223
C5351,2,37,10,10.775951780869729,7.113183868463217,5.3981627015177525,1.8932664155698913,2.297443693493627,5.386890024104619,0.6789538995185759,217.52272727272728
C5352,2,29,8,13.695082652721915,9.031761989435386,8.535425959677298,3.892397720896375,1.8408490794245786,5.165578094941777,0.83294582353614,174.13867609506974
C5353,2,74,10,12.412428061398673,7.838107507731269,6.584791392385716,2.134593361754916,1.8305174795274586,5.831951428395178,0.999309898706868,340.0235131396957
C5356,3,41,10,11.501156481370229,7.787989068186871,5.659482215759621,2.0763881041929455,2.499034029047211,5.848044260304459,1.3672441307974752,345.55594405594405
C5358,8,242,26,14.612636600137533,8.970856146014077,9.808187372681804,4.18161693745763,1.9967727529379988,4.812663164715531,2.5249829463975715,122.05890765084429
C5362,1,9,1,9.070503426788383,3.8501476017100584,5.247024072160486,0.6931471805599453,0.0,3.8501476017100584,0.0,46.0
C5364,2,97,5,13.252013497626432,8.431947995745224,8.14902386805177,3.363674151699917,1.404276863670323,5.109335343231267,0.7706290693639406,164.56027753686035
C5367,2,89,10,11.880792542663075,7.286350827544854,6.300785794663244,1.8710248741030295,0.06831924397747721,5.58559494543862,0.6840384356390417,265.55882352941177
C537,1,9,1,8.993551586299981,3.8501476017100584,5.170483995038151,0.6931471805599453,0.0,3.8501476017100584,0.0,46.0
C5375,4,140,23,14.357670881859422,9.233804006686,9.575608290332934,4.463167640096481,2.162227735299123,4.790474634527235,1.2760874516387715,119.35848139922265
C5377,2,66,10,12.05163859222311,7.708276531050597,6.416732282512326,2.18998341607966,1.7565135301663801,5.640094655398943,0.9456603046006401,280.48936170212767
C5381,2,19,8,10.338835035126163,7.394978222281671,4.820281565605037,2.01138807843482,1.6902900090631954,5.530589853747386,0.8997437586982626,251.29268292682926
C5396,2,20,8,10.265662344545426,7.270591205034342,4.820281565605037,1.9671123567059163,1.7404661748405046,5.457715578008174,0.8812908992306927,233.5609756097561
C54,4,95,10,12.076237271349616,7.502072691184205,6.569481420414296,2.121087938555109,2.304644825957056,5.512199057823818,1.6603933645084126,246.69522471910113
C5401,11,275,22,13.423980898874243,7.697585696863594,7.982074875081202,2.354627292549855,1.443271795862431,5.4465665337057,1.8021615058376577,230.96036897847625
C5404,3,61,12,11.923364847503082,7.6611492137866595,6.1675164908883415,2.0417689253806657,1.9069308554501405,5.761092993329739,1.046692670026239,316.6953781512605
C5407,2,65,10,11.748882570930093,7.5750006546348,6.102558594613569,2.061982320308067,3.094532858298084,5.652072131629227,0.8290590693996659,283.8811659192825
C5408,3,53,10,11.793016296726188,7.768080162937765,6.118097198041348,2.2070963258153733,2.531426665422893,5.680534182770752,1.562641815818306,292.10596026490066
C5410,9,153,25,14.566762010454891,9.330408265804124,9.808297365532379,4.582086650478987,2.0674012624477554,4.767060886513422,2.647251325924168,116.57317274377165
C5412,8,168,29,14.803816416374884,9.452036443257114,10.055263987501922,4.7123867979381755,2.0953102261239738,4.7572215599899055,1.9867898935064328,115.42200455385144
C5414,3,24,9,12.030534032473051,8.852617259853439,5.703782474656201,2.599598492874711,2.4166575492538938,6.33186479714835,1.4284124677945969,561.2040133779265
C5416,2,59,10,11.865938713075968,7.617928125403781,6.139884552226255,2.0300261821164853,1.7821900182119044,5.731452266177346,0.8980587934501658,307.4168466522678
C5418,3,19,1,13.114502561992479,8.361144159133474,7.820840879907344,3.1123652228271372,2.3162839373522077,5.299069793159242,1.5261769707211656,199.15054195102368
C542,3,25,1,15.487407643689842,9.493521369672534,9.25320827220336,3.29685232881949,0.8476540491710228,6.2362540829627156,1.2815147835969347,509.94097920858485
C5420,3,58,11,12.451564600508146,8.232318938054323,6.304448802421981,2.2004872229710357,1.8489178830680035,6.151075176506303,1.0119209285947934,468.22161172161174
C5422,6,119,20,12.661140286159927,7.637738626457829,7.180069874302796,2.2650471736749807,1.828362048205602,5.485982219022439,1.8571171567307214,240.2858231707317
C5424,3,39,11,12.246936239185173,8.462952975385251,5.8916442118257715,2.219697433188278,1.5957077196221983,6.359784717820178,1.1059258442502466,577.1218836565097
C5429,3,31,9,10.753980303819851,7.320633700667709,5.2832037287379885,1.9909628129962564,2.2764398128897234,5.480022236631184,1.3183697698891939,238.85204081632654
C5433,5,141,22,14.951120577970926,9.933888923911274,10.22969297965866,5.217810975230913,1.9857856219715375,4.730326112086409,1.9462726795790506,112.33251542597337
C544,2,3,1,9.19339765124587,8.094988759303774,3.367295829986474,2.3353749158170367,1.8458266904983307,5.863935512399837,0.9182958340544894,351.10714285714283
C5443,3,49,10,11.294744579235763,7.363540659225594,5.749392985908253,1.965328234912415,2.5327626709656355,5.5524145717782645,1.1059794593109316,256.8594249201278
C5445,3,90,10,12.327276490208652,7.732590614042435,6.579251212010101,2.1117424864681573,1.791759469228055,5.752590299883443,1.4760290202047932,314.0055632823366
C545,3,10,11,15.229850927143952,9.577430780890138,10.326268538409524,4.683040495226094,2.029532330558224,4.911007229584005,0.7300841079708603,134.77610326638927
C5450,4,194,27,12.07980622752534,6.757952855348921,7.20414929203594,2.0223548612784605,2.039000572121325,4.88399056471693,1.141966840776461,131.15699404761904
C5451,3,54,10,11.38644345269029,7.361715723221719,5.976350909297934,2.081671197007105,2.59338729278207,5.417072505188238,1.556363553244285,224.21882951653944
C5455,8,97,24,11.809676291681885,7.031429424656345,6.329720905522696,1.7414976344471669,1.4454349361638303,5.485885552348326,2.4832659631550613,240.2625
C5458,1,2,3,14.195423984588027,11.017385884290531,8.411610428841172,5.238655822489969,2.782951509275328,5.787106723124027,0.0,325.06825255669185
C5459,3,92,10,12.279067498396422,7.674357361348923,6.543911845564792,2.0719132752590443,1.501852701754163,5.739811444768794,1.4986885704510973,310.0057636887608
C5461,2,60,10,11.920980549525268,7.687326103463991,6.150602768446279,2.0518915899116053,1.8412395264914247,5.775612722489112,0.868533960265235,321.34188034188037
C5463,26,74,56,12.411084812243827,6.488347160622708,7.446585099157725,1.7192271096626688,2.1155465463219523,4.972032409117694,4.330048420945828,143.31990659661412
C5469,2,57,10,11.86086032541093,7.671664472246149,6.09807428216624,2.044755983691946,1.8018098050815565,5.768159102059058,0.8453509366224364,318.9481981981982
C547,1,9,1,9.070503426788383,3.8501476017100584,5.247024072160486,0.6931471805599453,0.0,3.8501476017100584,0.0,46.0
C5472,3,54,4,12.867280141796943,8.252417705457585,7.687997166393016,3.1176870135807615,1.9316648939192644,5.185352484840981,1.5062623789267904,177.63640531866116
C5474,5,342,29,16.862244785970457,8.698185988392021,10.444735683113366,2.377820890545843,3.285653510986766,6.419169496147297,1.64523055465264,612.4933938653163
C5478,5,2,1501,17.253167440292653,9.52394481731735,11.193229712862854,3.4947469976314474,3.717137361887303,6.062283255924707,1.540148593085843,428.3546450795749
C548,2,60,10,11.570023877010104,7.427474569918248,5.968707559985366,1.9727573990915013,2.6952704744558114,5.607544514169099,0.7918583525674836,271.47435897435895
C5485,6,60,13,14.048222585056063,9.937396262656133,9.303921785597714,5.198497031265826,0.7489385401883608,4.753053805835382,2.125878243392917,114.93779599271403
C5487,1,4,3,11.605459066373161,8.8975364837284,6.608000625296087,3.9186675481468147,2.8371272433773522,5.005523150228071,0.0,148.23513513513512
C549,6,2,13,14.356041963461056,9.856284128827951,7.707062655370473,3.246490991901174,2.77050321574876,6.650722391469779,1.5212480346385366,772.3427800269906
C5493,7,171,28,14.363793225147383,9.007328888692143,9.553149630053277,4.2114285415759865,2.103904031153325,4.818823073642311,1.9805082906440368,122.81927881885292
C5498,2,12,3,9.549665677579801,4.275332457919211,5.424950017481403,0.7614664245374225,0.22112130593344195,4.145029264375315,0.28853851369441036,62.11946902654867
C5500,3,71,12,12.767526742739236,8.463669816228862,7.665753431861699,3.3953243130525665,2.679724872053965,5.108303855118582,1.2305302947580465,164.38959212376935
C5502,3,62,11,12.52574381708545,8.221943820307118,6.46302945692067,2.266817869135415,1.7735771501448645,6.066593761009647,1.0727330946570142,430.209375
C5506,2,16,4,10.853967128146982,7.963923888539679,5.730099782973574,2.893453424433573,1.6204877486206852,5.133016260362371,0.9910760598382222,168.52768729641693
C5508,2,55,10,11.888954896589896,7.715006942741164,6.09807428216624,2.0580607466548857,1.8019636394022966,5.7961672767916035,0.8512243352621378,328.036036036036
C5513,2,61,10,11.98555688853819,7.709333257057127,6.313548046277095,2.157880399771398,1.7707060600302227,5.677244694365767,0.9182958340544894,291.1433756805808
C5515,2,85,8,13.661915223904005,8.599503239096764,8.709795057617749,3.6727693680769224,1.9285818540942428,4.959326369023586,0.9906174973781801,141.49777264477808
C5517,2,21,11,14.085467463703528,10.530145357898602,8.700514248543275,5.150811229439447,3.3563992387622608,5.389692784816552,0.9852281360342515,218.1360532889259
C552,2,68,10,11.653608721935166,7.405712747754759,6.089044875446846,1.9859154836690125,2.9239293350754862,5.570640616542869,0.8631205685666311,261.60227272727275
C5521,2,7,3,9.673822784231653,7.5948215079760795,4.382026634673881,2.386466576974748,1.791759469228055,5.309269827010313,1.0,201.20253164556962
C5530,2,59,10,11.86669017829286,7.662460798074943,6.115892125483034,2.0472112637749227,1.8283936024078355,5.7561691975814995,0.8395304981054318,315.13495575221236
C5542,10,178,27,14.837731962925613,9.320368291591079,10.069806751852576,4.562799134198836,1.916213643701461,4.776428925984748,2.8155159357731296,117.67977813532052
C5552,2,3,1,9.20974019190415,8.111328003286733,3.58351893845611,2.538973871058276,3.455264602932431,5.65778839778877,0.9182958340544894,285.51428571428573
C556,2,1,2,8.725994381014571,5.733341276897746,3.9512437185814275,1.2669476034873244,1.0818051703517284,4.8022515598349775,0.9927744539878083,120.7843137254902
C5565,6,21,9,11.414661928297692,7.831529054032306,6.028278520230698,2.5257286443082556,0.20067069546215116,5.3933420422710086,2.4139525774495225,218.93719806763286
C5571,3,13,30,13.112644299810064,7.102198737689501,7.847371836159788,1.9837023482937157,3.980322826353512,5.270813975910539,0.3176062665582468,193.57427677873338
C5577,4,30,9,10.855743704842892,7.42233513710575,5.25227342804663,1.9641754970326066,1.4786676812509056,5.612359466842157,1.5781606091243576,272.7894736842105
C5578,1,172,1,13.264933546929065,8.117735583484729,7.653020413804189,2.5835586671936746,0.34144324934323333,5.616031810388714,0.0,273.79677113010445
C5582,8,180,15,12.727298004102742,7.41962689016597,7.147559271189454,1.9861096018876168,1.3276788582854415,5.584286358341441,2.1916964488227357,265.21023622047244
C5583,3,22,10,11.610415086247485,8.519563108216389,5.3471075307174685,2.3513752571634776,2.2221635256834715,6.269965848978446,1.2406705316766884,527.4593301435407
C5584,3,26,10,11.283361345853097,8.025579271265253,5.313205979041787,2.171249090932959,2.030170492673053,5.977619140285929,1.141619525334138,393.5
C5585,3,27,10,11.766978362441531,8.471343145305163,5.556828061699537,2.3566523142643216,2.0701391490175225,6.216010215771282,1.0377724203178629,499.7015503875969
C5588,90,9,132,18.754244798766365,13.654379538618082,13.432738014903668,8.333110572667431,1.9149479234513465,5.326381728126728,6.104484548584954,204.69237514425186
C559,2,4,1,9.92505333045069,8.538905758321887,4.2626798770413155,2.917770732084279,2.1102132003465894,5.6799287957768,1.0,291.92857142857144
C5590,2,2,4,14.951150451552676,11.655321937142762,7.847762537473608,4.562030693327474,3.690729593402098,7.104599949840963,0.3809465857053901,1216.5549042594764
C5593,3,53,10,12.273586423697708,8.266505579631833,6.113682179832232,2.2192034840549946,2.5870802745173074,6.1642199841526235,1.2081796118324084,474.430155210643
C5594,3,31,10,11.811287799830112,8.345781900629843,5.58724865840025,2.231357583705678,2.0023242383354045,6.229755946173389,1.4947849455167195,506.63157894736844
C56,2,8,1,11.27975683000893,8.794989055958931,5.942799375126701,3.4863551900024623,2.6741486494265287,5.344359397152886,0.6500224216483541,208.42368421052632
C5602,2,22,9,11.556272269473594,8.465430887539398,5.278114659230517,2.2888549001821437,1.828938472469809,6.28512869123731,0.9940302114769566,535.5333333333333
C5604,3,44,10,10.987848775434378,7.181929868075417,5.560681631015528,1.910365211635902,2.243070965461638,5.435372947325453,0.7156081959922707,228.3783783783784
C5608,3,61,10,12.418268488775878,8.275384460904515,6.255750041753367,2.2250524599589596,2.854461256590394,6.166536329990891,1.56240908428291,475.5326923076923
C561,1,1,1,6.834108738813838,6.834108738813838,2.0794415416798357,2.0794415416798357,1.6094379124341003,4.894636380233374,0.0,132.57142857142858
C5611,2,1019,10,11.617303498150166,4.674892615844009,6.977281341630747,0.7055106285792786,0.0,4.650548730428201,0.0648148964138766,103.64239028944911
C5613,2,6,1,11.869536406860874,9.304671051247427,6.244166900663736,3.7022511910798257,2.7963428082478887,5.630897938175693,0.7793498372920851,277.9124513618677
C5618,2,7,12,11.71152219306628,9.226705726062447,5.733341276897746,3.283414346005772,1.8055527913603908,5.983936280687191,0.9182958340544894,396.0
C5622,1,6,8,6.744059186311348,4.272025739459553,2.833213344056216,0.8472978603872036,0.34830669426821576,3.9889840465642745,0.0,53.0
C5624,2,153,10,10.229945527689226,5.1238922613984235,5.308267697401205,0.793374059698027,0.0,4.933829464794744,0.27866980356389914,137.91044776119404
C5626,3,43,10,11.07477702836835,7.291253601510186,5.602118820879701,1.9652033519899923,2.2440888863124373,5.4805154589304514,1.2927272147551727,238.97037037037038
C5628,3,36,10,11.62857288849619,7.991316266484815,5.87493073085203,2.3362234521428755,2.6813819540200488,5.759603531408889,1.4909703934320488,316.2225352112676
C5630,3,20,10,10.459468169808975,7.464280581999118,4.90527477843843,2.0412203288596382,2.145931282948669,5.565434954399869,1.219240704636849,260.23880597014926
C5632,3,27,10,11.513665191305229,8.181730445088197,5.749392985908253,2.4996779671083127,2.796845699885341,5.770574843745565,1.4701429793353156,319.7220447284345
C5633,4,29,10,10.694419122245767,7.29387898674595,5.214935757608986,1.9600947840472698,1.791759469228055,5.489050622281082,1.5927846621897883,241.02732240437157
C5635,3,24,10,10.46495876097101,7.24676714515536,4.997212273764115,1.9286186519452522,2.012232791986386,5.478681225989497,1.404107451387086,238.53061224489795
C5637,3,176,11,11.023404607698067,5.660897736281034,5.793013608384144,0.92744326382463,0.1020841261132797,5.238749143732184,0.47944112917737614,187.43425076452598
C5638,12,250,28,17.181363347268185,11.32917285021835,13.340642315651488,7.488997587717629,1.5683764256363264,3.861973276960763,3.1492857385219706,46.55910612477209
C5640,104,7,163,20.379545309619388,14.252676769959299,15.050240766309912,8.923504520708661,3.284532716030005,5.33414056043381,4.183167522698578,206.29451512021993
C5648,2,147,10,9.44549154241467,4.46653346065886,4.997212273764115,0.6931471805599453,0.0,4.46653346065886,0.3048913304923675,86.05442176870748
C5651,11,78,23,11.43530980962096,7.054136569402117,5.976350909297934,1.7770687538180514,2.3702437414678603,5.465727621871594,3.0150682599577405,235.4478371501272
C5653,1,8,1,7.104144092987527,5.030437921392435,3.2188758248682006,1.3862943611198906,2.302585092994046,3.9448128282511368,0.0,50.666666666666664
C5661,3,167,12,11.390011790064813,6.098943420476017,6.042632833682381,1.1348004479601037,0.06328144994752007,5.354483886507454,0.5062329143670483,210.5547619047619
C5670,1,8,8,6.175867270105761,4.110873864173311,2.1972245773362196,0.6931471805599453,0.0,4.110873864173311,0.0,60.0
C5671,4,62,12,12.465509552541652,8.17532780774951,6.340359303727752,2.1694450132291436,1.8008504409293071,6.129092550403778,1.6963336515690006,458.01943462897526
C5672,2,147,10,9.445175311879977,4.466220838538298,4.997212273764115,0.6931471805599453,0.0,4.466220838538298,0.3048913304923675,86.02721088435374
C5674,2,147,12,9.45993109330524,4.454270287281925,5.0238805208462765,0.6931471805599453,0.0,4.454270287281925,0.4003096458335464,84.99337748344371
C5677,3,164,13,10.520940888726873,5.3327993053220935,5.442417710521793,0.8232003088081431,0.005540180375615371,5.089017761456987,0.4903415031415079,161.23043478260868
C5678,3,73,11,11.893209507881133,7.549923538153847,6.284134161070802,2.0729268606586424,2.917419670118237,5.61458689585173,1.0919792342919254,273.4
C5679,2,160,10,10.772078525532862,5.503140268816707,5.616771097666572,0.8776032098825325,0.05487661022583428,5.164660835749951,0.2469751137548001,173.97810218978103
C5681,2,148,10,9.451480999992047,4.465752778848446,5.003946305945459,0.6931471805599453,0.0,4.465752778848446,0.30337483608641397,85.98648648648648
C5688,1,8,8,6.175867270105761,4.110873864173311,2.1972245773362196,0.6931471805599453,0.0,4.110873864173311,0.0,60.0
C569,4,109,19,11.956167937412422,7.177801660348984,6.668228248417403,2.0288114505883965,1.5665128677170663,5.294237809640752,1.8854049479808277,198.18575063613233
C5690,1,8,8,6.175867270105761,4.110873864173311,2.1972245773362196,0.6931471805599453,0.0,4.110873864173311,0.0,60.0
C5696,2,12,11,9.925689260519814,7.0932580448702875,4.465908118654584,1.8015156441734197,0.05715841383994861,5.4754900316054025,0.9975025463691153,237.7674418604651
C5698,5,18,104,21.627107713565238,14.605131744104922,15.667895590184791,8.646094837790793,3.982254479141032,5.9617908973657086,0.11698856324312361,387.30491615300696
C570,2,3,1,10.791790247870114,9.182434602722473,5.147494476813453,3.5610460826040513,2.6390573296152584,5.653617096307223,0.7219280948873623,284.32163742690057
C5705,2,151,10,9.841558955913962,4.819174058174375,5.087596335232384,0.7189550645158179,0.0,4.768629666817575,0.2960360907177139,116.75776397515529
C5713,2,534,10,10.69183127007966,4.414270195449623,6.29156913955832,0.6931471805599453,0.0,4.414270195449623,0.11140744609757867,81.62152133580705
C5715,2,145,10,9.417354541360508,4.452260115596953,4.983606621708336,0.6931471805599453,0.0,4.452260115596953,0.30797532887291956,84.82068965517242
C5720,567,35,4458,21.820540020417614,11.893684629679031,15.912278870417762,5.987928531850432,2.357281957097751,5.910974495142538,7.051420208734851,368.06563289291006
C5721,896,25,5293,24.213047365280637,13.733565702361457,17.04190151336699,6.563830194000527,2.349984989614445,7.171914038159201,7.86538382229515,1301.3349375123692
C5730,1,8,8,6.175867270105761,4.110873864173311,2.1972245773362196,0.6931471805599453,0.0,4.110873864173311,0.0,60.0
C5732,2,147,10,9.445649620189263,4.466689735077056,4.997212273764115,0.6931471805599453,0.0,4.466689735077056,0.3048913304923675,86.06802721088435
C5735,1,1,1,9.853456618930563,9.160362002169942,3.091042453358316,2.4423470353692043,0.4054651081081644,6.809984932590987,0.0,905.8571428571429
C5736,121,2643,1003,20.48424710284423,11.256571013453652,14.29350281795938,5.0721021491772476,2.6905215465656527,6.192791109133379,4.377277929335325,488.20963993769965
C5739,1,8,8,6.175867270105761,4.110873864173311,2.1972245773362196,0.6931471805599453,0.0,4.110873864173311,0.0,60.0
C5741,2,150,10,9.731927878386204,4.716970448212296,5.0689042022202315,0.7126917766329155,0.0,4.678608856451714,0.2974722489192897,106.62025316455696
C5742,2,6,1,12.281022406137701,9.190077365994725,6.481577129276431,3.4221876575539913,2.907894108588367,5.803993250066663,0.6840384356390417,330.62116564417175
C5744,1,7,3,12.525464118649392,8.718961466136024,6.915723448631314,3.1517859035273355,3.16312818013127,5.614381316544446,0.0,273.34359483614696
C5746,2,5,2,12.500047377604975,10.554159587159404,5.3981627015177525,3.4790398684260895,3.337293579682675,7.107235596804381,0.9852281360342515,1219.7681818181818
C575,1,9,1,9.070503426788383,3.8501476017100584,5.247024072160486,0.6931471805599453,0.0,3.8501476017100584,0.0,46.0
C5750,2,4,1,10.023357298386513,7.625905445247766,4.356708826689592,2.0794415416798357,1.2656663733312759,5.682916945017073,0.6840384356390417,292.8051948051948
C5751,14,184,17,14.098447891925977,8.770726192442334,8.206583614320753,2.933133617234246,1.7291608129083105,5.894893679411561,2.7459540866946575,362.1782205240175
C5753,2,1026,10,17.466920802147236,10.436092654186915,11.374146039766957,4.356187255160108,1.0369187196627696,6.095042783016107,0.06069647258763206,442.65302558564355
C5756,6,279,3,15.485357163021426,8.616523629171471,11.195951887883048,4.34004535791195,3.802774136030791,4.3030385383894645,1.0482385115652637,72.92407392152018
C5757,8,271,32,14.944541149947195,9.07818690452599,10.125990898962915,4.273513531285179,1.9991037007514938,4.826635670005705,2.0749263076231026,123.79041748388904
C576,2,65,10,11.614741707104534,7.4256738698944815,6.035481432524756,1.990361911626147,3.0204248861443626,5.585405737614167,0.8453509366224364,265.5083932853717
C5760,2,985,11,11.464050297188091,4.552973338081419,6.922643891475888,0.6931471805599453,0.0,4.552973338081419,0.07987644477903219,93.91420118343196
C5763,36,139,13,17.032003706512377,9.950342792725653,12.872870717267116,5.794209347394657,4.068178876396384,4.174635819342414,4.551938064076105,64.01615772195372
C577,2,66,10,11.594643691255087,7.346784103928442,6.056784013228625,1.9580806846755685,2.623632859289627,5.544113204668295,0.799759411329176,254.72769953051642
C5771,3,159,11,14.683447670369492,8.924678549767808,9.594105053105007,3.856503626185727,1.586463066539588,5.0955530757459995,1.5071284446313704,162.29413367854465
C5774,2,16,8,10.292179440058462,7.520099045938476,4.727387818712341,2.0794415416798357,1.890850371872286,5.577436092267894,1.0,263.39285714285717
C5778,16,662,32,14.321719541426868,7.615349551910432,8.39072252736229,1.8539648918335516,1.4473503583114813,5.933875112970082,3.3322738976816226,376.6149829738933
C578,3,61,10,11.624457895119304,7.466138164348293,6.159095388491933,2.12525107771113,2.610758893492831,5.47168297786727,1.2189514568588302,236.86016949152543
C5780,4,8,3,11.746486564707151,8.135853626773349,6.828712071641684,3.2560153718176577,2.0022101937438457,4.926130376384504,1.6625486558151605,136.8450704225352
C5782,127,411,84,19.229835166602417,10.64931537258773,13.037482819515452,4.4684682276291,1.43072163779256,6.194397437705549,6.928899028377467,488.99610284992707
C5783,2,2,1,10.297116218868338,9.604002767965195,4.663439094112067,3.979681653901961,3.56953269648137,5.646657673696711,1.0,282.34285714285716
C5784,3,336,10,12.34997383547495,6.534312129840531,7.647308832356238,1.9785353763713898,0.014771317320312555,4.7121640375134675,0.9787235634575852,110.292741165234
C5787,17,17562,8933,16.446128951137055,5.893779856744747,12.029556206388545,1.6805657698702532,0.21246995059918633,4.428581787376141,3.1053424052181122,82.81246868214464
C5788,1,9,2097,11.513894994824232,3.8501476017100584,7.685703061234547,0.6931471805599453,0.0,3.8501476017100584,0.0,46.0
C5791,3,16,4,13.809329494489171,9.938175773872745,9.746365796763916,5.8779108364846815,3.8655426715456045,4.080071990700869,0.9466181994767839,58.14972792697911
C5799,1,31,1,12.091149890368655,8.625587849405292,7.697121317282625,4.245365349040432,1.8375690052593492,4.406746950474226,0.0,81.00227169468424
C58,1,2,6,8.193123721512068,6.115616149215241,3.5263605246161616,1.634130525024472,0.0,4.705426789727742,0.0,109.54545454545455
C5802,11,24718,9377,15.708596617502653,4.780776440771809,11.31041752725609,0.8976257369212379,0.06961453333717316,4.41041572673508,2.865997565337975,81.30367222990927
C5808,15,16455,9232,15.06877225921464,4.642921587600798,10.590918426099964,0.7738448573265464,0.18894217507416805,4.489172159558313,3.0458046884167453,88.04769807145911
C581,3,61,10,11.630930698161134,7.488346808700263,6.159095388491933,2.1391320205044737,2.6253584852570966,5.4781287132523016,0.9031682574209208,238.39830508474577
C5811,7,40,7,11.200513445897837,7.512166869678662,5.488937726156687,1.9494752152198096,0.4542552722775964,5.718991266998388,1.9326474300517176,303.597510373444
C5815,1,1,1,8.020927718981577,8.020927718981577,2.1972245773362196,2.1972245773362196,0.0,5.943783143036834,0.0,380.375
C5826,3,6,11,10.630045330940309,7.857819220963213,6.206575926724928,3.4637808679639233,1.6582280766035324,4.437360995367527,1.3294340029249652,83.55151515151515
C5827,9,12,3,8.530109416682784,6.0473721790462776,4.007333185232471,1.7047480922384253,1.2286654169163074,4.551534970155459,2.91829583405449,93.77777777777777
C5828,16,263,26,13.321755073477174,7.4933647388912945,8.210668031162976,2.469842776838994,2.469345016749075,5.117366981255585,3.0608641433283537,165.8953519978255
C584,3,22,1,13.720094872594434,8.290998938809688,8.34924780056679,2.972212218862872,1.163698905187996,5.3757208962293985,0.6022210834560944,215.09559867486985
C5841,8,204,23,16.040552940685494,10.074448237122489,11.687752340001923,5.724866332108429,2.2091193649883687,4.3655973759257565,2.276846906480362,77.69639723600581
C5843,12,221,25,13.906979734186226,8.312512898652354,8.471777327885755,2.931639749599164,2.00017300761468,5.439760777116168,2.9406367563787628,229.3870630102575
C5847,2,5,1,12.99120174610469,10.28318346875033,6.872128101338986,4.178481441428301,3.258096538021482,6.12230397680709,0.7219280948873623,454.91390041493776
C585,757,97,2363,17.920540329465087,9.026813247278623,13.339062206034518,4.456879663360758,2.1888644000263433,4.591667379549701,8.239960504151346,97.65879475155559
C5850,3,66,11,11.751745495669446,6.359841212611946,6.35088571671474,1.2809338454620642,1.4785005549866244,5.407093371447535,1.0249525989061183,221.9825174825175
C5853,11,206,28,14.71292953314774,8.89893513726318,9.829356503193052,4.033051184499967,2.4167130323731687,4.891167479738454,2.4777793122539555,132.10888529886915
C5857,14,144,18,13.713300629545692,8.212312640783814,7.465655310134056,2.0951340935194693,1.6037072377251154,6.250148817574193,2.5693831980591604,517.089919816724
C5858,15,200,14,13.091110040249117,7.711658302046848,7.344072850573066,2.0948748288574106,1.5015139501020756,5.75086683766187,2.820815127069747,313.46313065976716
C586,909,45,22256,20.433102730607157,9.70747619714584,14.569083281702287,3.8645899950570595,2.1070801137365867,5.866855698544908,8.905285033410388,352.1368640142786
C5866,3,99,10,11.997608325185022,7.383103511249628,6.481577129276431,2.0089447109586342,2.577061541871986,5.521565206902483,1.506559344999622,249.02607361963192
C5874,3,11,3,11.086823882011622,8.31446482484462,4.804021044733257,2.1473922035883435,1.5314763709643886,6.292869181801605,1.198192411043098,539.702479338843
C5880,2,15,2,12.05417941574413,9.163906596008786,5.762051382780177,2.9237587739289017,1.8887517352153647,6.297115129445849,0.9182958340544894,542.0031545741325
C5883,3,100,10,12.545967589428889,7.784206439583154,6.698268054115413,2.069779630768099,1.5219602262730458,5.851808617631776,1.4383677306519345,346.86296296296297
C5888,2,79,6,11.101477495184204,6.733205971500955,6.259581464064923,2.029147082068186,0.4668340544844565,4.851641059837043,0.7958812735955936,126.95019157088123
C5893,2,160,6,11.622918235151548,6.500449191596768,7.069874128458572,2.0786972171199785,0.5864630379716107,4.5643570566767675,0.940285958670631,95.00085106382978
C59,2,25,1,12.902576685527718,9.031492773993728,6.932447891572509,3.106080330722856,3.2337644373619514,5.97365056614328,0.9182958340544894,391.9375
C590,11,319,27,13.723046524041468,7.707337885082106,8.29853954537488,2.3793202730337875,2.0742451368949673,5.429151260612719,1.86315860088169,226.95568832462035
C5900,132,22,301,18.963293435046836,12.417947814236761,13.188145499949023,6.644096498829732,3.2426709223929953,5.778248728000416,4.883481055097893,322.1926961999715
C5902,14,414,25,13.990015813576452,7.742406219367686,8.109826276018477,2.005965716056415,1.9425888063951098,5.883278837691292,3.060190122004716,357.9843656043295
C5904,2,97,7,11.27660801769523,6.682728642644394,6.499787040655854,2.042138181149867,0.40882645581086924,4.786688207182363,0.7990485210442682,118.90361445783132
C5905,2,12,1,10.039023185328821,4.832045894565872,5.438079308923196,0.8085118353520472,0.11778303565638346,4.615206984632061,0.048708312546253296,100.00873362445415
C5913,12,72,13,13.025724715558372,8.61918388926897,6.679599185844383,2.36978774510793,1.6359135864181282,6.349130195105899,3.068312862136816,570.9949685534591
C5919,6,117,8,11.596696598034907,6.8102986304946045,6.461468176353717,1.8445100346135839,1.4251143529694728,5.142642312097728,1.0750806072952543,170.16744913928014
C592,10,162,22,13.185899521329679,8.086338978223106,7.629975707027789,2.606296542375377,2.0262208454749264,5.560262914375892,2.8346136830391195,258.89115646258506
C5921,11,475,28,14.686747018522922,8.308566843713832,9.045819439807735,2.7344116069633575,2.1781800101214857,5.6445879240783565,1.8411433096702468,281.757014854987
C5923,11,140,14,13.932651609815368,8.802902312962553,7.886081401775745,2.81742631209339,1.7858247337082405,6.049307612233833,2.4220643181870543,422.8194810078977
C5924,11,329,20,14.551111680693234,8.670749760237435,8.366835309827675,2.5660231254160966,1.5255703948363148,6.186567362121584,2.6485477971782028,485.1743780516159
C5925,13,287,24,15.204991087853331,9.228738111216929,10.09075519061184,4.130567163242384,2.2305055191017167,5.120269441118387,3.168467750495671,166.38046272493574
C5927,13,642,28,16.067807956049247,8.542362923747842,10.303001655150853,2.8376746002887674,2.685111664674096,5.7679707198404495,2.976931000930034,318.8879313235639
C5929,10,300,21,14.13871661523501,8.188351249083713,8.423321975806166,2.553465399279855,2.027668417279995,5.718902338184803,1.5015091793496531,303.5704240826192
C5931,16,784,27,14.88546888156885,8.128831105514998,9.19125948416339,2.5182589550482457,1.5705520269407116,5.697670391809253,2.550636877888585,297.17196738022426
C5932,11,3,19,10.674544398220231,7.307895892265146,5.846438775057725,2.556959967428058,1.9209712007080613,4.838923916414316,3.374548236208473,125.33333333333333
C5934,1,4,3,8.902047345620277,7.516161231086992,3.6635616461296463,2.3513752571634776,1.4469189829363254,5.269484616456302,0.0,193.31578947368422
C5936,9,226,22,14.168558933847308,8.574035818102034,8.323122887587735,2.7914615493759944,1.7755192622052418,5.8485664070858885,2.4649421403265523,345.7369443769735
C5937,10,236,23,15.048139912965002,9.354494061853096,10.047890880908506,4.366887359453723,2.1453995094716336,5.007005412733898,2.2940322059833242,148.456504803947
C5939,17,651,34,14.953264389985153,8.058910351279884,9.03741453682259,2.2535821402292795,1.8780951705163031,5.9186608373016485,2.8043815259070537,370.9133277850434
C5941,4,119,9,11.705502586556785,6.918991910908125,6.856461984594587,2.1869871682429993,0.9262410627273231,4.8578827699845215,1.5963742343422296,127.7513171759747
C5942,4,98,9,13.108519998463617,8.363819021621216,7.8168199657645525,3.1167949494607305,1.6486586255873816,5.29711955150957,1.720729348893395,198.76058041112455
C5944,2,6,1,11.022180207705091,8.383335214856741,5.455321115357702,2.8703310070127186,2.8290028115198727,5.5749243879030645,0.74959525725948,262.7296137339056
C5946,2,8,3,9.98732305844836,7.215423785366035,4.762173934797756,2.1102132003465894,1.5040773967762742,5.239006536501539,0.9886994082884974,187.48275862068965
C5948,17,704,32,15.001754531191487,8.012750227269226,9.013595294516504,2.1482193362759703,2.0790958598189295,5.990785514718234,2.922589065726114,398.7284792402289
C5949,2,13,3,10.255622204932642,7.211802705520182,5.043425116919247,2.120263536200091,1.4772661393256175,5.2240345539357875,0.998363672593813,184.6818181818182
C595,3,90,10,11.980031149226644,7.4697356161052,6.413458957167357,2.0402208285265546,2.2981797995261295,5.572016666109465,1.3612005378853027,261.9638752052545
C5954,5,64,12,14.12885745318375,8.591708111126772,9.857548320594683,4.333371795993211,3.9352934433894826,4.285226942347864,1.2931842756819483,71.61902518192765
C5956,15,222,26,15.112318025985916,9.388816308548149,9.379576689221482,3.6814170389023615,2.7488199066737224,5.73605818267369,2.9732923808130987,308.8406653719497
C5957,3,54,6,14.656135920956366,10.393486244303258,10.64680489700865,6.385788004694775,2.181451379659125,4.027336818206117,1.2550301393205436,55.111277551893856
C5959,14,5476,4543,14.477101021779998,5.698594314403995,9.411483683010726,1.0566597841248233,0.5841131739486861,5.071988285543185,1.2793382034808634,158.49112619612333
C5963,3,12,1,12.921575563973025,8.732079716820863,7.094234845924755,2.9571174374262115,1.2396908869280152,5.8311076328836915,0.5229784263810124,339.7358803986711
C5965,4,111,8,14.033660863751177,9.143417858503538,9.655218482441182,4.773293681276754,1.8103819813260569,4.390971733968926,1.626653486773406,79.71881810024355
C5967,1,5,1,13.489720859314684,10.494014902771248,8.457867725331422,5.466159602077157,3.2865344733420154,5.0385681261126125,0.0,153.24899172150288
C5969,4,61,6,13.240485910980327,8.909885849886557,8.231642179973411,3.920669725094224,2.4616110871844783,5.015762752570998,1.6598811231661785,149.77109395794517
C597,7,70,17,12.383063351889325,7.729538556400796,6.962243464266207,2.402214933942887,1.4051628454242733,5.426172728337461,2.316846084081741,226.2777251184834
C5971,2,7,1,13.09980279043128,9.488958517899677,7.545918151209323,3.9538391002615048,3.4418031365880983,5.55827387210979,0.4941829348497886,258.3747357293869
C5973,3,42,6,12.98824667065977,9.117153145444378,7.985824666418917,4.130488967191245,2.8208827315987373,5.00945692821016,1.1964209471916636,148.82334921715452
C5974,4,9,3,9.931588982647003,6.674707068848699,4.6443908991413725,1.60171586634019,1.3570239788197773,5.301806418352693,1.8904916402194916,199.6990291262136
C5975,2,8,1,12.89841950591935,9.114337452282978,7.312553498102598,3.5566459202050136,3.456460060337205,5.590271841333487,0.5107878229540133,266.80841121495325
C5977,5,70,7,12.923146291606223,8.605838787897042,7.622174594817622,3.3402671575985545,2.0609380701152764,5.30643078861727,1.7565766832968952,200.62928501469148
C5979,5,77,7,12.831684819972272,7.956835143341078,7.7336835707759,2.9138430784563254,1.8292170317629555,5.1045242172441005,1.980910884942436,163.76565922032412
C5981,1,4,1,9.412382853382338,5.258634046408642,4.61512051684126,0.9409833444645266,0.184922338494012,4.815269023781492,0.0,122.38
C5983,4,20,1,12.71158517980013,7.439170550579125,7.493873886783559,2.3233927455004495,1.8940383183484732,5.223667016736232,1.5722410341980138,184.61358574610244
C5985,3,17,1,11.109892397053347,6.420159275278534,5.863631175598097,1.439878607253997,0.5765102768341844,5.254329754207075,0.9322829312158797,190.39316239316238
C5987,6,58,7,13.038459893181622,8.311315650161633,7.923710333969238,3.2360722479266295,1.9203005548509888,5.121096866312744,2.041401022667978,166.51901484969213
C5989,8,40,8,13.377424112838588,9.158020234776483,8.872206756028303,4.6620507834628695,2.456315516458741,4.5163451035175175,2.1646278481112273,90.50056100981767
C5991,10,189,23,14.810952153783703,9.338769062047124,9.737255856891121,4.278881217560955,2.1981578485192177,5.079994340069912,2.2441954115967455,159.77314596126595
C5993,3,46,6,12.811516391502044,8.751228931023276,7.734558844354756,3.698744427961376,2.0421155840671497,5.083609144164327,1.181914173830575,160.35536105032824
C5995,1,4,1,9.283869605264298,5.703597272322122,4.127134385045092,0.9911920400472728,0.02739897418811444,5.178554914121835,0.0,176.4262295081967
C5997,5,52,7,14.21939575199855,9.518988165122181,8.233503140233994,3.5615624781745248,2.236833715431265,5.988667733185101,1.7160252547958952,397.8828374070138
C5999,2,7,1,10.32833036107053,6.203188301335393,5.017279836814924,1.2294518896269209,0.8357102452148157,5.322554590912082,0.11911602665564837,203.90666666666667
C6,3,90,10,11.825053778201925,7.3148527536884105,6.3561076606958915,1.9904301640235391,2.2153738958418967,5.474875972583238,1.3854655430599514,237.6208695652174
C60,1,3,3,7.177782416195197,6.080695680835925,2.5649493574615367,1.6094379124341003,0.5108256237659907,4.701237654734325,0.0,109.08333333333333
C600,2,61,10,11.584082659286556,7.41029125373769,6.12029741895095,2.0775166132702516,2.523880784219776,5.4701954459487645,0.8290590693996659,236.5066079295154
C6001,16,240,17,14.708850728994417,8.868349446996461,9.130105979265577,3.3259557916548657,1.969305429103392,5.582622482115468,2.9385661711385485,264.7676636324231
C6003,4,5,1,11.24699183790044,9.6376061100432,5.7745515455444085,4.177459468932607,2.341805806147327,5.479716899239115,1.9219280948873625,238.77881619937693
C6005,6,161,8,14.193520875511805,8.895339859130392,9.580178302441196,4.295515132725903,2.1071782966514356,4.623280045714182,2.2394522014760425,100.8274837639906
C6007,1,1,1,7.934155233536322,7.934155233536322,2.0794415416798357,2.0794415416798357,0.0,5.990392544146647,0.0,398.57142857142856
C6008,3,42,6,12.777546420247551,8.906478103295363,7.610357618312838,3.762168638771693,2.8183982582710754,5.173362989379398,1.2029818627477793,175.50743310208128
C601,2,68,10,11.78875254384986,7.512625130057478,6.255750041753367,2.10684051586795,2.8926838976545444,5.538854915213483,0.9315627684809641,253.38653846153846
C6012,3,23,1,14.1477804054759,9.319555608641643,8.791486026749002,3.9818475309949544,2.2122226529136544,5.361152245963165,1.375692761941828,211.97019917895696
C6014,2,6,1,13.593156694764314,9.330564244830702,9.235130540783402,4.979256056524618,1.6481167669992116,4.37084360533564,0.31273337639664334,78.11034146341463
C6016,1,2,1,8.53070154144103,5.135210028677887,3.713572066704308,0.8472978603872036,0.0,4.849487972533708,0.0,126.675
C6018,2,6,1,11.54511187997288,8.178087144532288,6.270988431858299,2.95526940994081,1.5599578551707307,5.281105697999301,0.4798320236161284,195.58712121212122
C602,11,275,29,13.695846003360726,7.512242489129795,8.133880887949207,2.0825295523684124,1.5079644486579833,5.566090201970538,2.5482501614605333,260.4100381567361
C6022,2,6,1,13.656370619124502,10.883799484260269,7.221835825288449,4.460144413937834,3.1675825304806504,6.436867048065372,0.6962122601251458,623.4473684210526
C6024,1,2,1,8.726643415598444,8.03365842788615,2.8903717578961645,2.2512917986064953,0.4054651081081644,5.896022005603057,0.0,362.5882352941176
C6027,12,217,17,15.053983624702845,9.394584295865801,9.887815383141833,4.242754554874854,2.072009813486063,5.17190862898386,3.024221431568253,175.25091426249492
C6030,3,30,7,13.485228522453616,9.593475007416286,8.198089248956116,4.319391063682397,1.695428360289623,5.292455185839074,1.5073382943563323,197.83099366914396
C6031,2,6,1,13.38012321157969,9.20583485273528,7.792761720816526,3.6444451739077675,1.2636920390275583,5.591509108989424,0.19823496409776625,267.13996696944673
C6033,2,4,1,9.663515696240424,5.9524828297831665,4.532599493153256,1.176777061517446,0.5205344378929516,5.147494476813453,0.16542703399626682,171.0
C6035,3,6,1,9.78425346461243,5.709977932377988,4.6913478822291435,1.0404563685110357,0.8641049787035848,5.10813163469728,0.3366790555444543,164.36111111111111
C6037,2,23,4,9.056489647157923,5.923558041833251,3.9889840465642745,1.1952391243571814,0.6021754023542185,5.092244263655666,0.6665783579949205,161.75471698113208
C6039,2,12,1,15.060163010679736,11.626184447387212,9.534523115464658,6.102702915583656,3.3990445283010544,5.5296870424011635,0.9383153522334069,251.06501301706683
C604,1,10,10,6.586171654854675,4.116323468940876,2.6390573296152584,0.7339691750802004,0.08004270767353643,4.0376385347278,0.0,55.69230769230769
C6041,1,6,3,9.232199706329077,7.440929306411889,3.912023005428146,2.2155737160044158,1.5404450409471488,5.345064629087669,0.0,208.57142857142858
C6047,2,20,3,11.025881469869036,7.848201894067363,5.780743515792329,2.6712709495989135,1.3328056761689044,5.253456007016288,0.9798687566511527,190.22600619195046
C605,2,65,10,11.594800339354666,7.4057443197645965,6.111467339502679,2.056452023455137,3.0182051294060495,5.48968125132622,0.8453509366224364,241.18
C6050,4,287,8,14.590965571171797,8.854535556278492,10.036487553997372,4.313350533286481,1.5112202842886542,4.564985919990786,1.499322937815253,95.06124146384171
C6051,4,10,1,14.1509065013039,9.160578307092795,8.670429167315095,3.704739411997319,2.979616718197399,5.48480619068287,1.081063760662261,240.00223099365024
C6053,6,85,6,13.331416117896385,8.569430399151743,8.134174272137903,3.4054617804486127,2.0468653712452234,5.2030485591273,1.8492130492648724,180.82570422535213
C6055,5,74,2,15.414846416035777,10.227496571004208,10.853889814039052,5.669938713643491,3.3743982689033576,4.571373342198332,0.4810397261158214,95.67678895890516
C6058,3,27,5,13.079447525627495,8.697585805662815,8.300528606199737,3.937934387212647,2.448847599972298,4.787533149792258,1.2344977967946407,119.00496894409937
C6062,6,109,16,14.57493038020525,9.633352998839838,9.730086093116732,4.796675631950435,2.4107986776342782,4.852740872216263,1.241313488026634,127.09099018733274
C6064,5,294,7,15.13326988920032,9.406504065024953,10.45184014819284,4.733795426297528,1.8009462401342469,4.69068119891932,1.8713316836968712,107.92735573727859
C6066,1,1,1,8.054522609537294,8.054522609537294,2.302585092994046,2.302585092994046,0.6931471805599453,5.8598361046295455,0.0,349.6666666666667
C6067,7,45,7,13.410807659300675,9.004209812093974,8.900957872545062,4.505215088897173,2.6707788063049787,4.520923140512727,2.2260154831844705,90.92041428182065
C6069,1,8,4,9.689241798157529,7.610233786970967,4.406719247264253,2.409194828052304,1.2163953243244932,5.2997361127379605,0.0,199.28395061728395
C607,2,3,1,10.924840755657286,8.217042597907867,5.407171771460119,2.760009940032921,2.0014800002101243,5.526134663562126,0.3533593350214213,250.17117117117118
C6071,13,231,18,14.221892578912685,8.511666024200984,8.522578663692576,2.8703041948453554,1.9857856219715375,5.7028542020556285,2.8891494139192986,298.7216474333466
C6073,3,9,1,13.818672553582907,9.233801764008621,8.256866848974312,3.6967565117408188,1.670782563082795,5.565897694821073,1.0627372974925806,260.3597196989359
C6075,4,48,10,12.89970970607932,7.863139343269619,7.812782818577581,2.835883572612095,3.709604752129874,5.093484507189668,1.285768330554889,161.9566976932416
C6077,3,10,1,12.813874333471553,8.483345177327358,7.513709247839705,3.223077511721901,1.421839298539302,5.305683727122609,1.5816733000305152,200.47871179039302
C6079,12,253,17,14.449154518951188,8.665501253929648,8.80131894766524,3.0651148127003816,2.6469382810881124,5.651503999130236,2.4522419890333693,283.71936163806083
C608,7,178,20,13.258195870465327,7.965236689584485,7.675081857716334,2.469716484294025,2.330825760936797,5.587328675934569,2.529992093864933,266.02136553646073
C6081,3,6,1,10.242171626953942,7.844632644464681,4.59511985013459,2.2934526094307732,1.5339303599259553,5.660654819607227,1.3092966682370037,286.33673469387753
C6083,11,154,21,14.964948715126804,9.617907396493635,9.856133856152658,4.519923484808044,2.3878886633053127,5.1148917087948345,2.935714573238723,165.48275138932578
C6089,3,37,5,12.749651962434228,8.899637905018977,7.570443252057374,3.7437302428950594,2.4339865593607435,5.185335191596497,1.2109841580748326,177.6333161423414
C6091,4,43,5,12.946101026489941,9.014394661746598,7.619233416226805,3.711657274352875,2.4085336710034264,5.332201400061107,1.3179508314888388,205.89292730844792
C6093,2,20,5,14.606910403152655,10.563884514751972,9.222071294851881,5.18453945754816,2.450702572017136,5.38951214097631,0.9980008838722995,218.09647128595432
C6094,2,3,1,11.101447314704936,9.492069762318538,5.493061443340548,3.899950424193877,3.5553480614894135,5.616139794003583,0.7219280948873623,273.8264462809917
C6096,13,298,17,15.11893948125371,9.100457616108029,10.013193612624185,4.012803706661924,1.8749788590086678,5.111833651599683,2.967735614446617,164.9744152701855
C6098,2,6,1,15.107283777906973,11.849194109439393,10.79162569299069,7.5340432990848445,3.9482807534507702,4.328947441688049,0.7793498372920851,74.8643928328979
C6100,8,182,19,13.92401602308018,8.494874031886265,8.157370441186774,2.7910574709792884,1.9828147059907644,5.770055800356219,2.4098704936307813,319.55561926605503
C6102,3,5,1,9.9755291054011,7.085947953289633,4.290459441148391,1.6094379124341003,1.041453874828161,5.702160790065888,0.8030717273241025,298.5138888888889
C6104,4,292,8,14.633498476570171,8.890632529468087,10.119122988360017,4.388575655764789,1.087871046836697,4.525305837118839,1.4889415936736234,91.32415766564566
C6106,3,41,5,12.775313393145195,8.968775405719358,7.595889917718538,3.8110970868381857,2.7753626491225063,5.185535942225596,1.208525923602211,177.6691804927099
C6110,2,14,1,14.06627316735447,9.762264881654199,8.323851131338817,4.037345118257695,1.9478387899617189,5.745865033554532,0.5340042729285396,311.8941747572816
C6111,3,47,5,12.705219335269023,8.754130402059776,7.659171367666058,3.7316994512968646,2.6513441736079093,5.052927844384051,1.1922880345309972,155.47994336951393
C6113,2,7,3,9.843843699608612,7.136536243513757,4.605170185988092,2.028148247292285,1.698669046162043,5.25391151660548,0.9182958340544894,190.31313131313132
C6115,16,276,20,14.386704770773106,8.523271838043504,8.698347400458186,2.891633587716587,1.9980959022258835,5.69190255191778,2.2709929989886786,295.45710947930576
C6117,2,12,4,9.925640357177262,6.930836838425458,4.653960350157523,1.824549292051046,1.1151415906193203,5.286273981399548,1.0,196.60576923076923
C612,717,41,14529,20.068160172637203,9.94013830446676,14.589512577868,4.4729216074821965,2.07666167888274,5.482814333219443,8.707639714781399,239.52266667158574
C6121,3,12,5,11.282039518517859,7.275386348423039,6.26530121273771,2.3556949183079943,2.051790010349326,5.025220474837143,1.0976475616486776,151.20380952380953
C6123,3,3,1,9.209540051805414,6.90785527398247,3.784189633918261,1.667706820558076,2.1162555148025524,5.452534489350636,0.9219280948873624,232.34883720930233
C6125,4,95,4,14.5462795780061,9.648503820629559,9.559235128595953,4.670734300427997,1.87752629098548,4.993916660455941,1.8134680863462918,146.51305206716523
C6127,3,42,5,12.869342923259946,8.89918494333876,7.60887062919126,3.664045322076198,2.3594289919705744,5.266142739068964,1.1916739908703426,192.66749379652606
C6129,2,6,1,9.792164853891862,5.752238414223592,4.624972813284271,1.0195437651924166,0.8696036179015019,5.182617555511259,0.12741851179235877,177.14851485148515
C6131,15,275,18,15.027358670485038,9.155346242385846,9.946738594530443,4.091429519488375,1.985749769856387,5.086864182457713,3.098174054309769,160.88143465977112
C6133,2,118,5,15.374590738235975,9.932221402317019,11.029796068505565,5.591100045127405,3.20930637385205,4.3577011943488015,0.6933417315996678,77.07744309707542
C6135,1,4,1,9.167954655479745,5.184484850636004,4.31748811353631,0.8630462173553428,0.03636764417087485,4.871476773229317,0.0,129.51351351351352
C6137,2,23,3,10.980382381786619,7.4844197145049565,5.780743515792329,2.37842316938555,1.9016551400512727,5.208199565336831,0.9672947789468945,181.76470588235293
C614,12,284,29,13.888341786856643,8.165040220812731,8.518592212329946,2.854138589203889,2.043255435133132,5.37459195855112,2.6477515927358595,214.85177786656013
C6141,3,16,3,10.764793976077524,7.546425154198826,5.537334267018537,2.4087452888224363,1.7715567619105355,5.236715241439191,1.4729350396193692,187.0513833992095
C6144,3,3,1,9.166179476190413,6.864534576527574,3.7376696182833684,1.62924053973028,1.4816045409242156,5.456779297055512,0.9219280948873624,233.34146341463415
C6146,1,10,4,14.596484990930302,11.505452154676142,8.820847033377717,5.732899873226928,3.227925660388119,5.778882094622832,0.0,322.3974605049461
C6148,3,8,3,10.889733359497507,8.056818350361741,5.799092654460526,3.013225431001508,1.9459101490553132,5.099773755430311,1.3830999911893338,162.98480243161094
C6150,4,260,10,12.80013126719314,6.909483067263901,8.668368019213355,2.836943783870128,2.806369410258154,4.1478568030722,1.3606260788863027,62.2981943250215
C6151,2,7,1,11.809007161600341,7.619835725095609,6.437751649736401,2.3470368555648795,1.382499290151339,5.3774795091231065,0.32984607020714635,215.47596153846155
C6153,2,2,1,11.10185467434123,9.715605565161525,5.4680601411351315,4.0943445622221,2.7245795030534206,5.641561416784192,0.8112781244591328,280.9025423728813
C6157,3,22,4,16.9874658717719,12.031644725091427,12.796239808131352,7.840803409626818,3.7937468904816685,4.206243195168554,0.9343488758719325,66.10396916229975
C616,12,431,34,14.819063535357918,8.444253505231003,8.994296557777195,2.689480203924542,1.165596708829056,5.827839509281474,2.5147587090230523,338.62413108242305
C6161,4,77,5,13.327339699429753,8.873130886909923,7.8383433155571165,3.4169639070698987,2.1345791812800115,5.493511013943282,1.7768257348977234,242.10927021696253
C6163,3,38,5,12.694944028939839,8.888416460072344,7.5352967024440884,3.751854253275325,2.318020901123885,5.16590256641924,1.2273864548329312,174.19551282051282
C6165,2,16,1,13.639174253757322,8.93882389898024,8.32117830749028,3.6468730463319226,1.961374374752895,5.323127501273363,0.46899559358928117,204.02409345339498
C6169,2,8,1,13.538727541101485,9.60696785021121,8.33423142973486,4.414341961639809,2.8446813596478573,5.210210462515459,0.3227569588973983,182.13259668508286
C617,1,18,1,9.76359310138207,3.8501476017100584,5.937536205082426,0.6931471805599453,0.0,3.8501476017100584,0.0,46.0
C6171,3,47,5,14.12925942034333,9.041780721295972,8.96469555531546,3.8974732244134147,3.1648497550145684,5.170389547877273,0.9846033659545498,174.9833780846439
C6173,17,5464,4497,14.635924109319575,5.92583683652766,9.496195777086555,1.1596496220050538,0.26071817356082233,5.145644779255956,0.9858535331439987,170.68214607754734
C6175,3,24,4,17.28877566999685,12.570280241426957,11.207853053314365,6.4908590119931295,3.7256934272366524,6.083219579559302,0.9099834075290485,437.43851246845577
C6177,5,307,5,16.497014299162558,10.254826153137591,12.291139633419897,6.0512694235491145,3.3991849820086864,4.220676835967288,0.9395543372681626,67.0795473853883
C6179,13,230,16,16.474428286316154,10.383149284330536,10.81893793141259,4.73641673051508,2.850889572653539,5.659002384967854,2.791662110629392,285.86232159657305
C6181,4,5,1,11.56263901221407,8.56708750769008,5.966146739123692,3.017982882488811,2.6390573296152584,5.602744698076477,1.4609640474436811,270.1696658097686
C6183,2,5,3,9.813015649372053,7.248722890752227,4.672828834461906,2.2141741356499924,1.6397432619294294,5.155307229968971,0.7793498372920851,172.3490566037736
C6184,1,2,2,8.318254328798846,7.625351139944392,3.044522437723423,2.3978952727983707,2.4849066497880004,5.327147748215913,0.0,204.85
C6189,2,4,1,12.68947671151971,9.598499007527412,7.075808863978387,4.00236217251045,3.0115161412552527,5.6181483982525995,0.43949698692151334,274.3790186125212
C619,7,170,23,13.197966089021065,8.010910306396175,7.636752112435779,2.5317440350659774,2.0234326476314655,5.565529528308774,2.560181490935417,260.2635135135135
C6190,3,17,3,10.476104176458326,7.480907604615884,5.220355825078324,2.322387720290225,1.9600947840472698,5.266316181943523,1.370950594454669,192.70108695652175
C6192,3,6,1,10.335497215866404,7.340381495152674,4.787491742782046,1.9387416595767009,1.1151415906193203,5.56019670414916,0.747584679824574,258.87394957983196
C6194,2,5,1,12.973164749237789,8.616634685716495,7.6838639802564295,3.361976668508874,1.8149917707213237,5.294789049905585,0.09895909535574308,198.29558011049724
C6196,15,208,17,17.03986443089118,11.02372354168462,11.134501429173104,5.124297837719795,2.7692294275858025,5.9080986092762675,3.1357977515163213,367.00576701268744
C6198,11,1054,22,13.643276352338745,6.664475463325749,7.761744984658913,1.1581966979684222,0.15162256990514794,5.88474142455261,0.4550784121076172,358.5097955706985
C620,2,3,1,9.143559338285831,7.7575856441560225,3.4339872044851463,2.1400661634962708,1.55814461804655,5.745457438627894,0.8112781244591328,311.76666666666665
C6200,10,4744,7469,14.68972308995584,5.596046480512918,10.339869763279014,1.496059069129394,0.019512814223581743,4.362710920586366,0.04292456749312564,77.46957111922691
C6203,9,128,13,14.137820118536105,9.18209520653588,8.302513718514158,3.381042579683695,2.1174426598584497,5.838471144315024,1.887205276267504,342.2541532358046
C6205,1,1,1,8.4040244933106,8.4040244933106,3.044522437723423,3.044522437723423,2.70805020110221,5.4125385106380595,0.0,223.2
C6207,14,194,16,15.015503051352107,9.3561069740737,10.189493220606964,4.540696703385875,2.28678142782092,4.834033272301164,3.251709681195606,124.71699034596747
C6211,4,72,5,12.917548328181747,8.51102788343975,7.696667081526462,3.326088283157768,2.2053217875688387,5.226718830536607,1.6999891839365104,185.1809090909091
C6213,2,7,1,10.658059035083072,6.708013638993754,5.303304908059076,1.578185368929996,1.3520611894776484,5.364409367910126,0.2351933818192415,212.665
C6217,2,7,1,13.133475409458908,9.022720212181826,7.99260665240021,3.9018070655335273,1.5862196223320932,5.147038376463471,0.20818094555717104,170.92156862745097
C6219,4,46,6,15.885408201186106,11.280250508791104,9.616072111201778,5.01747849257825,2.871868286331605,6.27129418406496,1.5901090153030717,528.1617676464707
C6221,1,1,1,5.666426688112432,4.976733742420574,1.6094379124341003,1.0986122886681098,0.6931471805599453,4.290459441148391,0.0,72.0
C6223,2,14,1,10.875629177150289,6.141565685214441,5.541263545158426,1.1718844897744354,0.4787373092144902,5.343068639208181,0.4288109647301171,208.1535433070866
C6227,1,3,1,8.888480847722816,5.00326123364354,4.174387269895637,0.8355675206017139,0.0,4.738252258933644,0.0,113.234375
C6229,2,2,1,8.81640849968169,8.12340958808191,3.1354942159291497,2.4849066497880004,2.0794415416798357,5.728475087246572,1.0,306.5
C623,1,9,1,9.070503426788383,3.8501476017100584,5.247024072160486,0.6931471805599453,0.0,3.8501476017100584,0.0,46.0
C6231,11,221,20,15.102039278438772,9.46732673990787,9.907031266159493,4.286046587701492,2.142583999488612,5.200586146780791,2.5779804646993645,180.37852516193323
C6234,4,146,8,14.520076297932832,9.396194867095488,10.187236901960196,5.069540417881369,1.851449948052693,4.345920827217942,1.5050300391175264,76.16305861978088
C6236,2,13,1,11.508123956154034,7.043079603573001,6.240275845170769,1.9293534794608656,1.165303663166782,5.274920788741641,0.2690553027246507,194.375
C6238,4,276,8,14.30570828199044,8.625714508521703,9.450065682882071,3.7926089475451015,0.961009560723524,4.863474259021539,1.466407002698382,128.4732451998741
C624,14,390,30,14.05232582401694,7.72304673762857,8.652947112393857,2.4165183828603647,1.6186643795892033,5.404060973329836,2.749111703195883,221.30736989172198
C6240,1,2,1,9.09750756370184,7.4885173289472915,3.4965075614664802,2.0014800002101243,0.33647223662121295,5.635235932121091,0.0,279.125
C6242,13,146,13,13.890069642637156,8.702849034319184,7.919356190660617,2.794689069240447,2.1469435444597815,5.973624470740279,2.2382707790990732,391.9272462713714
C6247,4,65,5,13.193198284634594,8.90287298714681,7.739794458408701,3.4801857929807856,1.6782481188369747,5.458107936620013,1.6963336515690006,233.65302568567697
C6249,15,291,17,16.230283954133863,10.173538019294526,10.039590635528468,4.001225578743674,2.18649850981975,6.192783089720621,3.47514920433934,488.20571677940217
C625,583,40,10768,19.50107516033647,9.813375893865063,13.607355367863327,3.939254763258127,1.9605324535037494,5.896473927607162,8.372766245801193,362.75258595212296
C6251,3,6,1,9.818746324081037,5.929534864886882,4.624972813284271,1.118814995985629,0.826678573184468,5.209053228975143,0.28683890475094387,181.92079207920793
C6253,12,228,17,14.14900192764135,8.536069384265847,8.36730010184162,2.815670934265572,2.4533933840819238,5.78501148566938,2.756321613121297,324.38577736462935
C6255,6,16,1,11.735388784979573,6.823814050569713,6.431331081933479,1.715386490443481,1.8207470061013074,5.310612439158296,2.0441204696713386,201.4741935483871
C6257,2,2,1,8.811652248147043,8.118654043378806,3.1354942159291497,2.4849066497880004,2.1400661634962708,5.723733635186965,1.0,305.04545454545456
C6259,11,1187,30,14.200607638967908,7.081811923073923,8.647343875881283,1.723979454166313,0.8033503206935596,5.557305318134949,0.9853992294286099,258.1236389181595
C6261,2,27,5,13.02414396989787,8.720239931625914,7.803435056952168,3.528742423320695,1.7962538588158943,5.22650188779959,0.821812730503485,185.140522875817
C6263,3,19,5,15.749383694846196,11.134277636611104,10.49132977145065,5.8789830276071475,3.703377803663078,5.263273335971658,0.9450701328025582,192.11258020610538
C6265,2,12,1,14.17826647525026,10.417095580891612,9.269834943761822,5.512584428839155,3.044522437723423,4.915881310886339,0.7824441294066888,135.43950245005655
C6267,3,39,5,12.87209782742963,8.940400623101514,7.595889917718538,3.6888794541139363,1.965328234912415,5.28180419485051,1.1922398876884723,195.72448466566112
C6269,2,3,1,9.295692039075686,8.197263371414335,3.4339872044851463,2.3978952727983707,1.791759469228055,5.8971538676367405,0.9182958340544894,363.0
C6271,3,6,1,10.40365659611359,6.598327359070915,5.0689042022202315,1.5065434892714675,0.9469277013360449,5.345810728810686,1.2145089432839293,208.72784810126583
C6273,3,3,1,9.21283725217477,8.114424444855816,3.4965075614664802,2.456735772821304,1.992430164690206,5.750188847470357,1.584962500721156,313.25
C6275,3,5,1,10.503971048232653,6.593291079090199,5.236441962829949,1.556037135706985,0.4574248470388754,5.277950943985534,0.38254266919774566,194.96791443850267
C628,3,90,10,11.84966195238841,7.285991923055862,6.373319789577012,1.9592141146816762,1.8392260064669788,5.48221175985997,1.4591479170272446,239.37777777777777
C6281,2,59,5,11.959743626561872,7.505939893731616,6.7661917146603505,2.4052676074006945,1.48054689936608,5.2002288208533125,0.9221231306777972,180.31372549019608
C6283,1,1,1,9.576787413063618,8.47831375335532,4.127134385045092,3.060270794691562,3.2321210516182215,5.4700640805819605,0.0,236.47540983606558
C6287,2,3,1,11.803241565322653,9.238381967082066,6.192362489474872,3.6516567436233283,2.4720032449520923,5.616562432082222,0.3912435636292556,273.94262295081967
C629,3,7,1,10.270904593006762,8.3252021786058,4.477336814478207,2.597384633214691,2.4485390056171252,5.807969888706218,1.556656707462823,331.9425287356322
C6290,3,11,1,11.054344349710826,6.944419132206179,5.87493073085203,1.919811396087952,1.4303896809851149,5.187810611341295,1.2329087607099036,178.07605633802817
C6292,4,63,5,12.882816016264442,8.678291111758565,7.687997166393016,3.5131035916226154,2.207125648318931,5.200802097990951,1.6951355841427884,180.4176983035305
C6294,3,35,5,12.779847716023507,8.99577920460108,7.59890045687141,3.836025136656194,2.408172855556611,5.187049713748359,1.2197484934607568,177.93984962406014
C6296,2,14,1,12.909642817498913,8.246463467824519,7.5953872788539725,2.983392297318415,1.9738189371723898,5.3196623789331055,0.3138129641688651,203.3148893360161
C6298,3,6,4,13.245458501126912,9.719156330658553,8.46863300080086,4.949176991531243,1.1370785694959058,4.785419388342328,0.9669803487689242,118.75157496850063
C63,1,15,1,9.883131772279054,4.328017723832443,5.659482215759621,0.7379307831869186,0.02636687584074225,4.241578267952238,0.0,68.51748251748252
C6300,3,14,4,10.792037029428558,7.326938363918497,5.58724865840025,2.231357583705678,1.8523840910444898,5.213975015106043,1.198192411043098,182.8233082706767
C6302,4,43,5,13.788375715556956,8.898162208975693,8.650499558724462,3.782992745684415,3.0505906341060376,5.143902150100065,1.777629059232416,170.38322829131653
C6304,5,670,3,11.802702840740041,5.2083107848457235,7.679251425953058,1.3715604985565137,2.2275976133078164,4.139958019550642,0.5616486777618184,61.80018501387604
C6306,2,10,1,10.547181849376543,6.541266098825045,5.198497031265826,1.4522523289116882,1.7356700025770115,5.358915844231867,0.22536363912739496,211.49444444444444
C6308,12,250,17,14.430081954392048,8.640298092440442,8.768885326134862,3.0283741126549213,1.8980369954957628,5.664823375801466,2.321894706173807,287.5370139968896
C6310,3,35,5,12.649202770143372,8.935759099927596,7.530479995245536,3.838140148647003,2.544095521178331,5.125218846968676,1.2211041043430517,167.2109500805153
C6312,1,488,2,15.165827161860458,8.97563795808551,8.741136422901011,2.625796489940859,0.36361799817266394,6.426469828429939,0.0,616.9884873680844
C6314,3,33,5,12.659518066156904,9.076110322649482,7.580189417944541,4.014379012065674,2.6129251893384104,5.086037724541059,1.1941737342569119,160.74770173646579
C6316,6,21,3,14.736140262865435,9.838353431178382,10.00946787607336,5.117591550807201,2.8639051847080013,4.735533478002611,2.1762693001850155,112.92421857431977
C6318,2,11,1,15.470772716769233,10.708620942593962,10.280107270530456,5.521905263570513,2.997440215899147,5.1962522302121945,0.998682213373474,179.59414670966856
C6320,2,11,1,13.197383647573353,8.840817680279745,7.2115567333138015,2.910118520830999,2.936988893911846,5.989072471239976,0.8904916402194913,398.0443131462334
C6322,4,37,5,12.774617026114658,9.08584800400233,7.5766097669730375,3.90751284995026,2.539631549477247,5.204026400638741,1.3383057474344184,181.00358790363916
C6323,1,1,1,4.976733742420574,4.976733742420574,1.0986122886681098,1.0986122886681098,2.302585092994046,4.290459441148391,0.0,72.0
C6326,4,59,5,12.765182591263285,8.606479582763791,7.653020413804189,3.5235993631748332,2.07159836421881,5.1186361955094934,1.681889468799783,166.10731244064579
C6328,1,3,1,8.656607247198915,4.8357641746075295,4.04305126783455,0.7963314167951762,0.0,4.640778613455459,0.0,102.625
C6330,3,37,5,12.744742009426107,9.031286640751194,7.588829878307813,3.8952985624869516,2.772588722239781,5.162161194045208,1.2101879804885398,173.54126582278482
C6332,3,36,5,12.701445487688943,8.963900777057855,7.528869256642251,3.8129916248219673,2.5991561128630725,5.178761591161832,1.221694907636328,176.46290322580646
C6334,3,30,4,12.740402859394022,9.214139030282329,6.139884552226255,2.6822295014804673,2.735131159704881,6.604028692258191,1.2639334294856337,737.0626349892009
C6336,4,50,9,13.068481472295286,8.580030828668328,7.764720544771477,3.312754950559346,3.2705510687756556,5.309141797616971,1.759804048024712,201.17664543524415
C6338,14,214,13,14.393702451016852,8.61623072503312,8.762176509334903,3.033701906743071,1.868223501962157,5.635258079160597,2.720704380969189,279.13120400814154
C6339,3,8,3,12.752391853016045,8.35817430246372,7.8709295967551425,3.506557897319982,3.8696566090565168,4.88939554632959,0.701486194655399,131.87323405880107
C6342,2,318,2,16.629095699511424,10.68369794665665,12.244215855308214,6.300627273045127,2.067922572780097,4.3972718833632065,0.6640133089215537,80.2289640235832
C6344,12,1208,33,14.246048694100558,7.104832933410446,8.683893367307235,1.7356243588868632,0.7451720111071295,5.566156470558079,1.0826004313404844,260.4273620047409
C6346,14,224,25,13.754983181419364,7.990129863723564,7.893572073504902,2.2405095758776983,1.7711728356196665,5.864625370557022,2.692700686256575,351.35013064576333
C6347,3,8,1,11.505125121237494,7.257325040790822,6.030685260261263,1.9356536488881242,0.5221893824163057,5.481010340301947,1.0040840867045764,239.08915662650602
C6349,1,1,1,8.098642843759418,8.098642843759418,2.3978952727983707,2.3978952727983707,1.3862943611198906,5.798789578234536,0.0,328.9
C6351,4,158,9,13.955329889996962,8.807984089249501,9.41865450904439,4.284948905301692,1.472578729716903,4.547406874754408,1.7920764891535628,93.38733252131547
C6353,2,3,1,9.295140973668648,8.19671240721307,3.6888794541139363,2.6390573296152584,2.772588722239781,5.635064290713896,0.9182958340544894,279.0769230769231
C6356,3,38,6,13.032383963784804,9.182337018970484,7.611842399580417,3.784189633918261,2.507694664798041,5.425446878333542,1.3344577561803075,226.11281543790201
C6358,3,5,1,9.81290617430489,8.203687200021637,4.0943445622221,2.5494451709255714,2.5649493574615367,5.738538651619439,1.5219280948873626,309.6101694915254
C6360,3,91,5,12.50732842695999,7.9858764425242565,8.432941638968646,3.930759420873666,0.021506205220963588,4.091456827630299,1.4237996627822558,58.82698585418934
C6361,12,169,16,14.144780491585564,8.946412952716916,8.413608875159667,3.2542642999910227,2.0196798071375817,5.734630061707733,2.203556527179701,308.3984912358553
C6363,13,201,16,14.843001282514626,9.274750187312433,9.770812935631588,4.2172600081183145,2.203565752674667,5.078493851651233,2.8522150880225894,159.53208861482244
C6365,3,4,1,9.607907707957207,7.998738540485755,3.784189633918261,2.2617630984737906,1.8870696490323797,5.849525818647486,1.5219280948873626,346.06976744186045
C6367,3,11,1,13.93858711374388,9.795507205999897,8.412054873292933,4.28260085453587,1.8533173622274883,5.530724544341062,0.9637459942073318,251.32666666666665
C6369,4,285,8,14.36237742263739,8.655440770909001,9.68296556192687,3.994383495195777,1.0930598035533239,4.688714689208553,1.5487928082148568,107.71335951623963
C637,2,60,10,11.692810723063833,7.488669293337819,6.008813185442595,1.9544027691009669,2.4635356290264374,5.689835085739202,0.8602858652332408,294.8448275862069
C6371,4,37,5,15.932909635517097,11.18799122630171,10.409883379222734,5.6683805476052855,2.6062260980674434,5.527041939926535,1.69492058282966,250.39915624529155
C6373,3,39,5,12.67205884068347,8.740390074641608,7.491087593534876,3.5867815840909265,2.2646184950701946,5.187129993917276,1.2639334294856337,177.9542155220547
C6375,2,7,1,12.681362279205146,9.385606231580205,7.093404625868766,3.8189325823621343,3.0480435681220017,5.592518046884435,0.6051865766334205,267.41064006650043
C6377,12,171,15,14.23666527131473,8.703441153629017,8.714731714015052,3.2218752745871635,1.7778288956921082,5.52608655181425,2.4839465086031254,250.15908717780331
C6379,5,44,5,12.965758688959484,8.958551805335421,7.839525581704678,3.8532376003061937,2.6583505325499375,5.132543714020351,1.8504962397667706,168.4475965327029
C6381,3,15,5,11.552732544638596,7.768956044538332,6.507277712385012,2.7852917864960345,1.5240780634829436,5.053347280230921,1.2927272147551727,155.5455904334828
C6383,1,3,1,8.784162222270476,4.984215264453845,4.07753744390572,0.828066498459316,0.021978906718775247,4.732410278094274,0.0,112.56896551724138
C6385,2,10,1,13.329619793867225,9.322374388392149,7.7488913372555315,3.7645770712032927,2.203266891792182,5.584919261339929,0.49716776141607527,265.3787748058671
C6387,2,9,1,14.712722848256464,9.715570505278425,9.062883902508307,4.0825637281909515,3.453199883961771,5.653465937548977,0.14295535512672705,284.278511821975
C6389,1,3,1,13.241920837837501,10.602886578094676,7.22402480828583,4.59439808900618,3.1292636661785136,6.021053445275868,0.0,411.0123997082422
C6391,3,33,5,12.714692839121893,9.051245438162505,7.5256399750415355,3.8823565050796764,2.873129951461659,5.195147904369984,1.236032213759607,179.39482200647248
C6393,2,4,1,9.556550752867032,8.170468578330674,3.784189633918261,2.463853240590168,1.4469189829363254,5.798317160043996,0.8112781244591328,328.74418604651163
C6395,14,241,18,14.807214466984268,9.023509463320293,9.423029465386534,3.6650595375366777,1.988085074106026,5.388843190159907,3.3373662108098907,217.94995553399627
C6398,4,22,5,12.556366775304138,9.2983582935119,7.485491608030754,4.241326752570746,2.5195557852011747,5.077686797663379,1.5053128791540096,159.4025828186412
C64,8,414,26,14.027102040327469,7.9049773923681474,8.437933510430605,2.409391930644841,2.0288405283860462,5.593114603106896,2.5817276933943787,267.5708098744045
C640,2,8,1,12.578852703104317,9.745694462867155,7.093404625868766,4.2733927936710865,2.5186447894198505,5.490410230245598,0.5225593745369408,241.356608478803
C6400,3,34,5,12.794897660049584,9.131441454369766,7.593877844605118,3.94926938427771,2.68906775018992,5.2070137592737025,1.2400362501086653,181.54811083123425
C6402,2,8,3,11.12877654403074,8.731028096862516,6.111467339502679,3.735502770198278,2.3895964699836756,5.0261002775845895,0.9940302114769566,151.33777777777777
C6404,10,108,19,14.435811201196177,9.523228913493718,9.239025005836092,4.339403079592,2.327277705584417,5.20240136673149,2.414999170431948,180.70806608357628
C6406,3,95,5,12.636314915499847,8.08274364240526,8.567696173589344,4.03153553879284,0.08085209662909493,4.085758933060483,1.4245416304177854,58.48706732597946
C6407,3,40,5,13.002385434700876,9.241280022169343,7.716460800176355,3.9737960783292188,2.7667578019289882,5.29141525946822,1.2146234752771463,197.62433155080214
C641,10,593,33,14.654861928467293,8.130126412981781,8.900412690577083,2.464165165481184,1.9758308789518777,5.7577483602911395,2.409152672255811,315.63457867466593
C6411,3,34,5,12.778587735728987,9.115133263782873,7.543273346705446,3.8996389462284244,2.8960535913635956,5.241149600751893,1.2400362501086653,187.88712241653417
C6413,9,118,16,14.723300863365717,9.719414261008097,9.702839079049289,4.7078963623358305,2.4190249451039616,5.027101877616232,2.655199626991335,151.49043573916762
C6415,8,40,7,13.067387521228136,8.736812645651518,8.160518247477505,3.850987114841777,2.1765443720986806,4.91451922615697,2.51697162439214,135.2537867962275
C6417,3,9,1,12.441330521207396,8.57031522929929,6.849066282633458,3.0265039322207445,1.6933193964148026,5.597037026213785,1.0537317914688455,268.6263269639066
C6419,3,32,5,13.080288515039486,9.442779532303966,7.571473648851271,3.95276078587618,2.6181638820269812,5.5133684993816745,1.2427303803729568,246.9850592478104
C6421,3,32,5,15.262002626256098,11.678491926576685,11.366742954792146,7.783629026900777,2.898058190820321,3.9154048198498157,1.2326602568158207,49.169376960381484
C6425,8,108,16,14.432741671212714,9.491174227397662,9.195226734166134,4.267597343922845,2.3438641259134814,5.242914770018594,2.0973058188557596,188.22083460249772
C6427,4,33,5,12.995697505919166,9.211605480479754,7.904334842085095,4.135893565134973,1.87529258184136,5.0978581619320025,1.349928928513464,162.67097488921712
C6431,4,26,1,15.30960360997558,10.266213058079092,9.843259726985641,4.807979355746656,2.627935806271397,5.470614291180134,1.9193292048607749,236.606107275624
C6435,3,20,1,13.807725331579958,9.85653301027378,8.631592731724734,4.689405276761728,3.028832221980336,5.181942905734736,1.1047107971810746,177.02836752899196
C6438,2,6,1,11.151611204597351,7.025351917339308,6.061456918928017,2.0672710060595807,1.1661704396794008,5.098597672530868,0.869137580612638,162.79205607476635
C6440,10,230,16,14.640703903744361,9.006036537029198,9.381769487603714,3.7702125376854925,2.0144267166513834,5.264205159945411,2.6563276193704444,192.29261100345437
C6442,3,21,3,10.075085145967106,6.940517050920822,5.204006687076795,2.182625777915067,0.8157495026522776,4.884140386898622,1.2799376545731966,131.1767955801105
C6443,4,304,10,14.792520777743169,8.981505129724049,10.366812680153265,4.5660931750839975,1.0905962136798737,4.437633525502146,1.6223931697861396,83.57456112754042
C6445,10,140,16,14.588951183991178,9.379549006564387,9.42504844446929,4.230138875205735,2.1757447702251524,5.16968554456742,2.779282217130951,174.85952880426012
C6447,3,32,5,12.682682530337793,9.071876370694719,7.522400231387125,3.9307651872378866,2.5159512714699606,5.166540772263112,1.2353473971998952,174.30735930735932
C6449,3,6,1,14.535187686569826,10.345564593156158,9.7840281124988,5.5980290647660595,2.985069567809951,4.759819497806791,0.3085057075327755,115.72485490505437
C645,6,82,18,12.40347573545216,7.650357427311166,6.982862751468942,2.3306362309915514,1.2722757827189497,5.425947560501396,2.22663864775581,226.22655524605386
C6453,2,4,1,9.257414779362112,7.87140658221613,3.4965075614664802,2.1972245773362196,2.5649493574615367,5.794631962776104,0.8112781244591328,327.53125
C6456,3,33,1,13.520720617697549,9.177017246799608,7.681099001536359,3.3717641126665243,3.3030259695767983,5.842986230040292,1.0466940096877775,343.8074792243767
C6458,2,8,1,9.98460660382092,6.094996862012506,4.68213122712422,1.1580357091389104,0.5026288565618122,5.316652911241083,0.2460225782203316,202.70093457943926
C6460,3,12,1,14.04909540869577,9.52737887287968,7.984121958702927,3.4928777934159014,3.48557849093429,6.067632886114889,0.5518996157495655,430.6576883736788
C6462,3,12,5,10.858267961190807,7.5265829265494055,5.75890177387728,2.5084371471981943,1.4961092271270973,5.108569569184179,1.0949143184120973,164.43354430379748
C6464,2,7,1,13.967840152049567,9.637171212580203,8.669399124305569,4.351465685714173,3.7581354488756595,5.303598022228288,0.23987382528036544,200.05892458340492
C6467,12,223,17,14.25994634797051,8.684165862508998,8.434680769841773,2.9142839066871384,1.8577174370198524,5.828429196956221,2.8799372510985415,338.82446230719097
C6469,2,9,1,10.459525519123666,6.548906545502552,4.976733742420574,1.355835153635182,0.8064758658669484,5.493804194410261,0.24229218908241482,242.18055555555554
C6473,2,58,5,14.835134471843434,9.676141577072121,10.164851316670035,5.012434440944036,3.38283050479208,4.679646934704738,0.6500224216483541,106.7320294151619
C6474,4,35,6,12.703411733433441,9.014650860901492,7.6236419465115715,3.9536446801189653,2.703037659278666,5.086454689507799,1.4609640474436814,160.81515892420538
C6477,2,7,1,14.492836743997401,10.318481983871207,8.728264161496178,4.564187922215149,3.7131967617646424,5.767865352645597,0.26982844770307396,318.8542274052478
C6480,11,184,17,14.204682991678276,8.67146424796179,8.53089883847235,3.046027045868849,1.5862461492901159,5.677409056722969,1.4141958380631867,291.19139700078927
C6482,3,328,10,12.348361826528492,6.553725552431101,7.620705086838262,1.9737432452385244,0.015083242211328526,4.736946729318575,0.9769438838470078,113.08533594899461
C6484,2,5,1,9.438192819018127,5.635027670067172,4.356708826689592,0.9973585549629368,0.2537805207760996,5.10042059796861,0.15374218032876188,163.0909090909091
C6485,12,171,15,14.265638594751938,8.933051127445436,8.57338447106598,3.278875073572353,2.1126987634363186,5.695808253551498,2.5069768261349186,296.6172465960666
C6487,3,32,5,12.553580197039446,8.916124721409167,7.561121589530238,3.942603258218155,2.7271645971255256,4.999738028837085,1.2363864108712896,147.37428422696513
C6489,2,11,1,12.069639905206826,8.543468482044158,6.616065185132817,3.132933395067476,3.089704660516656,5.459174728739521,0.5225593745369408,233.9034852546917
C649,10,219,24,13.567115863110317,8.160228647571843,7.858640655620791,2.5337679908676725,2.316832885215947,5.712171361488679,2.9177396158701265,301.5272516428295
C6492,4,37,6,12.978393694893992,9.194303373066365,7.973844375944687,4.204353348819434,2.650356884869192,5.011574111507852,1.4754017117210338,149.14088873579055
C6493,3,35,5,12.721942525616798,9.033179476035608,7.528331766707247,3.8602032566983495,2.7568403652716422,5.199679169826553,1.2344977967946407,180.21409359870898
C6495,2,4,1,9.991727341385536,8.60557030203365,4.564348191467836,3.2088254890146994,2.917770732084279,5.44214426233852,0.8112781244591328,229.93684210526317
C6497,2,4,1,10.937010057038009,8.739927770223701,5.337538079701318,3.1780538303479458,2.58189891577531,5.6079488084203675,0.7642045065086203,271.5845410628019
C6499,13,209,19,14.879137259326473,9.291980420334772,9.837401167408268,4.264261155043165,2.1778962445358814,5.048230549828237,3.215113849482312,154.7466346153846
C650,1,9,1,9.070503426788383,3.8501476017100584,5.247024072160486,0.6931471805599453,0.0,3.8501476017100584,0.0,46.0
C6503,5,33,5,12.547461347931204,8.964066788689712,7.601901959875166,4.0357144777706955,2.7586024802650413,4.953141697534484,1.7836381169163613,140.6191904047976
C6505,2,6,1,12.1789121151343,8.568179141281002,6.51471269087253,2.9557545171590167,2.5159512714699606,5.669133687971059,0.995252549439679,288.7833827893175
C6507,3,9,1,13.002410238776864,8.995198810085576,7.4342573821331355,3.4583221249015854,3.3138553715070076,5.572549463157745,0.5051268137294553,262.10401891252957
C6509,2,19,3,17.80182647415823,12.784549422538573,12.615526454849244,7.598744503690229,3.747398237301681,5.191880382903824,0.9461452405629116,178.80634001553796
C6511,4,58,5,12.766242565620297,8.639282354569755,7.60339933974067,3.5062352646344923,2.31061726469131,5.169045494915646,1.7037864013348705,174.74700598802394
C6513,4,30,5,12.641488064990705,9.115234288989743,7.499423290592229,3.9911603259868698,2.6577883663213218,5.148440486749536,1.450467463408549,171.1627906976744
C6515,2,4,1,12.362542063576392,8.961468672089241,6.949856455000773,3.576083959968592,1.0176432261344426,5.418086060105135,0.21084230031853216,224.447216890595
C6517,1,1,1,8.018954683155718,8.018954683155718,2.1972245773362196,2.1972245773362196,0.0,5.9418146384641615,0.0,379.625
C6521,12,5545,4438,14.181243355408798,5.489872849216312,9.158731238242952,0.9512804908804223,0.11748550515731263,5.029182391265415,0.8404473291393282,151.8080244313395
C6522,3,9,1,11.559608649110599,7.465827018344993,6.059123195581797,2.0939195608604892,1.454731522673119,5.506882093444788,0.958682507511913,245.38173302107728
C6524,3,10,1,16.415985050939764,12.390637443305215,9.74384682996523,5.721715942529677,2.4266972637020765,6.673461618094209,0.7606910829218291,790.1294580009385
C6526,4,36,9,12.843352930822073,8.134113487888934,7.7437032581737535,3.080752179391149,3.636162671941532,5.106158334631339,1.3330629671431655,164.03512575888985
C6528,4,13,3,12.641501004823718,9.868960805466529,6.003887067106539,3.2676659890376327,3.0295296531372817,6.641388957551187,1.6493974703476992,765.1584158415842
C6530,2,8,3,10.017039427220244,7.3096138914961895,4.564348191467836,1.992430164690206,1.4508328822574619,5.467349251159843,0.9967916319816367,235.83157894736843
C6532,2,8,4,10.968784324672963,8.078705455610352,5.87493073085203,3.031206661747651,1.252762968495368,5.102747878775053,0.7642045065086203,163.4732394366197
C6535,12,243,14,14.037178621281244,8.500047032581268,8.291797105048733,2.8159272327153375,1.2717050390244427,5.748822927377986,1.8819172862788498,312.82105263157894
C6537,1,4,3,8.821879862683842,7.4360278163518485,3.4657359027997265,2.169053700369523,0.6931471805599453,5.392307026756172,0.0,218.70967741935485
C6538,9,205,20,14.88539650113589,9.356053514875818,10.030736753451592,4.51229750924847,2.0222831278398874,4.8624648769891365,2.119836793867391,128.3426231673491
C6542,2,4,1,9.344434106456882,6.860488953181047,3.8066624897703196,1.5404450409471488,1.1260112628562242,5.563997804750047,0.4138168503036338,259.8636363636364
C6544,3,11,1,13.179095255846542,8.724908570747163,8.009695357742922,3.583195888865189,1.9607496629180876,5.17540028687497,1.0796750313428174,175.86739780658027
C6546,2,9,1,11.532375088791541,9.229878258349224,6.289715570908998,4.00369019395397,3.0633909220278057,5.249769273448786,0.9709505944546688,189.52230483271376
C6548,3,8,1,10.593203854356613,7.70325846617961,5.062595033026967,2.2744142160273495,2.2857779746776643,5.540863814970977,1.2516291673878228,253.89808917197453
C6550,2,15,5,10.586761149297775,7.186295693516635,5.3612921657094255,2.087740344494531,1.2431935174792172,5.235488075667729,0.9182958340544894,186.82075471698113
C6551,12,152,12,13.996364371483194,8.428237663471435,7.955775781534187,2.4749976666805114,1.021956544435589,6.04331494689381,2.026300759392067,420.2872676253946
C6553,5,63,6,12.777269682587438,8.311604419463247,7.6236419465115715,3.1989076666311513,1.9718435310818176,5.159872771248995,2.098721536380553,173.14229828850856
C6558,2,7,1,15.41453503833039,10.88195413761256,9.742320649814571,5.21511105781103,2.802382385718558,5.675707066217491,0.20559250818508307,290.6945129831982
C6563,2,29,1,19.138383669200113,14.101431813229826,13.825209372041234,8.78840828140348,3.7203592445227796,5.31808944790606,0.52033461578576,202.9937687237867
C6566,10,147,14,14.053080743155363,8.990609503488262,8.358900612421644,3.332430524415063,2.1570470071037686,5.6977727328825365,2.2212436597704466,297.20248418092336
C6568,10,187,18,14.671662674901516,9.126593546897313,9.480825419599443,3.9549178501093314,2.0959068046953515,5.196464617459685,2.5085565675300567,179.6325066768409
C6572,2,7,3,9.414912537704957,6.776914141923836,4.276666119016055,1.8035939268750578,1.6784307839210517,5.157921420418063,0.8631205685666311,172.80281690140845
C6574,1,1,1,7.9854843567338225,7.9854843567338225,2.1972245773362196,2.1972245773362196,0.0,5.908422554405851,0.0,367.125
C6576,1,1,1,7.9909154630913255,7.9909154630913255,2.1972245773362196,2.1972245773362196,0.0,5.913840786421756,0.0,369.125
C6578,4,323,9,14.372880397072342,8.54119262339329,9.563107691083898,3.7548374219057337,0.9434836136528746,4.817958528657698,1.5647462882015424,122.71227774263828
C6580,4,57,5,12.789254279088244,8.678547836840899,7.659171367666058,3.5762062916098234,2.352155592747359,5.136447811148625,1.6975402173021819,169.11042944785277
C6582,4,80,5,12.250041682912297,7.86839298532835,8.115819701211327,3.757122044210184,0.5877866649021191,4.15039961360218,1.5804361377724914,62.459354453078305
C6584,2,9,1,11.086486944464403,8.601748777640875,5.780743515792329,3.3292238820370663,2.4918270926325743,5.31375486831716,0.9182958340544894,202.11145510835914
C6586,2,372,5,13.937196190794591,7.997360458490272,8.738575192110787,2.857377235761126,1.4869728806881841,5.204288507214005,0.11709691621962408,181.05129849310677
C6587,3,17,4,12.368357297587131,8.67964361856778,7.330405211844402,3.666761648860317,1.9671123567059163,5.045065230742173,1.4513341775402913,154.2544262295082
C6589,2,6,1,10.108752224963046,7.276190214127496,4.68213122712422,1.9870682215488207,1.4708517491479538,5.440230589358337,0.5225593745369408,229.49532710280374
C659,1,9,1,8.993551586299981,3.8501476017100584,5.170483995038151,0.6931471805599453,0.0,3.8501476017100584,0.0,46.0
C6590,15,197,19,14.003858917045685,8.565969276811616,8.386172928977834,2.998987838013757,2.2332816142674483,5.621538816323411,2.7126969384026967,275.31425313568985
C6592,4,65,5,13.115894499255736,8.881924867910033,8.02059914989697,3.808592992300378,3.187071023998134,5.101726837590744,1.7860120269088982,163.3053911900066
C6594,2,6,1,9.773834344309257,5.558133137494045,4.653960350157523,0.9279867716373463,0.04317217186520872,5.135289257666683,0.9488482942421287,168.91346153846155
C6596,2,5,1,12.475733303384136,9.531363049328732,6.63200177739563,3.711001371201207,3.0643742062761548,5.8479361206927605,0.4854607607459134,345.51846965699207
C6598,10,192,16,14.20271189413077,8.804698551422714,8.546946149565585,3.1906066883877067,2.0349126473808274,5.65944974001156,2.0195726464649786,285.9906796116505
C660,2,57,10,11.317518668627619,7.257768427179805,5.860786223465865,1.9508241638577424,2.6254179365219397,5.463819698414795,0.6631968402398287,234.99714285714285
C6600,12,189,16,14.122709187386256,8.729242703546722,8.499843553081124,3.1498180162079414,2.0788731983851965,5.626675442811027,2.4192245456933135,276.73722776307756
C6602,2,27,4,15.1363561171,10.201919016804558,9.964535614101061,5.036532071136259,3.5261489067971516,5.177525203857656,0.9726090695794745,176.243625929062
C6606,3,10,1,15.096077391641307,10.42327801199849,9.829894832232755,5.162754539460349,4.022677892350747,5.271385825853906,0.8941278623932591,193.68557588805166
C6607,4,136,6,13.94525993276699,8.975572224425063,9.55385915186536,4.594137324966069,1.8236528330040087,4.403777299195853,1.6077283531800746,80.7591147680522
C661,12,238,25,14.030523545644117,8.403125816078733,8.502079553606189,2.9291773323179595,2.174588202556481,5.5326097484435,3.062849050423885,251.8028025995126
C6613,2,6,1,10.099794193896745,7.4612708658140265,4.394449154672439,1.9042374526547452,1.349926716949016,5.721008255321269,0.9852281360342515,304.2125
C6617,2,6,1,11.63796212933792,9.153152545938994,6.0112671744041615,3.5529642701341375,2.833213344056216,5.63272534699561,0.8112781244591328,278.4226044226044
C6619,3,4,1,9.680406499268875,6.099072535306288,4.418840607796598,1.1871656860095547,0.8232003088081431,5.278736665843841,0.3650989847058807,195.1219512195122
C6623,15,223,18,14.877649369700926,9.160726414634944,9.82032331127536,4.119625362942683,1.90661424510535,5.063722103157809,3.029515342737534,157.1781774710645
C6625,15,1201,32,14.291705605760248,7.137884374470059,8.848365694942547,1.8623829549850999,0.7063410079627264,5.447797988420882,1.3383398417212473,231.24619362252227
C6627,11,132,13,13.992910021105432,8.627112366001807,8.318498320504338,3.0031810975669817,1.8463184534784893,5.6780808327504655,2.0479634884717832,291.38775012201074
C6629,12,146,16,14.827267821055598,9.554338794429942,9.794899612119229,4.532654633623618,2.120263536200091,5.038925381887436,2.7507275809368497,153.30410790925814
C6631,2,11,1,13.632202915147264,10.048726017243476,7.9909154630913255,4.4191752238278275,3.0352200450611098,5.645165656374075,0.8112781244591328,281.92041991195396
C6633,2,8,1,10.054662380333246,6.227953434577574,4.7535901911063645,1.252762968495368,0.7864791203521645,5.314618559804465,0.2580186686648155,202.28695652173914
C6635,13,175,15,14.180411277257873,8.928269750971005,8.48301573961465,3.2693101116709005,2.1948949315534105,5.700950205646728,2.2718178024290845,298.1515214241358
C664,1,9,1,8.993551586299981,3.8501476017100584,5.170483995038151,0.6931471805599453,0.0,3.8501476017100584,0.0,46.0
C6641,2,5,1,12.215478273604269,9.442963846489524,6.887552571664617,4.130154014918811,2.8938379658726507,5.333779157686176,0.3372900666170139,206.21961184882534
C6643,13,223,15,17.575029214285397,11.877942646356376,10.826555268689306,5.135344326851633,2.403371404523958,6.749665744949669,2.398218127607662,852.7733367766543
C6645,11,180,17,15.174385930806881,9.546835989619021,10.100328195429285,4.4840181723404635,2.3393123847142028,5.080335777361774,3.079604226994123,159.82804928131418
C6647,3,31,5,12.754511922589446,9.143698017711227,7.615298339825815,4.021967592750909,2.0928645620119766,5.145545994735541,1.2443013992660277,170.66518737672584
C6649,3,31,5,12.723401080117037,9.168154352358432,7.515889085215125,3.9788802647846757,2.7194139597525253,5.213510924696906,1.2532256180852692,182.7380174291939
C665,3,97,10,12.094956710285052,7.500384297264728,6.499787040655854,2.042138181149867,2.5492873301865493,5.600372309286447,1.490075581796341,269.52710843373495
C6651,3,76,4,11.753303643205992,7.423159876910585,7.583247524303362,3.289971746551931,0.06371581438610768,4.185882902649742,1.4621492422860036,64.75152749490834
C6652,2,6,1,9.48105429619781,5.723052964648402,4.3694478524670215,1.0345904299031785,0.3496737484797488,5.130202112983653,0.15935006268563445,168.05128205128204
C6655,4,286,9,14.79987293712864,9.082958453569931,10.4052623407817,4.6973654716960676,1.0986122886681098,4.406908255268124,1.5482272757912914,81.01550012109469
C6657,2,5,3,9.196444266784072,6.712652387823449,4.110873864173311,1.791759469228055,1.4069136483226266,5.108064439427801,0.6500224216483541,164.35
C6659,3,5,1,9.810384934273804,6.028552305311122,4.564348191467836,1.1502842992124307,0.258861633916289,5.261653382176445,0.31221953325757146,191.8
C6661,9,103,13,13.975195325015198,9.239093194589406,8.192570471152173,3.4871604510847627,2.110744691190884,5.7859757775070175,1.8381860781830175,324.6996955438694
C6663,3,4,1,9.394992544108419,7.093155425385689,3.8066624897703196,1.6863989535702288,1.3609765531356006,5.6143715267828656,0.9219280948873624,273.34090909090907
C6665,3,63,4,13.877020434885582,8.90734159541251,8.201934351194222,3.2705718159403343,2.6113965266203456,5.678782873170929,1.529775756852864,291.59309021113245
C6669,2,6,1,10.00978263135373,6.29800726818266,4.68213122712422,1.2836402070598072,0.6039160468320026,5.3417080218495165,0.16542703399626682,207.86915887850466
C667,11,344,26,13.661915223904005,7.600957236596571,8.1786387885907,2.2305907185033376,2.072423969021189,5.487701816384398,2.2261339447986357,240.7010945832164
C6671,3,31,6,12.510586023505823,9.04496442390837,7.572502985020384,4.1225877745354955,2.4665092846482843,4.945733008056614,1.198192411043098,139.57385486361298
C6673,6,17,2,11.993374352077502,7.850623025706745,6.744059186311348,2.6714081708684256,1.8127026430732982,5.2557187850041585,1.6115133216130757,190.65919811320754
C6675,4,19,4,11.229208853010284,7.566151741060253,6.018593214496234,2.443461241612608,0.9808292530117262,5.218468745729485,1.8795324387773655,183.65121951219513
C6677,8,138,10,14.27277210053046,9.137080637252419,9.656051308652874,4.5310169639418305,2.2356908581640154,4.626620197071212,2.116302761261118,101.1681716298431
C6679,2,5,1,9.624699147254466,5.913766649193712,4.5217885770490405,1.169229855882063,0.6039160468320026,5.1197689024591355,0.16542703399626682,166.2967032967033
C668,1,9,1,8.993551586299981,3.8501476017100584,5.170483995038151,0.6931471805599453,0.0,3.8501476017100584,0.0,46.0
C6681,2,4,1,9.502860721068213,8.116790248900339,3.8918202981106265,2.5649493574615367,2.2512917986064953,5.635161557795074,1.0,279.1041666666667
C6683,10,137,16,14.464770634685452,9.317365489786877,9.27837278236801,4.146727379143432,2.05739803339122,5.19206677702387,2.693672415984325,178.8398579837429
C6685,3,31,6,12.740707565047792,9.157291150886367,7.577633832602728,4.0118683403978626,2.482589151647638,5.169287566713874,1.2516291673878228,174.78955453149
C6687,3,35,5,12.892748934959807,9.179277512377968,7.57095858316901,3.877784979994243,2.5999759795727875,5.327172788656226,1.2211041043430517,204.85515463917525
C6689,3,55,6,13.037513299487935,8.910511709195687,7.7437032581737535,3.6426666109588046,2.2846838826648055,5.299249282569666,1.5260760229870527,199.18647007805725
C6694,3,31,5,12.668670796786083,9.142414158298227,7.508238774678663,3.9998183887299845,2.499505449209153,5.166697271524044,1.253297578463043,174.33479692645446
C6697,3,28,5,12.715296987929191,9.189035617050981,7.519692404116539,4.011069511970347,2.4849066497880004,5.201666625000236,1.2399234562132122,180.57460661964188
C670,1,18,1,9.76359310138207,3.8501476017100584,5.937536205082426,0.6931471805599453,0.0,3.8501476017100584,0.0,46.0
C6701,11,143,14,14.019865911274879,8.963747264774227,8.374707543119483,3.3538075105100256,1.8525089739669125,5.648915754068862,2.595883056752619,282.9833910034602
C6703,12,154,14,14.10430026676037,8.96276406100281,8.335911094196945,3.2341964587969336,1.9517410693661066,5.771747373249121,2.289981403102426,320.09832134292566
C6705,12,205,16,14.171061770753594,8.707394637126582,8.485702524324866,3.0692347355469174,2.3870508597842415,5.688953831462522,2.168965742970135,294.5842279108175
C6707,15,94,9,14.231821965063217,9.061453371468899,8.427706024914702,3.2947841235131663,2.3578477716690953,5.8073439545111345,3.3873733630627876,331.73419383067164
C6709,1,4,1,9.28498391497195,5.575117271682851,4.23410650459726,0.977775815524836,0.3294792011302423,5.071675054644177,0.0,158.44117647058823
C671,2,2,1,10.305981584699339,9.207436158828793,4.672828834461906,3.592735593561034,1.791759469228055,5.646046757693884,0.9182958340544894,282.1698113207547
C6714,12,110,15,14.699322312031454,9.57542733546085,9.465525078835189,4.354416824769416,2.046924499109246,5.239192955440203,3.1693706574350173,187.51789865178986
C6715,2,10,1,17.828355615788475,12.915703171102972,12.265006426916552,7.352987707990749,3.8102508152647157,5.567182436050149,0.19143325481419346,260.695715093806
C6717,2,7,1,9.784647708654596,5.2051273865104655,4.919980925828125,0.8703536366871295,0.16862271243579274,4.8795658543714895,0.08214305133815328,130.5735294117647
C6721,3,9,1,12.289623040224107,8.100267203058491,6.872128101338986,2.7476593391972557,0.8602012652231115,5.422951018602027,1.2072100267448116,225.5466804979253
C6725,9,161,16,14.099046045202126,8.917395787628202,8.264105763728956,3.1269083665468127,1.9681332858400236,5.838115744437312,1.6466175940091383,342.1321824272095
C6727,2,4,1,9.308192772143688,5.5982412742025085,4.31748811353631,1.0313600616589422,0.8082165103447325,5.010725380128477,0.16542703399626682,149.01351351351352
C6729,4,39,10,12.789987937440015,8.028137422418851,7.719129840906732,3.007204674716228,3.6396084051071536,5.077554312932886,1.3467057639157367,159.38133333333334
C6731,5,85,6,13.39810696894173,8.887384074446953,7.88193748927207,3.4044886627462283,2.4303305485515243,5.520557186357079,1.896268579794727,248.77416918429003
C6733,3,5,1,10.410425629574926,8.801108177298774,4.553876891600541,2.9856819377004897,2.517696472610991,5.869927799550085,1.5219280948873626,353.22340425531917
C6736,2,5,1,9.521494800613105,5.786824343350387,4.442651256490317,1.0986122886681098,0.35667494393873234,5.096740175686969,0.1623261801753929,162.48809523809524
C6737,10,140,12,14.009476554352945,8.97916382538225,8.363342466597977,3.3677464834416,1.8912202627586931,5.649890658405637,2.173069050683473,283.26038264115726
C6739,4,59,5,12.682961889427782,8.493508858220101,7.647308832356238,3.488208758651785,1.9609480264198538,5.042605235047263,1.6389988107676763,153.87297039159503
C674,1,17,1,9.686636660844938,3.8501476017100584,5.860786223465865,0.6931471805599453,0.0,3.8501476017100584,0.0,46.0
C6745,3,33,6,12.659969123289985,9.104729031213576,7.51425465281641,3.9772755572993743,2.848226136445401,5.152060976572352,1.2532256180852692,171.7872340425532
C6747,2,11,4,12.2861122762759,8.20884248967813,7.482681828154651,3.4372623165829514,2.0449553656086668,4.812152310619629,0.7607859931846075,121.99605855855856
C6750,4,40,10,12.727740281691078,8.036712854273132,7.6783263565068856,3.035746602550698,3.762692494181825,5.056263498043879,1.3668141822378839,156.00277777777777
C6752,3,32,6,12.596901159385324,9.041668095629904,7.533158807455563,3.995838805806736,2.8007595992064775,5.070572775573786,1.2431803979668357,158.26552462526766
C6754,13,165,16,14.213515911158584,8.971895159912572,8.528924114291936,3.3236647486270696,2.1397548794470644,5.688180305281983,2.7265865266025107,294.3556741795176
C6756,3,41,4,12.667962194482293,8.861438315329767,7.549082710812286,3.7653259596071202,2.38160163331227,5.125364849299763,1.1995185458779025,167.2355110642782
C6758,3,8,1,9.85828095969805,5.783773029731222,4.787491742782046,1.1042461063863658,0.5375830729355401,5.085311332160898,0.7759060835399917,160.63025210084032
C676,2,63,10,11.5218852063417,7.363626308712404,5.981414211254481,1.9701671267008734,2.5552874465497997,5.546896693571615,0.6962122601251458,255.44050632911393
C6760,2,3,1,9.250618218474752,6.948897222313312,3.58351893845611,1.5040773967762742,0.8754687373538999,5.698530612501252,0.7219280948873623,297.42857142857144
C6761,10,190,19,14.07600923715537,8.669008539174039,8.25712628599743,2.9059449313591346,1.9668300878900415,5.822107368900754,1.6090742226065862,336.6829268292683
C6763,3,32,5,13.4851519946987,9.796326806324103,7.655864017616056,3.9852734671677386,2.474435349920705,5.832694430950999,1.2344977967946407,340.2769886363636
C6765,14,232,17,14.286439384083359,8.60986727211603,8.58858318750291,2.9646020317683783,1.849963759084424,5.701388725974293,2.2376946954805557,298.2827342149376
C6767,13,1222,27,14.124825199993133,6.9556586031387395,8.573951525234847,1.623340817603092,0.7564830557317561,5.554937733725796,1.1390128830971151,257.5108675108675
C6769,1,2,1,9.284241179815718,8.591186871324563,3.7612001156935624,3.091042453358316,0.6931471805599453,5.550372261356666,0.0,256.3333333333333
C6771,11,97,15,14.00410986836369,8.886253514130052,8.337348564497175,3.2583268201180666,2.0016418256008808,5.670452169485612,2.346320471609557,289.16570881226056
C6775,15,188,14,14.174103461442154,8.72322708356336,8.640825751861513,3.229972823079932,2.1981778662549325,5.53739829267336,2.661852727519987,253.0162630369454
C6777,4,285,8,14.60533471111431,8.90502639810915,10.109973126954195,4.421576917901968,1.020982127399957,4.506500182984963,1.5618118208572713,89.60416497193525
C6779,2,6,1,10.949718235522484,9.00391345869466,5.298317366548036,3.381966019734268,2.5427262206768266,5.659884845109738,0.8631205685666311,286.11557788944725
C6781,3,55,7,13.600599278325992,9.352189575499208,8.978660489639687,4.738826570800765,1.8827312474337816,4.631848088672026,1.5474362987282737,101.70369436388854
C6783,2,9,1,13.389367629690353,8.698185118466844,8.016977746762262,3.3606301966731555,2.0360838426217116,5.377348980287797,0.5272474770240346,215.4477070273837
C6785,4,6,1,9.534595424658804,6.645452123758549,4.143134726391533,1.491654876777717,1.7047480922384253,5.411862042352298,1.5032583347756456,223.0483870967742
C6787,2,4,1,14.23814672926396,10.741660137722022,9.880423612937577,6.385552043656028,2.17337336151404,4.37049918326757,0.19590927087360493,78.08309880775725
C6789,4,35,6,13.64655685198065,9.639287604231551,8.081784206935001,4.091005660956586,2.097460047182514,5.568902586566515,1.4841766112716677,261.1462585034014
C679,9,393,30,13.949590300217656,7.662201247234972,8.465057436995709,2.2843908370025314,1.9826665348932861,5.488883731369783,2.310093566006688,240.98693361433087
C6791,3,45,5,14.515379099484344,9.588193453143061,8.721765357145012,3.816596876873039,2.9770811569278903,5.796818083337274,1.5174474825934172,328.2502445386371
C6793,3,3,1,9.262078567380597,8.163656176168432,3.4657359027997265,2.4277482359480516,2.8716796248840124,5.830936045261328,1.584962500721156,339.6774193548387
C6795,1,2,1,11.573182960580555,7.935945103353701,6.419994928147142,2.8409234824821836,1.7829488395459,5.160563602191531,0.0,173.2626427406199
C6797,3,6,1,11.922601693849858,8.878212020344018,6.0867747269123065,3.0867040517597175,2.5427262206768266,5.841005790888629,0.9637459942073318,343.125284738041
C6799,15,221,16,16.36331915605979,10.567287071936542,10.519807682982748,4.732565771714158,2.4072462760299107,5.846432767012015,3.1921305722502518,344.9979212224292
C6801,2,27,4,11.386625008854054,7.83166264480113,6.169610732491456,2.682976563550094,1.5322482737429703,5.224494791497294,0.8631205685666311,184.76729559748426
C6802,2,3,1,9.297893268984044,6.734042712109209,4.007333185232471,1.6397432619294294,1.1239300966523995,5.313753174677876,0.3912435636292556,202.11111111111111
C6804,1,2,2,13.34268695633129,12.24407787669468,8.023552392404348,6.925595197110468,3.41224721784874,5.324344116880285,0.0,204.27368076040642
C6806,2,3,1,12.696479212046073,9.65201801018484,7.022868086082641,3.9960139524925324,2.3581549441488563,5.677926235567787,0.2761954276479391,291.34255129348793
C6810,13,249,24,14.214346407681408,8.191175270054805,8.235095497258357,2.315336378481166,2.4981359467564976,5.982042312861521,2.0422001568257153,395.24880636604775
C6811,4,283,8,14.522849063634641,8.825901973883928,10.01207286294957,4.328213389351818,1.0702496387599876,4.521750057684644,1.570500362279943,90.99645628672677
C6813,5,297,10,14.679800798077332,8.936928641689668,10.13931038100741,4.408515631548634,1.0605020697988556,4.551140750032327,1.75095177747785,93.7404218342681
C6815,2,13,5,13.720163077464287,8.941169380770559,8.873047798971067,4.110322672206759,3.3699003749402405,4.855073554418846,0.787126586201269,127.39013452914799
C6819,3,34,5,12.732252783093262,8.994704283294938,7.61972421378267,3.901972669574645,1.8718021769015913,5.119016280355389,1.2268581695934726,166.17083946980856
C6821,1,1,1,9.064505023752638,9.064505023752638,3.5263605246161616,3.5263605246161616,0.6931471805599453,5.57169304334858,0.0,261.8787878787879
C6823,5,145,5,13.943176155400876,8.645033922899037,8.574707097616844,3.313276500289685,1.8787013993618633,5.373306577168768,1.3882192190985947,214.57450424929178
C6824,2,7,1,12.984229409159889,9.688452244099771,7.293017679772782,4.014713292530093,2.9306998032831366,5.695257471992039,0.22853814395352803,296.45336963921034
C6826,3,39,4,12.38375010183047,8.340933226000878,7.363913501405819,3.355735007585398,2.072840857648484,5.027046082210837,1.5294283316328894,151.48192771084337
C6828,3,30,5,12.567659008679732,9.071262892272694,7.475905969367397,3.9973663253170786,2.732003442124703,5.098441265868635,1.2343888840832413,162.76643990929705
C683,2,10,2,14.55653033900367,9.288764164838678,7.860570785538664,2.664503995276423,0.9080091110424331,6.6975794617598465,0.17273006562929502,809.4417438271605
C6830,5,74,8,12.953627515710258,8.033968533667847,7.818027938530729,2.9513302774952814,3.316174735855,5.141863647603628,1.9408969659074078,170.0342190016103
C6832,2,6,1,13.271808718754668,9.487693144047642,7.506591780070841,3.7457537366833273,3.4221876575539913,5.768892918525943,0.26676498780302604,319.1830676195712
C6834,4,58,5,12.957288242418844,8.798553762715803,7.721791776817535,3.590439381300684,1.976681807722067,5.241244994062745,1.7136135511938806,187.90514184397162
C6836,1,3,1,13.004838058536121,9.316046327962628,6.983789965258135,3.3304171996011083,3.4061849231731944,6.024395002809077,0.0,412.39146567717995
C6837,3,14,3,11.881913293268122,7.787976593816224,6.9930151229329605,2.951432014657411,0.9360933591703349,4.897304648003017,0.9851717468169148,132.92830882352942
C6839,2,71,4,14.135039347364152,8.920236528823866,8.643649615368796,3.4604570484807966,3.040892669672844,5.495678181953752,0.9930856921454585,242.63670015864622
C684,13,461,33,13.944055915951623,7.366825749286157,8.520985989654934,2.0768303468808242,1.7609226137211518,5.427671303214062,2.5402682618236323,226.61857313670785
C6843,3,8,1,10.211854216180742,6.429242824868619,4.770684624465665,1.2972147310662019,0.6225296133459919,5.453932175480184,0.5304060778306042,232.67521367521368
C6847,4,6,2,9.871738854221547,8.080237416216702,4.110873864173311,2.3978952727983707,1.791759469228055,5.7804348261772835,1.7924812503605778,322.9
C6849,11,230,18,14.020591966460076,8.404044039083134,8.395929103923198,2.8391847842784768,1.8608331455310174,5.628488336148559,2.339983173226767,277.24119241192415
C6853,12,233,19,14.674297169189943,9.028969741000797,9.427868184504756,3.8048548105733144,2.1689527361612493,5.251761067981135,2.8734753131835364,189.90216429318528
C6855,2,6,3,11.588617182337167,8.033584285848509,6.637258031284457,3.1255066173008013,2.715640370368886,4.959701100854782,0.9852281360342515,141.5511811023622
C6857,5,63,5,13.015018672321759,8.76667705634906,7.692113339595466,3.4746248502169728,2.2452585978023274,5.328224115519567,1.934331047302133,205.0716894977169
C6859,10,195,18,14.137579564274743,8.721641470090724,8.360071435644025,2.995065384566287,2.1408501698084796,5.780832376457781,1.9183543655913693,323.02879213483146
C686,1,9,1,9.070503426788383,3.8501476017100584,5.247024072160486,0.6931471805599453,0.0,3.8501476017100584,0.0,46.0
C6863,2,4,1,9.788918097792992,7.84334430931939,4.110873864173311,2.2587824703356527,1.1895840668738364,5.6978761778854405,0.9852281360342515,297.23333333333335
C6865,14,138,9,14.025490244551817,8.901661626305707,8.00903068506973,2.939098931923533,1.905123584746403,6.019225763446846,2.774768650754903,410.2600598603259
C6867,3,77,4,13.96553703064297,8.982055200500607,8.496582237512113,3.5421498003683887,3.1517403271983704,5.473364039963309,0.6082641774163249,237.2603634878497
C6869,1,2,1,11.814939344682188,9.33011401764575,6.214608098422191,3.751462940415704,2.908720896564361,5.606008339962949,0.0,271.0561122244489
C6871,2,7,4,11.38054769238444,8.245304583610881,6.352629396319567,3.2547464511362003,1.6602963296675914,5.036170355966122,0.6665783579949205,152.87958115183247
C6872,1,1,1,8.15507488781144,8.15507488781144,2.70805020110221,2.70805020110221,3.828641396489095,5.519745161078744,0.0,248.57142857142858
C6874,3,42,4,13.592858136026285,8.764699310618155,8.491875383431948,3.688679434111269,2.989714201228428,5.107257702416608,1.0773842663662672,164.21665982765697
C6876,1,4,1,9.935857932566579,8.549708783092917,4.406719247264253,3.056356895370426,3.056356895370426,5.545273890445785,0.0,255.02469135802468
C6878,2,23,2,11.606224532935046,8.23918372831587,6.779921907472252,3.443948548614819,2.482028949960385,4.835405708332567,0.21639693245126465,124.8896473265074
C6879,1,1,1,8.13622555490846,8.13622555490846,2.1972245773362196,2.1972245773362196,0.0,6.05883109685035,0.0,426.875
C688,2,61,10,11.498775829365787,7.372259945640786,5.968707559985366,1.9865477947871395,2.8236803833974924,5.5365667607701194,0.7408656862339816,252.8051282051282
C6881,4,270,8,14.21380468258592,8.561506180056355,9.189321004752108,3.56542245720385,0.9141832495345903,5.031137932598511,1.4595779115477283,152.1071392094781
C6883,12,150,15,14.064024735867847,8.952165632433468,8.263332667439967,3.1930017917838187,1.917985123349843,5.80396923755236,2.4118331179524937,330.61320268179475
C6885,1,1,1,7.945909598613133,7.945909598613133,2.0794415416798357,2.0794415416798357,0.6931471805599453,6.00212184158197,0.0,403.2857142857143
C6887,2,4,1,10.988930167155596,8.791840681597558,5.6131281063880705,3.4446824936018943,2.367123614131617,5.384041285081955,0.9182958340544894,216.9010989010989
C6889,4,56,5,12.674540721417072,8.5638546277512,7.634820677745543,3.5525338007201683,2.1676475599925333,5.046651951008234,1.703303868189808,154.50096711798838
C689,2,65,10,11.662095188979048,7.488259077822464,6.202535517187923,2.149971692485674,2.8440145291735637,5.46581525971941,0.7516499461153356,235.4685598377282
C6891,11,225,14,14.030111323369,8.54136803241296,7.932362154339751,2.5263895828650322,1.3332596644638042,6.100351959823998,2.3438035555790258,445.01472172351885
C6893,3,5,1,9.812413388136733,6.868959738588002,4.23410650459726,1.5214691394881434,0.8842024173226545,5.596568390349052,0.7742433029172697,268.5
C6895,2,10,3,10.790122877502657,7.90010129212153,5.71042701737487,2.87481934488868,2.2629198366016143,5.089174188245674,0.9910760598382222,161.25581395348837
C6897,3,7,1,12.471543617641661,7.718394265055621,7.140453043101158,2.4740723076222904,0.5194093674573822,5.336702770884105,0.9504020883684099,206.8263283108644
C6899,11,133,15,14.103811688759892,8.674636189970427,8.632305998516742,3.2426266162493502,1.6041608553332567,5.475878546702758,2.262591941220444,237.86022463897308
C69,2,7,1,10.692217602989803,6.822083912867682,5.293304824724492,1.634130525024472,1.2645974261423707,5.408416636553036,0.24988229283318544,222.27777777777777
C6901,2,5,1,12.901976024283837,9.291147859895814,7.174724309836376,3.5909984048874026,2.1479838612330564,5.73126345852896,0.4941829348497886,307.3586206896552
C6905,4,38,5,12.83151630160939,9.070428534646407,7.635303886259415,3.89419052913259,2.7969976871187066,5.202212525990226,1.44260624529941,180.67375543740937
C6909,4,8,1,11.118593156640042,8.410750609053856,5.820082930352362,3.152736022363656,2.445241393395569,5.306439058047808,1.640223928941852,200.63095238095238
C6911,13,198,15,14.212651112926206,8.732172841927177,8.242756345714477,2.8231134922214216,2.064222145316466,5.972707871692075,3.13006799819333,391.5672545406686
C6913,9,139,16,14.025269736848152,8.832458004953747,9.149953221961088,3.975832093927737,1.9250593535751226,4.883024832495076,2.427970146824508,131.02942738765537
C6915,10,109,15,16.99690231124392,11.760468114085862,10.952506854859305,5.719334668768644,2.8234663717483275,6.046781194926649,2.962529532722081,421.7500875718089
C6917,1,11,1,11.897595853821688,9.007339803973828,6.782192056006791,3.9109112765754555,3.1451096746285914,5.1225102991394245,0.0,166.75595913734392
C6918,3,9,1,13.70710652661879,9.8785152812797,8.158802490694002,4.342958083856368,2.881881712963333,5.552474555075004,1.083673661897196,256.8748926424277
C692,2,57,10,11.328365404595573,7.268607692030299,5.872117789475416,1.9605803388031071,2.7875622640299436,5.463304997705173,0.6631968402398287,234.87570621468927
C6922,3,30,4,12.764158692579834,9.23789259356281,7.576097340623111,4.066509763228657,2.5983228662780435,5.194135643021174,1.253297578463043,179.2123076923077
C6924,13,142,12,14.014958779236519,8.927494323712011,8.332548939252638,3.2829512758423687,2.1972245773362196,5.686048351380547,2.064070419499574,293.7266602502406
C6926,2,1,1,5.666426688112432,4.976733742420574,1.6094379124341003,1.0986122886681098,0.0,4.290459441148391,1.0,72.0
C6928,1,1,1,8.420902531097951,8.420902531097951,2.8903717578961645,2.8903717578961645,2.833213344056216,5.591206447207666,0.0,267.05882352941177
C6931,17,191,15,14.173460488761716,8.735541262774406,8.479906606630221,3.0882718202778077,1.8433063546470876,5.69712205418136,2.4868672809377554,297.00851328903656
C6933,3,32,4,12.682583183851317,9.12734067767609,7.615298339825815,4.076568451581839,2.929287174145838,5.074051390679204,1.2582296369090873,158.82051282051282
C6935,15,1181,30,14.827581177494565,7.704358988101518,9.307467082706905,2.2904244242855953,0.9819366170952887,5.524201509674491,1.2391460749538932,249.68608766675743
C6937,1,2,1,11.115651715888353,9.169830828637973,5.484796933490655,3.563478187572664,2.5427262206768266,5.638562239723092,0.0,280.05833333333334
C6939,9,120,16,13.817563449340096,8.89771823539585,7.955074273262696,3.0817090522710107,1.978733608501863,5.865678242906364,2.4237416781146037,351.7213057213057
C6941,1,2,1,8.843470781627381,8.150467911624004,3.295836866004329,2.6390573296152584,2.740840023925201,5.588975774546324,0.0,266.46153846153845
C6943,3,29,4,12.740259263969488,9.185010842311472,7.5883236773352225,4.050044303325521,2.651227865235514,5.158207719353663,1.2582296369090873,172.85258358662614
C6945,1,1,1,8.189799618728228,8.189799618728228,2.3978952727983707,2.3978952727983707,3.1354942159291497,5.889708638153595,0.0,360.3
C6947,2,3,1,9.800291359707678,8.191075164474197,4.290459441148391,2.7343675094195836,1.8562979903656263,5.527553431861404,0.7219280948873623,250.52777777777777
C6949,13,276,14,14.245115931024984,8.477002507993856,8.523572798380277,2.8167177425175325,1.6805951067504286,5.725009887023312,1.334238698566035,305.4362949711787
C6951,1,6,4,9.477003077203888,7.685626500349466,3.970291913552122,2.268683541318364,1.3437347467010947,5.529657999038118,0.0,251.05769230769232
C6953,3,33,4,12.972925574505576,9.335425338499878,7.565793282428515,3.947186917885813,2.6759618865507098,5.412120125252792,1.2363864108712896,223.10621761658032
C6955,4,38,8,13.094165528645325,8.375894980298604,7.844240718141811,3.1683341276599624,3.5963333079894615,5.255546988232111,1.3642614793823273,190.62627450980392
C6957,1,2,1,9.232786560806012,8.134369813788897,3.6635616461296463,2.614959778036198,3.091042453358316,5.598811746569087,0.0,269.10526315789474
C6959,12,182,17,14.0600672037818,8.622167197606293,8.258940462988459,2.8784654090062034,1.9582559848776127,5.804403728002467,2.9186175337451377,330.75731675731674
C6961,3,16,1,13.059921856025065,8.25615837071549,7.687080155783135,2.9370780453021093,1.6590084121874136,5.3779264715628825,1.171207566629036,215.57273978889398
C6963,2,6,1,9.963594393268247,6.563761492962073,4.5217885770490405,1.3945931639345857,0.7884573603642702,5.456963421524172,0.3533593350214213,233.3846153846154
C6965,4,310,8,14.350148992774587,8.539203079170326,9.591785974240127,3.803129977015695,1.0568334159935922,4.766973193085948,1.7114367372717862,116.56286280133853
C6967,5,94,7,13.083169223898336,8.312727923363534,7.886081401775745,3.158441862841135,2.6145462986009087,5.20297709979242,2.078371135745193,180.81271154569387
C6969,12,159,14,14.515242511244777,8.993905268623426,9.28887424963029,3.790171705595809,2.2209411039535354,5.231818345003154,2.963682618989663,186.13276627218934
C6973,11,127,12,14.07586742434034,9.113132238350287,8.30795254527102,3.379518870120671,1.8936173543346793,5.771281313794506,1.9083372785390957,319.9487053020962
C6977,2,6,1,11.579284203506532,8.871365005136852,5.958424693029782,3.2859112262043593,2.1897895988487015,5.627043170592622,0.7219280948873623,276.83937823834196
C6979,2,3,1,9.120196822123217,5.486651513196385,4.127134385045092,0.9575336904082041,0.29423947299794,5.015867483926558,0.17556502585750278,149.78688524590163
C6981,3,16,3,11.188759198346009,7.475740129595876,6.396929655216146,2.74789610964941,1.462577665869521,4.801733200130676,1.2319621350284404,120.7212020033389
C6983,12,134,12,14.876083089209631,9.572847430254846,9.586925780533697,4.297251561262533,2.2131283948565565,5.294258564294925,3.0415318876604793,198.1898847104035
C6984,6,57,8,13.412333829516978,9.055740232182567,7.938088726896952,3.608489463922584,2.162438461250804,5.4787836987759375,2.364501321132606,238.55515887183148
C6986,3,10,1,13.73772629807655,9.368362751432194,8.677269139262872,4.321026151091021,2.6719638113277893,5.066948070229864,0.4636925481445941,157.6892790182376
C6988,1,7,4,9.688436171119255,7.609428509261516,4.406719247264253,2.409194828052304,1.2878542883066382,5.298934460057283,0.0,199.12345679012347
C699,2,18,1,14.645091976313946,8.707720653275803,10.067814845957804,4.146187397756635,0.5176623582576958,4.587549039057206,0.026403282615510056,97.25331975732892
C6990,1,1,1,7.785720896534624,7.785720896534624,2.772588722239781,2.772588722239781,2.5649493574615367,5.083472618048522,0.0,160.33333333333334
C6992,1,2,1,8.866158492284917,5.260306731765328,4.02535169073515,0.9108706644048158,0.5787368293822011,4.866414942921923,0.0,128.85454545454544
C6994,4,289,7,14.576029897365668,8.849325171175837,10.113181056125933,4.398662728594438,0.9615069663595646,4.474351972470615,1.543652966922394,86.73772552199473
C6996,4,17,3,11.575796972412235,8.142091447490282,6.492239835020471,3.102704393106159,2.111190239994416,5.091233467873803,1.9616751500478977,161.59028831562975
C6998,2,4,1,9.571783927990017,5.9108661295007225,4.356708826689592,1.0900285449767182,0.46357273891544515,5.233259229914233,0.17203694935311378,186.4025974025974
C700,3,57,10,11.332458187936455,7.2900774503248345,5.877735781779639,1.9803963251264827,2.794281546851041,5.461770550505411,1.0351996643470605,234.51404494382024
C7000,3,19,1,13.960635485098503,9.472075224922648,8.783242963740905,4.308005089208775,2.579535630655902,5.1831709332498,1.469971307277509,177.2471255557259
C7002,13,174,13,14.170602649853391,8.8526249709833,8.668196064952765,3.3843902633457743,1.9910923718485463,5.506645832077106,2.1232898679313035,245.3235294117647
C7004,2,8,4,11.125791313546788,7.692245837700201,6.07993319509559,2.712342053183751,2.3890586909978726,5.054535116049866,0.9629004147713268,155.7316513761468
C7006,3,29,1,16.471359543871614,12.12755946018146,10.078700570092789,5.738079330584243,3.261089058957936,6.394373198774845,1.0240945965147703,597.468085106383
C7009,2,6,3,9.611730522042317,6.97354301952014,4.499809670330265,1.995671658614377,1.0745147370890493,5.128967492293587,0.8631205685666311,167.8426966292135
C7011,3,29,4,12.646782624878375,9.091543965890526,7.5652752818989315,4.027390427424997,2.4435885004572695,5.088210550495749,1.2532256180852692,161.099533437014
C7014,2,5,1,10.324990038341916,7.686359057059699,4.852030263919617,2.3097025607629096,2.1058747987479918,5.484927614009643,0.3712323266408757,240.03149606299212
C7018,3,8,1,13.092058797139472,8.829523217268122,7.164720378771857,2.954763554655217,1.7894092918831013,5.930770021532547,1.1366456853313003,375.44427244582045
C702,2,59,10,11.556923211447874,7.479940648113567,5.983936280687191,2.042759975045231,2.6851920630261596,5.579281850684091,0.6939659673342857,263.8813131313131
C7020,3,3,1,9.381179591661104,8.282735880201754,3.4965075614664802,2.456735772821304,1.8458266904983307,5.9180534474668125,1.584962500721156,370.6875
C7026,3,71,5,11.910882457588071,7.64867265368536,7.733245646529795,3.500766511686047,0.01398624197473989,4.1932800115127735,1.4246698979607064,65.23970201577563
C7027,3,6,1,10.406109618951431,8.614501373883236,4.736198448394496,2.987364023883474,1.8718021769015913,5.682103752310561,1.584962500721156,292.56637168141594
C7030,3,4,1,9.503457646917903,8.117387041159752,3.6635616461296463,2.3513752571634776,1.3862943611198906,5.868627643727867,1.5,352.7631578947368
C7032,3,30,4,12.734740152059107,9.15132435149993,7.524021415206125,3.95922460691244,2.742630534698989,5.216695887608935,1.2806721295208872,183.32414910858995
C7034,10,175,13,14.435821956792987,9.079349146619748,8.973858256222792,3.643650159497764,2.0934932951354863,5.466325541819508,2.6172361233563795,235.58925630305333
C7036,3,9,1,14.460196220344777,10.849297201311678,9.701922012375412,6.09320364848869,3.981952375200594,4.766878137111032,0.8117103150186123,116.55168827991191
C704,1,1,1,8.00903068506973,8.00903068506973,2.1972245773362196,2.1972245773362196,0.6931471805599453,5.93191356748145,0.0,375.875
C7040,3,63,4,10.746368529984284,6.588840504099258,6.063785208687608,2.0416260906830184,0.4855078157817008,4.694081466419352,1.1582706691248137,108.2983682983683
C7043,12,208,14,14.882193830986342,9.212412361852866,9.599201730917567,3.9487206444058285,2.424802725718295,5.288123571271307,3.132501839561028,196.97159707158352
C7046,4,37,5,12.820184735599842,9.0361114359615,7.622174594817622,3.8588140016424566,2.5544044442849216,5.204006687076795,1.4394969869215135,181.0
C7048,4,62,4,12.892207799190743,8.58832647329237,7.741099090035366,3.4682664819654434,1.7597201154834383,5.157314654736745,1.7973989934757924,172.69739130434783
C705,9,324,25,13.677484508055608,7.66913730424157,8.259716961021523,2.3507900853988715,2.0048609573900897,5.422451253291475,2.2671218082650872,225.43348861283644
C7050,16,295,14,14.625511008749317,8.785021925983752,9.000113045928519,3.2009249703540985,2.0401626873015024,5.629119125013999,2.528836483639753,277.4167592249784
C7052,11,153,15,14.134401284495494,8.95274639695779,8.222016437202196,3.0866918386905122,1.936232654173248,5.915354178715276,2.061448627477533,369.68556839559255
C7054,3,4,1,9.626679476636225,8.240582932931506,3.912023005428146,2.583997552432231,1.6582280766035324,5.7380195709375235,1.5,309.44897959183675
C7057,4,82,4,13.219243233712563,8.676117262892369,8.288785810426928,3.768594775960355,3.2315609843955166,4.937902405783075,1.3974074190044543,138.47737556561086
C7059,2,2,1,8.888204871455022,8.195195688549337,3.258096538021482,2.6026896854443837,2.302585092994046,5.672635745659364,1.0,289.8
C706,1612,7,15184,21.479056435945623,11.182291494362671,14.296466491167953,4.017842571491209,1.4722373863605576,7.183349971324069,10.010675088647087,1316.3138384254883
C7061,2,12,1,13.0108864165968,9.160841658972961,8.615770754777232,4.773924951333275,1.8128128784258872,4.407554453230834,0.5509844433017146,81.06851549755302
C7063,2,7,4,10.889789304075094,8.692713896979688,5.749392985908253,3.577326968208189,2.065455299705096,5.149387327231077,0.9910760598382222,171.3258785942492
C7065,2,7,4,11.173163824186258,7.954625049569823,6.182084906716632,3.011605622710281,1.4350845252893227,4.9998945888677335,0.7950402793845223,147.3975155279503
C7067,2,3,1,9.237566358229774,5.685521515521592,4.174387269895637,1.039771788645176,0.39589565709201363,5.084795348227021,0.18717625687320819,160.546875
C7069,3,7,1,12.831149742988684,9.46392884101783,7.290292882446597,3.9419165357062886,1.9108188292440433,5.545449378491918,0.6906950555920003,255.06962457337883
C707,6,41,1,16.053031445006027,9.63799958459568,10.118356967398093,3.7275649617512703,0.9645351934379576,5.937357187134814,1.962836731638543,377.9321582704796
C7071,6,38,6,14.432431447393183,10.169789341875166,10.28298506894671,6.022697047074272,3.1809838060742757,4.165129569983292,2.072033735628282,63.401026342798495
C7073,2,34,2,12.768493068226652,8.691120860837438,7.836764783264067,3.781875710787864,1.8359655617325508,4.939305778203535,0.8179252501386403,138.67325167917818
C7075,2,4,1,10.814283214128304,7.2596186659236475,5.318119993844216,1.916922612182061,1.1451323043030026,5.505131267572092,0.18717625687320819,244.95073891625617
C7077,2,3,1,9.445807672979225,8.05975034421536,3.871201010907891,2.545531271604435,3.0204248861443626,5.599288407794261,0.8112781244591328,269.2340425531915
C708,2,58,10,11.38605753636124,7.309178330670722,5.902633333401366,1.9721960113262385,2.813071676241447,5.49028404011903,0.6939659673342857,241.32602739726028
C7081,3,22,3,13.605021598483303,9.79841341562108,8.615226931687603,4.81651102518315,2.2755564206061263,4.996757553645088,1.4619665652603917,146.93271672107363
C7083,4,36,8,12.821174497326567,8.278131055880094,7.669961995473577,3.1691490520049856,3.673063550116152,5.157449537462011,1.4153385157565395,172.72082166199814
C7085,3,4,1,13.716785754964057,9.95563199622123,8.53954159508,4.786522280757498,3.2705411430695657,5.18306523636224,0.31790121541508787,177.2282863849765
C7087,3,9,1,11.389016202246408,7.700578096856047,5.846438775057725,2.264363880173848,1.0647107369924282,5.549358005339139,0.7598403047164004,256.07246376811594
C7089,10,115,13,14.414551983109554,9.403998537020497,9.115040192121858,4.120661870539474,2.1610215286722587,5.304602305351782,2.577602029848812,200.26094609460947
C709,9,219,25,13.458902754628705,8.025506390465997,7.922261058353247,2.5679679745448962,2.2643071667185652,5.540933492901899,2.9003871733305755,253.9158505622053
C7091,2,3,1,10.041378179875572,8.249836485425702,4.584967478670572,2.842969519001581,2.987364023883474,5.4708402132962135,0.6500224216483541,236.659793814433
C7093,3,6,1,10.033286990070973,8.241747064631808,4.143134726391533,2.4277482359480516,2.1400661634962708,5.90882775189041,1.2516291673878228,367.2741935483871
C7095,2,5,3,14.975210420093697,10.593208557955416,9.885883506587767,5.507868964342779,3.581781318557569,5.095520437131533,0.2863969571159562,162.28880407124683
C7097,3,30,4,12.645362524588677,9.061956366209925,7.51425465281641,3.9496398689994527,2.543350245658075,5.137539483368058,1.2326602568158207,169.2962356792144
C710,8,331,29,13.747212445076665,7.707406249983593,8.329416783939319,2.3854808696499887,2.082116532129139,5.4224619733358645,1.977156937158744,225.43591600289645
C7100,2,14,1,13.699667514305942,9.69239495949514,8.446985296372741,4.451171009835087,3.0173158452211655,5.258114368535803,0.6429383500409614,191.11888412017169
C7102,1,56,2,12.57740514078732,8.260172226066066,7.443663683115591,3.16856450432683,2.12664314316413,5.140197069571851,0.0,169.7494145199063
C7103,3,3,1,9.265491216441031,8.167068178341237,3.58351893845611,2.538973871058276,2.1594842493533726,5.713355553783684,1.584962500721156,301.8857142857143
C7107,3,28,4,12.702572138579875,9.20616195757895,7.509883061154913,4.030748357907304,2.7019711550258276,5.198772479589981,1.2628839008717192,180.04986301369863
C7109,3,30,3,12.878182586974317,9.26735658351367,7.768110378525988,4.172306103691812,2.5544999415871956,5.116507739635101,1.3854839520814966,165.7520101565806
C7111,2,2,1,8.74257423767064,8.049586686770223,3.1354942159291497,2.4849066497880004,1.9459101490553132,5.654878667666032,1.0,284.6818181818182
C7113,1,3,1,9.841931246837023,8.743425301551795,4.07753744390572,3.0122615755052013,0.5108256237659907,5.784514599799305,0.0,324.2241379310345
C7115,3,30,3,12.14324466059105,8.559912052413884,7.460490305825338,3.8969093676180977,2.58189891577531,4.69253028359153,1.389640911570547,108.12895797351756
C7117,3,35,4,12.745444908988537,9.007894821967838,7.6362696033793735,3.9181943993326884,2.3491051086289385,5.115675140286215,1.221694907636328,165.6132303235152
C712,15,404,27,14.342318580058588,8.144129750556665,8.814033201652784,2.6859930016468527,1.905922591429304,5.532397770113243,3.130939914030382,251.74921956295526
C7121,15,195,14,14.238776290697945,8.28060435888939,8.774003600200931,2.873579238226489,3.445259599022091,5.469150469134303,2.8104725613078507,236.25854866161225
C7123,2,7,1,13.174097774491777,9.436506018822714,7.431299675155903,3.717628867399922,1.0581209273133727,5.746587563784556,0.2761954276479391,312.12033195020746
C7125,2,3,1,9.11250701162742,5.619522131038461,4.060443010546419,1.003302108863785,0.31015492830383956,5.075612315569728,0.19590927087360493,159.0701754385965
C7127,3,5,1,11.708426456876298,9.22361026947451,6.0844994130751715,3.624340932976365,2.9041650800285006,5.629795090009643,1.0408520829727552,277.60502283105023
C7129,3,9,1,11.160228313400713,7.759443487670634,6.4425401664681985,3.086486636822455,1.9740810260220096,4.728149691262526,0.9219280948873624,112.08612440191388
C7131,3,6,1,10.237993571703798,8.158802490694002,4.6913478822291435,2.6741486494265287,2.8763855159214247,5.559683982532581,1.561278124459133,258.74074074074076
C7133,1,1,1,8.075893630298857,8.075893630298857,2.1972245773362196,2.1972245773362196,0.6931471805599453,5.998626340135602,0.0,401.875
C7135,2,2,1,9.219993629004321,8.121579399358447,3.6635616461296463,2.614959778036198,2.9267394020670396,5.5860652263094694,0.9182958340544894,265.6842105263158
C7137,4,61,3,14.587643118192684,10.324995582498584,10.477597786622002,6.2168871894609,2.144200109027999,4.1263464728669845,1.843224124218673,60.9511686848775
C7139,6,120,8,13.384915316567515,8.091915003695961,8.313852267398207,3.0679360649178586,2.3743212668604983,5.077561254768862,1.7428459126561442,159.38244667810739
C714,4,63,11,11.692860843771214,7.349690066871693,6.302618975744905,2.0891346708854956,2.5993170009657445,5.396608919158398,1.6629745267865312,219.65688073394494
C7143,3,76,4,12.518596099993411,8.188137071506219,8.467372496432281,4.15228239932832,0.038714512180690414,4.068678056011021,1.4621492422860036,57.4796047098402
C7144,14,187,16,14.121978564584298,8.675411204182563,8.4906438561827,3.090258447046107,1.6316042078913608,5.63511602599974,2.5682989482651046,279.09141331142155
C7146,3,4,1,10.58590234651703,8.640143804496573,5.0689042022202315,3.1600353248452673,2.2735975561207935,5.527266815781678,1.3787834934861756,250.45569620253164
C7152,2,5,1,12.299895355963887,9.40960098282706,6.831953565565855,3.959754408249336,2.9056859928692074,5.473223084931125,0.6500224216483541,237.2267818574514
C7156,3,6,1,14.189031507796589,9.969569918097086,8.03947991910045,3.84134804775821,1.8604254899194834,6.152004907625217,1.0944495237051362,468.65806451612906
C7158,1,6,1,11.414915644412785,9.46907167158479,6.222576268071369,4.288500576663059,3.567518597109669,5.1998471294353275,0.0,180.2445328031809
C7160,2,8,3,9.551800150108434,6.780276958070692,4.31748811353631,1.7272209480904839,1.490091154801534,5.25290998781633,0.954434002924965,190.1216216216216
C7162,2,4,1,9.635608107380527,5.877149328825679,4.477336814478207,1.10633433476202,1.4962952563342191,5.175305165364296,0.15935006268563445,175.8505747126437
C7164,2,8,3,10.030032093861085,7.258104004531635,4.882801922586371,2.217843864538955,1.5314763709643886,5.160545808455447,0.954434002924965,173.25954198473283
C7166,3,57,4,17.01493294576229,11.93353510647742,10.476611690496343,5.399707276856072,3.232937978385327,6.539795231969892,1.4742250918373103,691.1448343904158
C7168,13,154,12,16.972199994593502,11.466878887381357,10.700048354785155,5.200224864387623,2.5023684769516623,6.2740604801672815,2.6654146274429347,529.6276123272539
C717,2,57,10,11.317068719391326,7.240236511282448,5.863631175598097,1.9386197157926341,2.6108172700410424,5.4605306937986455,0.6939659673342857,234.22222222222223
C7170,3,34,4,12.966831744500139,9.329332033674913,7.603897968521881,3.9845884350912364,2.756004594224246,5.368103937934467,1.242730380372957,213.4558603491272
C7174,15,5586,4651,14.524928646438829,5.778926728535746,9.3982297330736,1.0694303649099173,0.39167766019125366,5.132699383840394,0.9273790507405142,168.473976462788
C7176,4,32,16,12.715960830037252,8.745825050604656,7.534228326274089,3.591349832036658,2.3735885205742093,5.187863688828255,1.835407107534556,178.0855614973262
C7178,4,28,4,17.472915598724715,12.800089498992742,13.377253627031118,8.704589079401993,3.2392280537170994,4.112171190005374,1.3618573021353881,60.07918823111822
C718,1,2,1,10.678399034898712,8.886754745178047,5.081404364984463,3.3202283191284883,2.2155737160044158,5.606881446790518,0.0,271.29375
C7180,3,7,1,12.364617940589373,7.89907670987597,6.848005274576363,2.4694623273605267,1.1900836921652689,5.521677685014796,0.7757042868125483,249.05419766206163
C7184,1,8,4,12.968652600805456,10.889227385142178,7.590346945602565,5.514436302925282,1.9459101490553132,5.383411461833349,0.0,216.7639029322548
C7185,2,6,1,11.723955948400636,7.874180762051348,6.342121418721152,2.569847326437084,2.0414966101157126,5.388169355382701,0.7849920887641583,217.80246913580248
C7188,4,19,1,13.696811477867268,8.96954976667752,8.373553741214627,3.671697284223568,2.997500620610733,5.3283514028288685,1.6067696060689918,205.09792147806004
C719,7,155,25,13.002919713668067,7.921875882006422,7.38770923908104,2.4007145585676524,1.8883863049171268,5.6194604137595805,1.7656042733717803,274.7405572755418
C7190,1,1,1,9.745839095947058,9.745839095947058,4.356708826689592,4.356708826689592,4.127134385045092,5.406472674431937,0.0,221.84415584415584
C7192,11,125,12,13.799493974550447,8.886976259053545,7.924072324923417,3.0591212371445757,2.12525107771113,5.878585290119515,1.5570009311936492,356.30340333091965
C7194,14,138,13,14.062779146194105,8.956961736763228,8.4069317971587,3.3369551129338015,1.8980286628220995,5.6595600398600725,1.92890300237533,286.0223363859727
C7196,2,4,3,9.784704016546161,7.300416544397486,4.672828834461906,2.2857779746776643,1.0986122886681098,5.1271596763454435,0.6500224216483541,167.53773584905662
C7198,13,138,14,14.542345383990265,9.383373715833265,9.351145248567203,4.20700594775843,1.8476399276225117,5.1968359380212,2.957948627700514,179.69959169490053
C720,2,67,10,11.613205094760566,7.4091093229470255,6.056784013228625,1.9958165546517241,3.0670110874964016,5.5626028611934215,0.8602858652332408,259.5
C7200,3,6,1,10.282403325410757,7.338580299451348,4.700480365792417,1.9075912847531766,1.1499055830556602,5.594745484269066,0.7742433029172697,268.0091743119266
C7202,4,6,1,11.702917528068403,8.930452842990315,6.082218910376446,3.3433034032432527,1.7047480922384253,5.626583418926824,1.6493974703476992,276.7116704805492
C7204,3,8,3,9.964676720848551,7.132215610020095,4.653960350157523,1.962577201540525,1.0986122886681098,5.3251184489367525,1.159554752378731,204.43269230769232
C7206,11,109,12,16.086659884320675,10.533726819779172,11.274769793535516,5.725065993035799,3.2677398142932863,4.820002158891133,2.8439429845618025,122.96535840724809
C7208,3,9,2,15.701127940847263,13.39854421347045,10.280793212183719,7.978516639494471,2.517696472610991,5.4247846129866,1.4854752972273346,225.96245628471507
C721,8,151,29,13.992923420138691,7.393667408622369,8.952734767106872,2.4435885004572695,1.9386927179395932,5.046768050434697,2.478518908568318,154.51902173913044
C7210,9,137,11,16.417209159854966,10.83749890862351,10.947942801085555,5.372847082639377,2.6619733337435965,5.473489272861891,2.6927336165816635,237.2902033922162
C7211,2,6,1,12.5859600828328,9.120330184864942,7.258412150595307,3.8142723500844613,1.409461420401425,5.333089809735608,0.3372900666170139,206.07681465821
C7214,3,3,1,10.06126023640867,8.67509397366851,4.454347296253507,3.1023420086122493,2.772588722239781,5.62218954640357,1.5,275.49411764705883
C7215,14,140,11,14.155256003217097,9.08646428301232,8.337827262447915,3.3060339416151345,2.3000661999745615,5.820637469582471,2.1619401780778187,336.18693154619433
C7217,2,7,4,12.245394315125644,8.507921772907064,7.202661196523238,3.4950635178942466,2.7331298854992334,5.049903772549966,0.9934472383802027,155.0074515648286
C7219,1,1,1,8.180320874773685,8.180320874773685,2.3978952727983707,2.3978952727983707,0.6931471805599453,5.88025361777198,0.0,356.9
C7221,3,5,1,10.017708696626151,8.408449180410523,4.430816798843313,2.8678989020441064,2.4159137783010487,5.602518865334419,1.370950594454669,270.10843373493975
C7223,13,160,14,14.554282899350495,9.231370366265741,9.44375103564617,4.136765278106052,2.195597237676844,5.11662484848477,3.1323806806686476,165.77153943617358
C7225,8,112,12,14.053240015862901,9.162994953133124,8.379079889286603,3.5185904777542296,2.2524782729398667,5.677815872965544,1.885961268661356,291.3102893890675
C7227,2,5,1,10.286297970079486,8.207095079680125,4.890349128221754,2.8622008809294686,3.3542804618744038,5.407952822522832,0.954434002924965,222.17424242424244
C7229,2,7,3,9.586788531013854,6.879698681199612,4.356708826689592,1.8137383759468304,0.8183103235139513,5.248185393464623,0.9709505944546688,189.2207792207792
C7231,2,21,4,14.417975632645128,9.812859643771956,8.893298144217916,4.301629697601852,3.3568971227655755,5.528792940090202,0.7601675029619656,250.83974182916782
C7233,2,8,1,10.637488727104339,6.924876169205176,5.170483995038151,1.6617063409798571,1.1917027117341217,5.47686992482008,0.2811937964320427,238.09714285714287
C7235,12,126,13,13.994170418925236,8.963859620783982,7.987524479848767,3.0074283133171824,1.9203768470501485,6.009443308604529,2.2980969930925896,406.25654094461436
C7237,14,129,15,14.249073855212254,9.293338188966665,8.715388097366482,3.782427518924862,2.2401101688743084,5.537792134057171,2.964780791201138,253.11632485643972
C7240,3,10,1,15.726326621898371,10.866533156185243,9.367258647047601,4.518327927889445,3.2433793479241144,6.360882643345969,0.982456420696967,577.7569670029064
C7242,3,32,4,12.81797723217425,9.180491396059383,7.621684998724611,4.002056128131627,2.7306010266241065,5.202298459418683,1.2363864108712896,180.68936795688387
C7244,4,13,3,20.31583128625873,15.959122575296828,14.892709542893046,10.536026938061145,3.7727609380946383,5.427525718442761,1.49128150795724,226.5854377508563
C7247,2,8,1,10.376985071036119,6.689319379267171,4.9344739331306915,1.4929040961781488,0.8219800524029137,5.453988628834026,0.38431154412649704,232.68840579710144
C7249,5,14,3,13.302298756205314,9.175266275518894,8.649098262296176,4.532599493153256,1.6689233657202804,4.662858399462542,1.5199693183774283,104.93846423562412
C7251,5,375,7,14.447901389282109,8.479401022624796,9.726153537253213,3.780462632166405,0.8675517172917013,4.730666743656991,1.9215572211789853,112.37112663442593
C7252,2,8,3,9.839588826685896,7.06779927335303,4.6443908991413725,2.006534770871748,1.1786549963416462,5.210281634547516,0.9886994082884974,182.14563106796118
C7254,3,31,4,12.46151299492484,8.878129597966904,7.485491608030754,3.9214231299400613,2.6430177308313554,4.9834527791044,1.1941737342569119,144.9775407074677
C7256,1,2,1,8.647168267837984,7.954196695321337,3.6375861597263857,2.970414465569701,2.8903717578961645,5.042552897064561,0.0,153.86486486486487
C7258,2,2,1,8.786762208441091,8.09376775793108,2.70805020110221,2.0794415416798357,0.0,6.149688552322876,1.0,467.57142857142856
C7260,8,151,12,14.96762253846724,9.470531090631454,9.64956257688248,4.167935226512432,2.6576193474753182,5.32301406670477,2.4422867305944247,204.00083795281682
C7262,2,8,1,11.629872595799943,9.232066282267184,6.363028103540465,3.9822272641013945,3.211576522386589,5.273699017175905,0.9940302114769566,194.1364421416235
C727,2,4,1,9.691222119369101,8.305113212458007,3.9512437185814275,2.6210388241125804,2.6210388241125804,5.762482908847965,0.8112781244591328,317.1372549019608
C7270,4,58,4,12.79566323793182,8.652700408591011,7.70210434005105,3.586600604993518,2.2653940646679653,5.100122757161944,1.7112965743112534,163.04204339963835
C7272,5,32,7,12.778268965670925,8.717986763341306,7.6638772587034705,3.6298430101303483,3.2521104875561786,5.120847338145955,1.8421101685477383,166.47721935180837
C7274,4,32,4,15.25097001295867,11.587417411015586,11.348652056096753,7.685538153582459,2.6838275635263638,3.9223231061985775,1.3849586277872932,49.5176664702416
C7279,2,4,1,9.36220272128543,5.754372819329781,4.23410650459726,1.043042437513299,0.3593740009078974,5.148434527303566,0.17925606692832147,171.16176470588235
C7281,6,24,1,14.761513866663822,9.949376881525124,9.320807825002154,4.519488301771291,3.303635345838909,5.445121859309287,1.8161660505256452,230.62550371630698
C7284,3,51,4,13.067455135909,8.973235226270802,7.983440063006542,3.9090184964078474,2.122261538862764,5.090527871087576,1.5240979830688353,161.47560559535995
C7285,12,68,10,15.279574660911502,10.644869264428086,10.042640613928704,5.412339292784016,2.329406624188609,5.242279541775656,2.706380151022263,188.1006743528388
C7286,4,32,4,12.527202791852117,8.916415429878056,7.581209826196346,3.988483420771591,2.8155705448134665,4.9535825169334595,1.3901565632085202,140.68163265306123
C7288,1,13,4,15.941833657869148,12.574541167578527,10.630383773142448,7.263764484124586,3.5263605246161616,5.316396448626437,0.0,202.64869960359664
C729,1,9,1,9.070503426788383,3.8501476017100584,5.247024072160486,0.6931471805599453,0.0,3.8501476017100584,0.0,46.0
C7290,3,3,1,9.660205067381032,7.358193752733032,4.02535169073515,1.8718021769015913,1.4350845252893227,5.6563096242660365,0.9219280948873624,285.09090909090907
C7292,2,3,1,10.975550505970702,7.797890245045781,6.45833828334479,3.3157000095037406,1.2286654169163074,4.5296072251668384,0.24988229283318544,91.72213500784929
C7294,2,4,1,10.038149555779524,6.484286210720056,4.787491742782046,1.4816045409242156,0.8754687373538999,5.264169479115474,0.18717625687320819,192.28571428571428
C7296,5,41,9,12.798938058397495,8.392442646258882,7.733245646529795,3.3613911312617355,3.325211474684233,5.072414753977291,1.793179226339569,158.55915863277826
C7298,2,1,2,10.016146370675067,9.323043861889268,4.465908118654584,3.784189633918261,2.6741486494265287,5.565589068925867,1.0,260.27906976744185
C730,1,18,1,9.767725101522128,3.854192096606565,5.937536205082426,0.6931471805599453,0.0,3.854192096606565,0.0,46.19047619047619
C7300,7,123,11,15.790405974502509,10.570075683850003,11.817250767309416,6.598251244452084,3.097166171208845,3.991801494496023,2.0748151874454934,53.15235671608763
C7301,2,2,1,8.77770959579525,8.084716534061224,3.1354942159291497,2.4849066497880004,2.0794415416798357,5.689898660214071,1.0,294.8636363636364
C7303,2,6,1,10.029635504524139,5.813076420694431,4.90527477843843,1.0887599922250981,1.0008481199022181,5.137640462043714,0.9975025463691153,169.3134328358209
C7305,2,3,1,9.181117513299279,6.879458679827024,3.6375861597263857,1.547562508716013,0.6931471805599453,5.573899502100873,0.7219280948873623,262.4594594594595
C7308,4,33,5,13.076520465816078,9.439011774424548,7.612336837167746,3.992875102057241,2.9220290777668563,5.468900748132048,1.3914665048326016,236.19930761622157
C731,2,58,10,11.479006671766603,7.402069058271653,5.942799375126701,2.006961969169452,2.757647142241582,5.542748510163391,0.6939659673342857,254.37894736842105
C7310,10,171,15,14.517071741314712,9.003765452881515,9.25502688959859,3.7649440362030275,2.208805998544625,5.267310797210447,2.4370692974223584,192.89384085692424
C7312,3,40,4,13.184661891598553,9.177430178272544,8.04044688130311,4.050361009583116,1.9380874233741043,5.15034959560507,1.3749164644284084,171.49178214631002
C7314,12,65,9,13.778511455206123,9.544475511181513,7.701652362642226,3.497824217351227,2.034989779109002,6.0796019482691666,2.827101388491475,435.85526910900046
C7316,11,137,11,13.827471736993548,8.803740409638168,7.85979918056211,2.892562339275983,1.8918429277850375,5.970613532608099,1.6170755264025667,390.74594594594595
C7318,10,99,13,14.377224714212767,9.533109474249038,9.197761589769323,4.366253280517925,2.198972829529749,5.1851784951069515,2.8859388077403714,177.60532712173384
C732,3,68,10,11.750933983178436,7.531954229915811,6.22455842927536,2.1296312862036912,2.9964672974753594,5.532314502453658,1.5359111380003962,251.7281746031746
C7322,1,7,4,10.586028687308849,8.506763995925699,5.488937726156687,3.4380113547848716,1.55814461804655,5.107277416849087,0.0,164.21991701244812
C7324,7,72,14,13.721092180386108,9.22138031800397,7.887208585813932,3.4202735287229693,2.4326382212422435,5.83717940419639,2.039595081399076,341.81104432757326
C7328,4,30,4,12.571781163595347,9.137898009442909,7.498315870766981,4.080812556003524,2.6906961864090584,5.080253739764933,1.3968436982954158,159.81485587583148
C733,1,1,1,8.174421152646497,8.174421152646497,2.3978952727983707,2.3978952727983707,0.0,5.874368775231734,0.0,354.8
C7332,3,68,4,11.914804149542972,7.695744615401782,7.789868559054706,3.59771508033206,0.014598799421152683,4.14137169562785,1.48177292135088,61.889026915113874
C7335,1,6,3,9.614538010517382,7.823112241696201,4.343805421853684,2.614959778036198,1.3862943611198906,5.28879852153883,0.0,197.10526315789474
C7339,13,147,14,19.5124471831743,14.052862454387915,14.073221705763736,8.613817014782743,3.2595684493183814,5.443559686206242,2.847683116573249,230.2639470649879
C7341,2,4,1,9.586857158128455,7.641358672886845,4.02535169073515,2.181224235989778,2.46080909820894,5.5832228605984255,0.8631205685666311,264.92727272727274
C7343,1,2,2,8.93075873555827,6.042632833682381,4.51085950651685,1.791759469228055,1.6094379124341003,4.442651256490317,0.0,84.0
C7344,1,1,1,7.900266036767701,7.900266036767701,2.0794415416798357,2.0794415416798357,0.0,5.956577288107542,0.0,385.2857142857143
C7346,2,2,1,8.87514731685335,8.182139947548439,3.1354942159291497,2.4849066497880004,2.0794415416798357,5.787036802768118,1.0,325.04545454545456
C7348,5,35,5,13.574759144094756,9.911245840576841,7.719573989259581,4.072745450418639,2.836225394526208,5.858487674821727,1.5235913789794762,349.1941359395824
C735,9,280,23,13.93983040426712,7.754049990881454,8.46884293047519,2.379584237351806,1.8561693812727862,5.475393895398422,2.284411616729927,237.74448876758345
C7350,4,5,1,9.789590705856016,7.305300216289162,4.189654742026425,1.8588987720656835,1.5926307941177191,5.618783058329622,1.4182958340544896,274.55384615384617
C7354,4,34,3,12.674099321891688,8.499912427701167,7.618742377670413,3.475305353815877,1.4781019103730135,5.06219685716485,1.9456172665825535,156.93710073710074
C7356,8,81,11,13.295292630952078,8.613341403811523,7.995643604287271,3.3489289531163986,1.9538153285624265,5.304963583308923,1.9885913571753053,200.33367037411526
C7359,12,1109,29,14.101442600005722,6.966697707386174,9.083415678402515,2.0809332629051895,0.8963479673706806,5.024734739273472,1.2423485259772822,151.12989667310094
C7361,1,4,1,10.855492858234276,8.658422655488307,5.332718793265369,3.1734134507914433,3.378724525810097,5.531565038677078,0.0,251.53883495145632
C7363,3,51,5,13.821540342221253,9.710726115571093,9.43747594455993,5.331371564785654,2.394910195954917,4.396539506356052,1.4267547652077353,80.16949557733685
C7365,5,94,9,13.826336742769127,8.7575888270243,9.457747175426071,4.401104495752533,3.2303817046770424,4.381255214294542,2.0338064295480844,78.93831016710917
C7367,3,7,1,9.970211184579036,6.388327951593361,4.532599493153256,1.2685113254635072,0.6931471805599453,5.452669889357667,0.6143694458867569,232.3804347826087
C7369,12,169,15,14.113608694382876,8.815439020398564,8.30943074214033,3.058941786951875,1.9028535167336418,5.807433083059977,2.835464467802852,331.7638512681606
C737,2,57,10,11.311359924809512,7.251613961623276,5.863631175598097,1.9532721454963824,2.6976514938813114,5.4548461687802625,0.6631968402398287,232.88888888888889
C7373,1,11,3,10.06330784398357,7.665838628879855,4.804021044733257,2.4849066497880004,1.2396908869280152,5.272618049053174,0.0,193.92561983471074
C7375,2,14,1,15.01249832360937,11.100490121111177,9.830217690608354,5.920827467508541,2.7887081041196646,5.18793331389652,0.7950402793845223,178.0980307758528
C7377,3,36,4,12.79881091984394,9.037726887819193,7.585281078639126,3.84518727407909,2.6636689082118252,5.219460016358752,1.221192234575385,183.83434959349594
C7379,12,141,12,14.210030654021242,9.110274082719817,8.51959031601596,3.4517281903093715,2.0740918919325955,5.694010947746143,2.488180590722457,296.08281780083814
C7381,2,6,1,10.019758334201514,8.074115219728766,4.418840607796598,2.5427262206768266,2.5427262206768266,5.616638051122259,0.9852281360342515,273.9634146341463
C7383,10,155,11,16.304623681456853,10.888541867390412,9.843312829500057,4.439036889390661,2.3109940825754216,6.462925314785203,2.852636461023176,639.9332483670544
C7384,2,35,3,15.31929302236338,11.55810224271268,11.443618258370886,7.682868182867078,2.7855852950669617,3.896213232056517,0.9996098363678071,48.21572725421476
C7386,5,66,8,15.321065085467817,10.4232547970118,11.391525897539303,6.495186642240368,3.3212168611096864,3.949012148803315,1.9054191111674814,50.88408775277473
C739,8,304,24,13.55365476420364,7.5854538181386495,8.153637486385282,2.2912680997829105,2.0469500545719734,5.404808753321382,2.2069047002342184,221.4736690647482
C7390,10,89,13,13.918260268434308,8.962560434483825,8.12533508671429,3.210389210990882,1.8772046751849398,5.796263783012397,2.2082334757101116,328.06779159265835
C7392,3,7,1,11.60813563977422,9.305632369797035,6.259581464064923,3.9740583963475986,1.6094379124341003,5.355193705700189,0.9219280948873624,210.70498084291188
C7394,15,313,14,14.760139152862179,8.631267008318549,9.48888078651068,3.3939087196574502,1.7701032732825523,5.2764572763096105,2.7334326274876135,194.67542199682083
C7396,3,43,4,12.914726474161517,8.983023910484004,7.627544390488503,3.7197699411332747,2.763973284334166,5.292707407800315,1.310658703735763,197.88114953726253
C7398,13,1137,26,14.162958059702865,7.1041617408706115,8.723882104658486,1.8375177140019328,0.4962874653199635,5.443571305180603,0.853723731678979,230.26663413047015
C7400,4,58,4,12.914519684060117,8.709989546205698,7.665284718471351,3.491065371163795,1.8544305761908306,5.254936793650885,1.7152123460401012,190.5093808630394
C7402,2,5,1,11.690879163209994,9.12603023844608,6.07073772800249,3.5331249247047034,2.8377280244107426,5.6260544728142206,0.6193821946787638,276.56481481481484
C7404,2,5,1,9.901986426409861,6.34833947104938,4.663439094112067,1.3862943611198906,1.3862943611198906,5.253220374216222,0.3159971329784247,190.1809523809524
C7407,2,4,1,11.314596470030457,9.23524028015251,5.575949103146316,3.522677279199865,2.840539384148289,5.745632077887851,0.8112781244591328,311.8212927756654
C7409,3,16,3,10.675746238104187,7.457424621771128,5.438079308923196,2.318458442150336,1.715598108262491,5.247276855652772,1.55352095112747,189.04803493449782
C7411,2,22,3,12.069582594675428,8.458870984574613,7.001245622069476,3.4225885716434727,2.2724044758440547,5.075509902779251,0.9090221560878149,159.05378304466728
C7414,2,12,3,11.296360229016141,8.252086121274873,6.1779441140506,3.1740776819683063,1.8533173622274883,5.126435924103929,0.9852281360342515,167.41580041580042
C7416,12,129,12,13.95471843382945,8.898608346626084,8.144098463338524,3.1321655027307225,1.9078898070699366,5.813899816702575,2.6786178597052794,333.9227193492156
C7418,12,138,12,14.062292507843884,8.794585130443135,8.40804774415544,3.182340163528631,1.866235562129538,5.657962793827799,2.8385896518061946,285.5642570281124
C742,16,2,43,14.393646919222782,10.188991321370503,9.46086560003161,5.261297215455685,3.165538022416115,4.940038637288478,3.231884152207913,138.77565000778452
C7420,2,4,1,11.253662386849633,7.643210916297306,5.840641657373398,2.329253340076207,0.758529939822797,5.420354379746824,0.17925606692832147,224.9591836734694
C7422,3,37,4,12.772547711878088,9.011466768786319,7.578145472419466,3.838201217722253,2.7415899302220614,5.200440435885189,1.2146234752771463,180.35209825997953
C7425,1,6,3,10.242812858139747,8.163620573142172,5.111987788356544,3.073850052817943,2.0476928433652555,5.142690850735657,0.0,170.1757575757576
C743,295,11,956,14.912137543889067,6.958715705475316,10.068323794989062,2.2279205701433726,1.9885282823610968,4.851701583357053,7.118580080014302,126.95793580121274
C7430,9,77,11,13.730557062084088,9.198057721227723,8.124743020385568,3.619022153816494,2.4521168269650095,5.609777722031775,2.7642775046913743,272.0835308056872
C7432,1,1,1,8.272826003650401,7.579934153105886,2.5649493574615367,1.9459101490553132,0.4054651081081644,5.7907244047900095,0.0,326.25
C7436,16,470,15,14.5307288692511,8.203065446853248,8.980927207648378,2.7209429221203623,1.9646117302465655,5.553807170025132,3.162161354193734,257.2187696565606
C7440,3,33,4,12.997391816097387,9.308600741143703,7.742835955430749,4.070734696582967,2.5494451709255714,5.260195355156421,1.2287897403971189,191.51909722222223
C7442,9,101,14,14.354938215735405,9.442362042955109,9.089979015305,4.192436075521034,2.0372015692647203,5.270227124473842,2.554285546836733,193.46012408347434
C7444,2,3,1,9.164191715950203,5.479388141440339,4.174387269895637,0.9555114450274363,0.7654678421395714,5.011884513496688,0.16866093149667025,149.1875
C7446,4,8,1,10.555161484889497,6.091491901190207,5.5134287461649825,1.3452328743221167,0.9851303349111168,5.0521631123388255,1.6443331289311858,155.36032388663966
C7448,5,11,4,13.336598566827119,8.848104246906276,7.9817332866918855,3.522718739429146,2.470762142401836,5.359917749539566,1.4808024656017738,211.70745044429256
C745,11,119,24,13.009696233230729,7.621112381445449,7.639161171659173,2.349852027622956,2.2705712247481817,5.375652809314511,2.9350778688801205,215.08088589311507
C7454,12,171,16,15.379598113303295,9.702905209335185,10.300651635604906,4.633631165467635,2.5468733735372,5.085186834418498,2.7610206039560197,160.6101307519075
C7456,1,1,1,8.222285073872717,6.144721970958026,2.9444389791664403,1.1786549963416462,1.0560526742493137,5.336469132512413,0.0,206.77777777777777
C746,2,61,10,11.78250975604981,7.563513596937364,6.20050917404269,2.108429078553088,2.6059523310792003,5.58777377856209,0.8739810481273579,266.140243902439
C7460,3,7,1,11.186100543000382,7.523065650417708,5.877735781779639,2.3153241187714753,1.6145530131008707,5.316080020703968,0.6450499982850293,202.58426966292134
C7462,2,2,1,8.774931387494947,6.578942522395056,3.367295829986474,1.413693335308005,1.0986122886681098,5.446891300705327,0.5032583347756457,231.03571428571428
C7464,3,7,1,12.062254236808938,9.229133262439365,6.416732282512326,3.6093268224119823,2.8503664232824653,5.65067284772541,0.9780155566622415,283.4828150572831
C7470,2,3,1,9.34731582700326,8.248877921455307,3.5263605246161616,2.4849066497880004,2.8716796248840124,5.853594752884861,0.9182958340544894,347.4848484848485
C7474,2,17,4,12.333453914857266,8.190592074590288,7.1372784372603855,3.042252289188884,2.2198933771489324,5.202484377071523,0.9910760598382222,180.72315035799522
C7476,11,240,15,14.109002222011021,8.496077658841358,8.428580533059634,2.873399670717282,2.062417896149778,5.684045069276742,2.337444192841977,293.1368306010929
C7480,4,63,4,15.647216758781715,11.32974049554284,11.40332263005427,7.086659893561337,2.474856313934499,4.25815455799974,1.3298687503511308,69.67942823986253
C7482,4,82,8,15.28907170095519,10.476915296385696,9.253304071408298,4.452738894374057,1.8171788980650312,6.038251776075819,1.1585413989107372,418.15960912052117
C7483,1,2,1,13.305989083425874,10.533425328291933,8.01565761455734,5.2480104276571895,2.8368830729451786,5.295685892719949,0.0,198.4743970928312
C7485,3,6,1,10.578750763997512,6.842124097616678,5.82600010738045,2.202501634437063,0.9162907318741551,4.764245322609902,0.4368248862161963,116.24260355029585
C7487,1,2,1,9.085797036901582,5.655201965926886,4.1588830833596715,1.1093075777848576,0.3036824137982221,4.949660081729606,0.0,140.12698412698413
C749,15,317,29,15.562602627737169,9.056934979873697,9.364433907313582,2.91433089542321,1.5272254384684396,6.200285181871741,2.5057135968424094,491.88958422631805
C7491,4,82,6,13.838816844194508,9.253944126465111,9.329722128996263,4.753326257616072,1.7900573411575245,4.520129803176241,1.783983770334626,90.8475193041626
C7497,11,133,15,18.60903877783585,13.310723059639448,11.767211030603494,6.470435660509882,2.1335745502597634,6.84290306465885,2.7494959805961616,936.2059587601684
C7499,2,7,3,9.923094082175046,7.843995686163913,5.327876168789581,3.2818506240295893,1.749199854809259,4.610036375639265,0.8112781244591328,99.48780487804878
C750,1,1,1,15.025055210672676,12.0293286054314,9.039433419997483,6.045952732392052,4.188138441508461,5.988251333784472,0.0,397.7167774086379
C7501,4,7,1,12.094090253563461,8.762036728566832,6.489204931325317,3.1972143280870213,2.269914310704497,5.610068179552842,1.3971096255841837,272.16286149162863
C7503,1,1,2,5.6240175061873385,4.9344739331306915,1.9459101490553132,1.3862943611198906,0.6931471805599453,3.8501476017100584,0.0,46.0
C7505,14,1148,26,14.086576087159433,6.980899086244045,8.593969030218288,1.6909423507542551,0.6564151712912153,5.496899419314067,1.0507725139559363,242.9344201556132
C7507,5,46,12,14.318001343266294,10.240498990009403,8.405367376233981,4.340718999650495,2.625650669335143,5.915557849285408,1.832655106416382,369.76107382550333
C7509,11,124,15,14.196336602048317,8.938971731182761,8.641532465671846,3.4172142572634394,2.1283557060974276,5.558840768180544,2.9678636335150452,258.5218159335806
C751,2,12,1,10.516562858330515,5.26942221838495,5.765191102784844,0.9801745885038929,1.028122410913565,4.763060495403881,0.11660374103282038,116.10377358490567
C7511,3,31,4,12.545266176070074,8.990039205826625,7.532623618788788,3.9953131816159217,2.4386133658171554,5.019802218968028,1.2532256180852692,150.3813604713444
C7513,2,8,3,13.06033051448168,8.811982093282422,8.005033344637111,3.7793076063209528,3.7528597837773434,5.0619820094275,0.5916727785823274,156.90317195325542
C7514,3,7,1,10.732017535802774,8.786238385393995,4.962844630259907,3.0580361568901457,2.3581549441488563,5.779264418641828,1.556656707462823,322.5211267605634
C7516,3,11,4,12.664898409560625,8.858374955702873,8.386400901166214,4.58971808142917,1.5593135252515318,4.29248750398334,1.2145089432839293,72.14819881440948
C7517,2,10,3,10.52042840709082,7.576474943389492,5.384495062789089,2.51939282585917,1.486377819676873,5.1463417389336445,0.9819407868640977,170.80184331797236
C7519,1,1,1,8.008698182988528,8.008698182988528,2.1972245773362196,2.1972245773362196,0.0,5.931581837506605,0.0,375.75
C7521,2,12,1,14.188055701448038,9.953996046294588,9.067162602299854,4.840872229448247,3.921829833375134,5.126960063691013,0.596999516760455,167.50409694171955
C7523,3,34,4,12.825678231975608,9.11221379080987,7.577121930876679,3.883824253508487,2.7922119934239205,5.254304451410266,1.2211041043430517,190.38831967213116
C7525,9,75,12,14.015315060207554,9.596541599204517,8.28828304520769,3.8898513090423,2.206551760211358,5.730533297135091,2.2144165623801144,307.1335513078471
C7527,3,52,4,13.20266143708815,9.059641136463949,7.792348924113037,3.6744907166618366,2.4954330627749877,5.415182086331079,1.1560682050119446,223.79347377116895
C7529,4,374,7,14.696085818142032,8.737821126439028,10.138362026726037,4.1950820048259105,0.7761669669431662,4.568193809388457,1.4344020155030934,95.36989009251205
C753,2,59,10,11.28681501676689,7.176693098288403,5.8805329864007,1.924607568351445,2.663350022184303,5.413532526644141,0.6807937753703207,223.42296918767508
C7531,1,3,2,10.54307571600151,8.597323807313645,5.62040086571715,3.6959969218828004,2.959364629383116,4.933505511451353,0.0,137.86545454545455
C7533,9,143,11,14.798897911245739,9.505667144082706,9.48257880293411,4.204242506855234,2.0212480075995876,5.321293312025372,2.6019456297205292,203.64838513101768
C7535,5,41,7,13.088730065611182,8.719443536158686,7.776535028185241,3.4392814542773773,2.5262348452808463,5.317529444873735,1.9554357490666103,202.87956357532522
C7537,13,301,13,17.535681535591817,11.598154489341196,10.795506083434564,4.86568577701214,1.8229308241309945,6.74137763649378,2.627555857079919,845.7264139344262
C7539,14,160,13,14.708702965694581,9.211634206742032,9.596282813595483,4.115499002290642,2.324073858230356,5.118490757193464,3.2430372562325833,166.0830104017948
C754,108,12,1029,20.637629116501564,13.380627953102971,13.352164716382605,6.097411632590074,1.770375903202732,7.286151182374788,5.674174426337226,1458.9408240009918
C7541,4,23,4,12.60492929915737,9.346916643479208,7.566828479208331,4.321582285068974,2.9301675850611075,5.04507672761475,1.6143308351592656,154.2562111801242
C7542,9,46,7,15.515603285333071,10.861661932319949,11.573173545315585,6.920191908228601,2.849880396541428,3.961654014541622,2.7551409416795276,51.544162924045985
C7544,2,4,3,10.817696118205959,8.109926461361445,5.7899601708972535,3.123832276181307,1.9832976811269336,5.037291163532124,0.9182958340544894,153.0521472392638
C7546,3,36,4,12.872922050915307,9.159452643602625,7.640603826393634,3.9460708878603747,2.625022011498875,5.2381206880065845,1.2283491776835573,187.3158653846154
C7550,2,3,3,10.651880207322051,8.013130362601064,5.676753802268282,3.081254446992153,2.8247744754103516,4.985393848221125,0.940285958670631,145.26116838487974
C7552,3,36,4,12.829676803297687,9.023132228575072,7.582738488914411,3.7982319910413,2.6278840290171335,5.252692081880694,1.208525923602211,190.079979623026
C7554,4,374,5,15.35878003500528,9.413440835672334,10.962769788740298,5.023932186637507,1.230833923410569,4.408278229045445,1.2573962403781407,81.12793620525267
C7556,2,2,1,8.81877816903701,8.125778906530732,3.1780538303479458,2.5257286443082556,3.1780538303479458,5.686533106756435,1.0,293.8695652173913
C7558,5,39,6,13.557585326395518,9.750979781653848,7.937731775260109,4.146655856790112,2.699121570357909,5.62382666796857,1.473672688208593,275.94714285714286
C7560,2,24,4,11.03878529201209,7.350532228224041,5.84354441703136,2.2617630984737906,1.5314763709643886,5.203639254388725,1.0,180.9331395348837
C7562,10,116,14,14.518222846673797,9.541560416305881,9.357639058997062,4.393256447085146,2.548906232620961,5.166391057310337,2.2803386372270777,174.2811151389608
C7564,14,201,15,15.291116003884229,9.538615155521926,9.421330367117822,3.6938669956249757,2.318333449962185,5.8726856622598085,2.844043740551015,354.2016520894072
C7568,1,2,2,8.509564164251746,7.8166184950274955,3.367295829986474,2.70805020110221,1.8718021769015913,5.182786257685834,0.0,177.17857142857142
C7570,2,5,4,8.301273485191347,6.692827882439268,3.58351893845611,2.0794415416798357,0.6931471805599453,4.754328834498313,0.9709505944546688,115.08571428571429
C7571,4,26,4,12.378183921020103,8.912578501957448,6.077642243349034,2.680593354869171,2.6323383793665136,6.304663114701004,1.5306390622295665,546.1172413793104
C7573,3,44,4,13.056328270273733,9.144409949259561,7.761744984658913,3.8703673301593136,2.751109690562657,5.300010991181052,1.197477624140946,199.3390119250426
C7577,2,2,1,9.96034036412891,8.1688170502922,4.454347296253507,2.719100037288795,2.4423470353692043,5.521649135442324,0.6500224216483541,249.04705882352943
C7579,10,257,12,14.504144067218958,8.711294685002237,9.143986871426161,3.3853199674569523,2.0205779445682897,5.3649522180249525,2.8467655034701895,212.7810195575505
C7581,13,5569,4581,14.941004606006892,6.197120517261247,10.02224788825697,1.5224178567346476,0.2862490652803563,4.9260821112848,1.0431530565859397,136.83841747702144
C7585,11,5040,4386,12.608359374605497,4.049535154234029,8.695674048824253,0.7544701225568368,0.050718199740350065,3.9326357357697823,0.08487383789011833,50.04133199464525
C7586,4,11,5,13.407841522992504,9.670233538500709,8.738094230177667,5.006977820034163,2.243744592971112,4.679235655233766,1.509968612636817,106.68773055332798
C7588,2,14,4,18.206399555631243,14.27457454239222,11.025213972876479,7.094202301257196,3.4141845771889665,7.181962320097725,0.5770042503157248,1314.4871339695776
C7590,4,39,8,12.886020598282132,8.35365413392165,7.709308333385869,3.217153913121181,3.621900681998686,5.182786617543884,1.4994883238410388,177.1786355475763
C7592,9,99,13,14.563193271172233,9.751066676548184,9.4040963063958,4.601912854117785,2.37849167895979,5.164908849176334,2.666949995079534,174.02150449040124
C7593,3,27,4,11.931938385623662,8.268626632633119,6.698268054115413,3.080497540181701,1.36031887471663,5.240210790926439,1.314427310128449,187.70987654320987
C7595,1,5,1,17.740781026982045,13.106054051903774,13.110112642649842,8.475590147619823,3.732803428632195,4.640371403687635,0.0,102.5828114781813
C7597,2,4,1,9.692210811286753,6.602464534389883,4.406719247264253,1.5436865348713198,1.7211419020141017,5.30269050646688,0.26676498780302604,199.87654320987653
C7599,3,4,3,9.579418082631959,7.015298027222096,4.394449154672439,1.9676501356917193,1.0986122886681098,5.202838422503828,1.198183947911799,180.7875
C76,1,9,1,8.993551586299981,3.8501476017100584,5.170483995038151,0.6931471805599453,0.0,3.8501476017100584,0.0,46.0
C7601,6,68,5,13.687062224676877,9.305125413919754,7.871692664323645,3.519350719118734,1.7791806870211948,5.8187256968154415,1.9508733475959807,335.54292254864555
C7606,3,44,4,12.798044982715645,8.846942329119772,7.6255950721324535,3.698924982263573,2.4720032449520923,5.178586974823433,1.3896749186460426,176.43191800878478
C7608,1,3,1,9.112948025967533,5.619961594899632,3.9889840465642745,0.9578397347870274,0.0,5.148371669852157,0.0,171.1509433962264
C7610,2,3,1,9.125544720271467,5.9499912989014065,3.970291913552122,1.1526795099383853,0.4595323293784402,5.179836972409124,0.24988229283318544,176.65384615384616
C7614,4,40,4,12.841508612425676,8.970432074329242,7.649216319820633,3.8001599122827527,2.665490586683414,5.198307408877175,1.5943609377704335,179.96568160152526
C7616,1,11,3,11.130859450290297,8.566085914428896,6.049733455231958,3.5126928858874975,1.578185368929996,5.0896518344144805,0.0,161.33333333333334
C7618,2,7,1,14.003763655006667,11.00804712102407,7.867105500316739,4.87862655117589,2.952302715626655,6.139199519664553,0.8112781244591328,462.682253737064
C7620,2,10,4,12.201492171156065,8.231461417153822,7.170888478512505,3.239787714618666,2.1411754259505567,5.037876251642394,0.9976875760352552,153.1423076923077
C7622,12,240,15,14.686201650527277,9.019895529835413,8.862483576488332,3.23602890409445,1.8543497269503653,5.826811081888806,2.5352690119731838,338.2750318651749
C7624,3,43,4,12.96173912246483,8.867533111397094,7.821242083523558,3.7502880822425797,2.4336133554004498,5.1467312792354445,1.3126978378793837,170.8687800963082
C7626,2,7,1,12.842421935489151,9.510288867587958,7.2456550675945355,3.9325256677546636,3.577548771469606,5.60117809075637,0.676941869780886,269.745182012848
C7628,2,3,1,9.537843938614635,6.04364002801213,4.290459441148391,1.157452788691043,0.08701137698962977,5.266281888764901,0.19590927087360493,192.69444444444446
C7630,2,11,4,12.968526648289387,8.425448774376454,7.9157131993821155,3.405796717560513,3.3577122697224167,5.059544831982635,0.9034535552068337,156.51880248265792
C7632,19,14,176,9.775028985632325,4.5283341370401144,5.733341276897746,0.9571127263944103,1.1657515915057384,4.062232720196391,3.0857095667702477,57.103896103896105
C7633,12,131,12,14.056381643881807,8.631609233731496,8.386856689688234,3.0121171294555498,1.686562099014754,5.673194823671575,2.5720858051819695,289.9626253418414
C7635,2,2,1,8.881558488638976,8.188550225909358,3.2188758248682006,2.5649493574615367,1.9459101490553132,5.706694896103236,1.0,299.875
C7637,2,3,1,9.308736693832376,8.210305646669067,3.6635616461296463,2.614959778036198,2.70805020110221,5.674498196133081,0.9182958340544894,290.3421052631579
C7639,1,1,1,8.014335737299424,8.014335737299424,2.1972245773362196,2.1972245773362196,0.6931471805599453,5.937206335377967,0.0,377.875
C7641,3,11,1,12.072255497795835,7.438109363394963,6.721425700790643,2.2026038264559555,1.958315545912801,5.3567569590599255,1.067570677394178,211.03618817852833
C7643,13,53,7,13.919906608675271,9.256562101275643,7.92443418488756,3.2982797218692976,1.631826907327579,5.9983193919344915,2.811320257748729,401.7513572204126
C7645,1,6,1,11.791147936141387,9.306324567005445,6.280395838960195,3.8158791448752436,3.414990703794491,5.5166463445058005,0.0,247.79924953095684
C7647,3,6,1,9.758519582283522,6.023216965653737,4.543294782270004,1.1676051601550612,0.9162907318741551,5.231223612254897,1.221694907636328,186.0215053763441
C7649,2,16,2,14.750904849314217,10.799681144518757,9.584589972931425,5.636847922935404,2.3695245756691548,5.1720722196283315,0.2351933818192415,175.2797496216811
C7652,3,18,3,11.85780511716163,8.456813123027509,6.796823718274855,3.427514689979529,1.4190841839428814,5.0684045909918085,1.2309595631140104,157.920581655481
C7654,2,2,1,8.83724564389847,8.144243674984754,3.1354942159291497,2.4849066497880004,1.8718021769015913,5.749248215730657,1.0,312.95454545454544
C7656,3,35,4,12.576466552672303,8.93900812031375,7.616775808698373,3.997234518019157,2.8874434981170762,4.967166740182716,1.2257689657466975,142.6193993106844
C7658,11,120,14,12.88872999973542,8.052763838255302,7.796057974316123,3.0099169085459474,1.710503503809046,5.099201246286698,1.9053561087813091,162.8909465020576
C7660,3,11,1,13.99014430580432,9.895849288462122,8.325306029752582,4.245156340783844,1.80005827204275,5.6685386549317425,0.7585017136921338,288.61100339311685
C7662,4,266,5,14.880100942887097,9.259794911672603,10.516671188955689,4.903690055903211,1.4006830985719902,4.376110386828544,1.4064548813310347,78.52809749492214
C7664,12,64,10,13.859552323454311,9.150127377141448,7.8804263442924,3.2116425202746806,1.927727829972123,5.98203005330903,2.268449478219201,395.24394856278366
C7666,3,4,1,16.12344760367547,12.597090361439655,11.29703057849193,7.771079490781679,2.8738969206926597,4.834412474720485,0.381580488309163,124.76467157270324
C7668,1,1,1,8.08825472712243,8.08825472712243,2.1972245773362196,2.1972245773362196,0.0,6.0109607549134845,0.0,406.875
C767,1,1,1,8.156510226079966,8.156510226079966,2.4849066497880004,2.4849066497880004,2.6390573296152584,5.7614794639770555,0.0,316.8181818181818
C7670,4,40,8,12.946749672583248,8.341815470296691,7.956476798036782,3.3854066957558313,3.4613513044819024,4.997399351876877,1.496734326262912,147.02769015071854
C7672,2,6,1,12.493347134931266,8.382698337153492,6.747586526829315,2.70476612590102,1.7640568666787193,5.750118732355332,0.12068101401352381,313.2279670975323
C7674,1,4,1,11.411069910863219,8.010193572483775,6.042632833682381,2.70805020110221,1.2992829841302609,5.37544373793171,0.0,215.03571428571428
C7677,12,186,15,15.674497741705945,9.967434224977767,10.159640257457283,4.464073466150521,2.7334178417318764,5.518914292251131,3.068092389501232,248.36415357225792
C7679,3,44,4,12.542948372166911,8.323679827573999,7.2640301428995295,3.09037378064868,1.6355642170263205,5.284696643005653,1.1092800210442264,196.29432375613175
C768,11,869,36,14.58874306067436,7.673484253505777,9.020994200245264,2.220108871169807,1.9174476843915518,5.571680588019013,2.6849377098930667,261.87551365723954
C7681,2,3,1,10.55825766397507,6.570649508387316,5.568344503761097,1.7635885922613586,1.499953679592412,5.000468847937834,0.876716288999464,147.48275862068965
C7683,3,7,1,10.476470740209276,8.530729729114562,4.8283137373023015,2.929287174145838,2.496741107435003,5.659650797704894,1.556656707462823,286.0483870967742
C7685,3,5,1,9.799792316197363,6.113073587597895,4.584967478670572,1.2311014717141886,0.7419373447293773,5.230391672111344,0.8824259543375342,185.8659793814433
C7687,16,354,13,14.319581016893196,8.403602434035498,8.807771066980044,2.945431535079192,1.9596770968888744,5.515988980815776,2.1152779916714057,247.6357516828721
C7689,2,18,1,15.03921098677375,10.790736040158256,9.6006918422743,5.356855780131129,3.622052602458353,5.442922740916375,0.74959525725948,230.1166914850413
C7691,10,126,15,14.233679957069407,9.046411312991664,8.723231274827508,3.564405086934808,2.2696462832816255,5.514646280912787,2.667113305640967,247.30213250854632
C7693,2,20,1,14.629848295313943,10.845677707314728,9.257223957875032,5.477128982822551,3.2865344733420154,5.37735007283135,0.976020648236615,215.44794350605974
C7695,5,275,8,14.352418462430812,8.67241652831063,9.665420700626543,4.003602997506547,0.9804025408226186,4.6962321605530075,1.476064403307545,108.53368861819565
C7697,3,4,1,9.577272530367564,6.360058180440242,4.23410650459726,1.3137236682850553,1.6863989535702288,5.362396223232559,0.48217919020227273,212.23529411764707
C7699,13,155,12,14.04095466097896,8.815355636274804,8.448271745949816,3.2613995963507394,1.8174132422751388,5.59661371782216,2.3843659513785025,268.51221603086157
C770,3,74,19,11.941012751114673,5.990269027564389,7.252762418053187,1.5400739145743607,3.9913381757833055,4.698106569314381,0.7949950025956996,108.73919206236711
C7701,2,3,1,9.186662244621605,8.08825472712243,3.5553480614894135,2.512305623976115,1.5404450409471488,5.663675094019657,0.9182958340544894,287.20588235294116
C7703,3,46,4,16.4355129906633,12.118030264511225,10.236668665059128,5.92182861175692,2.128231705849268,6.200909729040533,1.579473479294513,492.197513168739
C7705,3,4,1,9.620461291620542,7.829033552367331,3.9512437185814275,2.2512917986064953,1.2992829841302609,5.6919480170091985,1.2516291673878228,295.47058823529414
C7707,2,11,3,16.579994966287668,12.48565412156474,11.222385980669468,7.128830025127235,3.4899202561669584,5.362323323788578,0.6500224216483541,212.21974994985626
C7709,3,6,1,11.004147742821537,7.44936502886963,5.476463551931511,2.0541237336955462,1.455287232606842,5.53581123921031,0.8945522086006886,252.61344537815125
C771,17,546,31,14.911186874213582,8.312922867322154,9.406236048797256,2.8662409765498755,2.1798169000199663,5.509090715002071,3.082409149433032,245.9264983967771
C7711,4,285,7,14.621153487750544,8.910860948305524,10.157276693964725,4.458458654372304,1.303488457435658,4.475366506135213,1.4706039782169635,86.82678356674555
C7713,10,45,12,8.951699168308815,5.150719245812468,4.532599493153256,1.113318436057805,0.7151260872787206,4.441627714947529,2.7214466407652647,83.91304347826087
C7714,2,4,1,12.580476990684968,9.872474927339272,6.926577033222725,4.232172268017428,3.0349529867072724,5.658372641804329,0.3533593350214213,285.68172888015715
C7716,8,145,14,13.88512803434497,8.670362955520327,8.145259566516865,2.982052169649911,1.5016590159119927,5.74336679120681,1.607999186429398,311.1134648868253
C7718,2,28,1,15.300703199404323,11.081210666846758,9.204221690968005,4.991432486872044,3.303433212896264,6.098829919276241,0.9596868937742168,444.33638559066213
C772,9,131,24,13.47668395198932,8.025971011038706,7.907283609426348,2.538182955249576,2.613283507345102,5.57357118329814,2.809147071977877,262.37297496318115
C7720,13,151,11,14.155017471007888,8.897658104913308,8.567315800819449,3.3455084758015667,1.7169835389972636,5.591627124061128,2.602180274137088,267.17161339421614
C7722,2,5,1,11.451783834527863,9.254644297532707,5.739792912179234,3.5679665254486252,2.83972802507741,5.718490976646374,0.9182958340544894,303.4451612903226
C7724,2,6,1,10.115408363827857,6.56143470630611,4.5217885770490405,1.2809338454620642,0.6787584431078456,5.608182875684812,0.18717625687320819,271.64835164835165
C7726,2,2,1,9.031931152002144,6.835662369242869,3.367295829986474,1.413693335308005,0.9382696385929303,5.702948793907623,0.5032583347756457,298.75
C7728,3,4,1,10.198393470077228,7.800870428811166,4.624972813284271,2.320603598496724,2.0794415416798357,5.586989048184984,0.8658566174572236,265.9306930693069
C773,2,13,1,19.89496801977943,14.538382228174585,13.18842448881281,7.832233159223297,1.4860970075664097,6.707767535116817,0.10719901066193527,817.7407876138502
C7730,3,31,4,12.81779011530566,9.154331523377191,7.5652752818989315,3.9212114314825524,2.7884873083075794,5.258248393257268,1.236032213759607,191.14463452566096
C7732,3,34,4,12.78000545406039,9.091235838526098,7.5652752818989315,3.8964016245251893,2.8820035082256483,5.2206640173927665,1.2344977967946407,184.05702436495594
C7734,15,165,12,14.087653013564944,8.814801222756257,8.30325712085294,3.077194092156321,2.11409067709301,5.7877125621589975,2.700408513301486,325.26585728444
C7736,1,2,1,13.050693354113697,9.495418342409893,6.976348070447749,3.4522525524624394,3.233623681502756,6.077573648010061,0.0,434.9700934579439
C7738,4,59,4,12.727903489102838,8.569207319690607,7.681099001536359,3.5508737810944924,2.0355223077450004,5.053669429132811,1.7085938348528806,155.5960295475531
C7740,13,166,12,14.502166717353848,9.155164361623248,8.723068501163928,3.409417472209503,2.1539745935424026,5.7823467460942926,2.450183508685227,323.5198632367307
C7742,2,2,1,8.934586870389676,7.836238051621654,3.295836866004329,2.268683541318364,2.793208009442517,5.67977872730778,0.9182958340544894,291.88461538461536
C7744,4,287,7,14.573755634432548,8.853586267995711,10.109484945015367,4.401467576511902,0.9754871404510801,4.475757773736489,1.542998895263044,86.86115406527225
C7746,14,199,15,14.095347437204966,8.653103570189685,8.282735880201754,2.896844272401782,2.1494440043681395,5.815848078486963,2.5036899368923957,334.57587253414266
C7748,1,1,1,8.229511118964457,7.536630569521942,2.4849066497880004,1.8718021769015913,0.0,5.83427896358557,0.0,340.8181818181818
C775,4,95,11,12.73551784412048,7.876082284979983,6.756932389247553,2.035870293386196,1.8172710568854638,5.982272252504855,1.9343062962714528,395.33993015133876
C7750,2,6,1,10.351820560871468,8.560220751886755,4.718498871295094,2.970414465569701,2.120263536200091,5.645797009841858,0.9182958340544894,282.0990990990991
C7753,1,2,1,8.287025025165063,7.594129575254653,2.6390573296152584,2.0149030205422647,1.0986122886681098,5.725092261242952,0.0,305.46153846153845
C7754,2,3,1,9.579901925737992,8.481427834969494,3.784189633918261,2.7300291078209855,1.7346010553881064,5.8215999627768005,0.9182958340544894,336.51162790697674
C7756,1,2,1,9.280705634636746,5.916016154445531,4.189654742026425,1.17599895228353,0.033901551675681346,5.1122657849297095,0.0,165.04615384615386
C7758,2,8,1,11.264951166525512,7.739013423433689,6.021023349349527,2.5717137575500786,1.9029851043382795,5.25159804939478,0.4305518670104394,189.87104622871047
C776,13,222,21,15.12342896743409,9.655432634485084,9.474549088242322,4.024447122604722,2.0010237437861034,5.6524713978063605,3.0816321188208957,283.994932043308
C7760,17,5644,4911,14.528099026035237,5.732134707150864,9.545454543987825,1.134273910330117,0.2740505891864235,4.989547549545024,0.9920197155754387,145.86995708154507
C7762,3,69,4,11.945843599859694,7.712178055265429,7.813995675002791,3.6069932608248605,0.014388737452099608,4.1481649760307295,1.474041717473638,62.31770412287793
C7763,4,127,8,12.055261383634964,6.8578103046296155,7.8898337513942955,2.7565772419968706,2.8805012274193285,4.181194609017915,1.2215420417872922,64.44398651180218
C7764,11,5597,4476,14.385665470847771,5.682255263833791,9.258654232254733,1.006594718889482,0.17612547589554364,5.133022134079281,0.9015003950971128,168.52868305698493
C7765,4,29,5,15.019743928339928,10.328428437144948,10.01645903119529,5.329922705963368,3.2787014227469915,5.010022360097919,1.3483032937897708,148.9080880711
C7767,3,8,1,10.95219155216611,8.467477599170305,5.272999558563747,2.842969519001581,2.187922184673906,5.687708968012693,1.2516291673878228,294.21649484536084
C7769,1,1,1,8.30795254527102,8.30795254527102,2.6390573296152584,2.6390573296152584,3.6888794541139363,5.7459573997069135,0.0,311.9230769230769
C7771,5,15,1,11.866823557021958,7.692885432004146,6.618738983517219,2.5263438396521734,1.660423467166968,5.25465041989555,1.583843106010967,190.45454545454547
C7774,2,4,1,11.357101719682486,8.649215112027555,6.1675164908883415,3.4883939266923107,1.7227665977411035,5.197219461725847,0.5665095065529053,179.7689075630252
C7776,4,35,4,12.728004367636268,9.039240614604266,7.5595594960077,3.8907993689765195,2.5726122302071057,5.174637481729592,1.3776962753526187,175.7325338894682
C7778,2,7,3,9.563107691083898,6.8560408432954585,4.31748811353631,1.7805861686299298,1.2992829841302609,5.26415949125073,0.9709505944546688,192.28378378378378
C7782,3,6,1,10.542257741629742,8.144626404643715,5.135798437050262,2.7950615780918397,2.256065077359153,5.416783929230349,1.0957952550009338,224.15384615384616
C7786,2,2,1,8.72355674269043,8.030572256347064,3.091042453358316,2.4423470353692043,2.0149030205422647,5.682283170722672,1.0,292.6190476190476
C7788,1,1,1,8.227375506834035,7.534495527344483,2.4849066497880004,1.8718021769015913,0.0,5.832149037327745,0.0,340.09090909090907
C7790,2,2,1,8.934586870389676,8.241571433456823,3.295836866004329,2.6390573296152584,3.784189633918261,5.67977872730778,1.0,291.88461538461536
C7792,10,139,12,14.501093703201764,9.313797569092005,9.285355075781629,4.114347994564638,2.2150657149774893,5.221246131922013,2.715786866421349,184.16478010762665
C7794,3,5,1,10.203888397395684,6.491796277683414,4.90527477843843,1.451213907219206,0.6171612735820233,5.31096097874294,0.5587770161236656,201.544776119403
C7796,2,4,1,9.767610553984774,8.381488009250862,4.04305126783455,2.70805020110221,2.505525936990736,5.745404149347021,0.8112781244591328,311.75
C7798,2,4,1,10.843982973107101,8.898189947500036,5.236441962829949,3.3219480100080148,2.553899521274952,5.616498819474372,0.8631205685666311,273.9251336898396
C780,3,19,1,13.05134846296574,7.109364689046696,7.577121930876679,1.812110896894729,0.4657294159327973,5.478919122244068,1.2264469284066686,238.58760245901638
C7800,1,1,1,12.90170423738304,10.068530793277702,7.461065514354283,4.63701079184375,3.5502932908277893,5.445536301477703,0.0,230.72151898734177
C7802,2,3,1,9.204624064980074,8.106212902619962,3.4011973816621555,2.367123614131617,2.908720896564361,5.840140328842319,0.9182958340544894,342.82758620689657
C7806,1,1,1,8.227375506834035,7.534495527344483,2.4849066497880004,1.8718021769015913,0.4054651081081644,5.832149037327745,0.0,340.09090909090907
C7808,1,1,1,8.227909837597483,8.227909837597483,2.1972245773362196,2.1972245773362196,0.0,6.150336208402051,0.0,467.875
C7810,12,212,15,15.072865254039005,9.489444309840623,9.834887461043872,4.265482258254036,2.115893097475037,5.243327711362157,2.8404777180935814,188.29898784341026
C7812,2,11,3,10.843885359753516,8.279170258334904,5.857933154483459,3.3266948543642343,2.5941059417529924,4.995584681852792,0.7793498372920851,146.7593123209169
C7816,2,2,1,8.762489547371581,8.069498849090337,3.091042453358316,2.4423470353692043,1.8718021769015913,5.721092112191292,1.0,304.23809523809524
C7818,2,3,1,9.784591397592273,6.841165532712971,4.430816798843313,1.6805338341178306,1.6999519199749322,5.370357798337403,0.4854607607459134,213.93975903614458
C782,3,64,11,11.50740022892739,7.273977258226853,6.030685260261263,1.9479784021193722,2.7579899228186284,5.483276005431531,1.1660222336212822,239.63373493975902
C7820,1,3,2,13.06931696826135,9.811273152779084,7.868636894184167,4.620058798481842,1.578185368929996,5.206556182024169,0.0,181.46460007654036
C7822,13,146,15,14.050594537780965,8.920828618789473,8.170185652879642,3.0867297782103695,1.927999222488783,5.883480061611724,2.0225169678474324,358.0566091140674
C7824,13,76,11,13.771517917253595,8.904118259444807,7.792348924113037,2.976706267686229,2.089010992695987,5.982107606871745,2.671709452314315,395.2746798843453
C7826,1,1,1,8.229511118964457,8.229511118964457,2.4849066497880004,2.4849066497880004,3.713572066704308,5.83427896358557,0.0,340.8181818181818
C7828,2,8,3,9.598794951250941,7.402112710040821,4.394449154672439,2.2914117923959205,1.5163474893680884,5.222111040542783,0.9182958340544894,184.325
C7830,2,3,1,9.2140335438138,8.115620498023416,3.4011973816621555,2.367123614131617,1.791759469228055,5.849523508087418,0.9182958340544894,346.0689655172414
C7834,2,5,1,9.722924448757036,6.259043556512282,4.418840607796598,1.270462545594769,1.0668635903535293,5.3210449325061475,0.3372900666170139,203.59756097560975
C7836,2,3,1,10.553622842502783,7.84593795727239,5.135798437050262,2.506885556506776,1.4508328822574619,5.428099134558082,0.3533593350214213,226.71597633136093
C7838,2,13,2,13.52701882449212,10.125860140067454,8.466320861042481,5.071207626963948,2.1935139979396836,5.0672268829933165,0.21084230031853216,157.73352978320352
C7840,2,10,4,16.151393570484768,11.94670733492576,11.280804234623668,7.076943708878635,3.726232753092422,4.8782413450109265,0.9998393017810485,130.39937440088795
C7842,13,145,15,14.385788728699962,9.138871505410894,8.614501373883236,3.4011973816621555,1.9383629434199305,5.774578599320553,2.963443832368941,321.0087114337568
C7844,4,277,7,14.305561269918648,8.628985717003307,9.568713872550497,3.9120914962332822,0.8983220383313386,4.745644105216415,1.472512672538682,114.08190649241736
C7845,1,2,1,9.394743094973961,8.70167907103957,3.8066624897703196,3.1354942159291497,2.1972245773362196,5.61412296636069,0.0,273.27272727272725
C7848,2,10,1,13.562969091465503,9.925430560441212,7.87777633327726,4.254118499603721,3.217822638883542,5.6889594648645465,0.7424875695421236,294.5858930602958
C7850,3,37,4,12.748777677817793,8.877713233481233,7.655390644826152,3.806199419606916,1.791759469228055,5.0999732955177635,1.2029818627477793,163.0175272382757
C7852,2,8,3,10.022514258957768,7.250591153214351,4.77912349311153,2.12525107771113,1.6094379124341003,5.25700973152465,0.954434002924965,190.90677966101694
C7854,6,11,1,11.474236610355117,8.216399900328964,5.87493073085203,2.684702837105219,1.8538912503350613,5.605791709987193,2.1566333532404145,270.99718309859156
C7856,3,16,1,16.727485391093843,12.423424266764453,10.505177122607238,6.203109813349086,3.750775127896855,6.2243182465660745,0.9572705112817773,503.87872229679755
C7858,2,13,4,11.462231990654645,7.936218565917328,6.523562306149512,3.044522437723423,1.3334518797455106,4.9472568840832,0.8739810481273579,139.78823529411764
C7859,2,3,1,9.220983532074662,8.122569106485948,3.5263605246161616,2.4849066497880004,1.9459101490553132,5.727637091486099,0.9182958340544894,306.24242424242425
C786,3,62,11,12.051370146812205,7.477219320498144,6.542471960506805,2.097321966957684,2.4552619332030035,5.514370907972441,1.4359326923263465,247.23376623376623
C7861,2,4,3,11.275632278051576,8.503233709646821,6.302618975744905,3.5571321832829152,2.4259083090260445,4.9817197100219985,0.954434002924965,144.72477064220183
C7863,1,4,3,9.260653185849772,7.8746440636193835,4.007333185232471,2.6741486494265287,1.791759469228055,5.276696420445073,0.0,194.72222222222223
C7865,2,9,1,11.268800842267275,7.377593078152295,5.75890177387728,2.008077055471865,1.2439781389396352,5.517071551838952,0.3322866302216151,247.90506329113924
C7869,13,165,15,14.177532879162909,8.775009360421672,8.383890344101816,3.0304818139339487,1.9561535164700743,5.796911923415728,2.5549148731001847,328.28114285714287
C787,2,65,10,11.58901575674377,7.415221419845549,6.021023349349527,1.991030584335783,3.1069983936746457,5.5742149453461645,0.8290590693996659,262.5425790754258
C7871,3,32,4,12.709613801869349,9.15436848083045,7.616283561580385,4.07753744390572,2.9711467980813766,5.09993551110412,1.2532256180852692,163.0113300492611
C7873,3,3,1,9.195125206169703,8.09671596318757,3.4011973816621555,2.367123614131617,1.8971199848858813,5.830668270921653,1.584962500721156,339.58620689655174
C7876,2,3,1,12.551030208301517,9.660718649878095,6.77078942390898,3.8997254776177397,3.2364974262180204,5.7844643845141945,0.3095434291503252,324.2078071182549
C7878,4,55,4,12.810877563865494,8.683909750141302,7.658227526161352,3.5594869498995285,1.9664353850000442,5.158884255316917,1.7037864013348705,172.9702409069438
C788,4,92,20,12.102310851236044,5.5409707654896065,7.523481312573497,1.282497567438247,3.3293836338335625,4.589573512067192,1.4318902572562833,97.45243243243243
C7880,1,1,1,9.993145424466663,7.914023816974524,4.969813299576001,2.9378382951350885,2.0794415416798357,5.036770949370442,0.0,152.97202797202797
C7882,2,7,4,17.007330490896024,12.84844999664457,11.810679148049202,7.652263720369862,3.7608366775649027,5.2021784922439185,0.8571484374283717,180.6675725041208
C7884,3,4,1,10.052898445872824,8.666733258685813,5.272999558563747,3.901972669574645,2.277267285009756,4.7933166693083935,1.5,119.70103092783505
C7886,3,93,4,12.037210108420375,7.505155087408924,7.617267813628347,3.1289275882052614,0.0317486983145803,4.4323856837350215,1.3262037729437925,83.13188976377953
C7887,1,3,1,9.100971834920818,5.670325762845507,4.007333185232471,1.0086640520051704,0.09237332013101514,5.117882916935632,0.0,165.9814814814815
C7889,6,223,6,15.774073041878527,10.244679360064563,11.779143831297946,6.251636238703193,1.4431771637903301,4.013177955956427,2.092193680592622,54.32240365974207
C789,2,65,10,11.606279186703437,7.402187561703068,6.0330862217988015,1.9753240342616067,2.9133235850743673,5.579366915439688,0.8602858652332408,263.90384615384613
C7891,3,30,4,12.750632807025793,9.254218056752409,7.558516743045645,4.078564138041081,2.5834256336291097,5.198176907135682,1.251534532637368,179.9420668058455
C7893,1,11,3,16.29418952258087,12.199849907728192,10.451637862362272,6.358997001047497,3.600958572741466,5.845477622998658,0.0,344.66760115606934
C7898,4,32,5,12.641183930703368,8.729319474902397,7.6783263565068856,3.7887247890836524,2.3045830956567186,4.9702825824496815,1.763856189774725,143.0675925925926
C79,1,1,1,8.12415060330663,6.04678098777869,2.9444389791664403,1.1786549963416462,0.965080896043587,5.238803239015629,0.0,187.44444444444446
C7900,3,5,1,11.929884266789607,8.018184142784417,6.4457198193855785,2.60859812213055,1.747459210331475,5.48988329061088,1.224381457724494,241.2289348171701
C7902,2,3,1,10.382791548979164,9.284241179815718,5.0106352940962555,3.9252682321781664,3.4339872044851463,5.383416961990061,0.9182958340544894,216.76510067114094
C7904,4,53,8,13.13347145365317,8.856945756159021,7.772752716468742,3.5255431972310625,1.9999773703255892,5.365822470807706,1.8428263891861498,212.96714406065712
C7905,4,34,4,12.742375939501809,9.028920847253337,7.614312146452,3.9202814929774603,2.594526374805223,5.134461965716204,1.3549301604712412,168.77295162882527
C7908,4,39,4,12.921252807433792,9.114697914751607,7.736743682453495,3.949104680332678,2.7986354311778823,5.190527896574807,1.3233359175380326,178.56331877729258
C7910,3,37,4,12.612663786092435,8.828617313952222,7.5688956634069955,3.8066624897703196,2.6439156387663347,5.050706593692431,1.2213104423484806,155.1327479338843
C7912,4,54,4,12.744336377853655,8.65016401028198,7.6511201757027,3.5844444359770526,2.0815227078836602,5.0998055083756455,1.697339735501244,162.99000951474787
C7914,2,4,1,10.461902619895032,7.517978411809825,4.983606621708336,2.155427448657758,1.0986122886681098,5.489279645467061,0.2974722489192897,241.08275862068965
C7916,2,6,1,9.991818891326092,6.4967749901858625,4.51085950651685,1.3156767939059373,0.614366302706831,5.496074731471831,0.19590927087360493,242.73333333333332
C7918,3,418,3,15.102144791962417,9.066778527722265,8.577911926450943,2.617989377184029,0.2888775298565547,6.525886918015915,0.04854831211271451,681.5849021084338
C792,2,64,10,11.562838807662253,7.389060192088782,6.0014148779611505,1.9740810260220096,3.0297620221403023,5.567719225444513,0.8512243352621378,260.8362282878412
C7922,1,4,3,9.988839219635631,8.602682577431652,4.962844630259907,3.597312260588446,1.55814461804655,5.039464535409905,0.0,153.38732394366198
C7924,4,38,8,12.978994036182945,8.43591390389005,7.938802248154481,3.4281362154993467,3.5115454388310208,5.046995548198542,1.475765801763704,154.5544059935783
C7926,2,7,3,9.466531777336593,6.759564580904328,4.219507705176107,1.698669046162043,1.1420974006078486,5.266934513677466,0.9709505944546688,192.82089552238807
C793,2,55,10,16.949438025444675,12.775053542516915,13.116449927372262,8.942191408351906,2.4562961157467345,3.854403943346073,0.8904916402194913,46.2004743979994
C7934,2,2,1,8.784774592161016,8.091780445498378,3.1780538303479458,2.5257286443082556,3.1570004211501135,5.652641723934571,1.0,284.04347826086956
C7936,13,123,10,14.009400772377651,8.496175471355047,8.366370301681654,2.9087942076600286,1.7250680947293828,5.646797273514079,2.587857967980962,282.38241451500346
C7938,10,136,13,14.395989475090675,9.302329930280841,8.793915423631676,3.724436077120928,2.1331858176865266,5.605908010844719,2.7117429765388437,271.028818443804
C794,9,187,27,13.246730909826548,7.95881174238112,7.584264818389059,2.3914466092718367,2.2738946005311167,5.666439008206065,2.6930516472027315,288.00356052899286
C7940,2,3,1,9.753420191271506,7.4513578222620644,4.189654742026425,2.0149030205422647,0.832909122935104,5.582744146279145,0.46899559358928117,264.8
C7942,10,129,12,13.970564543973346,9.029041149563161,8.176110342237342,3.272822738149881,1.915871639936086,5.797773594538731,2.294319545006931,328.564997186269
C7944,13,85,11,13.845695377808136,9.163667963777751,7.898039690764619,3.254886262391234,2.3308845625154104,5.950633842962285,3.216418021003044,382.9966555183947
C7948,3,4,1,9.432683603119623,8.046629405311938,3.6375861597263857,2.327277705584417,1.3862943611198906,5.8246438504411335,1.5,337.5405405405405
C7950,2,5,1,10.29532691706248,8.098372628260915,4.6443908991413725,2.521274293958875,2.58189891577531,5.664038647356291,0.7642045065086203,287.31067961165047
C7952,5,34,5,13.411657150368804,9.674048931160725,8.453187861440325,4.72422225734778,2.6871994056220196,4.965678676731556,1.65535602852049,142.40584346342504
C7954,1,61,2,10.793865427624695,5.119668239010699,6.450470422144176,1.149621128495358,0.3812843099109497,4.357844176742617,0.0,77.0886075949367
C7955,1,9,4,9.77826440778205,7.476189215368441,4.30406509320417,2.1162555148025524,2.0918640616783932,5.491876909823587,0.0,241.7123287671233
C7956,12,163,13,14.148491707827304,8.796784087601704,8.33758794211651,3.034770687919054,2.0183725083310144,5.814131961115224,2.6912778532222394,334.0004788125449
C7958,2,9,1,14.421282295270508,10.732424121403511,8.660600654710967,4.978456395732021,3.005682604407159,5.7639978646874255,0.6690158350565576,317.61958405545926
C796,3,65,10,12.003858537396994,7.799569792761391,6.257667587882639,2.1720343285076606,2.9949857263002064,5.75128612780583,1.4639810608408148,313.595009596929
C7960,4,40,5,12.81735065978939,8.569042616848533,7.593877844605118,3.3795358848809762,2.4460668164717365,5.229345185743037,1.7155118681391406,185.6705289672544
C7962,5,38,9,12.886116855887822,8.33247803540582,7.768956044538332,3.2540397373258676,3.6275638041188327,5.12355364656219,1.5651348987530342,166.93107822410147
C7964,3,28,4,12.52116436778876,9.08728661560441,7.542213463193403,4.1240077540456594,2.8741112370243846,4.98633173048495,1.273366751166417,145.39840848806367
C7966,2,3,1,9.093694189856862,5.66307248103207,3.970291913552122,0.9848534033114517,0.27958486221916157,5.148165092687473,0.20559250818508307,171.1153846153846
C7968,3,8,3,11.528916917388274,8.128004894369749,6.561030665896573,3.2000327370667208,2.3764549415605014,4.97621587854857,1.3995812306460644,143.92492917847025
C797,8,315,27,13.785473941587735,7.7994309580721515,8.433376705323127,2.5297406857982163,2.2945123952689346,5.3570397080009755,2.1565804987192054,211.0961496628236
C7970,9,78,12,13.91007591500243,9.444246033358723,8.042699496897637,3.6040600304052575,2.096535975039136,5.870522386796488,2.2928025955489164,353.43408360128615
C7973,10,128,15,14.094795472764682,9.051486823018084,8.619208116822968,3.6032161416838773,2.0842685824281517,5.479945492945795,2.6580428379411627,238.8336343930636
C7975,2,3,1,9.444858981311897,8.346404870435956,3.912023005428146,2.8526314299133175,2.8134107167600364,5.556828061699537,0.9182958340544894,258.0
C7978,2,7,1,15.2383159547597,11.837125563142155,8.18004072349016,4.786936032848323,2.312535423847214,7.059414870153935,0.5665095065529053,1162.7640134529147
C7980,11,1136,28,13.859729336874784,6.798652647034625,8.056109659545061,1.3085875406741452,0.3655472082463374,5.806947053088982,0.8714945174312606,331.60215736040607
C7982,4,92,6,13.815755527956675,9.143032661916278,9.333972932421458,4.670467764762902,1.7004909551151064,4.493118705035256,1.8566078744824135,88.3998232434821
C7989,3,5,1,12.944080852727076,9.94839399433339,7.340835554123275,4.357349646961441,3.435598808379488,5.607568360577346,0.747584679824574,271.48085658663206
C7991,4,34,4,12.722867418425007,9.03410426123813,7.56734567601324,3.898431051908679,2.729485481822275,5.161783911082908,1.3776962753526187,173.47542679772374
C7993,2,8,1,13.092637921276797,9.40383881732479,7.716015266642587,4.044366192415859,1.9878743481543455,5.38167704033791,0.6098403047164005,216.3865358894338
C7997,13,179,10,15.053129141258841,9.404236990722305,9.456262510179732,3.8291770766243456,2.8211273457211807,5.60064685999097,2.8995962311954813,269.6013920387894
C7999,2,36,4,18.125463123777045,13.141858450023902,11.561458453215625,6.5792321859539165,3.4774394090849,6.565423403492256,0.7945843756064859,709.1124966657775
C8,7,165,24,13.209195905068038,8.05045777894559,7.6577552711348655,2.5772517973337563,2.053239169285812,5.555783804834317,2.228334701570716,257.7296786389414
C800,1,9,1,9.070503426788383,3.8501476017100584,5.247024072160486,0.6931471805599453,0.0,3.8501476017100584,0.0,46.0
C8001,2,22,4,12.54495269532698,8.325683671916185,7.215975002651466,3.044522437723423,2.519828922181067,5.334542931298378,0.9596868937742168,206.37794117647059
C8003,3,29,4,12.596708339392336,9.131077308217996,7.5443321080536885,4.09486525996883,2.7327428136925818,5.059272514389909,1.2717822215997983,156.47591318157757
C8005,2,5,1,11.142093640756414,8.369722235807977,5.564520407322694,2.847812143477369,3.3299698723737876,5.585157738715651,0.5435644431995964,265.4423076923077
C8007,1,2,1,8.830104317913793,5.575657685396913,3.8918202981106265,1.0459685551826878,0.0,4.965754146423539,0.0,142.41666666666666
C8009,11,166,13,14.753022126686137,9.132728945472293,8.761080103868347,3.1828731167838944,1.9536441396550497,5.994593658866605,2.558670969263349,400.253605015674
C801,3,4,22,12.165130852167657,9.029751226733872,6.3818160174060985,3.2828707200070615,2.302585092994046,5.788071694190989,1.3249692858267144,325.38305084745764
C8011,17,1099,27,14.314431400182023,7.278972431445285,8.672314828283538,1.8139391129390303,0.6509316620325987,5.6458257251826,0.8605339115995684,282.10722850291194
C8013,4,58,4,12.970472475687467,8.811736049760738,7.793174347189205,3.6599493604437328,2.1382262365742637,5.183333494593562,1.7136135511938806,177.2761040033017
C8015,3,4,1,9.678467241209058,6.246356796736772,4.454347296253507,1.3196029866212184,0.676886659688165,5.241062062201205,0.4096334439772111,187.87058823529412
C8017,2,12,3,15.098807442582162,10.534485577372317,11.002916174580129,6.440148774336123,3.408117824506729,4.11241134143175,0.9182958340544894,60.09385824673595
C8021,9,141,14,12.869641673661361,7.87280786059656,7.792348924113037,2.8540597233457685,1.994884153651773,5.083918001046862,2.4142794953284503,160.40520446096653
C8023,3,30,4,12.740370625481306,9.18512219272842,7.550135342488429,4.0125145439744685,2.599510032527004,5.196310869000529,1.2582296369090873,179.60473684210527
C8026,8,179,14,14.50117833740824,9.238584864540611,8.770749549138642,3.537423757861422,2.288496678391264,5.733823432625303,2.104386274614982,308.14902204284385
C8028,3,10,1,12.61291014481195,8.975447141689328,7.305188215393037,3.6921635293151263,1.8918429277850375,5.313328544502663,1.0072403722543752,202.02488231338265
C8030,5,10,1,12.36795762412353,8.050784160520509,6.9411900550683745,2.6928237537709188,1.8931119634883424,5.432114333778655,1.662161855691389,227.6321393998064
C8032,2,4,1,13.21422397788179,9.630768893648336,7.7706452341291765,4.201786244083752,2.3191143949452564,5.448311800079626,0.964078764808229,231.3655550865344
C8034,11,151,13,14.111157823870327,9.005334366698094,8.413608875159667,3.3433970506074826,1.9363406980391626,5.7011178819995765,2.184750900188013,298.20168626580875
C8036,2,6,1,10.981216630287813,9.1895422493389,5.717027701406222,3.9415818076696905,3.3202283191284883,5.27261021308243,1.0,193.92409240924093
C8038,3,28,4,12.728084469811085,9.262440528263106,7.617759576608505,4.167149602595407,2.576896930882655,5.116826748246071,1.2717822215997983,165.8052139695032
C804,2,2,1,8.805525052709516,8.112527763478637,3.1354942159291497,2.4849066497880004,2.0794415416798357,5.717625608748398,1.0,303.1818181818182
C8040,4,4,1,9.544237868224927,7.147058466314025,3.8918202981106265,1.6796421711073488,1.128465251817791,5.67639700346334,1.2776134368191157,290.8958333333333
C8044,2,4,1,11.860210461011931,9.462385846109255,6.234410725718371,3.8559335387771023,2.55793178480289,5.631345565324651,0.6840384356390417,278.03732809430255
C8047,1,2,1,9.390158798552019,5.837647145070844,4.394449154672439,1.1895840668738364,1.039771788645176,5.014710313249395,0.0,149.6125
C8049,1,5,3,9.385889044482708,7.594548985569907,4.07753744390572,2.367123614131617,1.3862943611198906,5.330216915553045,0.0,205.48275862068965
C8052,13,138,12,14.122279560485593,8.870145928572283,8.411388132519262,3.2004879032102185,1.9905244947471257,5.714416562708306,2.6207149694270493,302.207249277296
C8054,2,3,1,12.769455614434836,9.33555379829594,6.257667587882639,2.879560841791949,1.659762996321616,6.515184606232182,0.20559250818508307,674.3186180422265
C8058,2,7,1,10.425371803658852,6.815521443455735,4.962844630259907,1.5764678931965306,0.6795415285041667,5.473719499341447,0.30337483608641397,237.3450704225352
C8060,5,41,5,13.264067779807968,9.312912580840202,7.701200180857446,3.7727609380946383,2.347705528274515,5.56714693711458,1.6954493762745,260.6864253393665
C8064,15,164,16,14.126818088433627,8.684568836095051,8.46611040118692,3.0709682425514897,2.0848382088519903,5.6643907433713805,2.5752435169469234,287.4122105263158
C8066,5,12,3,14.566340625914979,9.738085411752932,9.735483016336966,4.914476754536535,2.339495447014143,4.838863827590531,2.0113773095044527,125.32574233999763
C8069,3,7,1,10.135115013498648,7.427619927398798,4.477336814478207,1.916922612182061,2.151762203259462,5.6726120295881675,1.2419460322060458,289.7931034482759
C807,1,9,1,8.993551586299981,3.8501476017100584,5.170483995038151,0.6931471805599453,0.0,3.8501476017100584,0.0,46.0
C8071,5,343,7,16.168557654919706,10.125964753622295,12.138532290059466,6.098143670455126,2.449447656918781,4.047648298184096,2.1092131494902846,56.262633935496986
C8073,3,4,1,10.430343993374647,8.032743906102521,4.875197323201151,2.5508646175797978,2.625985248047906,5.5666107644749045,1.0957952550009338,260.54615384615386
C8076,12,154,14,14.600990307824931,9.307775747410812,9.445017159104065,4.167249370088563,1.9321766480578022,5.161799641925153,2.912301600943483,173.47817146472636
C8078,1,4,3,8.88280805492444,7.496929869159104,3.6109179126442243,2.302585092994046,1.55814461804655,5.304133751869476,0.0,200.16666666666666
C8080,1,2,1,8.944419791305915,8.251403065380556,3.295836866004329,2.6390573296152584,2.5257286443082556,5.689579524478208,0.0,294.7692307692308
C8082,13,125,10,13.930998517502701,8.83127730093664,8.297294370266917,3.237242701738276,1.9389171135643428,5.637520523991467,2.3186959949207155,279.76570289132604
C8084,3,123,4,15.825918691621279,10.55294511591608,10.334685382539899,5.067968431512557,2.8600006600198657,5.495379810489701,1.4485905488369581,242.56401676358792
C8086,3,3,1,14.17637919606229,12.566944071906548,10.162229881090202,8.552946361122055,3.005682604407159,4.032083742820218,1.5219280948873626,55.37826674387184
C8088,1,2,1,8.914894908906568,6.1443197453040135,3.784189633918261,1.3049487216659381,1.2878542883066382,5.159322571700418,0.0,173.04651162790697
C809,1,18,1,9.76703761939823,3.853519149071075,5.937536205082426,0.6931471805599453,0.0,3.853519149071075,0.0,46.15873015873016
C8094,11,121,12,13.960146689114374,8.86042130129169,8.079308192051961,3.0287187725502975,1.9203242804877267,5.883935255785442,2.0077812337108143,358.22008679479234
C8097,3,43,4,12.413322559482289,8.652293120685584,8.371704884667631,4.6201733525801405,0.06744128079553258,4.059257511809618,1.4211338349701153,56.93128181397501
C8098,1,1,1,8.10892415597534,8.10892415597534,2.302585092994046,2.302585092994046,0.0,5.914103425950514,0.0,369.22222222222223
C81,2,67,10,11.61496748049223,7.410870658042408,6.073044534100405,2.0099154790312257,3.057234473311785,5.548123087376407,0.8602858652332408,255.75519630484987
C810,9,444,29,14.068080863967182,7.784362205417701,8.556606193773073,2.3703832212086544,2.018379557443355,5.515697417680824,2.434654202251433,247.56326923076924
C8100,13,160,15,14.035505959049603,8.646609163833686,8.188411308079031,2.858148322928729,1.773325767539217,5.850255059490078,2.642535760346203,346.3229571984436
C8102,1,6,3,9.292657414465397,7.501358329205696,4.02535169073515,2.3191143949452564,1.2992829841302609,5.290285194850773,0.0,197.4
C8104,3,20,4,12.419044641522888,9.161049120745135,5.872117789475416,2.6820747146989494,2.8665868528727225,6.551173147523925,1.1951184583080539,699.0649717514125
C8107,2,4,1,14.619251884813659,10.981682288037788,9.094143577573671,5.460704708441174,3.4731099632524414,5.52919725969069,0.2974722489192897,250.94158616041338
C8109,1,1,1,9.341807134718488,8.648747631156539,3.7376696182833684,3.068052935133617,0.4054651081081644,5.6317361656823595,0.0,278.1463414634146
C811,3,97,10,12.079431744562775,7.4950145939753785,6.505784060128229,2.056214691070019,2.712123526489846,5.57892168119956,1.4806603537011562,263.78592814371257
C8111,1,1,1,8.11552088154677,8.11552088154677,2.302585092994046,2.302585092994046,0.0,5.9206843650469345,0.0,371.6666666666667
C8115,10,132,13,14.390439920863837,9.321624628340674,9.21074029199751,4.1575063499334455,2.2097247401004507,5.185412384328343,2.5207427077281457,177.64710586823952
C8117,2,2,1,8.863332833439587,8.170327125611008,3.1354942159291497,2.4849066497880004,1.9459101490553132,5.775257112496702,1.0,321.22727272727275
C8119,2,2,1,8.750207862525711,8.05721909780768,3.1354942159291497,2.4849066497880004,2.0794415416798357,5.662486883158114,1.0,286.8636363636364
C812,11,472,25,13.971370918311678,7.615755151850481,8.511175119090675,2.264544239088576,1.9469017207776083,5.4646390283109945,2.3120118548130177,235.19058160595694
C8121,2,2,1,8.780172651227646,8.08717921038666,3.1354942159291497,2.4849066497880004,1.8718021769015913,5.692353778832579,1.0,295.59090909090907
C8124,2,3,3,9.217415285648144,6.820512470255571,4.02535169073515,1.791759469228055,1.6274564179367788,5.215429706742269,0.6840384356390417,183.0909090909091
C8126,4,33,7,12.62694839733777,8.422472390133072,7.620705086838262,3.4478530733029547,3.4974117206600837,5.013400797934564,1.6059716605789622,149.4153997057381
C8127,1,1,1,8.13505390861157,8.13505390861157,2.4849066497880004,2.4849066497880004,3.8066624897703196,5.740085181653768,0.0,310.09090909090907
C8129,4,55,4,12.71862078491397,8.591669068234967,7.675081857716334,3.5758732974341445,1.9686901773871333,5.05042749706757,1.7037864013348705,155.08917789131445
C813,2,25,1,13.651259541033472,9.7801139185665,7.398174092970465,3.5553480614894135,3.261296540752153,6.255618310522524,0.9182958340544894,519.9313725490196
C8131,3,32,4,12.530407232287764,8.919619452668595,7.5688956634069955,3.976392593378391,2.671348834251782,4.968998717434898,1.2443013992660277,142.8827479338843
C8139,3,5,1,13.106788719635324,9.046461491795364,7.2254814727822945,3.2056857690100315,2.7069001147189726,5.884818508586682,1.1029548176506494,358.53750910415147
C814,8,300,23,13.730897756636217,7.917130649494298,8.14060704285845,2.4193726084089278,2.274431273451167,5.594307036320814,2.5386913044533546,267.8912536443149
C8141,1,1,1,7.033506484287697,7.033506484287697,1.9459101490553132,1.9459101490553132,0.0,5.246146494219127,0.0,188.83333333333334
C8143,3,34,4,12.728114135655021,9.039350369924172,7.561121589530238,3.89233037208241,2.5877640352277083,5.1731925709413575,1.2287897403971189,175.4773555439875
C8147,13,199,17,14.568050071973362,9.07922589097703,9.483264073452418,4.012503866316933,2.5296877388890624,5.0910323109683375,2.7865623918187334,161.55758544568775
C815,1,1,16,14.708684544916107,10.995128852253867,7.67275789664251,3.977628030818555,1.506783758374017,7.037270587198445,0.0,1137.2765363128492
C8151,2,2,1,8.879333174786028,8.186325221514856,3.258096538021482,2.6026896854443837,2.3513752571634776,5.663793466439838,1.0,287.24
C8153,3,6,5,8.536407410340042,6.745628429473702,4.02535169073515,2.3191143949452564,2.6026896854443837,4.539612964333115,1.459147917027245,92.65454545454546
C8155,2,2,1,8.817001443665859,8.12400244418346,3.1354942159291497,2.4849066497880004,3.1780538303479458,5.729066191150292,1.0,306.6818181818182
C8157,2,4,1,9.867653099526912,6.924146521360423,4.382026634673881,1.6405284995041314,1.9075912847531766,5.5022393875193085,0.6292492238560347,244.2405063291139
C8159,3,33,4,12.906297222134137,9.24282990157672,7.647786045440933,4.002191785732053,2.8687726460927028,5.264173007024765,1.2400362501086653,192.28639618138425
C816,2,18,1,9.725854985228304,3.8501476017100584,5.8998973535824915,0.6931471805599453,0.0,3.8501476017100584,0.9989326546260582,46.0
C8161,3,33,4,12.770914752437179,9.082146139909414,7.56734567601324,3.898431051908679,2.533696813957432,5.209562477390401,1.219240704636849,182.0139679255044
C8163,3,29,4,12.649645668373884,9.15324077993561,7.512071245835466,4.032898896370532,2.7359404550840423,5.143969382767019,1.2628839008717192,170.39475123018042
C8165,5,181,7,14.380984581452044,8.528979209756201,9.716073048676163,3.8845809268627756,3.3940840189751773,4.674346704643999,1.6318988606206313,106.1625354321211
C8167,2,21,4,11.422070346626143,7.784889295655098,6.29156913955832,2.7202561067817137,1.252762968495368,5.138229181149715,0.9980008838722995,169.41372912801484
C8169,13,165,12,13.98459826572126,8.647234968755736,8.39479954320217,3.102990026779434,1.8379516339229038,5.593751924290271,2.6681311394253133,267.74203029617905
C8172,3,7,1,10.178806009504447,6.847626070142711,4.6443908991413725,1.5429928130259476,1.742969305058623,5.547942126503375,0.7345299214394703,255.70873786407768
C8175,1,3,2,15.819082692458771,12.105516019848308,10.027120112981404,6.315313895226154,3.4205216544885584,5.795053835465465,0.0,327.66987760152006
C8177,4,946,20,13.464944062267078,6.110883819671941,9.242032818708672,2.026920768429876,2.69200042088692,4.237554885384642,0.9916635483527877,68.2383489971902
C8178,2,4,1,9.758750756069444,6.541260852772044,4.382026634673881,1.425515074273172,0.6523251860396903,5.393800143654519,0.24229218908241482,219.0379746835443
C8180,10,131,13,13.998701736527586,9.064342696833359,8.21878715560148,3.3208348786549053,1.791759469228055,5.7832667171070655,1.4896304778117848,323.8185494742518
C8182,2,11,3,10.155140812296054,7.670661703956935,4.6913478822291435,2.302585092994046,2.1400661634962708,5.4771606589656665,0.8112781244591328,238.16666666666666
C8184,11,122,12,13.941679665354583,8.958200848015831,7.983098940710892,3.0477787089171984,1.9390372697675513,5.961500449434759,1.652689618330952,387.19215017064846
C8188,4,32,4,12.568988573947708,8.958195869549307,7.531552381407289,3.939743330461111,2.621530103906298,5.044434725574231,1.3970574189813385,154.15656836461125
C819,1,9,1,9.070503426788383,3.8501476017100584,5.247024072160486,0.6931471805599453,0.0,3.8501476017100584,0.0,46.0
C8190,2,6,3,10.279146161061627,7.6405351757225475,5.1647859739235145,2.597384633214691,1.122142786078304,5.126014420966431,0.8631205685666311,167.3448275862069
C8192,1,1,1,8.043020885298283,8.043020885298283,2.1972245773362196,2.1972245773362196,0.6931471805599453,5.965826174927967,0.0,388.875
C8194,2,5,1,9.700330435154035,6.236491891922196,4.394449154672439,1.252762968495368,0.7683706017975328,5.3231319229224745,0.3372900666170139,204.025
C8196,4,5,1,9.658609509075912,7.174405218605487,4.04305126783455,1.7346010553881064,1.4069136483226266,5.636764692212449,1.4182958340544896,279.55357142857144
C8198,6,15,3,13.641721297384466,9.03666889513486,9.399389249519563,4.802380355275797,1.888583653863595,4.2566841848065,2.300405755329738,69.57557947019868
C820,8,82,23,13.07177089002575,8.53936492666722,8.334471554600944,3.8237204726748963,2.6157462507468114,4.7462594015130355,2.062909354729751,114.15273775216139
C8200,3,28,4,12.638270560040011,9.204380712950696,7.57198844937744,4.153323301537469,2.355972966412107,5.0730764834878235,1.273366751166417,158.66477857878476
C8202,4,16,3,10.73700518594335,7.0243017780844905,5.552959584921617,1.9835214198010966,1.7670668566376835,5.193475523101008,1.9660501785044033,179.09338521400778
C8204,15,161,15,14.479936710252042,9.0728791665251,9.095602694505759,3.713025050663098,2.0794415416798357,5.3890225579778175,3.436247514872586,217.98923163208076
C8205,2,13,1,14.635391265426703,10.415913072256368,10.318737961379089,6.101439400316553,2.0776016147578287,4.329941659583411,0.5638560041131417,74.93985607711097
C8207,14,303,14,15.551078087342368,9.595308591118908,10.450394350873067,4.505636072014148,1.899319636416514,5.106786417984762,2.9306605816697813,164.13881413317128
C821,1,5,1,8.361474616416817,3.8501476017100584,4.543294782270004,0.6931471805599453,0.0,3.8501476017100584,0.0,46.0
C8211,15,1108,25,14.10738732038993,7.00087260131326,8.521384396034705,1.6314702308233382,0.313752054484689,5.589943592820018,1.1968050675016257,266.7205179282868
C8213,14,5595,5080,14.489038024498388,5.66022944836519,9.469391461628812,1.0615453160403123,0.22302679026556288,5.026307862842123,0.2883145963480532,151.36940413707936
C8219,3,18,4,12.255296049171164,8.959582931405961,5.75890177387728,2.541893581161611,2.306281954875372,6.501052062962441,1.1170949925429108,664.8417721518987
C822,2,68,10,11.802553143502424,7.55457426224357,6.124683390894205,2.0168059706883508,2.9748004375129553,5.683460414232376,0.8812908992306927,292.96491228070175
C8221,7,51,10,13.393809354915522,8.73053032604944,8.139148678884066,3.505897301816319,2.9513662705990065,5.260159096101841,2.5944182343763744,191.51211678832118
C8223,12,126,13,13.983204822284094,9.063338893120347,8.39795910349254,3.5081624487546015,2.0375164450488263,5.589215189229772,2.4852716552762213,266.52558034708136
C8225,12,145,16,14.10610189440069,9.00027905566066,8.30325712085294,3.2371323972688013,2.109294504829517,5.806105428170523,2.67272478398977,331.3223488602577
C8227,7,111,7,14.532199933540415,9.590625391554028,10.393600134704577,5.456205949661569,2.675625391019042,4.154448839373853,2.333491699589105,62.71683665655916
C8232,13,107,14,14.047498085773048,9.21928267018264,8.143226750367445,3.3503250512883986,2.1205834850110112,5.907284548817666,2.7789470386254322,366.7063099738296
C8234,2,4,1,9.377463685012241,5.978716974285479,4.1588830833596715,1.1314021114911006,0.4054651081081644,5.239561038066754,0.21084230031853216,187.5873015873016
C8236,1,1,1,8.063377822367027,8.063377822367027,2.1972245773362196,2.1972245773362196,0.6931471805599453,5.986137885602257,0.0,396.875
C8238,12,1087,26,13.86624929861532,6.846228408744123,8.225503097566918,1.4664744219974064,0.4525531442070659,5.644556011275514,0.6488776095799292,281.74799143010176
C8240,2,8,3,9.573176298028388,6.801630582523637,4.330733340286331,1.7382707842770688,1.8021222562636017,5.260823162120456,0.954434002924965,191.64
C8242,4,17,3,10.549595535090287,6.99513801558068,5.247024072160486,1.8562979903656263,1.4074965687704935,5.31276279173576,1.95617873048892,201.9100529100529
C8244,1,1,1,7.928045600874777,7.928045600874777,2.0794415416798357,2.0794415416798357,0.0,5.984296057629369,0.0,396.14285714285717
C8246,13,160,16,14.098650580908716,8.911398873819085,8.196161139282902,3.056685464455031,2.0787429737156957,5.905492593627629,2.0611389712665913,366.0479867622725
C8248,13,155,16,14.099483510126262,8.940558434584247,8.213923595622743,3.1006616618069933,2.0686071995141257,5.888604740234836,2.324687203002133,359.901381739366
C825,1,9,1,9.070503426788383,3.8501476017100584,5.247024072160486,0.6931471805599453,0.0,3.8501476017100584,0.0,46.0
C8251,2,8,4,12.017517701481557,8.406817115836843,7.050122520269059,3.4699499840465573,2.4388155425877334,4.975188008158783,0.995252549439679,143.77604166666666
C8255,11,99,13,13.791537486442127,9.100300218470455,7.932721027481948,3.2793925077779518,2.314441137024359,5.862023842959315,2.483827202034597,350.43467336683415
C8257,3,9,1,12.505691935054909,8.378783560062669,7.3796321526095525,3.2898452363360624,1.5665977537576081,5.1325987873849845,1.207117389216794,168.4569288389513
C8258,2,2,1,9.119101891541911,8.426064258005136,3.4965075614664802,2.833213344056216,3.349904087274605,5.656756378603261,1.0,285.21875
C8260,13,258,15,14.605323362934683,8.895032969084372,9.420033875565988,3.733719854083776,3.0567463793091374,5.190952374533754,2.5955689450894996,178.63955562763542
C8262,3,32,4,12.539998786456023,8.902545097689153,7.562681246721884,3.9441334803989228,2.6668626426955955,4.984698924993338,1.2427303803729568,145.15956340956342
C8264,2,3,1,10.786738430332083,9.688167484478598,5.236441962829949,4.148411783492376,1.8458266904983307,5.559467401747484,0.9182958340544894,258.6844919786096
C8266,3,5,1,10.154207359620441,6.544689299442631,5.438079308923196,1.9725783961374748,0.6931471805599453,4.729318172180262,0.35742889014046797,112.21834061135371
C8268,3,9,3,9.853456618930563,6.963978070078415,4.68213122712422,1.9379419794061366,1.1871656860095547,5.186184227972392,1.3516441151533922,177.78504672897196
C827,9,202,30,13.149863751856667,7.78898399980398,7.467942332285852,2.220937028567036,1.9290007167371717,5.685890021814613,2.1621364272066432,293.68
C8270,3,29,4,12.643914587967513,9.03311284557738,7.534228326274089,3.9423686929561947,2.3052841499632106,5.116234283990638,1.2487636811095608,165.70641711229948
C8272,6,9,2,12.030909406734532,7.856903325198205,6.529418838262226,2.4443517136215824,0.9254791579285613,5.507012004008517,1.0620160385155808,245.41374269005848
C8274,3,33,4,12.715534339566755,9.052086842515928,7.566311014772463,3.9222271756023876,2.662587827025453,5.155522216528066,1.236032213759607,172.38632832729155
C8278,3,11,1,12.402251905945576,8.7388464019549,7.201916317531627,3.566277132021604,1.572880316700303,5.20657241213499,0.760658476840993,181.4675615212528
C8280,2,4,1,12.172065915909693,9.869527378452531,6.559615237493242,4.269697449699962,3.1654750481410856,5.6175032602599915,0.7219280948873623,274.2014184397163
C8282,12,146,12,15.382819580595715,9.857418791549387,10.025528178445153,4.511078387162108,2.5903667620795425,5.362037825237217,2.984305297091839,212.15888470900643
C8283,2,6,1,9.474779405697564,7.529329732475406,3.7376696182833684,1.9252908618525775,0.9985288301111271,5.764273180284838,0.5916727785823274,317.7073170731707
C8285,2,4,3,9.024974184996003,6.541390684495887,3.8501476017100584,1.5755363607584192,1.6094379124341003,5.201734638266811,0.6500224216483541,180.58695652173913
C8287,14,140,11,14.284133234133078,8.890642742536809,8.607947554684701,3.2535407214856216,2.124436634880716,5.679787843362352,2.6279198373607753,291.8872853489222
C8289,2,56,1,16.206649055079424,11.581685485820163,9.36383369293329,4.7474864081683465,3.2700906848073013,6.843967479585148,0.9988903767411548,937.204065877509
C829,13,429,36,13.90286462622854,7.358151628229478,8.514389264083503,2.0995328922227072,1.827742187107561,5.393232647563983,2.5100133120920423,218.91313941825476
C8291,4,37,8,12.90080107525645,8.423681393553291,7.763446388727362,3.322416503809041,3.59886771276082,5.143630828888897,1.4890156874344755,170.33673469387756
C8293,2,3,1,9.975622150295328,8.8771028978649,5.220355825078324,4.132496328186477,3.0122615755052013,4.76916357141953,0.9182958340544894,116.82065217391305
C8295,3,6,1,10.027826826791735,6.563458762359136,4.59511985013459,1.4017985476558559,0.5232481437645479,5.447133141333532,0.5349547231656377,231.09183673469389
C8299,3,31,4,12.61393487823806,9.058699872342192,7.540090320145325,4.002646897041392,2.795537655225326,5.080608251035362,1.2582296369090873,159.87187666135034
C830,2,57,10,11.578816196459163,7.518906696471592,5.976350909297934,2.051024328956259,2.70228649638546,5.60866990043263,0.6631968402398287,271.7811704834606
C8301,4,123,4,13.887587468908896,8.787872694455624,8.850804195756417,3.7740217073307742,2.452895656389949,5.043398308023684,1.0862574414220432,153.9958446768878
C8306,2,8,1,12.235053610953262,8.451072813742455,6.639875833826536,2.9103724246028344,1.5910887737659039,5.600184995752281,0.26676498780302604,269.4764397905759
C8308,13,149,15,14.116488842708396,8.986714455822048,8.38320455141292,3.291003816174878,2.0532129868202076,5.736742722409452,2.3720223566272014,309.0528362305581
C831,9,210,22,13.32887823516148,7.949332214820253,7.7501841622578365,2.4592342947338732,2.2354009862853554,5.582891966083183,2.628254151594731,264.83929340801376
C8310,2,4,1,10.247290000252185,8.861101993825296,4.584967478670572,3.228826155721369,2.0149030205422647,5.675976774008934,1.0,290.77319587628864
C8314,3,23,4,12.346729839222172,9.127958263370216,7.495541943884256,4.289911345766076,2.780060737078482,4.859523657928594,1.2597218324096136,127.9627570872707
C8316,2,2,1,8.913146539151807,6.7169982433670805,3.5553480614894135,1.563975538357343,0.8938178760220964,5.3912182291649415,0.5032583347756457,218.47058823529412
C8318,13,172,15,14.844251017546782,9.37206505757433,9.63756697186586,4.1806378943643745,2.237934520761058,5.212213423213762,3.1041073143322726,182.4997716746037
C8320,2,7,1,10.792694816000541,8.846907953772186,5.424950017481403,3.505128304510387,2.371577964480997,5.376772702010629,0.8631205685666311,215.3230088495575
C8324,3,32,4,12.801846770018875,9.138389834199982,7.581719640125308,3.937340813412436,2.5649493574615367,5.226023540406399,1.236032213759607,185.0515043345232
C8327,4,5,1,9.766808353620874,7.282532058284851,4.1588830833596715,1.8325814637483102,1.8191584434161694,5.6272213535414,1.4182958340544896,276.8888888888889
C8329,2,3,1,9.573245865665552,8.474772697754483,3.8501476017100584,2.793208009442517,2.8903717578961645,5.747730014349845,0.9182958340544894,312.4782608695652
C8331,13,156,14,13.936625813382369,8.695045339640862,7.962415680121064,2.784096329091261,1.592361723754196,5.977097018338718,2.2705434594983775,393.29407665505227
C8333,3,7,3,14.202835456194386,10.647510476035436,7.622174594817622,4.083331762386699,2.499091284779957,6.5825350731277865,0.6269948563165914,721.3682664054849
C8335,2,24,3,15.0899872116749,11.01246598311796,8.80956425335415,4.740648834021971,2.971717397350117,6.282442566901427,0.2135798153382773,534.0940719725251
C8337,2,6,1,10.42877805371264,6.9332162585350705,4.941642422609304,1.6509869153469727,1.597242639340282,5.498376364169838,0.9940302114769566,243.29496402877697
C8340,7,56,5,12.854290449479857,8.497782948665634,7.719129840906732,3.396055982161737,1.8417698898027164,5.1414686057271135,2.5088757268596713,169.96666666666667
C8341,3,15,4,11.588246272769938,7.804455361091288,6.52795791762255,2.804736843615258,2.1102132003465894,5.068056674279384,1.3933644282111064,157.8653001464129
C8344,2,4,1,10.82643607207435,7.330564061771268,5.4638318050256105,2.0944794190443763,1.2741770629991844,5.371488730007976,0.32984607020714635,214.18297872340426
C8346,15,5627,4535,14.411654426179602,5.692126288269112,9.330609204367127,1.042411142476694,0.2634157366252513,5.087326986463519,0.964525627726209,160.9563713753658
C835,9,347,29,13.753990410284223,7.697659324987199,8.329175442077402,2.370265628334647,1.9907254977527973,5.429450454586627,2.298788750425651,227.0239014968614
C8350,2,2,1,8.916506080039204,6.720354176444884,3.367295829986474,1.413693335308005,0.9808292530117262,5.587917241697201,0.5032583347756457,266.17857142857144
C8355,2,2,1,8.730043953245016,8.037058414971044,3.044522437723423,2.3978952727983707,1.9459101490553132,5.737378424084716,1.0,309.25
C8357,2,5,1,10.618983136759836,7.0644659445540645,5.872117789475416,2.4082312821290324,1.039771788645176,4.758279161201847,0.9994110647387552,115.545197740113
C8359,12,123,14,13.752829510653585,8.790136054548721,7.407924322559599,2.5276847718008044,1.9318254091735743,6.347263804346951,3.036543340568381,569.9283980582525
C8361,14,1053,26,14.622251567249029,7.582224287374881,9.36768594269996,2.4201735193280283,0.6470023759856736,5.259860200150777,0.844434228644147,191.4545842946253
C8365,2,3,1,11.051778499434786,7.586534102317087,5.579729825986222,2.224623551524334,1.8861222306763399,5.479991617925441,0.20062232431271465,238.84469696969697
C8367,11,80,11,14.083457670830365,9.32137246609135,8.566935283311052,3.8265954551077033,2.020018121209035,5.5207229219711245,2.9119244769809267,248.81556909021697
C8369,3,34,4,12.850494284832582,9.161717193863803,7.6246189861593985,3.9546034529632643,2.6550009800123946,5.231719732917752,1.2287897403971189,186.114313629702
C837,1,18,1,10.75934864358382,4.9003313026861,6.326149473155099,0.9480748403266614,0.3238473489198504,4.446754150047691,0.0,84.34946236559139
C8371,13,239,15,14.904268451177268,8.940819713165086,9.394576760974909,3.4627591115110747,1.9470112686380316,5.513813383545042,3.152670580872247,247.09540841790053
C8373,2,4,1,9.785885750455948,8.176672771948455,4.189654742026425,2.6390573296152584,1.8870696490323797,5.615091366028624,0.7219280948873623,273.53846153846155
C8375,1,1,1,8.107720061910534,8.107720061910534,2.1972245773362196,2.1972245773362196,0.6931471805599453,6.030384734338641,0.0,414.875
C8377,1,5,3,12.333238194095948,9.075251723501884,7.029087564149662,3.792892909046563,1.7591832987934422,5.309986604038806,0.0,201.34751773049646
C838,1,1,1,8.157943507105037,8.157943507105037,2.6390573296152584,2.6390573296152584,2.5649493574615367,5.59642566573595,0.0,268.46153846153845
C8382,4,69,5,11.826180250415257,7.578189315082769,7.673223121121708,3.456316680883235,0.014184634991956432,4.169003580199949,1.6266128090426346,63.651000465332714
C8383,4,55,4,12.752374480544463,8.625416701565525,7.634820677745543,3.5367428736583792,1.9482116460435925,5.124004275174223,1.6968904478349058,167.00676982591875
C8385,1,3,1,11.903188944933687,8.684475557713476,6.0844994130751715,2.918851229218033,2.1377104498038118,5.823923627480036,0.0,337.29680365296804
C8386,2,14,4,10.31559720336296,7.225249872589362,5.14166355650266,2.1664529186694654,1.157452788691043,5.185379193216599,0.9940302114769566,177.64117647058825
C8388,5,395,7,14.286273274030696,8.267936082315643,9.307013259236443,3.324966001266171,0.6622614642939804,4.986205161430657,1.9067210543673743,145.37988015253313
C8390,3,27,4,12.636074256483242,9.139670770888166,7.547501682814967,4.06773091370401,2.5098455981352523,5.095241553021205,1.2685347577182178,162.24327176781003
C8393,3,35,4,12.716005871227429,8.887499586137888,7.616775808698373,3.8100384273870174,1.923931242336538,5.1057992447473,1.2131143284990724,163.97587395371738
C8395,9,52,8,14.616413333687897,10.24700049664113,9.386979145634639,5.024047062607008,2.1759018078673984,5.2348593666810865,2.7568461319854953,186.7027072332579
C8398,3,69,3,12.461722108400643,8.22787886969571,8.404472321352118,4.185473857951978,0.04255961441879593,4.074614704333694,1.474041717473638,57.82781012091357
C84,2,65,10,11.682938245296585,7.478802282606199,6.056784013228625,1.9958165546517241,3.0593375235085634,5.632078015985812,0.8602858652332408,278.24178403755866
C8400,2,3,1,9.141740280483926,8.043342170441608,3.4011973816621555,2.367123614131617,1.4663370687934272,5.777438784891715,0.9182958340544894,321.9310344827586
C8402,2,6,1,10.129905736383995,6.729863894467497,4.663439094112067,1.5040773967762742,0.7259370033829362,5.480083213408268,0.3533593350214213,238.86666666666667
C8404,2,3,1,13.971353804591864,10.50564442793301,8.959054514715692,5.497296290862948,3.510612167648022,5.019059697805666,0.20062232431271465,150.26899832840428
C8406,7,116,14,12.621167901225114,7.428801824051104,7.551186867296149,2.448127398284704,1.7167964307545998,5.076762982962762,1.9137736398945782,159.25446898002102
C8408,1,1,1,8.284756593190435,6.2070798320014005,3.044522437723423,1.252762968495368,0.9162907318741551,5.293807211070151,0.0,198.1
C8412,5,37,9,12.953196516946852,8.635883667076227,7.8013913202914855,3.513732101067982,3.506157817298642,5.157981989221506,1.6571237065559545,172.81334424887433
C8414,1,2,1,11.385978064508427,10.287388482728453,5.730099782973574,4.637960008811082,1.3862943611198906,5.662598489181767,0.0,286.8957654723127
C8416,1,3,2,11.932326350816872,8.531319608751138,6.966024187106113,3.591817741270805,3.0317427110770243,4.974177647157618,0.0,143.62983947119923
C842,2,4,1,10.649535484831526,9.263312256742289,5.003946305945459,3.6375861597263857,2.8903717578961645,5.655802792768066,1.0,284.94594594594594
C8420,2,3,1,10.565402030664975,7.52139532271059,5.0106352940962555,2.0912759993268386,1.3981288187668934,5.565265841572642,0.4537163391869449,260.19463087248323
C8422,4,34,7,12.953549381368873,9.19244870832303,7.652545692693921,3.911092339935193,1.91212315147793,5.306448117709226,1.7971399061985496,200.63277909738719
C8424,5,105,11,15.769672708266851,10.64573238966741,9.944197540783914,4.828218494671628,3.3294370789251992,5.8284699460541365,1.8092176526828252,338.83831012962077
C8426,3,5,1,10.357774570341576,8.748463629942055,5.860786223465865,4.2626798770413155,3.0633909220278057,4.51085950651685,1.5219280948873626,90.0
C843,8,220,26,13.302283720256867,7.873317262292204,7.778211474512493,2.439673747544582,2.2937744633118906,5.528469396933796,2.5896194511320263,250.75827398408043
C8431,9,112,13,12.97772365799379,7.960790448040835,7.741533589281828,2.7873794602411777,1.7349905393268177,5.241926355088817,1.8405180940952781,188.03389830508473
C8433,3,6,1,9.941842506412591,6.509297817925048,4.406719247264253,1.2845116668099483,0.39465419200394874,5.551235446563478,0.6594592116585811,256.55555555555554
C8435,7,42,9,13.465493401689608,8.712066392836187,7.999342952713282,3.283629840026647,3.3173158976814534,5.470701926292921,2.060447970776727,236.62693082605776
C8437,2,3,1,9.217713126305595,8.119299348804391,3.1354942159291497,2.120263536200091,0.0,6.128753077388622,0.9182958340544894,457.8636363636364
C8439,4,17,4,12.723997013485487,8.93993545886934,8.433811582477187,4.65892635410166,1.1502842992124307,4.304006324295257,1.6742939480062116,72.99565122852795
C8441,11,216,13,14.796206052030671,9.258966668201811,9.305559638557117,3.790966902591211,2.3468656666575027,5.494853279472037,2.281789550901605,242.4358065102746
C8443,4,73,6,12.650380190125817,8.360151578876051,8.602269363771356,4.324948797764801,0.053345980705292714,4.065592954473952,1.6532948192837975,57.29946720558515
C8444,2,6,1,10.597059642809153,7.958327122371361,4.976733742420574,2.423537703411708,2.337676412805316,5.63081345478961,0.5916727785823274,277.8888888888889
C8446,2,4,1,9.673822784231653,7.882377810084342,4.204692619390966,2.4849066497880004,2.842969519001581,5.4882487836561324,0.6500224216483541,240.83333333333334
C8448,4,4,1,9.498897061838624,7.101750852745691,3.9889840465642745,1.7609878105613013,1.2656663733312759,5.532494166724864,1.2776134368191157,251.77358490566039
C8450,2,2,1,9.321255432547337,7.529943370601589,3.871201010907891,2.1785324443240666,0.7731898882334818,5.4752164468349065,0.9182958340544894,237.70212765957447
C8452,1,1,1,7.941651252930556,7.941651252930556,2.0794415416798357,2.0794415416798357,0.0,5.997872543403312,0.0,401.57142857142856
C8454,10,175,13,14.200473594221938,8.775677352444685,8.455104999102815,3.0771295361247866,2.248273103640306,5.748772526809659,2.444298334198228,312.80523627075354
C8456,3,28,4,12.688619157900906,9.133376016548848,7.510430556378006,3.973521195152837,2.392686927691232,5.184352334236905,1.2431803979668357,177.4578313253012
C8458,13,184,14,14.224490149700246,8.831008080551564,8.543055850941965,3.1912242935376907,2.075456338568873,5.685030756949352,2.9332152167553707,293.4269005847953
C846,4,102,19,12.570177419795025,6.427605934990177,7.965198290612176,1.9707373400789463,3.9064279833007762,4.615271875630678,1.0343806930970894,100.01528839471855
C8462,4,11,1,11.123373075322114,7.362792821802862,5.488937726156687,1.8877741224676436,0.7926767759069784,5.642113047192722,1.508115413265512,281.05809128630705
C8464,3,7,1,10.412741942560633,6.9171954287099435,4.9344739331306915,1.6451559950361796,0.9102116857977729,5.489596270796884,0.5229784263810124,241.15942028985506
C8466,8,88,13,14.4330318456808,9.75095831979844,9.282381924841154,4.61015772749913,2.3335811933630097,5.156520808751747,2.000053364748557,172.55955704448166
C8468,8,85,14,17.17718794435939,11.830087661117716,12.03217748671609,6.686312661212315,3.6847040827034556,5.150827832284281,2.7193603699697104,171.57429377186511
C847,1,18,1,9.76359310138207,3.8501476017100584,5.937536205082426,0.6931471805599453,0.0,3.8501476017100584,0.0,46.0
C8470,4,49,4,12.660689757097943,8.690562849575262,7.566311014772463,3.6225783742926962,1.837850576428322,5.101002562060729,1.7049035971859836,163.18643190056966
C8472,13,160,12,19.04736032790453,13.566722681689694,13.792668656750624,8.31227422555925,2.390672279981415,5.259902047729951,2.5519115907096093,191.46263822159654
C8475,3,8,2,9.277438115508676,7.1986509323471655,3.784189633918261,1.8523840910444898,2.6119063405493077,5.520157743517901,1.061278124459133,248.67441860465115
C8479,4,30,5,12.782784319608345,8.831683835112381,7.620214770574455,3.6936756263774293,2.1799827709017134,5.168765148697227,1.738302284778838,174.69774288518155
C8481,3,26,4,12.640128449875998,9.239025005836092,7.550661243105336,4.1645959007663595,2.403937587254333,5.096129066778127,1.2729055953200563,162.38821672803786
C8483,15,92,18,12.72401190727046,7.72050635693018,6.928537818164665,2.0599576555266093,2.823294595807352,5.799484734449866,2.9628110113405253,329.1294117647059
C8484,3,33,4,12.70044566440366,9.011685144094052,7.560601162768557,3.8918202981106265,2.0509134580652977,5.146200641137933,1.2344977967946407,170.77760416666666
C8486,10,80,12,13.798128359066512,9.244347111101927,8.142645185942795,3.6157426701233097,2.300477610654481,5.659264231886523,2.024020507418723,285.9374454466104
C8490,3,17,4,11.5954635182162,8.76239748753262,7.471932078245122,4.6477788188133085,1.5976034547870976,4.140139940144125,0.6402064333604701,61.81161070005692
C8492,11,117,14,13.840616743558126,8.980929157819554,7.963807953231451,3.147554663621658,1.8664209979970747,5.87995452713751,2.7888455368588336,356.7929714683368
C8495,10,120,10,13.492737260939315,8.565672748346024,8.546751993657782,3.6457525710782455,1.8817856208857746,4.953263452252143,2.765662749783224,140.63643425907944
C8497,2,6,3,9.308283446306147,6.670404133228732,4.0943445622221,1.6514021115331325,1.6514021115331325,5.235991085866632,0.8631205685666311,186.91525423728814
C8498,3,24,4,12.390521105527739,9.132528507454007,7.444833273892193,4.201242357198813,2.540996116439044,4.953353033578336,1.1951184583080539,140.64912280701753
C85,4,95,10,12.14583419913841,7.5613817013797995,6.505784060128229,2.056214691070019,2.416278143398904,5.645081836623731,1.7338320098522195,281.8967065868263
C8501,10,108,18,14.678786514552538,9.751590611324241,9.322775801305971,4.407690850043509,1.9510727831341201,5.360807837128768,2.5985579663566023,211.89686299043703
C8503,6,289,8,15.636760542312716,9.816731983127081,11.556387172380765,5.739516174815538,1.156265140095387,4.097142545128362,1.7683658756406724,59.16811405482521
C8506,6,86,4,12.022696532887608,7.490649469538779,8.037866234709618,3.5345495467568497,2.2079198664529676,4.003566369913669,0.9368334285981514,53.793214862681744
C8509,2,4,1,11.930325731537252,8.59829906998699,7.07326971745971,3.7636887109223274,1.5353299402803784,4.865634035514924,0.3712323266408757,128.7531806615776
C851,3,5,1,9.850719486997471,8.241492389363351,4.0943445622221,2.5494451709255714,2.128231705849268,5.776234516384476,1.5219280948873626,321.54237288135596
C8511,5,6,2,10.193579219581707,7.9966538754626075,4.543294782270004,2.4277482359480516,1.0986122886681098,5.664415514250172,2.0588138903312014,287.4193548387097
C8513,1,1,1,8.049427057110695,8.049427057110695,2.1972245773362196,2.1972245773362196,0.0,5.972218015162118,0.0,391.375
C8515,2,4,1,9.798127036878302,8.411999328537732,4.060443010546419,2.7245795030534206,2.6210388241125804,5.758182050662821,0.8112781244591328,315.7719298245614
C8517,3,28,4,12.76260081452952,9.207350191553616,7.565793282428515,4.027899462813948,2.5649493574615367,5.202838778781503,1.2582296369090873,180.78756476683938
C8519,1,3,1,11.73254280650788,9.167689783519709,6.126869184114185,3.5877833372425676,1.8538912503350613,5.611513617198932,0.0,272.55798687089714
C852,1,9,1,8.993551586299981,3.8501476017100584,5.170483995038151,0.6931471805599453,0.0,3.8501476017100584,0.0,46.0
C8522,3,3,1,9.18266080286944,8.084254106307318,3.4011973816621555,2.367123614131617,1.5404450409471488,5.818239423070738,1.584962500721156,335.37931034482756
C8524,2,5,1,10.623081903110922,6.54695561731875,5.3981627015177525,1.5536743379156461,0.5668534552356532,5.234772291173711,0.28998604703320907,186.68636363636364
C8526,4,4,1,9.478763169489152,7.081632188993349,4.007333185232471,1.7764919970972666,1.3862943611198906,5.493823232057209,1.2776134368191157,242.1851851851852
C8528,4,32,5,12.614912054277287,8.951476640155596,7.570443252057374,3.926279866053011,2.543014280595281,5.051402000858156,1.476542774574623,155.24136152656007
C853,9,142,21,12.959055901791652,7.766520470810235,7.321849713788356,2.2407096892759584,1.7654915424074447,5.641419128730816,2.0336037204872457,280.8624338624339
C8530,4,70,5,14.269231719376085,10.020780309295294,10.302263672493496,6.056081190193955,0.02817087696669632,3.985754144185741,1.6431060651096356,52.82586663982013
C8531,2,24,4,12.765745574690149,9.028193085710523,7.757051142032013,4.03676589201959,1.807507826196194,5.015773972594102,0.9934472383802027,149.77278562259306
C8535,2,4,1,9.912397738665884,6.546488528027022,4.6443908991413725,1.5155060925998969,1.6499840068284504,5.282710777924496,0.36205125173399794,195.90291262135923
C8538,2,29,3,12.341713062598336,8.704288423788167,7.6708948313621175,4.05041100666663,2.2512917986064953,4.680596917726934,1.0,106.83442164179104
C8542,4,190,4,23.013280910530646,17.03439518552791,16.13179380143869,10.152946899754928,3.4033890709825285,6.882513297138241,1.510923145089194,974.0739332898859
C8544,16,161,12,15.164739401826875,9.671740741056556,9.061840363657739,3.5964663084188864,2.00636184725168,6.105248414468476,3.3930115751255627,447.2039679777236
C8547,2,5,1,9.976087244950472,7.0865056518680145,4.532599493153256,1.8101086078962514,1.6739764335716716,5.458521118088372,0.5032583347756457,233.75
C8548,2,11,4,10.250475730885316,7.160175156634739,4.859812404361672,1.91959284073794,1.483668525145067,5.402923691625632,0.9456603046006401,221.0546875
C855,3,101,10,11.993324870398084,7.293518481994198,6.480044561926653,1.9341529920692695,2.1162555148025524,5.518827653555782,1.5377347380123945,248.3425499231951
C8550,3,5,1,13.039926973791859,9.574258396361552,7.8547691834991324,4.400986382337002,2.6633143072608187,5.191124880233139,0.998689844084022,178.67054714784632
C8553,2,13,10,11.568303405819542,5.722246880456103,7.387090235656757,1.7318850462494872,4.0830417321396455,4.196978315312458,0.15826460184851857,65.48513011152416
C8554,3,60,4,12.437942015912675,8.343831375993755,8.390041405755754,4.3090078127703775,0.06453852113757118,4.065428291662183,1.5,57.28986824170831
C8555,2,2,1,9.53834831589953,8.845273168474858,3.970291913552122,3.295836866004329,3.258096538021482,5.590771687532165,1.0,266.9423076923077
C8559,2,8,3,10.087391190512735,7.315426285639464,4.820281565605037,2.1618852108909103,1.7047480922384253,5.280269296676334,0.954434002924965,195.4227642276423
C856,1,2,1,10.514773706615753,9.128560740056038,4.859812404361672,3.4965075614664802,2.505525936990736,5.666183362663445,0.0,287.9296875
C8561,10,106,12,13.941525396945758,9.129448591204955,8.13739583005665,3.3602624629703612,2.049526985108313,5.807430791204575,2.243527599151675,331.7630886224042
C8563,2,4,1,11.421752714189914,8.477510898066996,5.697093486505405,2.8113032344204716,2.130734836067387,5.731257885999362,0.2974722489192897,307.35690235690237
C8565,3,21,3,16.488678588810494,12.184618535015712,10.347243454377015,6.045517543526018,3.5187801970756034,6.1436165996332965,0.9595620998100344,464.7349053577158
C8567,8,88,13,14.439580399184244,9.739158429476415,9.275191344295799,4.584874709989212,2.5877640352277083,5.170181991345233,2.4559598926014674,174.94685537538663
C857,3,76,11,13.838911605135683,8.405412303286129,8.2987883944492,2.9202461267590314,1.9576932311211186,5.544288469941589,1.117652989603861,254.7725236436038
C8571,2,8,1,12.178357093458791,8.540961114739035,6.773080375655535,3.1769567375335726,2.3130563928613412,5.410894050960172,0.2974722489192897,222.8316151202749
C8573,11,96,13,14.465414586198781,9.629197939102935,9.241645221804594,4.4174052695280706,2.255460208143675,5.229237775893784,2.8023623447141053,185.6504797906368
C8575,1,4,3,8.860215358901183,7.474346680653985,3.58351893845611,2.277267285009756,1.1786549963416462,5.309681125198352,0.0,201.28571428571428
C8577,4,33,7,14.84782384342189,10.65819225296111,8.958025443361693,4.776701412763695,3.3289524747888266,5.892690110075937,1.7308337195580794,361.3788132320762
C8583,3,39,4,15.278040697280698,10.633673657745696,10.903862046781907,6.26136322627618,3.5909697446119755,4.386716365366698,1.1401156785146092,79.37605957525052
C8585,2,3,1,11.474007905861116,8.17844132136702,5.976350909297934,2.7444178452730847,1.1585104302491787,5.504265575665221,0.22853814395352803,244.73791348600508
C8587,2,2,1,8.765302488748196,8.07231135094428,3.1354942159291497,2.4849066497880004,1.8718021769015913,5.677531830783371,1.0,291.22727272727275
C8589,3,9,1,15.049655277510448,10.270566131675503,9.381263883817768,4.612037309532341,2.864838455891,5.671922572334783,1.443559563875903,289.59268313242853
C8591,2,3,1,12.736353777529963,10.097334695751867,7.122866658599083,4.4942386252808095,3.427050760488489,5.617929718890419,0.3712323266408757,274.318805488297
C8593,2,39,4,12.777766626112694,8.667062118075982,7.617759576608505,3.535957527257171,1.5761014921665086,5.166218437724901,0.9669852958320848,174.25086079685195
C8595,2,5,1,15.217622656457928,11.783642834245828,9.13194630454817,5.701198493890276,3.0101440522152942,6.088056662146478,0.7706290693639406,439.56441319632233
C8597,2,2,1,8.77307495131822,8.080082605472528,3.1354942159291497,2.4849066497880004,1.9459101490553132,5.685279003091641,1.0,293.5
C86,1,1,1,8.174421152646497,8.174421152646497,2.772588722239781,2.772588722239781,3.8066624897703196,5.470307964503626,0.0,236.53333333333333
C8603,3,25,6,10.532256199159868,7.3140200672608655,5.5053315359323625,2.379546134130174,1.4350845252893227,5.037482544132444,0.9510456605801273,153.08163265306123
C8604,2,6,1,14.649855171828225,11.153361503350995,8.733432966413652,5.242067630644306,2.931597711218116,5.9192736607842695,0.32984607020714635,371.1413148565904
C8606,4,52,4,12.741823050055372,8.69893563318703,7.60489448081162,3.5893498587669033,1.8234167890987467,5.143279397331472,1.7161922274348824,170.27653213751867
C8609,1,3,1,8.945462952177666,6.382076298511159,3.6109179126442243,1.32687094064909,1.7788560643921472,5.366495091078147,0.0,213.11111111111111
C861,4,74,17,16.154538567296175,10.923447884645045,9.80659111529043,4.585676601842248,3.670802609525026,6.349751154378306,1.3345335450243512,571.3502644336712
C8611,3,3,1,10.87050942081664,9.261147548227456,5.176149732573829,3.5890591188317256,1.5686159179138452,5.703346773691713,1.5219280948873626,298.8693181818182
C8613,2,22,4,13.470329307736757,9.620246667226525,9.410501846898468,5.564112726612574,2.1363044035743792,4.077011417013478,0.9733854352299557,57.96897257470324
C8615,3,3,1,9.132919225007598,8.034523012399102,3.4339872044851463,2.3978952727983707,1.6739764335716716,5.734850385732172,1.584962500721156,308.46666666666664
C8617,4,30,5,12.553936888990288,8.970541526977842,7.4977617006225685,3.9334582861482112,2.575576450035823,5.063072323151209,1.4064008819629856,157.07542983915695
C8619,9,125,15,14.612660933438875,9.602092778158905,9.220884585851854,4.224885376410225,2.05668455455722,5.396417945817066,2.4456601384712062,219.61474517565563
C8623,3,34,4,12.769341751963498,8.940828449843124,7.620705086838262,3.813882737743807,2.330453992002838,5.154911839985125,1.2131143284990724,172.28052967140755
C8625,1,1,1,8.200013648175434,8.200013648175434,2.6390573296152584,2.6390573296152584,2.772588722239781,5.638354669333745,0.0,280.0
C8627,6,46,9,11.444164709399436,7.552858445504821,5.831882477283517,2.07175904550782,1.64551396890791,5.618843814414485,2.0166885020597993,274.5705882352941
C8629,2,4,1,9.46335335689267,6.207196081783563,4.04305126783455,1.148622709242771,0.03774032798284703,5.442263091271389,0.3912435636292556,229.96428571428572
C863,2,65,10,11.588876737202034,7.399824273659578,6.030685260261263,1.9862125280793357,3.086209858520107,5.56442807974438,0.8453509366224364,259.9759036144578
C8631,1,12,3,11.966767953651699,9.327793194388015,6.8308742346461795,4.205758149593004,1.791759469228055,5.142826148961762,0.0,170.1989189189189
C8633,2,2,1,8.793612071589308,8.100616578553355,3.1354942159291497,2.4849066497880004,2.0794415416798357,5.705750234316347,1.0,299.59090909090907
C8635,2,7,1,17.30155000424738,13.174417487137182,11.357779289801867,7.231357026618073,4.018415246738492,5.94640102365472,0.27950554563667995,381.37470220021487
C8637,1,1,1,9.328123407632566,8.229688880941637,3.784189633918261,2.7300291078209855,2.9444389791664403,5.570649673679817,0.0,261.6046511627907
C8639,3,38,4,13.040593512386215,9.16949450564322,7.592366128519796,3.744590061127942,2.1594842493533726,5.453022167004021,1.4990523147991328,232.46266397578205
C8641,2,4,1,9.676461473957694,8.290355324513756,3.9889840465642745,2.6567569067146595,2.8903717578961645,5.709426892275878,1.0,300.6981132075472
C8643,4,25,5,13.092287601554954,9.085065707652385,7.785305182539862,3.8001768569837218,2.3487744754634203,5.312338821204707,1.6152640256956832,201.82404326123128
C8645,12,148,11,14.134639697306952,8.90902746916766,8.413387022690648,3.227867536060165,1.9843329544575867,5.724743379452341,2.276934161069759,305.35463826009766
C8647,3,23,4,15.424208997055343,11.067515581639098,10.011624211140706,5.658364822298554,3.2556280104781536,5.417079443796794,1.419556298571613,224.22039222725846
C865,1,9,1,9.070503426788383,3.8501476017100584,5.247024072160486,0.6931471805599453,0.0,3.8501476017100584,0.0,46.0
C8651,1,1,1,8.022240916806537,8.022240916806537,2.1972245773362196,2.1972245773362196,0.6931471805599453,5.94509332992586,0.0,380.875
C8653,1,1,1,8.014335737299424,8.014335737299424,2.1972245773362196,2.1972245773362196,0.0,5.937206335377967,0.0,377.875
C8655,3,22,4,16.625418667752054,12.531077657944614,11.018202822785636,6.924825418261028,3.092556458189531,5.610896679411455,1.3382689280764646,272.3892706607843
C8657,12,68,10,13.868559260720621,9.537897042941891,7.824445930877619,3.523259746937913,2.345089881348517,6.046880332341194,2.9711449033142596,421.792
C8659,13,1149,30,14.079396740649567,6.991906908574501,8.614864218589684,1.7229454512903328,0.732432101231949,5.468937778838829,1.0028817092168356,236.20809143686503
C866,3,98,10,12.25101733007327,7.656365834922079,6.6039438246004725,2.133508762950112,2.731345763705732,5.651941528609031,1.4760290202047932,283.8439620081411
C8661,3,14,1,16.552540040667566,12.79134264499276,9.894547710966654,6.13546421149444,3.001529391238317,6.6593255484189475,1.031214401340847,779.0246708036931
C8663,3,62,4,11.781004140278185,7.654336203467709,7.623153068476902,3.525411307648829,0.016000341346441134,4.173845199172251,1.483120215737592,63.96477495107632
C8664,3,3,1,9.819018395909678,8.720514915249945,5.231108616854587,4.143134726391533,2.6855773452501515,4.60328669289798,1.584962500721156,98.81182795698925
C8666,2,11,4,9.954513311139172,7.4701291646287045,4.553876891600541,2.1785324443240666,1.55814461804655,5.415627477154224,0.6500224216483541,223.89361702127658
C8668,2,3,1,11.03719345986344,7.705423337088179,5.602118820879701,2.3648889763302003,0.8574502318512216,5.443090884562698,0.22228483068568797,230.15555555555557
C867,10,215,23,13.541000025337173,6.904744197141895,8.127995055771946,1.6936055819402869,1.0028651414109067,5.417745867222779,1.4368811206259813,224.37053439622085
C8670,12,5482,4633,14.56841516090248,5.839991435887876,9.380758024267314,1.0696200033553132,0.19809892327027745,5.193310072542341,0.23919802258486925,179.06359112760396
C8672,1,8,8,6.175867270105761,4.110873864173311,2.1972245773362196,0.6931471805599453,0.0,4.110873864173311,0.0,60.0
C8673,12,127,14,13.922867878679266,9.003009101225642,8.041734711487537,3.1645814894071784,2.0939345489824026,5.884240908651197,1.78455142594555,358.3299002252977
C8675,3,24,3,10.822354961923732,7.326485549845746,5.579729825986222,2.1972245773362196,1.5786662537673468,5.2516386081554485,1.5346171532068957,189.87878787878788
C8677,6,283,10,14.53897838640999,8.82869736360642,9.934162236804047,4.238225087115632,1.3061826665193494,4.6148175165842,1.689622047010026,99.96940160993114
C8679,2,14,3,10.438693545027498,7.394756484596444,5.272999558563747,2.32611559040424,1.7594986070098335,5.176470026081889,0.998363672593813,176.05670103092783
C868,2,11,1,11.522628240431613,6.003630244006853,5.8998973535824915,0.898534010284896,0.2745968329031254,5.629062875654697,0.2043246709802796,277.4010989010989
C8681,3,25,4,12.385272668736896,9.08954446885601,7.516977224604321,4.235179466073587,2.781805377344705,4.876488135990499,1.2183368243391808,130.16920565832427
C8683,8,78,14,14.857780335147684,10.283103210790767,9.54716968769421,4.979290017333847,2.3664790765649917,5.315608104690984,2.7824724564822994,202.4882176520994
C8685,2,7,4,11.901678365512081,8.500677556038305,6.903747257584598,3.531250509910353,2.678735813433435,5.005651370669124,0.9480782435939054,148.25427135678393
C8688,5,61,4,12.802350932121799,8.525880348563692,7.64826303090192,3.4048942435434815,1.4204273674893493,5.160318539772231,1.9746014240418701,173.2199427480916
C8690,2,8,1,10.428571048048818,8.231583045116352,4.8283137373023015,2.6931245508855346,2.6230569882688175,5.611920643532822,0.9182958340544894,272.6693548387097
C8693,2,3,1,9.762327132747114,8.663829998385904,5.1647859739235145,4.07753744390572,2.268683541318364,4.613183966711645,0.9182958340544894,99.80459770114942
C8694,4,32,8,12.753520416792606,8.463269186678417,7.685243607975833,3.4273367698651906,3.3361107651422692,5.075004260630372,1.5358816517025253,158.9728735632184
C8696,2,2,1,9.05543941075822,8.36240897761537,3.4965075614664802,2.833213344056216,3.1780538303479458,5.593316354962674,1.0,267.625
C8698,5,27,5,12.502983253750248,9.037362526435361,7.551186867296149,4.1016097732135135,2.5307161858192946,4.959360447340491,1.6136841496927703,141.50262881177707
C8700,3,43,4,12.86424787415422,8.821341578503386,7.67786350067821,3.660407780032624,1.3460204619819507,5.192418905801687,1.3983005546654999,178.9031959240389
C8705,2,4,1,9.486531677712465,8.100464891029363,3.6635616461296463,2.3513752571634776,2.9311937524164198,5.851748656304013,1.0,346.8421052631579
C8709,4,25,4,12.520755639984836,9.188649677688469,7.473637108496206,4.156648445558256,2.676608675267391,5.054086556333506,1.4565463548075541,155.66136363636363
C871,1,1,1,14.738660114232902,12.17371552395029,8.2409125416889,5.679121912834249,4.005933604878048,6.49951615279047,0.0,663.8198839662447
C8711,2,8,3,10.26969194669099,7.437033137705997,5.056245805348308,2.3200782504415627,0.8043728156701697,5.225195101719074,0.9366673818775625,184.89743589743588
C8713,4,10,1,13.162033989337974,8.5772529478439,7.820840879907344,3.274059501080966,1.8591637780298687,5.3463693638238174,1.9705446010908314,208.8450421517463
C8715,2,7,1,13.418363260754614,9.892051824909554,7.953318346560431,4.438490362831152,3.2693452505573526,5.469616727811062,0.6024308020404453,236.36919831223628
C8717,2,4,1,9.465602553171852,6.576546941480466,4.1588830833596715,1.5040773967762742,1.3581234841531944,5.327259550918957,0.3095434291503252,204.87301587301587
C8719,2,3,1,10.857343782296425,9.247982917400693,5.293304824724492,3.703768066607687,3.0726933146901194,5.572864307199227,0.7219280948873623,262.1868686868687
C8723,5,80,8,12.23823001032923,7.410516472466044,8.093156697722637,3.302039810128937,3.1833729918255456,4.1610875456624115,2.038065840753342,63.141241210638945
C8724,2,20,4,17.798444543465703,13.847201775059533,10.685858244843748,6.7357800142423265,2.437317686964202,7.113423580910215,0.8403586716091171,1227.3456965151377
C8728,2,3,1,9.275753510524416,8.177328540392022,3.5553480614894135,2.512305623976115,1.6739764335716716,5.752479263784713,0.9182958340544894,313.97058823529414
C873,2,65,10,11.630468471822002,7.456650065547769,6.042632833682381,2.009761621041846,3.0349529867072724,5.593932177182305,0.8290590693996659,267.79047619047617
C8732,2,4,1,9.628984915196462,6.372531870954504,4.343805421853684,1.366876275262789,1.2078115806331018,5.303173975161998,0.3912435636292556,199.97368421052633
C8734,4,39,4,13.064463041349322,9.350975739803195,8.067149039910106,4.366045962685532,3.0976723118969853,5.004356866408359,1.7576894701967105,148.0611860684029
C8736,5,352,5,14.939411704197614,9.067408961434866,10.512573545469639,4.65003582493335,1.1190590976457937,4.438746066458948,1.2917822616611465,83.668706151085
C8738,3,28,4,14.178810408667301,10.567917529313878,9.831400613641227,6.222415379968696,2.200223080332476,4.3603194379574886,1.3995149377490976,77.28213671539123
C874,1,9,1,9.070503426788383,3.8501476017100584,5.247024072160486,0.6931471805599453,0.0,3.8501476017100584,0.0,46.0
C8741,14,57,10,13.637901878098823,9.418474191697314,7.487733761436444,3.305053521109253,2.232541249261119,6.152856651500552,2.674328251819821,469.05826330532216
C8743,2,3,3,9.13399913871946,6.737182614677265,4.007333185232471,1.7764919970972666,1.9061698204057993,5.150719245812468,0.6840384356390417,171.55555555555554
C8745,3,3,1,9.237274373216264,8.138856750696325,3.5553480614894135,2.512305623976115,3.106080330722856,5.714121004272008,1.584962500721156,302.11764705882354
C8747,4,27,4,12.527133883237605,9.09325547965779,7.486613313139955,4.069302426189935,2.7766128725395065,5.047523594305486,1.365810898502716,154.63656758272575
C8749,2,2,1,8.927446816256198,8.234432323283524,3.2188758248682006,2.5649493574615367,3.1986731175506815,5.752440354944231,1.0,313.9583333333333
C875,9,98,21,11.9820161776344,7.154477847459671,6.774223886357614,2.0784410413462524,2.298577071596507,5.214382176891801,2.5244897225791223,182.89816933638443
C8751,1,3,1,8.67846133901236,5.38704024105284,3.7376696182833684,0.9236708391717776,0.0,4.9716747097081795,0.0,143.26829268292684
C8752,2,13,4,11.237514460719542,8.242032399518129,6.045005314036012,3.093312601892855,1.2947271675944,5.200398085284184,1.0,180.34441805225654
C8754,1,1,1,8.258940462988459,8.258940462988459,2.70805020110221,2.70805020110221,2.4849066497880004,5.623243612172189,0.0,275.7857142857143
C8756,3,4,1,10.132970964396517,8.523692028156066,5.298317366548036,3.708682081410116,2.6946271807700692,4.847505280299115,1.370950594454669,126.42211055276383
C8758,2,6,1,10.034778938217304,6.703757626760297,4.584967478670572,1.4961092271270973,0.6380874033769179,5.464268543469902,0.22228483068568797,235.10309278350516
C876,11,315,29,15.334184461083387,8.498128835032622,9.061376218836225,2.327618220288775,3.7539045646886944,6.274809019141797,2.5722715181857483,530.024956471271
C8761,4,29,4,12.249007606164431,8.223919323500192,7.164720378771857,3.181025600737103,1.8690511435297015,5.091225601273971,1.7780029036807006,161.5890092879257
C8763,2,4,1,9.458527693729824,6.241522630963074,4.07753744390572,1.199964782928397,1.0438040521731147,5.402522042066142,0.24229218908241482,220.9655172413793
C8765,1,2,2,8.899048433885268,8.206037762778815,3.4339872044851463,2.772588722239781,0.9162907318741551,5.501802280199062,0.0,244.13333333333333
C8766,2,4,1,9.531118671917154,7.921970951011497,3.8918202981106265,2.3608540011180215,2.580216829592325,5.663322104556768,0.9709505944546688,287.1041666666667
C8768,15,207,15,19.052661163264847,13.584602276558822,13.790737217115465,8.322918966251477,2.5978334058291424,5.267096882025902,2.7633345965821547,192.8523684561213
C8770,4,100,4,13.728444997688575,8.838239866901297,8.686598356276965,3.818290527765439,2.887862346290739,5.048454337798822,1.0998542821551651,154.78149273893953
C8772,5,35,8,12.753453895797254,8.924942644941305,7.643482907077201,3.8361743887966404,2.4830934126638193,5.1164626231191725,1.8368668465147862,165.7444870565676
C8774,3,27,4,12.706408442941465,9.209997889093192,7.51479976048867,4.035580582075243,2.770692987074882,5.197695394195704,1.2685347577182178,179.85496183206106
C8776,2,4,1,12.128997197849866,8.727956421841496,6.551080335043404,3.190476350346503,2.2582848340974655,5.583108999607313,0.9871377743721862,264.8969957081545
C878,2,57,10,11.311946944356999,7.252200572252861,5.863631175598097,1.9532721454963824,2.6976514938813114,5.455430686387231,0.6631968402398287,233.02564102564102
C8780,1,2,1,8.653994232908383,7.96102146588337,2.772588722239781,2.1400661634962708,0.0,5.948383057405532,0.0,382.1333333333333
C8782,1,2,1,10.62750335675854,8.430472681211672,5.3471075307174685,3.1872704854528697,3.060270794691562,5.290198372128247,0.0,197.38277511961724
C8784,11,89,13,13.4587456099753,8.679790689256011,7.9291264873067995,3.191616896895566,1.7116000413909778,5.533936092396542,3.0664355228372164,252.13832853025937
C8787,3,4,1,10.07491666816366,8.688748668057352,5.308267697401205,3.9367156180185177,2.5257286443082556,4.780001071052888,1.5,118.1044776119403
C8789,12,217,14,14.865922658392922,9.263898277317361,9.655218482441182,4.070256010692541,2.064103104783024,5.21621056153948,2.926229516136019,183.23471349826946
C8794,3,25,4,12.517142821533694,9.149949559031219,7.480428306074208,4.128801515189482,2.540787108182457,5.043745461729488,1.269920725989287,154.04966139954854
C8799,3,36,4,12.890620457276656,8.958920896161171,7.616283561580385,3.7087781936693087,1.7819071727850435,5.279932649797577,1.4616464640747138,195.3566502463054
C88,3,89,10,11.828487747149076,7.3293270132057176,6.354370040797351,1.9984724791461688,2.295896104843249,5.480028981267576,1.3663255298464625,238.85365853658536
C880,3,61,10,11.622443326876082,7.4798641311650265,6.135564891081739,2.1183569579295094,2.6931245508855346,5.493159632640672,1.0488412604661608,242.0238611713666
C8800,2,5,1,12.835161189789398,9.890770186443154,7.223295679562314,4.291900363587903,2.8667020138102597,5.616237445013986,0.6292492238560347,273.85328467153283
C8802,4,10,1,13.876627293966775,10.026522964137714,8.733432966413652,4.890669025857239,2.4884464764931242,5.1491756056996465,1.5630730323736526,171.28939735739607
C8804,2,6,1,9.878374851721052,6.5125135951950766,4.30406509320417,1.257676983297797,0.1292117314800062,5.591600163974117,0.4798320236161284,267.16438356164383
C8806,2,6,3,11.016035618942716,8.125943234266337,6.066108090103747,3.2144214745188204,2.5077909436215884,4.959276718100143,0.9910760598382222,141.4906976744186
C8810,3,24,4,12.50219152780217,9.244187947836222,7.469083884921234,4.2251478780523675,2.605534637576615,5.040168235590534,1.2722595663292235,153.49600456621005
C8812,3,48,1,17.313181593846977,12.84727607821929,11.054027934064598,6.589479692914371,3.46393831108792,6.261080459623933,1.077506466835202,522.7845625583493
C8818,2,16,3,11.454384919956293,8.23576353183013,6.3561076606958915,3.1780538303479458,1.7509374747078,5.106082486911761,0.9709505944546688,164.02260869565217
C8820,3,4,1,9.496120637138368,8.110051678927128,3.6375861597263857,2.327277705584417,1.5040773967762742,5.887904211954304,1.5,359.64864864864865
C8823,5,31,8,12.769634921541428,8.762455402529156,7.675546002537848,3.692962018187646,3.1139192680120704,5.100661568734776,1.8387774442068099,163.13045496750232
C8825,2,5,1,11.226029749925072,8.923564555417117,5.6240175061873385,3.353406717825807,2.747270914255491,5.609285973387528,0.7219280948873623,271.9492753623188
C8827,4,21,1,13.581654835670388,9.797519529150522,8.197814032221203,4.425390849557316,2.9657415598703087,5.388693236053672,1.625099283286658,217.91712555066078
C8829,3,24,4,12.337478029799644,9.07949109355119,7.448333860897476,4.204692619390966,2.144580843850797,4.8972177159495125,1.1401156785146092,132.91666666666666
C8831,3,3,1,9.405660414555793,7.103815361886605,3.828641396489095,1.7047480922384253,1.2237754316221157,5.602610704805015,0.9219280948873624,270.1333333333333
C8833,5,12,4,10.130623125119875,7.040416975348663,4.9344739331306915,1.984131361875511,1.3516088031320006,5.208812765479618,1.6526768021893685,181.8768115942029
C8834,10,127,12,13.999052203480517,8.975297354636307,8.230577217146454,3.2461325414275097,2.1675488091901025,5.771859392546428,2.5926043391922464,320.13429256594725
C8836,2,5,1,11.151352832626403,8.15589328308458,5.521460917862246,2.598979106047848,1.791759469228055,5.637453864983288,0.8112781244591328,279.7469879518072
C8838,2,7,3,10.601174413138105,8.521907063642457,5.648974238161206,3.5938817254916566,2.327277705584417,4.962721071266508,0.954434002924965,141.98233215547702
C8840,2,10,1,12.355629934730155,9.023541664828032,6.670766320845874,3.372209844788903,3.1119267465252367,5.689514502858496,0.940285958670631,294.75
C8842,1,2,1,8.807022955925477,8.114025442356757,3.1780538303479458,2.5257286443082556,3.8815637979434374,5.674816250428808,0.0,290.4347826086956
C8843,3,26,4,12.505113709671756,9.137921688351174,7.637234388789473,4.283348721450422,2.58594750430131,4.876014479102538,1.269920725989287,130.10709117221418
C8846,5,11,2,13.226162875307669,8.498976951160182,8.598957493218878,3.892000885018567,0.9215864194488654,4.637120649660958,1.7490645688640103,102.24663594470046
C8847,1,1,1,8.18646442942209,8.18646442942209,2.1972245773362196,2.1972245773362196,0.6931471805599453,6.108969766399195,0.0,448.875
C8849,3,6,1,14.64979742702334,11.654073402931344,9.453600226875217,6.459356573488786,3.34814816057234,5.2017970531178825,1.2361602543738117,180.5982905982906
C8851,4,15,2,11.824629193263918,7.873758826175292,6.393590753950631,2.5241889981226624,2.3064238693012116,5.437066488277087,1.6571602433530892,228.76716917922948
C8853,1,1,1,8.151909872940905,8.151909872940905,2.302585092994046,2.302585092994046,0.0,5.956988117578009,0.0,385.44444444444446
C8855,5,78,10,13.688887816981804,8.829220680628513,9.326433090963036,4.47795325586975,3.024387529314367,4.375208026643472,2.102123625416521,78.45636687444346
C8857,3,27,4,12.516582177621325,9.149388972635856,7.538494999413465,4.185990775613945,2.7419517527778914,4.985475852643442,1.247424124433455,145.27316293929712
C8859,2,2,1,8.889308319842847,8.196298984758343,3.2188758248682006,2.5649493574615367,1.8718021769015913,5.714420137999141,1.0,302.2083333333333
C8863,3,15,4,10.638232426684,7.503265662217571,5.25227342804663,2.2257979497802753,1.3531421538029902,5.39573059654914,1.4910138707589942,219.46315789473684
C8868,4,7,1,10.160104563907877,7.327509959961891,4.574710978503383,1.8941744746561247,2.018816919863401,5.5994245426631215,1.3216069583883467,269.2708333333333
C887,3,97,10,11.993473308091636,7.409105540712064,6.45833828334479,2.0149030205422647,2.6026896854443837,5.540629244238361,1.4806603537011562,253.83830455259027
C8870,3,8,5,8.654691704601872,6.576469569048224,4.189654742026425,2.211017899468555,2.4423470353692043,4.491398325570427,1.4056390622295665,88.24615384615385
C8871,3,26,4,12.475492728293954,9.04162009059373,7.4977617006225685,4.080267448331264,2.5649493574615367,4.985143971051988,1.273366751166417,145.22462562396007
C8873,11,155,14,14.026225999264303,8.83341412867444,8.18004072349016,3.0360207924681024,1.996210887530112,5.849350625750795,2.400673221664538,346.00896860986546
C8875,13,141,12,16.896664416291,11.588405946004833,10.243702775436175,4.942561377892579,1.9874673753480772,6.654286494410575,3.0394745495789715,775.1039709649872
C8878,4,32,8,12.734819716517412,8.34060627122818,7.724888439323074,3.3651649960244643,3.4587672334836332,5.0170164232072105,1.5650288973629152,149.96022978347327
C888,4,75,11,11.692802369368367,6.26973851502335,6.371611847231857,1.2733180366340102,1.9646139361962325,5.327759790159892,1.1400168321705424,204.97602739726028
C8880,3,29,4,12.62479284876072,9.128390543873694,7.501082124259871,4.022099655348772,2.625985248047906,5.130193057657876,1.2112938253354983,168.0497512437811
C8882,4,73,6,14.113954513060087,9.69517474510559,9.744081420312915,5.330037826512111,2.415268131017241,4.382503737590951,1.8433629690642954,79.03817733990148
C8885,1,3,1,8.975124239427704,5.720185665250916,3.8066624897703196,0.9903987040278769,0.0,5.196360144021918,0.0,179.61363636363637
C8887,13,159,15,13.919292929006701,8.626166569803685,8.274357006756292,3.03030361761908,1.661334040156495,5.6487182704063565,2.4181068930315694,282.9273144605968
C8889,4,46,10,13.097109157141887,8.554005113780635,7.8050670442584895,3.298983996847348,3.119173032930233,5.297464637662094,1.606998551470227,198.82952691680262
C889,2,57,10,11.581592950191476,7.539064382488302,5.955837369464831,2.048258614243148,2.7150432365931807,5.631928370888217,0.6292492238560347,278.2
C8891,4,27,5,12.529101350025869,9.128008936050051,7.544861068658458,4.1588830833596715,2.681021528714291,4.9915837074497516,1.4384323354415096,146.16931216931218
C8893,3,30,3,13.08906302428292,8.869693846887541,7.897296472595885,3.70239070584769,2.9145860160167594,5.1976810159444105,1.4016230641100846,179.85236147266642
C8895,3,12,3,10.354149073430555,7.310263639264042,5.111987788356544,2.181224235989778,1.4987723445465808,5.253415089287557,1.4937095464322436,190.21818181818182
C8897,10,106,11,13.961553602417464,8.991863864439885,8.30795254527102,3.3727883811081925,1.8359092538409847,5.657344658684336,1.7110624774896495,285.387176325524
C8899,3,28,4,12.049699497849817,8.438992030297737,6.841615476477592,3.2684378918162147,1.7503742530652007,5.214598569867797,1.5571489648020924,182.9379679144385
C89,1,3,41,13.880778500509356,9.820388887073042,8.666130304190608,4.615461872024639,2.634119047974676,5.220240294401075,0.0,183.9786280592899
C890,10,171,29,13.660880429886737,6.884256970011477,8.707648248106914,2.065391131327251,3.928447742369701,4.96043093598134,1.999420401986122,141.65525793650792
C8901,2,6,1,9.913883328718248,6.5479720610851855,4.605170185988092,1.4847344339331432,1.688949975361834,5.323601083042127,0.4798320236161284,204.12121212121212
C8903,3,4,1,9.48288342558516,7.180983394463768,3.713572066704308,1.6094379124341003,0.7884573603642702,5.7969691893823185,0.9219280948873624,328.3
C8905,14,185,14,14.797647455635936,9.321273033101269,9.616205400105674,4.15547771006224,1.9654431761201139,5.187112116591776,3.2533941771108834,177.9510163278907
C8906,2,4,1,12.856187056272699,9.91179505474752,7.239214973779806,4.307614972686373,3.2721671219184243,5.621314054330631,0.4854607607459134,275.2521551724138
C8908,4,9,1,12.855973019086836,8.636640201376313,7.693481640835175,3.5040547671018634,1.9416996165189697,5.168653152884168,1.7377255767795132,174.6780665754674
C8910,2,2,1,8.804775258867686,8.111778082058114,3.1354942159291497,2.4849066497880004,2.2512917986064953,5.716878168695662,1.0,302.95454545454544
C8912,1,3,2,19.05616058001265,15.622173534431871,11.781898611816032,8.348140630189993,2.9794717526822105,7.274962510658564,0.0,1442.697067881187
C8914,1,6,4,10.463903020642116,8.672286284175753,5.37989735354046,3.6109179126442243,1.8971199848858813,5.094743799276038,0.0,162.16203703703704
C8917,3,7,1,10.285854609398315,6.317334960377418,4.969813299576001,1.3078227456783955,0.6248279365824682,5.327842221577493,1.115121071491845,204.993006993007
C8919,9,76,12,14.081296653591835,9.638709789687807,8.540909718033554,4.11453158314208,2.7143051081253198,5.544498064994049,1.9570315303126853,254.82613791756202
C8921,3,6,1,13.392486693198189,9.249446609712935,8.075893630298857,3.9518540329122422,2.9147632110203237,5.321798457695988,1.100982814479987,203.75178849144635
C8923,3,61,4,11.74318761880443,7.632790236299562,7.58629630715272,3.5054096974070736,0.27115277050057035,4.172918014574903,1.4916094114932357,63.904568527918784
C8924,12,147,12,19.38615540626936,14.155047497706995,12.23874794566666,7.008539027038538,2.4651040224918206,7.148198884335813,2.5523481227111238,1270.8132083506741
C8926,2,6,1,10.201701469897316,6.983715819784682,4.787491742782046,1.7509374747078,1.843719208158766,5.426947059565234,0.5293608652873644,226.45378151260505
C8928,5,224,6,15.601607357833762,10.146325295570929,11.596779362363527,6.1435985427793876,1.5657628489314388,4.022900158056472,1.8645726991177982,54.86288231291266
C893,3,81,11,12.00828612018122,6.567268935999028,6.54965074223381,1.391691028292045,1.6852759888256048,5.464305200799379,1.2049049206426046,235.11174785100286
C8932,2,14,1,12.899417306589562,9.76397807828821,6.9650803456014065,3.8501476017100584,3.1086726847345862,5.937920188491082,0.9986359641585719,378.14555765595463
C8935,4,26,5,12.509822438010783,9.07594593422427,7.537430036586509,4.119299401115272,2.3860957258672153,4.979820657427069,1.4374366326883632,144.44829424307036
C8939,11,163,13,14.729292545569464,9.363401940913395,9.751501195538246,4.397847090386302,1.9479108166116106,4.984714401623689,2.7663227772269954,145.1618254846033
C894,10,327,25,13.805615765568817,8.000815032222851,8.191463051326927,2.474054808278515,2.2956332741552425,5.61806701570668,2.983467548244341,274.35660847880297
C8941,3,21,4,12.470012591036953,9.33460285370213,7.529406457837013,4.405658239207159,2.29822778762509,4.948260529816132,1.2646726793957221,139.9296077377754
C8943,3,27,4,12.821544730077477,9.266288529942326,7.938445551164788,4.395154373319437,2.3635457927837327,4.890995610882455,1.2582296369090873,132.08600999286224
C8945,4,259,5,14.857669595871206,9.270514749244402,10.473619282199527,4.893862983440285,1.3993178010061775,4.39647545118297,1.3894021432828056,80.16429641776698
C8947,1,2,1,14.863932452598513,11.150374405412881,10.568209538078998,6.855665775534814,4.057916693413309,4.309282652502054,0.0,73.3871083903493
C8949,11,155,13,14.386311557537997,8.952718382245692,8.66544076787644,3.2702826499288045,2.7239350116422334,5.724313620615494,2.9243206859095663,305.22300793377025
C895,1,9,1,9.070503426788383,3.8501476017100584,5.247024072160486,0.6931471805599453,0.0,3.8501476017100584,0.0,46.0
C8951,11,104,19,13.567877061021356,8.670207618276615,7.9865049385539955,3.13289512414763,2.2776499136733106,5.585469962116975,2.807163132598914,265.5255102040816
C8952,11,141,13,14.05286071586005,8.79032194878275,8.286773231131251,3.0713010582900897,1.867408321220692,5.76946486273904,2.222891549634833,319.36624685138537
C8956,3,21,4,13.41938470295018,8.71001795447538,8.01829613851552,3.344356882305889,3.2138180106178202,5.405916560655741,1.4699875728819436,221.72026359143328
C8958,3,7,1,10.118034256624819,8.172366150412271,4.30406509320417,2.436116485618568,2.330755969960742,5.830475470157066,1.3787834934861756,339.52054794520546
C896,2,18,1,12.635963664000165,6.737249665562266,7.9291264873067995,2.152399145956155,0.22915285647805364,4.716183641756866,0.9990847549784836,110.74099423631124
C8960,12,85,10,14.035537256936877,9.273456407501676,8.135639903354386,3.406879215129586,1.968844165684327,5.902924687238252,2.9417079996354607,365.10665104014066
C8962,3,3,1,9.224933374279082,7.838934623350043,3.5553480614894135,2.2512917986064953,1.7047480922384253,5.701819765488352,1.5,298.4117647058824
C8964,5,25,5,12.534645910108,8.72814179683494,7.550661243105336,3.7668687729756307,2.2823823856765264,4.9913268108664814,2.0983831129934662,146.13150973172014
C8966,1,3,1,9.814273751991298,8.205054478530466,4.189654742026425,2.6390573296152584,2.128231705849268,5.643378982235013,0.0,281.4153846153846
C8968,2,3,1,9.079092085366229,5.903657399031056,3.9889840465642745,1.1657515915057384,0.965080896043587,5.114711967112763,0.24988229283318544,165.45283018867926
C8970,3,27,4,12.591987894393622,9.065739535129701,7.932362154339751,4.417776966497951,1.9374712804094487,4.669403454077496,1.2612796872684704,105.63411131059246
C8974,15,1061,25,13.900052053974168,6.89981399421746,8.308691916838898,1.546670741989602,0.4569405352710112,5.595327714698829,0.6294901023390239,268.16584524396256
C8976,3,5,3,10.004373070309986,7.2969554946242665,4.890349128221754,2.2823823856765264,0.7259370033829362,5.127475124131275,1.103307408607834,167.5909090909091
C8978,3,25,4,12.685813092737812,9.28470545393149,7.503840746698951,4.1184950224543835,2.803360380906535,5.188118508097809,1.2866926683547546,178.13120176405732
C898,10,417,33,13.965270182632846,7.464552856676725,8.51057131510735,2.1349302272974895,1.8667072145137216,5.459165549535003,2.3708577651391964,233.9013290374547
C8980,3,26,3,15.308662039270535,11.81216166701072,11.42839101785549,7.932231623077328,2.785759185429526,3.9007164682153164,1.1628720819225884,48.4378570729
C8982,3,4,1,9.75417514934912,8.368054928412516,3.9318256327243257,2.6026896854443837,3.1570004211501135,5.844992643207725,1.5,344.5
C8984,2,12,3,11.172123870187786,8.127882607779023,6.154858094016418,3.1519216900710973,1.6094379124341003,5.025964015157221,0.9852281360342515,151.31702127659574
C8988,1,2,2,7.8898337513942955,7.197061032550016,2.772588722239781,2.1400661634962708,1.6094379124341003,5.187013296989362,0.0,177.93333333333334
C8990,2,2,1,8.70317470904168,8.010193572483775,3.1354942159291497,2.4849066497880004,3.258096538021482,5.615613403003243,1.0,273.6818181818182
C8992,3,4,1,10.328984019949246,6.864260444772915,5.62040086571715,2.2611118447874707,1.4971087274601806,4.721125289367499,0.3997900666170139,111.29454545454546
C8994,5,45,5,13.225811265154954,9.08278834616627,8.169336395928386,4.043608060721986,2.1316272948504063,5.063102309224633,1.6729758728815298,157.08016997167138
C8996,13,177,12,14.205802466420938,8.91263165085123,8.376781037699493,3.1280380410349107,1.8423825223036516,5.832186892419012,2.644844908834647,340.10382136279924
C8998,2,28,4,13.029526336868399,6.481406229554713,8.4368504387337,2.0280729489224596,3.8640522479426136,4.602963113130125,0.18738416208513578,98.77953609364839
C9000,4,26,4,12.591712526086775,9.224511893720432,7.661997558901893,4.30778602772986,2.624168717121508,4.9373812558796795,1.4366264796491712,138.40470588235294
C9002,3,9,1,15.539343194426989,11.984001197878825,8.818926087090677,5.26859426509583,1.9819862055291229,6.721769977444211,1.0772523556276747,829.2857988165681
C9004,1,1,1,8.08886878916199,8.08886878916199,2.1972245773362196,2.1972245773362196,0.0,6.011573500030695,0.0,407.125
C9006,4,28,4,12.761333249117474,9.295686300375904,7.520234556474628,4.071161226766444,2.84418237542679,5.246915606408441,1.4341963645051812,188.97939262472886
C9008,2,9,3,10.176449310831199,7.874206664047907,4.919980925828125,2.681021528714291,2.0412203288596382,5.26891884557841,0.8812908992306927,193.2058823529412
C9011,1,4,1,13.661022821339754,10.402955459391794,8.034955024502159,4.7849243472768,2.738355550597539,5.629985702558359,0.0,277.65813350615684
C9013,3,11,4,9.290167671835738,6.401364252284012,4.174387269895637,1.5163474893680884,2.05127066471314,5.137084374583948,1.3516441151533924,169.21875
C9015,1,1,1,7.966239776559467,7.966239776559467,2.0794415416798357,2.0794415416798357,0.0,6.022409350957403,0.0,411.57142857142856
C902,9,219,24,13.448753531636378,8.015360488742564,7.9215356321335495,2.5672979577694117,2.2889555129137635,5.531547086104613,2.784205584374678,251.53430127041742
C9020,15,150,11,14.35799413842795,9.090248164501602,8.804024902413179,3.564729543371226,2.3513752571634776,5.557982797242507,2.692686039471698,258.29924924924927
C9024,13,116,11,14.052287944720891,8.76417636783144,8.457230850243555,3.2099471941238993,1.7984709038160418,5.598977203040818,2.7536966638223572,269.1499575191164
C9026,2,2,1,8.842171048611716,8.149168366281918,3.1354942159291497,2.4849066497880004,2.0149030205422647,5.754158681981268,1.0,314.5
C9028,3,5,1,11.758174871466656,8.462541437199944,6.335054251498059,3.084285670895436,1.449095262358921,5.429283304242673,0.6052912052261445,226.98579040852576
C903,7,309,25,13.517025004163248,7.084921555117242,8.189244525735901,1.9153609621947643,1.6174443603278417,5.332898544672341,1.9215600578067853,206.03721188558734
C9030,1,3,2,11.182280218419526,9.102936102609121,6.2324480165505225,4.1666652238017265,3.262892710284975,4.958830748721701,0.0,141.4271653543307
C9032,3,9,1,10.807786671557905,6.916937483016191,5.389071729816501,1.695428360289623,0.91220074662263,5.427674347417677,1.2048930072454318,226.61926605504587
C9034,3,22,4,12.882843970698715,9.624810962576332,7.504942068396171,4.26051067879377,2.5349170703626616,5.383054224123531,1.4452458201097458,216.68612334801762
C9036,5,54,8,12.885011869397642,8.260295136437787,7.729295674310482,3.1477799031844707,3.1776452501584007,5.161900790075071,1.9436326388936627,173.4958205015398
C9038,2,8,1,14.467798764153551,10.730150500598524,9.26823185039196,5.534424149968297,3.2780428022038612,5.2051640379249715,0.7024665512903904,181.21075979235488
C904,1,9,1,11.93236579647391,6.026692664158785,7.269616749608169,1.5891242850343865,4.095973669288893,4.672828834461906,0.0,106.0
C9040,2,4,1,9.539068413863964,6.405156590554437,4.1588830833596715,1.318853080324358,0.6486954179891113,5.400386758107649,0.2580186686648155,220.4920634920635
C9042,2,4,1,9.509036565691064,6.332687386487793,4.189654742026425,1.3105825393841943,0.8994836135577738,5.339385484623558,0.24988229283318544,207.3846153846154
C9044,2,15,3,13.447722664736256,10.189662239452968,8.259458195332408,5.007810796134265,2.4589311633847397,5.19408659474827,0.961236604722876,179.20346880662697
C9046,4,42,4,12.447606061955975,8.663585279631308,7.595889917718538,3.8330781797100855,2.1102132003465894,4.859995565608382,1.6443248822677978,128.02362996480645
C9048,2,10,3,10.994454019595349,7.9037641903517795,5.942799375126701,2.905409635260705,2.1972245773362196,5.060627742750758,0.976020648236615,156.68947368421053
C9051,4,7,1,10.073525642163233,7.5090823362454096,4.330733340286331,1.9123874570166697,1.6977305195797787,5.759154107968955,1.5465935642949384,316.08
C9053,1,2,1,11.160953729302063,9.551572689984058,6.0112671744041615,4.411585436915426,2.681021528714291,5.157896730623429,0.0,172.7985257985258
C9055,2,6,1,16.75925118807861,12.930612161662323,11.639223258082858,7.810978391521546,2.7036928957332544,5.125994710223764,0.978070970973496,167.34150941733282
C9057,2,2,1,8.872066513408342,8.179059575468358,3.1354942159291497,2.4849066497880004,1.791759469228055,5.78396503269008,1.0,324.04545454545456
C9059,3,22,4,12.593278734366057,9.457859200275337,7.470793774195062,4.3477502001447,2.730973841004147,5.1289913427151195,1.2142952630807209,167.84672364672366
C9061,5,24,5,12.579541282695171,9.21234181602601,7.627057417018934,4.27330799640716,2.4438451629902262,4.960005231724046,1.6467649142831557,141.59454191033137
C9064,2,12,1,14.210278656524103,9.976217971744463,7.945555428253489,3.7352512374190865,2.7949810595524025,6.266976611861381,0.5586293734521992,525.8819985825655
C9066,10,37,12,11.336176353224749,7.1472969761059835,6.345636360828596,2.263970256866266,0.685542581174726,4.999051174738477,2.0684165482750463,147.27240773286468
C9067,2,16,3,15.242304621673954,10.993825944825407,10.103567164251785,5.85789233732392,3.3433664728405743,5.144625871467215,0.5916727785823274,170.5073068893528
C9068,2,2,1,9.500693872983122,8.807621489536043,3.912023005428146,3.2386784521643803,3.0204248861443626,5.612457540479845,1.0,272.81632653061223
C9070,3,25,4,12.562344008040876,9.065948485508043,7.497207223203318,4.0182921990221905,2.2965060469176635,5.071977814458778,1.410869033208931,158.48945615982242
C9072,15,141,12,14.381052750023859,9.128887246046503,8.913011922472597,3.6859957189919195,2.211663176422295,5.472384944710057,2.8180229540995576,237.0271980611283
C9074,11,147,16,14.308054485232239,9.104158395690819,8.65486599654131,3.48191610761393,2.1923286067240126,5.6568617490286925,2.788313664955782,285.2489105804427
C9079,4,235,8,14.237516771232679,8.728289731167141,9.641927964229918,4.148390474933793,1.3095357286475442,4.605698105850041,1.5109458387903754,99.05280592361652
C908,2,61,10,11.529280981329794,7.40274652057455,6.093569770045136,2.095441883026277,2.6708060279298387,5.442300174085363,0.7706290693639406,229.97285067873304
C9080,12,166,14,18.408244827489074,12.965829445745769,11.330455897223192,5.89079479231103,2.19385189285758,7.078644192646444,2.429790522166684,1185.3589534325492
C9082,13,109,12,14.225898860571297,9.049865878280022,8.692993531219926,3.545941569815268,2.4009721983028496,5.537018463841892,3.219546097780214,252.91979865771813
C9084,4,29,4,12.731002337662435,9.204739421780262,7.704361167910313,4.192769316290571,2.4397862145075306,5.033625632429692,1.8237464533605294,152.48849797023004
C9086,3,28,4,12.468771469411038,9.003154750394769,7.530479995245536,4.0812382147168,2.5332006591469565,4.945961736705063,1.2475562489182657,139.60601180891035
C9087,2,5,1,14.217421356992942,10.34625179049051,8.279950715722526,4.420596094140843,3.713572066704308,5.94035810873507,0.24988229283318544,379.071011919858
C9089,7,124,11,13.08370570571345,8.07338010920725,8.012680929706839,3.050220458838061,1.7310654005557986,5.07760830803184,2.0015762001242456,159.38999337309477
C909,2,11,1,11.506474703474765,6.240557150429014,6.246106765481563,1.2959973674687992,0.5462723727617382,5.267467731540236,0.04659218139981054,192.92427184466018
C9091,11,142,13,14.027816392815142,8.997501388901565,8.178358165605836,3.189696035759424,1.909784547727203,5.852614632560747,1.70466558585105,347.14345873105
C9093,13,146,14,13.931076916383775,8.85604473809017,8.076515327552329,3.049569205151741,2.105657383810729,5.857733303260926,1.9371374367825804,348.93005906123716
C9096,3,40,4,14.682729526023538,10.770727106179645,9.545955098183267,5.63742897410618,1.7884205679625405,5.142704499588205,1.5166238110793628,170.1780939443769
C9098,3,5,1,9.805709329617423,6.715824060573387,4.454347296253507,1.5817863811035902,1.5339303599259553,5.367678797559562,1.3221793455166666,213.36470588235295
C91,2,58,10,12.72729206616018,8.616596324927793,6.46302945692067,2.4416340228612787,2.5105317875908235,6.267719270717992,0.7771529943226336,526.2734375
C9101,2,10,3,9.92378025580389,7.091350534081828,4.6443908991413725,1.9542783987258299,1.5856272637403819,5.294036371490761,0.9774178175281716,198.14563106796118
C9103,3,21,4,12.56209187453485,9.384118593745063,7.470793774195062,4.30575285731789,2.8574276021768106,5.097991973918473,1.325011210824177,162.6928774928775
C9105,2,6,1,10.113302673639005,8.321745867403354,4.30406509320417,2.5776883832389665,1.2992829841302609,5.8257576243530735,0.6500224216483541,337.9178082191781
C9107,1,2,1,8.805075243870684,8.11207802207236,3.044522437723423,2.3978952727983707,1.5040773967762742,5.812188348499988,0.0,333.35
C9108,6,73,6,17.55617855755869,13.067544276789551,13.580557548690567,9.092032479505432,2.598101564778437,3.9942159308238288,2.079484247671247,53.28326210114507
C9114,2,4,1,9.869827351043494,6.539018081773649,4.61512051684126,1.519825753744413,0.42899560551835847,5.269763559129975,0.9852281360342515,193.37
C9116,8,33,5,13.163841156850637,9.35726308813421,8.672314828283538,4.873159625094136,2.7863820443721172,4.50283504624868,2.689789811389274,89.27269612881123
C9117,3,22,4,12.605234597085225,9.386439274821663,7.471363088187097,4.266054458421461,2.7107133185216936,5.140310552193922,1.290564432903234,169.76879271070615
C9119,4,14,4,13.804953022799875,10.472775798815888,9.26036786557583,5.9307283119201495,1.7737409637253767,4.555246817199382,1.8293521368699557,94.13023211567732
C912,7,149,21,13.043454360194177,8.039828306298471,7.453561871643373,2.5318841568529082,2.0877958091496938,5.594196188457767,2.150245100552698,267.8614492753623
C9120,6,50,5,12.686165828610376,8.496712152232561,7.5740450053721995,3.4172297891932044,1.7047480922384253,5.118633643129539,2.335839538310596,166.10688591983555
C9122,4,10,3,11.445780884340895,8.04489359512085,5.929589143389895,2.6026896854443837,3.3877743613300146,5.522846623994549,1.1054930959648086,249.34666666666666
C9125,2,4,1,9.652587324176876,6.435252529535306,4.30406509320417,1.366091653802371,0.7701082216960736,5.366743867631884,0.24229218908241482,213.16438356164383
C9127,3,28,4,12.869165175936315,9.258340004967947,7.107425474110705,3.525565295946023,1.8903402979005026,5.765694599011553,1.4766659618869307,318.16065573770493
C9128,9,129,14,14.522133037489809,9.346070123274762,9.321344930019094,4.16082329033572,2.3216119680487397,5.206373705546055,2.3739658460298263,181.43130761657568
C9132,6,26,5,12.689313277807905,9.255418586251507,7.572502985020384,4.153830015508281,2.5772799699190156,5.123295913245993,1.878173190586336,166.88780236747297
C9134,2,3,1,11.447437159597042,8.55724689087341,5.849324779946859,3.006782109740576,1.6529230243738393,5.604675113944617,0.3095434291503252,270.6936416184971
C9136,1,1,1,8.366602832783736,6.288787496596443,3.258096538021482,1.4170660197866443,1.0116009116784799,5.153291594497779,0.0,172.0
C914,2,11,1,12.202957799429985,6.946419948148534,7.44600149832412,2.294216843323529,0.8994836135577738,4.766085318408353,0.08354288831032232,116.45852803738318
C9140,2,7,1,12.314496464479882,8.880643838025524,7.013915474810528,3.606549185730809,2.686310214465804,5.306448039244503,0.6373874992221911,200.63276327632764
C9142,2,3,1,9.304377013902565,7.5130725658408455,3.8918202981106265,2.1972245773362196,1.4271163556401456,5.437445049852415,0.6500224216483541,228.85416666666666
C9144,3,4,1,13.56701714687007,10.271213614711906,7.577633832602728,4.295015257684252,2.936611150546194,5.99239473390972,0.45502065977946415,399.37224782386073
C9146,1,1,1,8.22040309993373,8.22040309993373,2.3978952727983707,2.3978952727983707,2.0794415416798357,5.920237037819614,0.0,371.5
C9148,9,111,11,14.025888170318385,9.255298343910646,8.361474616416817,3.6177656910578473,1.932503488775198,5.668106849395815,1.9659289417549342,288.4859747545582
C9150,4,10,5,12.248849528011222,8.916774356365426,7.2456550675945355,3.9325256677546636,1.971100397883872,5.0105924666267105,1.2695459925589747,148.9935760171306
C9152,9,114,14,13.88016469741779,8.997485565593772,8.003697339094368,3.163747434696708,2.0851072792155136,5.87960051919139,2.296797139910901,356.6663323303243
C9154,2,5,1,12.299162179706903,9.254730849025204,6.699500340161678,3.6793100030977857,2.8716796248840124,5.604577337511023,0.4537163391869449,270.6670776818742
C9156,4,293,13,12.177878911159391,6.423755423757463,7.630946580890459,2.0174314668956232,1.5263314445065528,4.557951359436353,1.5430164282314494,94.3878640776699
C9157,4,181,6,15.747754172484285,10.479923963851377,11.747776218776023,6.481442925989828,1.7813966821925085,4.018135900643226,1.4708288634710966,54.59737014809719
C9159,11,120,14,12.967987672260772,8.077946565911008,7.694392802629421,2.8624156806295744,2.0243817644968085,5.279157767089282,1.408232591940836,195.20455580865604
C916,2,43,10,11.969451173728189,8.163067376637656,6.270988431858299,2.54422322694442,2.891605564345093,5.703687773202463,0.8672816222000259,298.97159090909093
C9161,5,8,2,13.42282198125931,10.378329162239506,8.653296274408579,5.612258767899868,2.108769156774356,4.778145948666234,1.7956828983511026,117.88372905027933
C9163,4,270,7,14.30304217064069,8.664859445852796,9.629445365788381,4.009336999612923,1.054968998936203,4.682956638141744,1.449768056005648,107.0891811903979
C9165,1,6,1,10.13547190851582,8.05630786381503,4.442651256490317,2.4423470353692043,3.590439381300684,5.7079404848048645,0.0,300.25
C9167,3,70,4,11.74795806067685,7.500008146015255,7.557994958530806,3.344878951071932,0.014184634991956432,4.2055028596247634,1.4662575385398158,66.05430809399478
C9168,2,10,3,9.783013399068254,6.950702073339067,4.574710978503383,1.8941744746561247,1.5234954826333755,5.224009053814661,0.9975025463691153,184.67708333333334
C9170,3,16,3,10.730903353901107,7.512552004569405,5.365976015021851,2.253394848803274,1.7850704810772584,5.374234566253267,1.5690255736436507,214.77464788732394
C9172,4,29,5,13.245147221482087,9.718845069180484,7.659171367666058,4.148256972748202,2.717806376047575,5.590187212999738,1.5225593745369408,266.78574799433693
C9176,2,2,1,8.86953877719374,8.17653219417357,3.258096538021482,2.6026896854443837,3.2188758248682006,5.654031849391645,1.0,284.44
C9178,4,24,4,12.533208577031543,9.201101395193561,7.478734825567875,4.161669376608355,2.646681254725918,5.061392171790911,1.4313076001654323,156.81006218202376
C9180,4,196,7,15.690869938968248,10.297275964722528,11.699247343132077,6.3074358607332615,1.7602062552264812,4.00993182202696,1.4347816544161207,54.143110889774235
C9182,3,19,4,12.304903891825102,9.30925767464715,7.424761761823209,4.440295542797857,2.7536607123542622,4.888296850574278,1.295461844238322,131.72732696897376
C9184,3,26,4,12.471179300052404,9.070093145202929,7.484930283289661,4.099884742597716,2.8583840824027678,4.993611050705456,1.2832547532764529,146.46797752808988
C9188,2,6,1,10.68720643128046,6.663109889673453,5.501258210544727,1.6784307839210517,0.9919281460797751,5.195571825946358,0.22228483068568797,179.47131147540983
C919,2,72,10,11.734139155300069,7.417244009504457,6.198478716492308,2.0211059646668725,2.997730276216664,5.541614907088782,0.9310558233850329,254.08961303462323
C9190,9,76,13,13.721753571330705,9.157509712237353,7.6783263565068856,3.1570004211501135,2.006534770871748,6.046258477945096,2.437839009768724,421.52916666666664
C9192,4,31,7,12.740909674307574,8.582211089821664,7.653494909661253,3.52406008651862,3.299879609021288,5.094038418386828,1.6160824644583882,162.046986236355
C9195,2,33,3,12.341031768462557,8.730271118744795,7.470793774195062,3.8801696808906514,1.0895624531481918,4.878441224195165,0.6997722217733069,130.42564102564103
C9197,11,177,16,14.408515804573375,9.024140662658757,8.920789888464375,3.564870079563877,1.9988730842032942,5.491987114012244,2.420925035313289,241.73907815631262
C9199,2,2,1,9.170351363759819,8.477308257717322,3.332204510175204,2.6741486494265287,2.1400661634962708,5.877216921185837,1.0,355.81481481481484
C920,6,205,22,13.329546638182956,7.997162691565829,7.831220214604293,2.577137874004034,2.2576281523371966,5.502805665452745,2.324584225991582,244.37941994437824
C9204,3,21,4,12.390479526523466,9.2125213253009,7.443078374348516,4.278400724828264,2.662587827025453,4.955055288623146,1.2806721295208872,140.8904510837727
C9206,1,2,1,8.791941988456118,8.098946748943339,2.772588722239781,2.1400661634962708,0.0,6.086016864049205,0.0,438.6666666666667
C9211,3,21,4,12.5492544653282,9.41383829236529,7.455298485683291,4.332448116356702,2.6993165211334555,5.100642436498,1.3015742892816131,163.1273148148148
C9213,2,9,4,12.451443333621095,8.840666245662105,7.447751280047908,3.8575953588521124,2.758983070184003,5.010957885401137,0.995252549439679,149.04839650145772
C9215,3,75,4,11.220003019048102,6.903506264692722,6.192362489474872,2.01579151460338,0.0,5.036193851786534,1.3042372637800914,152.88319672131146
C9219,4,23,5,12.589663582175374,9.124033292365462,7.774435510302958,4.321646123684974,2.5332006591469565,4.823714446736751,1.7028195311147831,123.42640874684609
C9220,16,258,13,14.763682054431875,8.949680922142777,8.952217101765946,3.180414226499445,1.817301132751839,5.814582210258571,2.8547155963979725,334.1513464526152
C9222,9,100,10,13.954490455491626,9.071802528570933,8.09376775793108,3.250198295997242,1.4785005549866244,5.863871578052054,1.7213448464609673,351.08463183623587
C9224,2,5,3,13.243146353181684,9.331210194156867,8.13505390861157,4.237289838207198,3.4429789156771102,5.114411441849379,0.7219280948873623,165.4028144239226
C9226,2,3,1,8.872907674259846,6.676803545220116,3.4965075614664802,1.5163474893680884,1.236762627148927,5.411506533194193,0.5032583347756457,222.96875
C9228,2,7,3,11.593371168353162,8.597814193383853,6.606650186198215,3.636269503841639,2.47232786758114,4.994859729964898,1.0,146.65223274695535
C9230,13,170,12,14.489999246455637,9.017849297284124,8.760766624241956,3.3249755630320528,2.569785736387279,5.7326326848343765,2.526899589040894,307.7811226089683
C9232,3,6,1,14.055576514282432,10.317939145094224,9.022563964499264,5.2898290616519725,3.2744456760230114,5.039629634488343,1.1657840518150735,153.4128152528056
C9234,4,22,4,12.260082496733766,9.041320356136048,7.431299675155903,4.226541731833486,2.70805020110221,4.837330462697407,1.4984545358221246,125.13218731475993
C9238,3,7,1,14.519457213702772,10.735288848618868,8.773229786032473,4.995675466945589,3.9927647694041806,5.749570994456585,0.6632751189715459,313.05589965933723
C924,5,92,12,16.15989659015584,11.364117553220947,9.527556974530281,4.740466549061138,3.0354296690075513,6.6337284554541425,1.9547450033633091,759.3116807457035
C9242,12,115,12,14.058706901359276,9.238521777561289,8.351610750626559,3.559945770738043,2.0287847170284206,5.710647430956052,2.299068010607066,301.0665722379603
C9248,12,136,13,19.034166387517335,13.940417063875772,13.751040301163307,8.657462873634707,2.4915308778323633,5.288190836278887,2.3440265895503436,196.98491408044046
C925,3,95,10,11.997454340207492,7.402937975527513,6.513230110912307,2.053864699890186,2.1489393361767575,5.489839901565169,1.4608750262413064,241.2184249628529
C9250,13,72,7,14.317838579156208,9.65446302065572,8.478660241699453,3.8368113765738583,2.4064350343465053,5.842292013588979,3.074599594198978,343.56819126819124
C9252,2,3,1,9.593696194496246,8.49522021060583,3.9512437185814275,2.8903717578961645,1.8458266904983307,5.665272619894326,0.9182958340544894,287.6666666666667
C9253,2,4,1,10.243809512312088,8.857621876676566,4.859812404361672,3.4965075614664802,2.583997552432231,5.39628735818732,0.8112781244591328,219.5859375
C9256,4,32,8,12.8097217233958,8.590397183674654,7.674617497364363,3.4857547696902182,3.506704945331422,5.141432546539668,1.5778142769679073,169.96050185873605
C9258,3,7,1,10.29525933351229,6.928909257835316,4.727387818712341,1.5814640603916943,0.881199412062885,5.58050445849553,0.574828144380386,264.20535714285717
C9262,2,3,1,9.106201332235038,5.889985378158128,3.912023005428146,1.085189268335969,0.039220713153281295,5.219693719558661,0.24229218908241482,183.87755102040816
C9266,2,3,1,11.614561051686186,10.515966830028619,5.8805329864007,4.787491742782046,2.2335922215070942,5.740036066705133,0.9182958340544894,310.07563025210084
C9268,3,4,1,9.447623486844112,8.061565728115008,3.7612001156935624,2.4423470353692043,2.847812143477369,5.713182599168116,1.5,301.8333333333333
C9270,2,6,1,10.546735203808643,6.884171666608255,5.3981627015177525,1.8932664155698913,1.285198244248522,5.158846290957942,0.9418285354475157,172.96363636363637
C9272,2,3,1,9.173261363734762,5.99759157183135,4.07753744390572,1.2286654169163074,0.8109302162163288,5.118716243946189,0.24988229283318544,166.1206896551724
C9274,3,6,1,14.766803502231475,11.547936947111799,10.610118418254732,7.391834382332418,2.644755350729896,4.1722470274068595,0.48217919020227273,63.8610330028119
C9276,3,22,4,12.393095633257698,9.17431933439697,7.455298485683291,4.250208060053033,2.89480635496403,4.9455122400126665,1.3108562983864118,139.54282407407408
C9279,1,4,3,8.878636747430072,7.492760300922379,3.58351893845611,2.277267285009756,1.4469189829363254,5.328014855427346,0.0,205.02857142857144
C928,3,61,10,11.513535278995855,7.371019982748413,6.09807428216624,2.0853762771996505,2.6877395082546465,5.422128244252029,1.1591468463450785,225.36036036036037
C9281,13,141,11,14.159740482901348,9.024061820122796,8.508555998020574,3.4062824698737546,1.9675236254758506,5.654892022972269,2.660779437345822,284.68563357546407
C9283,11,133,15,14.732122038393111,9.638436614707093,9.564301637217232,4.481858089526172,2.280251658543398,5.173570604675825,2.709713658563363,175.54408254948757
C9285,1,4,3,9.085003880664885,7.699049520681607,3.7612001156935624,2.4423470353692043,1.6094379124341003,5.35197096845503,0.0,210.02380952380952
C9287,3,72,4,15.893361209849747,11.089355314083102,10.351596993696585,5.551433449562456,2.8456715789782576,5.5457078530438,1.1643373890640158,255.13582060946783
C9289,3,5,1,9.806536026459678,8.197318451142255,4.110873864173311,2.5649493574615367,2.517696472610991,5.715436523873719,1.5219280948873626,302.51666666666665
C9291,2,4,1,13.684465215412006,10.688754601993391,8.60337088765729,5.611118789792782,3.3877743613300146,5.087469449218904,0.46899559358928117,160.97944576986603
C9293,5,13,1,14.267822991771911,10.74148346006301,9.080687163749312,5.558076430470866,2.9049705573173172,5.192820846601121,1.852928475043366,178.97552089263348
C9295,1,1,1,7.960672608388117,7.960672608388117,2.0794415416798357,2.0794415416798357,0.0,6.016853781112801,0.0,409.2857142857143
C9297,4,53,4,10.633761910177357,6.664721832413067,5.820082930352362,1.9932874300663246,0.03704127168034908,4.824688125087243,1.3842789562883957,123.54761904761905
C930,2,184,1,15.095563459954002,8.893164998511423,9.28859686994195,3.1306417647473226,3.259807934783023,5.810060538349308,0.9378073766015788,332.639323037085
C9301,2,5,1,11.753366547662008,9.268546385040544,6.799055862058796,4.326337728813293,3.1172121710917007,4.9624387037270346,0.8112781244591328,141.94196428571428
C9303,3,22,6,12.490491900778496,8.70646403076429,7.642044402873258,3.878278181281976,3.2079067934976266,4.856729956763014,1.3221793455166666,127.6029764762362
C9305,5,453,5,15.618228265777388,9.452888712355795,11.320929259319332,5.161250319091207,1.2406855270055952,4.310824334529929,1.4444704902794534,73.50187810493154
C9307,2,4,1,9.506660032823548,6.372800289769418,4.143134726391533,1.3071570405611668,1.1411719030869056,5.384051045909153,0.2580186686648155,216.90322580645162
C9309,10,40,7,13.76693462084659,9.518511810654891,7.60489448081162,3.390184581826753,1.6459075922154918,6.164641906680467,2.2722427887910026,474.6307922272048
C9311,14,119,13,14.23371616020322,9.196864261431692,8.392083380373393,3.3892211906154395,2.047273819684287,5.844758035714007,2.4098788376182014,344.4189526184539
C9313,3,5,1,11.883108758933753,8.887507692241378,6.313548046277095,3.351656936102019,2.806386101823072,5.575165096834107,0.747584679824574,262.7931034482759
C9315,2,3,1,9.105424202026622,5.92992153495021,3.970291913552122,1.1526795099383853,0.5355182363563622,5.1598286517360865,0.24988229283318544,173.1346153846154
C9317,3,9,1,14.618713215582265,11.217528822710113,8.935640333747571,5.538252480502083,2.5649493574615367,5.6866009190234585,1.0322683996633866,293.8895616690799
C932,2,63,10,11.59711954376624,7.454554591777845,6.021023349349527,2.018072595303544,2.9610093665959942,5.582288181232228,0.7642045065086203,264.6788321167883
C9322,3,72,4,12.424079024139155,8.147698327097304,8.251142139090751,3.9928346481645596,0.054067221270275766,4.188479423575752,1.3749845528989173,64.92247454972592
C9323,3,5,1,10.37402229071854,7.976439303226561,5.075173815233827,2.7379031642518914,1.9328380674879606,5.310040830244096,1.0957952550009338,201.35849056603774
C9325,2,10,3,11.906048049880006,8.770702311048536,6.9584483932976555,3.84365105913966,1.9521021193032344,4.955612617757517,0.9986359641585719,140.96955280685063
C9327,3,63,4,12.680466623077201,8.537524779317186,8.647168267837984,4.514863341615726,0.22631312607548879,4.051028584575393,1.4745541487842895,56.45652555770244
C9328,8,121,13,14.031040398401373,9.171331171336274,8.363575702750637,3.5331771835952592,2.2790545955838515,5.671146982509732,1.2445196451662632,289.3673897830651
C9330,2,3,1,9.10364563330522,5.970596134673234,3.9318256327243257,1.1549652252192415,0.6711682738411701,5.1970595344738095,0.2580186686648155,179.74
C9336,3,5,1,11.1156368381462,8.476772901916002,6.326149473155099,3.7100816617645394,2.2361399935858928,4.79953069143163,0.946372935985442,120.45340501792114
C9339,1,1,1,8.016977746762262,8.016977746762262,2.1972245773362196,2.1972245773362196,0.6931471805599453,5.939842251236957,0.0,378.875
C9341,1,2,1,11.541969571671949,8.546421842076366,6.066108090103747,3.1135153092103742,0.37156355643248307,5.482342897110339,0.0,239.4093023255814
C9343,3,4,1,9.529084969879781,6.352701983696654,4.2626798770413155,1.3652409519220583,1.2878542883066382,5.285593908414998,0.4971501836369671,196.47142857142856
C9347,2,3,1,13.189666822614017,9.788523664346652,8.068089626278244,4.6759392568762985,2.803360380906535,5.127835784627244,0.21084230031853216,167.65172413793104
C9349,4,126,6,15.577525856104375,10.679708891792068,11.587986554192108,6.691379817167742,2.096093175272278,4.007887287534335,1.519436507512266,54.03048407146966
C935,2,3,1,8.942199454731238,5.767148433611351,3.828641396489095,1.0560526742493137,0.4595323293784402,5.141273616938351,0.24988229283318544,169.93333333333334
C9351,2,4,1,9.186764635447478,5.299846808599935,4.248495242049359,0.8788643263550382,0.6931471805599453,4.9595962262259,0.9924760039430819,141.53623188405797
C9353,2,2,1,8.765302488748196,8.07231135094428,3.1354942159291497,2.4849066497880004,2.1400661634962708,5.677531830783371,1.0,291.22727272727275
C9355,3,12,3,10.447148159395692,7.451967321765761,5.181783550292085,2.2874714551839976,1.4586150226995167,5.276094864562846,1.4854752972273346,194.6045197740113
C9357,3,9,1,16.13094968278053,13.039909302599343,9.29605924737872,6.2069424284699135,3.3108747433688697,6.836057034730966,1.292727214755173,929.811731228199
C9359,2,2,1,8.944158830970403,8.251142139090751,3.2188758248682006,2.5649493574615367,2.3513752571634776,5.769101940776844,1.0,319.25
C936,3,53,16,12.927620190611421,8.623732471517657,6.501289670540389,2.301232827744032,1.7758681018914204,6.4294453681969985,1.4256132384104512,618.8300751879699
C9363,3,22,4,12.622213893635573,9.290098423754458,7.644919344958857,4.325550760959661,2.9831534913471307,4.984635620557124,1.2958363892911637,145.15031115366205
C9364,2,9,3,11.678321252341242,7.894496002046696,6.7464121285733745,3.0115161412552527,3.633991188808527,4.940254905831105,0.7732266742876345,138.80588235294118
C9366,2,6,1,10.00757726106051,7.523166117938202,4.382026634673881,2.02595285672885,1.2992829841302609,5.6416377106671245,0.8112781244591328,280.9240506329114
C9368,15,216,15,14.270180347492326,8.744886060150657,8.452334619067742,2.97885762645344,1.9211321600259412,5.821027478726546,2.684005546725306,336.31846318036287
C9370,3,6,1,10.54812702903103,7.9834925330330515,5.68697535633982,3.1618983901256605,2.2792377289970545,4.87220692923138,1.2389012566026307,129.60884353741497
C9372,3,53,4,12.264393439100528,8.294346765767147,8.212025804623437,4.255746515933362,0.03704127168034908,4.0698616182034835,1.5046309901396135,57.54885993485342
C9373,1,8,3,12.662636362409208,9.26153082774269,7.565793282428515,4.179502370562408,2.9566448848459443,5.103452181385933,0.0,163.58911917098445
C9377,3,52,4,11.799652081118973,7.848791154899883,7.690743163541872,3.7625408980173276,0.01904819497069448,4.125643532843026,1.5135298395420582,60.90763603109282
C9378,1,7,3,9.97469131154246,8.029060505102679,4.770684624465665,2.8743714165497236,1.519825753744413,5.217904219900085,0.0,183.54700854700855
C9382,3,10,3,10.297756887883558,7.407958012444214,5.117993812416755,2.324563999712821,1.8101086078962514,5.19131561188905,1.4355205042826666,178.70481927710844
C9384,2,16,1,12.087671919142144,9.092046580906457,6.71901315438526,3.7459684210980635,3.4028626609812167,5.374505571167817,0.2863969571159562,214.83313180169287
C9386,2,4,1,9.495444123413163,7.193535544144321,3.7376696182833684,1.62924053973028,0.832909122935104,5.784875287436736,0.7219280948873623,324.3414634146341
C9388,1,29,2,14.96566952558202,10.958353435871095,9.883641924315421,5.87905907187502,2.176815705705012,5.088266099794899,0.0,161.10853820259103
C9389,1,6,1,10.621741893895802,8.830104317913793,5.176149732573829,3.41224721784874,3.245193133185574,5.455515346687825,0.0,233.04545454545453
C9397,9,100,12,13.978260160854896,9.259855613349648,8.223090551161533,3.533947218951858,2.072722591431091,5.75859770292392,2.0676011986553333,315.9036241610738
C940,3,74,19,11.928914996534605,5.965331153501193,7.238496840894365,1.5187835441659694,3.981214147856406,4.700264670353539,0.8095869615542738,108.97627606038822
C9402,2,11,1,15.938774468536117,11.634718109049919,10.786697085808159,6.484139961367007,3.9600406705247857,5.157868504885945,0.4941829348497886,172.79362027619283
C9404,3,4,1,9.433963808127244,8.047909303094851,3.58351893845611,2.277267285009756,1.6094379124341003,5.881330752697498,1.5,357.2857142857143
C9407,3,27,4,16.721174678253853,12.562295041772142,9.66801835153128,5.5131136763744175,1.783916291767029,7.054083796345363,1.0794391616491377,1156.576409542492
C9409,12,278,14,14.990510266489155,9.121322360545486,9.897419177134521,4.0457238752160265,2.132393064965361,5.099261028397821,2.7289265666767384,162.9007445417044
C9411,15,17,13,12.376671593580534,8.880298928560158,8.402455513945814,4.91310041926982,0.7519876805828787,3.9930517475809943,3.452596391692368,53.22010320843617
C9412,3,19,3,11.766768914800736,8.399690288932685,6.706862336602747,3.3732235296197493,2.2851933502821766,5.067440501724718,1.572704141545369,157.7674418604651
C9414,4,26,5,13.483723329533321,9.98726035767524,8.454040376410969,4.964326896280373,2.37842316938555,5.036412830184399,1.606092217172834,152.9168975069252
C9416,3,5,1,13.041734497965686,9.745953996736857,7.719573989259581,4.435216278002798,2.1113349054557897,5.327470657278714,0.45502065977946415,204.91648156374944
C9418,3,7,1,11.051318484991738,8.278967727677049,5.5134287461649825,2.799565309937983,1.490091154801534,5.545825640225747,1.2987949406953987,255.165991902834
C9423,11,151,12,14.189103777374536,9.071224209064527,8.442469645220301,3.359626603879659,2.139008894675318,5.7500367237274315,1.9847898294385733,313.20219874973054
C9426,7,78,13,13.833465400726238,9.344915461332771,9.022081222515475,4.544011713833751,2.422114418229796,4.819606617405792,2.0812942386122795,122.91633466135458
C9430,2,4,1,9.54552606707193,6.50243301781372,4.23410650459726,1.4441139320087168,1.2181574393178924,5.3307987926755445,0.2761954276479391,205.60294117647058
C9434,1,2,2,8.503094267036737,7.810149905664181,2.5649493574615367,1.9459101490553132,2.5257286443082556,6.02041636905775,0.0,410.75
C9436,2,6,1,14.333254991470056,10.619706759003394,7.8928255262511176,4.194079528006781,2.8114575911391544,6.442396207537886,0.9995708393473225,626.909600298842
C9438,2,6,3,14.087709381160904,10.175723698473545,9.06900719585954,5.162612184382661,3.26804686887465,5.025407192454099,0.9043814577244939,151.23223130975694
C9439,2,2,1,11.081219045656837,9.982637554173866,6.9411900550683745,5.844510134151319,2.772588722239781,4.156763219448404,0.9182958340544894,62.86447241045499
C9443,2,104,4,16.680056344595023,11.943864338198981,11.093858266443778,6.359376556668337,1.6006272827519457,5.589955414338354,0.4288109647301171,266.7236828100053
C9445,1,3,1,10.903714939282837,7.646078040360832,5.3471075307174685,2.201488976122677,1.3062516534463542,5.565198466633045,0.0,260.17703349282294
C9448,2,6,1,9.93022684972575,6.148128300285744,4.762173934797756,1.2909841813155658,0.22314355131420976,5.182219332891888,0.9256859869821298,177.07758620689654
C945,2,26,1,14.444883192150265,8.489250978163366,8.80492526261806,2.90522917405293,1.0092429761365755,5.643653592026996,0.1454942487821595,281.4929492949295
C9451,4,7,1,12.153114808665396,9.588228712314113,6.55250788703459,4.00453206295276,2.3978952727983707,5.605712776595505,1.5465935642949384,270.9757142857143
C9453,3,5,1,9.459775257244461,6.028123047593569,4.1588830833596715,1.1093075777848576,0.37267528528517346,5.321460191923912,1.0152448390958901,203.68253968253967
C9456,1,3,1,9.127067452782361,8.028672508170747,3.2188758248682006,2.1972245773362196,0.2876820724517809,5.951510231600949,0.0,383.3333333333333
C9458,2,2,1,8.766550149546351,8.07355881719057,3.1354942159291497,2.4849066497880004,3.2386784521643803,5.6787754186943,1.0,291.59090909090907
C946,1,9,1,8.993551586299981,3.8501476017100584,5.170483995038151,0.6931471805599453,0.0,3.8501476017100584,0.0,46.0
C9460,3,6,1,9.947504437952903,6.690603357336194,4.5217885770490405,1.5040773967762742,1.252762968495368,5.440941906297828,0.7732283485249177,229.65934065934067
C9462,1,2,1,8.951310542097564,5.862985305912143,3.828641396489095,1.11365016603265,0.46430560813109784,5.150332822158532,0.0,171.48888888888888
C9464,3,28,4,13.651998193997372,10.068520472088887,8.020270472819238,4.448191436865932,1.8236528330040087,5.635630138625703,1.5715416718219246,279.2354488655048
C9467,5,285,10,14.247041644107703,8.457293192318437,9.328656598794225,3.5672472768884815,2.0400679116365863,4.925756934012701,1.878200465016424,136.79360284318082
C9469,2,3,1,10.290618953955788,7.246775287682149,4.941642422609304,2.030651377510404,0.8873031950009028,5.360819192727635,0.2761954276479391,211.89928057553956
C947,1,9,1,9.070503426788383,3.8501476017100584,5.247024072160486,0.6931471805599453,0.0,3.8501476017100584,0.0,46.0
C9471,3,20,4,12.682859466822713,9.31565054153908,6.152732694704104,2.843304247038179,2.8412941961101548,6.5337082575062855,1.2170163386123156,686.9445628997868
C9473,2,9,1,13.847544934219025,11.208500194677269,8.0861025356691,5.4510384535657,2.5199979695992702,5.76488993169036,0.940285958670631,317.9039408866995
C9475,3,22,4,12.447091477805202,9.269128013459271,7.547501682814967,4.381505665659755,2.6855773452501515,4.907531586911694,1.2806721295208872,134.30501319261214
C9477,2,5,1,13.30453825677501,9.1615068735345,8.0702808933939,3.9463477479692206,3.1451096746285914,5.239883415089801,0.11759466565886476,187.64810760087582
C9479,2,7,1,12.41417565280962,9.64164783796828,7.335633981927201,4.572776118177087,2.474435349920705,5.085395369305365,0.6962122601251458,160.64383561643837
C9481,2,5,1,12.36634881191388,9.275395804946356,6.7464121285733745,3.6797469705506636,2.0088239744658827,5.6247222906840815,0.9456603046006401,276.19529411764705
C9485,3,5,1,10.000205831412565,7.602764361490016,4.31748811353631,2.044755983691946,1.69644928942373,5.699448773399083,1.3221793455166666,297.7027027027027
C9487,2,2,1,8.679992081721329,7.9870148391344316,3.091042453358316,2.4423470353692043,2.1400661634962708,5.638862928556885,1.0,280.14285714285717
C9489,5,269,8,14.694236900223673,9.05244652501901,10.199286593089857,4.56777758804751,1.0031838985675305,4.506090047523549,1.6310506808601646,89.56701261019975
C9493,15,146,12,15.205602947434707,9.942960575426977,9.483872808823522,4.235682194287366,2.3993073699970076,5.725074407241424,2.6693798630651773,305.4560669456067
C9495,2,8,1,13.085300973425223,9.278729802169796,7.645875825184813,3.8600277103097658,3.9478190577000634,5.444231720258887,0.5032583347756457,230.41941654710664
C9498,15,137,11,14.084207039254933,9.12147094438646,8.53089883847235,3.5956824246493073,2.0950533071519493,5.5573711059671815,2.3846177039321557,258.1406866614049
C95,4,59,12,11.309694828987896,7.216072965033989,5.8944028342648505,1.9506607518139112,2.6821624301500826,5.422464393821305,1.0518384134835816,225.4364640883978
C9500,3,9,4,14.564879741846436,11.9258285568524,8.780326390946605,6.143265529782248,2.807680042051051,5.787776114388373,1.2870540281187268,325.28659286592864
C9502,12,122,14,13.965379512847651,9.052840831164325,8.052296499538647,3.181723559236908,1.8361046617556271,5.916099906205896,2.2253774424896196,369.96210191082804
C9504,2,5,1,10.939514966012617,8.860197618181797,5.680172609017068,3.624340932976365,2.7245795030534206,5.2679111162827335,0.954434002924965,193.01027397260273
C9506,1,3,1,10.202851129761747,9.104312967330653,4.770684624465665,3.6888794541139363,3.5361166995615263,5.444967459699852,0.0,230.5897435897436
C9510,3,33,5,12.691226552539707,9.10781533870878,7.585788821732034,4.01988040128456,2.6567569067146595,5.111984728881886,1.2445366211768707,164.99949212798376
C9512,1,2,1,13.03959462410915,10.14925979941061,7.415175109613295,4.534986129130987,2.9056859928692074,5.628619574930523,0.0,277.2777108433735
C9516,2,3,1,9.427143867544194,6.3377906717166494,4.204692619390966,1.3862943611198906,0.6225296133459919,5.242708553595264,0.26676498780302604,188.1818181818182
C9518,6,130,10,13.775195726481767,8.62787926850651,9.363233118079325,4.23030758904966,2.581801197497028,4.424104727792668,2.365684692309481,82.43807398506566
C952,2,61,10,11.569419213524693,7.426870260417863,6.1092475827643655,2.095189898647975,2.6855773452501515,5.46662131226268,0.7918583525674836,235.65924276169264
C9521,3,62,4,11.780323194119303,7.653655574968986,7.617267813628347,3.5196970063853907,0.2166710368085923,4.178972441487667,1.483120215737592,64.29872047244095
C9524,1,1,1,7.969703583278656,7.969703583278656,2.0794415416798357,2.0794415416798357,0.0,6.025865973825314,0.0,413.0
C9527,3,10,1,13.705553940839424,10.304388929313031,8.685246776412487,5.2889402047354395,3.217541601855064,5.027054819929649,0.9851717468169148,151.4832600608725
C9529,11,113,12,14.02365660685644,9.236261497927583,8.265650165580329,3.5083063678540984,1.989015249590137,5.761414482609133,2.174951138849724,316.79753022896836
C953,1,11,1,11.14414902092911,5.942756110368004,5.655991810819852,0.942322570592102,0.1986706947954841,5.495757970494134,0.0,242.6561403508772
C9531,11,128,13,14.989192285000724,9.64214938050331,9.701860844684168,4.367456721390142,2.651227865235514,5.292434494085399,2.8068187818250765,197.82687954976447
C9533,2,2,1,8.782936356349264,8.089942491236151,3.091042453358316,2.4423470353692043,1.9459101490553132,5.741475770374906,1.0,310.5238095238095
C9535,2,37,4,11.399868742677931,7.488394237562973,6.104793232414985,2.2965670206684825,1.551808799597464,5.302291561870124,0.9709505944546688,199.79642058165547
C9537,3,24,4,12.277676771389617,9.058912648203574,7.440146680662688,4.235265253278478,2.9231615807191558,4.846003583800007,1.2177968115985955,126.23090481786134
C9539,1,1,1,4.110873864173311,4.110873864173311,0.6931471805599453,0.6931471805599453,0.0,4.110873864173311,0.0,60.0
C9540,12,123,14,14.402684257263578,9.333867882785409,9.06647000155648,4.015646163697651,2.2268308705290503,5.341131139873328,2.887572859947711,207.7487007737614
C9542,3,8,1,10.97775591781472,7.646012390565701,5.4680601411351315,2.243744592971112,0.8873031950009028,5.517929265183097,1.0270582666007906,248.11864406779662
C9544,6,31,8,12.678205256884352,8.415743640802942,7.5740450053721995,3.3466866609128965,3.567745740779016,5.110720873403367,1.7732269786172794,164.78982528263103
C9545,14,387,12,14.403696587554144,8.39265540843947,8.748939631537715,2.8002360757540776,1.4892623109911334,5.65840920146578,2.1814218829365637,285.6922100587022
C9547,1,4,3,9.207135241027235,7.821141797708902,4.04305126783455,2.70805020110221,1.6094379124341003,5.187286040289717,0.0,177.98214285714286
C955,1,9,1,9.070503426788383,3.8501476017100584,5.247024072160486,0.6931471805599453,0.0,3.8501476017100584,0.0,46.0
C9550,4,24,4,12.646428593584748,9.35067541901658,7.59488438721652,4.312041207274179,2.6805140432936048,5.058420008130192,1.4897221636136737,156.34172118772017
C9553,1,1,1,8.003697339094368,8.003697339094368,2.1972245773362196,2.1972245773362196,0.6931471805599453,5.926592637069173,0.0,373.875
C9555,2,2,1,13.35150649527287,10.786576222782397,8.102283624480073,5.540961840524972,3.142160907287339,5.254760455605486,0.3912435636292556,190.47561345046955
C9558,4,24,5,12.581013251925787,9.285265734842802,7.53955882930103,4.25744973959609,2.790937860907978,5.048422902285253,1.4536769856038911,154.77659574468086
C9560,11,205,15,14.17501549369606,8.76352508859022,8.474494436883122,3.108343226863199,1.8772816426662169,5.704067054897051,2.545956452324213,299.08538622129436
C9562,1,3,1,9.353574540062091,7.744483188019607,3.5263605246161616,2.028148247292285,0.6931471805599453,5.8598361046295455,0.0,349.6666666666667
C9564,3,10,3,10.262908722142885,7.373130156510744,5.598421958998375,2.7691104578634564,1.2992829841302609,4.677508137986233,1.3516441151533922,106.50185873605948
C9566,2,4,1,14.224233686289391,11.04619513928297,10.12426831466115,6.9471362357059885,1.6894806201076369,4.1164415715163685,0.5435644431995964,60.340577385725744
C9568,2,5,1,11.709462172722448,8.451571006403931,6.721425700790643,3.493004930915278,2.290979546873738,4.9960215935493935,0.2351933818192415,146.8238841978287
C9570,5,47,6,12.48770772169685,8.596068498948021,7.587817219993427,3.72002210146979,1.9661128563728327,4.907809529489036,1.7934816898880834,134.34262544348707
C9572,1,2,1,13.002022322805423,10.804815791409657,7.121252453244542,4.930469122011179,3.5393477201429726,5.884362193764786,0.0,358.373484236055
C9574,11,136,16,14.702275667046441,9.560682145767407,9.367942232479672,4.24069547927158,2.1342010440438726,5.339229567148243,2.716042555796037,207.35212711430034
C9578,2,2,1,8.68185981297147,7.988882253309227,2.772588722239781,2.1400661634962708,0.0,5.976181690243465,1.0,392.93333333333334
C958,11,289,21,13.378769929897572,7.4497609886354255,7.95892649305011,2.152504134788488,2.023377647533237,5.424608010203482,2.064941311044984,225.9223776223776
C9580,3,19,4,12.570743536510065,8.9599506125823,7.6236419465115715,4.03016633653069,2.1605232104857914,4.9546624277564035,1.3569053052618838,140.83471882640586
C9582,2,17,3,12.355100224658662,9.359449794564023,8.390268497842571,5.398841204314336,2.34660197841082,3.9838438828132667,0.7219280948873623,52.72314331137861
C9583,3,25,4,12.556268143121082,9.122386615602682,7.54274354536855,4.124529538560498,2.6181019644392705,5.020673116615899,1.279798638034158,150.5132555673383
C9585,2,14,4,13.399404030256115,9.78854069382759,9.29771001811309,5.6900854942292005,1.5764678931965306,4.118191921040683,0.9090221560878149,60.44803885630498
C9587,5,362,7,14.400494409763995,8.49261591184867,9.712932190815069,3.826808432191719,0.8157495026522776,4.696788576097624,1.905332334216427,108.59465182406679
C9589,2,5,3,11.342860488481676,8.165079258805068,6.38856140554563,3.248434627109745,2.6567569067146595,4.962985893150381,0.99498482818597,142.02020202020202
C9591,1,1,1,8.182000136293405,8.182000136293405,2.1972245773362196,2.1972245773362196,0.6931471805599453,6.104514175625118,0.0,446.875
C9595,4,70,6,12.938810663046826,8.595187849220714,7.749753406274437,3.4381678125807005,1.8767847482460553,5.195045186041024,1.8541985824950347,179.37629310344826
C9597,3,22,4,12.5781016108845,9.210902283040104,7.604396348796338,4.250955267890221,2.543500814054053,4.981090449882921,1.2921642625537564,144.6331006979063
C9599,1,2,1,12.73797655318462,10.173062444225025,7.571473648851271,5.012684475141191,3.26693311982198,5.172700402618099,0.0,175.39052035033487
C96,1,1,1,7.521859252201629,5.328954336009927,2.8903717578961645,1.0608719606852626,0.9382696385929303,4.69726665118932,0.0,108.6470588235294
C9605,2,2,1,8.987196820661973,8.29417463229018,3.332204510175204,2.6741486494265287,2.970414465569701,5.694604684822533,1.0,296.25925925925924
C9607,9,37,5,10.863374028527929,7.253145163876362,5.814130531825066,2.3052841499632106,1.1765738301378217,5.058588685875993,2.031275402464356,156.3682634730539
C9608,2,5,3,9.285540604539118,6.72170369736381,4.02535169073515,1.65455834771457,1.3862943611198906,5.2832037287379885,0.8904916402194913,196.0
C961,9,128,22,13.200172207214209,8.058823149283173,7.899524472032198,2.819009051885457,2.2741134189127337,5.305991002736083,2.819769983358583,200.54063079777364
C9610,2,14,4,19.22664048557868,15.02194816098264,13.937904281378337,9.733270057077954,3.5962894518667743,5.293772517036716,0.8602858652332408,198.09309253776772
C9611,1,2,1,8.509967146324497,5.518055124727414,3.4657359027997265,0.9360933591703349,0.0,5.082005266354572,0.0,160.09677419354838
C9615,12,272,14,13.39012841601575,7.690140730857735,8.306965865368573,2.6774875506920432,1.5394890179297829,5.089587458042817,2.786917016449364,161.32288323870648
C9617,3,6,1,10.544077482357398,8.464820367177538,5.552959584921617,3.5002882843063863,1.7707060600302227,5.001724111857055,1.4056390622295665,147.66926070038912
C962,10,127,24,12.82693672630504,7.8505898944887615,7.259116128097101,2.3789073605536792,2.0344802449297927,5.57233074231737,2.6702922066755526,262.04647887323944
C9621,1,2,2,10.92888377887298,9.542643214455364,6.023447592961033,4.6443908991413725,3.6041382256588457,4.915203747704004,0.0,135.34708737864077
C9623,2,4,1,15.283460018462955,12.798555903043585,8.361474616416817,5.879135362134062,2.662587827025453,6.923204053474738,0.8112781244591328,1014.5687237026648
C9625,4,47,4,12.640960624311509,8.652148107387491,7.6708948313621175,3.7063190883992925,1.7313277300431371,4.977444375090384,1.7984409888989021,144.10307835820896
C9627,4,249,4,14.493989179316968,8.880999580351823,9.22078562983772,3.634315353539615,1.8026488690273232,5.278415565688241,0.602138792348521,195.05898653998418
C9629,3,26,4,12.607389160112005,9.206288842269387,7.491645473605133,4.106492696157749,2.766319109226186,5.1222784876934915,1.2832547532764529,166.71707589285714
C9631,4,23,5,12.611484418882732,9.3157342204118,7.491087593534876,4.209655408733095,2.7977329040408065,5.126904269776011,1.6810460777304699,167.49469570072586
C9633,3,21,4,12.347559186885768,9.212160453752427,7.437206366871292,4.314585353878349,2.5913535316580476,4.918276167159452,1.2646726793957221,135.76664702416028
C9635,13,162,13,14.665496943882824,9.328047336363152,9.013473543740192,3.7008270275350545,2.4960621439597857,5.655648573423536,2.5910460504736554,284.9018509498295
C9637,2,2,1,9.58417720462617,8.485702524324866,4.04305126783455,2.9789251552376097,1.791759469228055,5.5626028611934215,0.9182958340544894,259.5
C9641,3,4,1,12.138029323078811,8.960098582498247,6.804614520062624,3.6517399071644796,2.173804303128121,5.339329354117249,1.1752835873133534,207.3729189789123
C9643,1,1,1,8.085794701281568,8.085794701281568,2.1972245773362196,2.1972245773362196,0.0,6.008506012962834,0.0,405.875
C9647,8,51,10,13.60287411316796,9.577590451536926,7.237059026124737,3.250512909811383,2.224623551524334,6.368250163891611,2.1737650218159645,582.036717062635
C9649,3,6,1,12.832438792399769,10.059890159157566,7.347943823148687,4.584967478670572,2.6479462770325046,5.489275809070081,1.014097655573916,241.0818298969072
C9651,2,5,1,12.281402727745943,10.201993645844967,6.476972362889683,4.408242476804775,3.46182200347859,5.808970402232039,1.0,332.2758089368259
C9655,4,27,5,12.641336009409246,9.240232452007847,7.551186867296149,4.165113633110308,2.325650365925042,5.09680655897283,1.4384323354415096,162.49894847528918
C9657,1,1,1,8.05579245097777,8.05579245097777,2.1972245773362196,2.1972245773362196,0.0,5.978569259122249,0.0,393.875
C9659,2,8,1,15.215072514005069,12.27063797551891,9.134646527606982,6.19214720422108,3.360009823255541,6.082817953624082,0.8314743880097293,437.2624595469256
C9661,2,9,4,11.557535475888697,7.920303110611429,6.464588303689961,2.88303496783231,2.7476082392713397,5.100608133591206,0.9980008838722995,163.1216848673947
C9663,3,5,1,10.703581490007771,8.305910835359493,5.602118820879701,3.240459396535375,2.4462918136602205,5.11118425275686,1.0957952550009338,164.86666666666667
C9666,5,267,5,14.29993840617549,8.676090915216012,9.466686564118111,3.8638030757560284,1.4891246025197493,4.8412570842678475,1.4922663293794738,125.62843433170808
C9668,2,2,1,9.049114723476961,8.35608503102148,3.4339872044851463,2.772588722239781,3.2188758248682006,5.65131890512046,1.0,283.6666666666667
C967,2,56,10,11.553155284189295,7.410615933093831,5.932245187448011,1.9413646866836387,2.5794950684639155,5.627161801120363,0.8412367762002599,276.8723404255319
C9670,1,14,4,10.312346893712308,7.673721335862563,5.087596335232384,2.5257286443082556,1.1676051601550612,5.2362437140270535,0.0,186.96273291925465
C9671,5,3,2,8.860499167616016,7.25162863108366,3.4339872044851463,1.9459101490553132,1.4816045409242156,5.463407986413629,2.3219280948873626,234.9
C9673,2,36,3,12.378339657707562,8.689624332228759,7.643961949002529,3.9735883610863008,2.3978952727983707,4.743597933164398,0.9837082626231858,113.84666986104456
C9676,12,148,12,15.404131697029863,10.250875225517673,9.754349289532406,4.6109913603178,2.250378695514595,5.653352151440768,2.082143157455082,284.2460529370792
C9679,4,256,6,14.815303115551155,9.247054643632966,10.480522176412455,4.919479323476796,1.2775353715029527,4.347827911409805,1.3836923790072702,76.31035547818274
C9681,1,2,1,8.731820582962108,7.123027935915777,3.6109179126442243,2.1041341542702074,2.580216829592325,5.1539336490944745,0.0,172.11111111111111
C9683,4,27,5,12.702069869989563,9.038623920199779,7.581719640125308,3.937340813412436,2.526753759723501,5.126810147411557,1.7664688782739717,167.47883732789393
C9685,4,26,4,12.595245756861361,9.194146624831271,7.4798641311650265,4.094899963513801,2.90507790528586,5.121925119247061,1.4599344207871632,166.65782044042913
C9687,9,113,12,13.994914529408971,9.174735758009609,8.213923595622743,3.4264143781135203,1.877986488510376,5.78434106532825,2.1523532272338706,324.16770522893523
C9689,2,5,1,9.95408560529922,8.344837806934132,4.110873864173311,2.5649493574615367,1.5686159179138452,5.862541567038723,0.7219280948873623,350.6166666666667
C9691,3,52,4,11.873532667436566,7.922644484584995,7.774435510302958,3.844402817753167,0.0,4.115955444962589,1.5135298395420582,60.3107653490328
C9692,14,95,8,14.122759200441145,9.369253584544806,8.006367567650246,3.2903942401151887,1.9347645228403971,6.118927526590061,2.996655850418705,453.3771257085695
C9696,12,123,15,13.519399729809843,8.621738748219617,8.432941638968646,3.5636292426929645,2.3305486516226925,5.092833874915348,2.6300120684819017,161.8507072905332
C9698,1,1,1,8.59044365315583,7.897482328929474,2.9444389791664403,2.302585092994046,3.4011973816621555,5.703226764722478,0.0,298.8333333333333
C970,2,11,1,14.576006058477288,10.327543068905939,8.585972706811063,4.350277936359301,1.6037072377251154,5.992719594873551,0.18717625687320819,399.50233426704017
C9700,6,32,10,12.85651063526794,8.390826872829354,7.883069351305753,3.4490748871938104,3.2629477051979596,4.9807087139347015,2.099426059051618,144.57751791776687
C9702,2,2,1,8.927446816256198,8.234432323283524,3.295836866004329,2.6390573296152584,2.1972245773362196,5.672662197536788,1.0,289.8076923076923
C9704,2,9,1,12.950409490108228,8.48470562176073,7.570443252057374,3.147910566154045,2.20738984911307,5.385074499427351,0.9489804585630239,217.1263537906137
C9707,2,9,4,11.430608506481011,8.211993239642728,6.4425401664681985,3.261168737058452,2.244955980157409,4.9964360770886636,0.8554508105601307,146.88516746411483
C9709,2,4,1,9.902487052202545,8.516342829961399,4.290459441148391,2.9444389791664403,2.1972245773362196,5.629368187786649,1.0,277.4861111111111
C9713,3,51,5,11.641529739258194,7.7101436708448094,6.656726524178391,2.787187521660934,2.3689601619389182,4.992889751608784,0.5990326006132177,146.36164736164736
C9714,3,52,4,12.546835663568542,8.595773291539095,8.524367395164237,4.583199826241338,0.2534489008095387,4.040410106421818,1.5135298395420582,55.849652432969215
C9715,2,5,3,9.145054905277552,6.661321776720938,3.9512437185814275,1.6582280766035324,1.5926307941177191,5.218552398079174,0.6500224216483541,183.66666666666666
C9717,1,2,1,8.506940814951886,6.428912701069197,2.995732273553991,1.2163953243244932,1.0560526742493137,5.56613233594091,0.0,260.42105263157896
C9718,3,6,1,11.951006187179539,8.955396508112175,6.182084906716632,3.224857896545748,2.1041341542702074,5.774094926000233,0.747584679824574,320.85300207039336
C972,5,102,12,12.509143205517356,7.865132585756687,6.620073206530356,2.1043686483503063,2.353205083840554,5.893162579945772,1.6360207676155654,361.5500667556742
C9720,3,53,4,11.771351214429004,7.8014607987782725,7.633853559681768,3.688407644716177,0.10724553035359762,4.153803043016053,1.5046309901396135,62.675701839303
C9721,3,24,5,15.222317588358512,11.821127309469194,11.345441287830552,7.944586722109148,2.705825506080099,3.89739143029402,1.4294732983598408,48.273747310175224
C9723,1,2,1,10.428363999524779,9.735246399950178,5.062595033026967,4.375757021660286,2.9444389791664403,5.376722281050977,0.0,215.31210191082803
C9725,10,140,14,14.075943728299897,9.02620717515296,8.365206834418355,3.350803367910749,2.310883895808741,5.714272979108015,1.9321542885925282,302.1637168141593
C9727,7,64,9,13.966247704022974,9.381363649025594,8.413608875159667,3.8499304700188355,2.5859209998419335,5.556728683243163,2.6226484815011673,257.9742622587087
C9729,11,137,13,18.66905569731798,13.321949796940048,14.229564674707236,8.882595276171909,2.8016272782197,4.451224512273876,2.699959567084918,84.73185946813419
C9733,4,26,9,12.51958327051404,8.408928645290137,7.643961949002529,3.561418591455444,3.5780394726914846,4.883694497943064,1.3440204002065297,131.11787254432198
C9735,2,30,3,12.877500663412718,9.443590102745901,7.709308333385869,4.288690311982857,1.5004867286455457,5.1743146810619765,0.8238116333123173,175.6754937163375
C9737,2,2,1,8.837536046107568,8.144534035033251,3.091042453358316,2.4423470353692043,1.9459101490553132,5.795913001543147,1.0,327.95238095238096
C9739,1,3,1,10.921702904132209,9.130033740588958,5.288267030694535,3.521446509813732,2.762117422372486,5.642033066528435,0.0,281.03553299492387
C9741,3,6,1,9.945492846681159,6.614581966756072,4.48863636973214,1.4213856809311607,0.8109302162163288,5.472318418902929,1.067689823649457,237.01136363636363
C9743,14,155,16,14.092300273495626,8.866693859520945,8.447628728030327,3.260781103392151,2.097424044230268,5.648414537288198,2.8252861450540925,282.84108942740727
C9745,2,8,3,9.527775402577312,7.331133066887817,4.204692619390966,2.120263536200091,1.3581234841531944,5.342841590261615,0.9182958340544894,208.1060606060606
C9747,1,7,1,10.946340448277997,9.00053602795809,5.53338948872752,3.6109179126442243,3.633819676930909,5.421324826341226,0.0,225.17857142857142
C9749,4,7,1,11.040999990161794,7.486196826677753,5.730099782973574,2.2794626755731917,1.580450375560848,5.3190456686154555,1.40466533309445,203.1889250814332
C9751,1,1,1,8.016977746762262,8.016977746762262,2.1972245773362196,2.1972245773362196,0.0,5.939842251236957,0.0,378.875
C9753,2,3,1,9.144414221860016,6.10202580116498,3.912023005428146,1.2039728043259361,0.5663954749208014,5.257707934468798,0.2761954276479391,191.0408163265306
C9755,10,102,10,13.793377417129808,9.130045667145225,7.66105638236183,3.045869239273802,1.2923982753527636,6.1349590956201405,2.041671685765293,460.72020725388603
C9756,3,14,3,10.288851988937289,7.198523493485786,5.0106352940962555,2.0506211031443438,1.5040773967762742,5.2899265572637395,1.539484756931502,197.3288590604027
C9758,2,5,1,14.592656457011998,11.648225752703231,8.684231891345675,5.742834482621398,3.1802444117277644,5.911305676628228,0.6292492238560347,368.1878808395396
C976,1,9,1,9.070503426788383,3.8501476017100584,5.247024072160486,0.6931471805599453,0.0,3.8501476017100584,0.0,46.0
C9762,14,129,13,14.452120190730582,9.3708004754709,9.252441547994819,4.186261073610989,2.285040783343136,5.205276639503167,3.020590078434643,181.2312781666507
C9764,3,9,1,11.12307776775714,8.484212397978567,5.568344503761097,2.977713768051313,2.5704288232261625,5.562389573360684,1.530618994848517,259.44444444444446
C9766,2,12,1,13.239292715431231,9.773611969289773,7.117205503164344,3.676300671907076,2.9558863650067915,6.1250864896100135,0.8960382325345574,456.18425324675326
C9768,15,139,11,14.569099755434099,9.445214375529021,9.248214024404264,4.140201479267831,2.162227735299123,5.325857594796594,2.813076490206409,204.58459316321617
C9772,2,29,2,10.10176447612021,6.735616187243271,5.19295685089021,1.970242249714844,0.0,4.921651429608535,0.8497511372532974,136.2290502793296
C9774,2,7,1,10.206403005628498,6.470246498183152,4.997212273764115,1.5040773967762742,1.7133688352823322,5.221348162113283,0.9736680645496202,184.18367346938774
C9776,13,130,13,14.021329704650233,9.094187528573197,8.183955717304954,3.2942252621099875,2.153614211533577,5.840563745413873,2.308644389699707,342.97319932998323
C9778,2,2,1,8.956479847999912,8.263461558334004,3.367295829986474,2.70805020110221,3.597312260588446,5.627749574092895,1.0,277.0357142857143
C978,2,63,10,11.664968210378253,7.491130518437765,6.023447592961033,1.993129220992704,2.820462715937434,5.647468935105837,0.8051250074646823,282.5728155339806
C9780,4,32,7,12.964930316453392,8.80619470552191,7.83399634170946,3.6997575722611193,3.3710602872419164,5.1372190737809165,1.6533836788106109,169.24167987321712
C9782,4,116,7,13.854493742909964,9.002585615925236,9.353834471614912,4.512746461360985,1.4056373239630215,4.511784509057091,1.8455308850647982,90.08421417431988
C9784,2,3,1,11.764096549644597,10.377825524930667,6.07993319509559,4.700480365792417,2.224623551524334,5.68983241241203,0.8112781244591328,294.8440366972477
C979,2,25,1,14.468765519961638,9.140996017089561,8.362175469149628,3.0810634371864025,3.434300340545322,6.109048232520903,0.3939152573634121,448.9103013314646
C9790,3,24,5,12.703372203114442,9.445351683550278,7.48605261786314,4.24188000293064,2.8687726460927028,5.223281743331863,1.3143204867061786,184.54208754208753
C9793,8,162,17,14.395730332693837,9.148812052474286,9.216223035134337,3.987813771416084,2.4055216205334347,5.185220589126607,1.868817093383302,177.6128454961225
C9797,10,105,13,14.573881181299406,9.769916814875305,9.329100707697025,4.535767394429813,2.3622449294003816,5.250129463256643,2.5738443805403866,189.59094138543517
C9799,1,1,1,8.11312710422178,8.11312710422178,2.1972245773362196,2.1972245773362196,0.0,6.035780430882493,0.0,417.125
C980,13,199,26,13.370358748147025,8.05746798629561,7.753194269884341,2.5231637815033365,1.8946538923906877,5.621219172179673,2.5277053864792918,275.22594501718214
C9801,1,2,1,9.746541302073402,8.648045999835,4.189654742026425,3.120895416507997,0.2876820724517809,5.575890826389984,0.0,262.9846153846154
C9803,3,78,4,11.877533855733086,7.521359626910197,7.68937110752969,3.367295829986474,0.025317807984289873,4.20366699931378,1.4034099330298797,65.93131868131869
C9804,4,23,4,12.665852312739144,9.333733041002738,7.526178913346146,4.208417018481948,2.2809235962128662,5.146048562679671,1.6261657144267416,170.75148247978436
C9806,1,14,4,10.649250902099034,8.010501866788701,5.236441962829949,2.6642475784438173,1.8152899666382492,5.42254424246381,0.0,225.45454545454547
C9810,2,5,1,15.683764292739014,12.100250758024623,10.509741530941705,6.927176569962307,4.032764623124275,5.1796955042635755,0.1831220683013728,176.6287155713117
C9812,2,23,3,12.497693201961823,9.201953447994981,7.699389406256737,4.415264385835829,2.6728706939810367,4.806959517062235,0.9910760598382222,121.35902085222122
C9814,2,3,1,10.249980838867721,7.206165314788894,4.867534450455582,1.9661128563728327,1.5705980791178364,5.394684070486561,0.2761954276479391,219.2325581395349
C9815,2,7,1,13.09797231934182,9.632299945363194,7.665753431861699,4.214439737636864,2.186753277468924,5.4370473654946885,0.4488644887230295,228.76277543366152
C9818,4,28,7,12.662468482306881,8.60220602091546,7.636752112435779,3.6034342481570514,3.482300534822131,5.032737997080109,1.6044404439813447,152.3523166023166
C9820,13,136,12,14.146982456564002,9.090848632092921,8.316300249036848,3.2974868369148935,1.993876714920751,5.833857076109418,1.7907599545085902,340.67400342382
C9822,2,8,4,10.899310092366012,7.680877472616698,5.8971538676367405,2.7421295147550726,1.6094379124341003,5.011571494842004,0.9043814577244939,149.1404958677686
C9825,11,120,16,14.489346980240642,9.465543428562643,9.308192772143688,4.2979117764240495,2.0201523764284084,5.186849649209367,2.481436867226085,177.9040536864061
C9827,3,23,4,12.84963296964566,9.553864405704605,7.493873886783559,4.212401908674334,2.652198123176317,5.361020267439533,1.305803563478725,211.94209354120267
C9829,3,24,4,12.549023848249096,9.083397938690219,7.630461261783627,4.179661796628907,2.3513752571634776,4.926324140355933,1.2261134199863004,136.87178241864984
C983,2,2,1,8.906122330884303,8.213110697596676,3.1354942159291497,2.4849066497880004,1.9459101490553132,5.8179225190340835,1.0,335.27272727272725
C9833,2,41,1,15.991856689519075,11.585146632093922,10.588224465736102,6.183545238823976,3.3075118975848325,5.408147319169959,0.9844961311800012,222.21765328761597
C9835,4,8,4,8.647168267837984,6.1641916125081755,4.189654742026425,1.8588987720656835,2.803360380906535,4.483958201276484,1.7924812503605778,87.58461538461539
C9838,1,2,1,8.37378460812088,5.668960959714165,3.4339872044851463,1.0986122886681098,1.5260563034950492,4.9792592861806115,0.0,144.36666666666667
C984,2,65,9,11.515581933431438,7.326575256952103,6.0063531596017325,1.9652033519899923,2.953962860677696,5.51571605261693,0.8849636363831529,247.5679012345679
C9840,10,114,13,13.894279223621607,8.97442398839883,8.252185436003328,3.367044099336938,1.9675716458364927,5.645891834831988,2.3369072285732195,282.1259452411995
C9842,2,3,1,9.208238163884312,6.9065545584056185,3.5263605246161616,1.4586150226995167,0.7419373447293773,5.714932205953003,0.7219280948873623,302.3636363636364
C9845,4,43,4,12.629168088574474,8.779171129223366,7.601402334583733,3.773982983951231,2.108277091319723,5.034791177307326,1.6943230454068214,152.6675
C9847,3,20,4,12.490138186207412,9.312170914603742,7.529406457837013,4.363629269534165,2.69406395912747,4.9682448123961205,1.325011210824177,142.77431488447073
C9849,12,115,12,14.056917513362485,9.228701176030883,8.139440521874608,3.3466707956407866,1.823258136287426,5.920455634266765,2.138951536410316,371.5814360770578
C985,9,274,30,13.716409301099771,7.58786467677879,8.158229916959494,2.152420647834622,1.4773371797121069,5.562311969536964,2.3417620180141716,259.4242337439129
C9851,5,47,8,12.881824399160937,8.416135029314917,7.909489492673759,3.4746757084496602,3.211955382023627,4.979600237407506,1.9135421485018413,144.4162380602498
C9853,3,5,1,16.536616428377943,12.899032703320588,11.924763555749161,8.287422465653583,4.093905869519299,4.62174375070996,0.6567431466322969,100.67116681461069
C9855,1,2,1,9.193906065512758,8.095497070197656,3.58351893845611,2.538973871058276,2.4277482359480516,5.642008382928474,0.0,281.0285714285714
C9857,9,103,15,13.759790638406907,9.014979035152672,7.865955413933502,3.1638226104199965,2.0120002608843035,5.896969365110378,2.433928630483462,362.93284727551804
C9859,3,78,4,12.144697116853738,7.78839757617839,7.903965634032166,3.5752943256717926,0.012739025777429757,4.255384748382022,1.4034099330298797,69.48393055042483
C986,2,11,1,11.995296057115699,6.703212776129998,6.63200177739563,1.5704985667284619,0.8867118289280803,5.369274885566454,0.045606475941826236,213.70712401055408
C9860,8,358,10,14.388321759378982,8.407130278774993,9.721005982940808,3.7630189914260392,1.2242209651558833,4.676728249621328,2.2929572856694165,106.41805197143371
C9862,3,4,1,12.908739371099081,9.864266458430393,7.118826249062078,4.090368413842461,2.4485390056171252,5.7937718100255315,0.5489544344250401,327.24878444084277
C9864,1,2,1,8.69483715865908,5.753407711943055,3.58351893845611,1.0445450673978338,0.23361485118150516,5.145166187053862,0.0,170.6
C9866,1,2,2,11.130082534898344,9.184260368833042,6.1779441140506,4.244405256797834,3.405947984420753,4.961229555884609,0.0,141.76923076923077
C9868,1,1,1,7.998335395952982,7.998335395952982,2.1972245773362196,2.1972245773362196,0.0,5.921243242834913,0.0,371.875
C9870,3,53,4,11.959852362885988,7.989892981183249,7.86403565907245,3.913531301340031,0.01869213301215255,4.112693700890297,1.5046309901396135,60.111111111111114
C9871,3,6,1,9.849506438669614,8.058010800802085,4.143134726391533,2.4277482359480516,1.7635885922613586,5.725586050437383,1.584962500721156,305.61290322580646
C9873,2,14,3,10.799698018576091,7.709083992386611,5.676753802268282,2.6551607371818373,1.4307461236907244,5.132274953664957,0.9940302114769566,168.4020618556701
C9875,10,140,14,14.478395418872324,9.330989065152977,9.275472466913964,4.143872733805103,2.258608904423562,5.208501016636991,2.4691529456408285,181.8198088455772
C9877,3,28,5,12.9407527678275,9.385486245021042,7.592366128519796,4.054018476464798,2.2192034840549946,5.353630823530865,1.4831261215117915,210.37436932391523
C9880,3,28,4,12.811456348161652,9.097993448485735,7.63433723562832,3.9399228429569453,2.717759015229171,5.183225734840168,1.5683637920859685,177.25689404934687
C9881,3,18,4,12.390487842462628,9.299532702290529,7.450079569807499,4.371172486409873,2.6422988235394294,4.9481078061619135,1.3485878960124225,139.90808609656779
C9883,3,1,29,10.31516664711076,4.111069393079624,6.300785794663244,0.7330940407707977,0.04661037844162312,4.034045408268588,1.0500222755369237,55.4889705882353
C9884,1,1,1,15.567792961183462,12.677424150705104,8.784009071186633,5.8962376971649615,4.170962609014273,6.7850680614491194,0.0,883.5402879901961
C9886,2,10,3,10.24231415831108,7.409670736618372,4.852030263919617,2.1365999555197845,1.37147927533475,5.402606442277315,0.9774178175281716,220.98425196850394
C989,3,89,10,11.81649811083941,7.306302742369611,6.352629396319567,1.9874226429595838,2.2959698538753264,5.469825873158558,1.3854655430599514,236.41884816753927
C9890,4,37,4,12.904863868475204,9.033779689435201,7.826044013518965,3.9734316335567894,2.347399108783838,5.085422139673196,1.7446805903417861,160.64816293929712
C9893,1,1,1,8.028129059431759,8.028129059431759,2.1972245773362196,2.1972245773362196,0.6931471805599453,5.950968020450649,0.0,383.125
C9895,3,22,4,12.33395121601857,9.155998575976678,7.436617265234227,4.272025739459553,2.976804263668472,4.905353391700527,1.3085024445205307,134.01061320754718
C9897,2,7,3,9.551515816867964,6.913382274847269,4.356708826689592,1.8718021769015913,1.3682758556172123,5.213098950310502,0.8631205685666311,182.66233766233765
C9898,10,166,15,14.821169853146884,9.488526412539306,9.466067273186413,4.149174269232711,1.981834039058711,5.359892152019084,2.3985447505179907,211.70200573065904
C9900,4,32,9,13.329886360410477,9.095890362568056,8.249575150000199,4.033085681334885,3.538225070572354,5.086768105634681,1.460433410179574,160.86588235294118
C9902,16,253,15,14.71143162980957,9.007771208897582,8.929170383139624,3.264231526588998,2.232520218545759,5.785469909493788,2.9813462993735893,324.5349761526232
C9904,12,129,13,16.189094136522755,11.065145712435669,10.191407096789248,5.073684611682359,2.3749057545736716,6.0002057565207565,2.8130987105230343,402.5118101379724
C9906,2,3,1,9.183277452426493,7.797291273547472,3.5263605246161616,2.224623551524334,1.5040773967762742,5.6900522818443,0.8112781244591328,294.90909090909093
C9908,10,99,13,13.792586805018852,9.129255139930834,7.642524134232902,3.0282177286984795,1.3791937395703142,6.1526714358343115,2.420120432516158,468.97120921305185
C991,2,6,1,11.262076642563796,8.864309873087414,5.869296913133774,3.4992585948383703,3.091042453358316,5.400121992446046,0.43949698692151334,220.43342776203966
C9910,4,25,5,13.280081400973561,9.69662224707102,8.392763113038061,4.817140436704176,2.505525936990736,4.895054747355288,1.751586954246649,132.62732215677391
C9912,1,1,1,8.372860820526318,8.372860820526318,2.302585092994046,2.302585092994046,0.6931471805599453,6.177482965783263,0.0,480.77777777777777
C9914,12,61,11,13.81239270250045,9.494978817290505,7.6708948313621175,3.3873238093962836,2.2350197734982795,6.144111565019136,2.788830175151473,464.9654850746269
C9916,4,24,5,12.540528565035292,8.8771028978649,7.553286605600419,3.9094556099229,2.144580843850797,4.994560651509365,1.7821210344131646,146.6080797481637
C9918,1,2,1,11.741907936563232,9.66252206730687,6.12029741895095,4.056123349401903,2.917770732084279,5.627407165029576,0.0,276.9405286343612
C9919,2,2,1,8.799058378546453,8.106062061681445,3.091042453358316,2.4423470353692043,2.1972245773362196,5.757548898811861,1.0,315.57142857142856
C992,9,451,28,13.843500168503205,7.548760096310493,8.450198322591959,2.2644118015827464,2.1744162073055393,5.398050419946428,2.4970186988110643,219.9751871657754
C9921,2,13,3,10.742767642044035,7.698677132454486,5.529429087511423,2.5612796285725743,1.519825753744413,5.222700441603199,0.998363672593813,184.43426294820716
C9925,9,52,10,14.240772410998376,10.066426970539295,8.400209835930418,4.240108523282258,2.2823823856765264,5.843689105969947,2.862368961688699,344.0499212952552
C9927,3,22,4,12.666524551967997,9.447724444044654,7.55171221535131,4.34536265030229,2.792391349535961,5.121320546665207,1.3108562983864118,166.55648975302154
C9929,1,1,1,8.035278911144667,8.035278911144667,2.1972245773362196,2.1972245773362196,0.0,5.9581016434388605,0.0,385.875
C993,3,63,10,11.781577611515203,7.577389374915608,6.206575926724928,2.126809230502725,2.6443736632424915,5.580788918085265,1.2056466877405314,264.2808080808081
C9931,3,7,1,10.734155034435489,6.885009174969478,5.905361848054571,2.1732999912509743,1.3968764704504275,4.83944283534488,0.48896604413819733,125.39890710382514
C9933,13,178,16,17.08605381322242,11.76305158315423,10.285786382612454,4.969711668395467,2.394341293046921,6.8014143277355,2.3975299226146443,898.1180403930131
C9935,12,43,11,14.19090607339967,10.032066271205794,9.237760967552175,5.084988771825303,1.8813716279177422,4.960277393934978,3.324241221121532,141.6333560377542
C9937,16,224,16,14.298859121160154,8.671408822885377,8.683046555502886,3.1012906113703425,1.8640243599144959,5.619614027797406,2.9164862611178863,274.7829181494662
C9939,3,7,3,10.030296399399823,6.895770706548805,4.9344739331306915,1.9459101490553132,1.418382675671391,5.109058760491429,1.4910138707589942,164.5144927536232
C994,2,65,10,11.628964758970202,7.439888635663547,6.045005314036012,1.9986093810561643,3.0226397264739155,5.590064798420959,0.8453509366224364,266.75296912114015
C9941,11,132,15,14.040770268633034,8.959493624909864,8.216088098632316,3.1770180974744138,2.261374824347383,5.827900273947817,2.0426562605646676,338.6447688564477
C9943,5,34,8,12.815949623988574,8.55345992506322,7.710653323501202,3.4788537122405123,3.353603684539069,5.111785254522574,1.8449448043297485,164.96638278798744
C9945,1,2,1,14.018353437978977,11.073929154021654,8.951440100949855,6.009330315383014,3.0594480879400985,5.07332334153015,0.0,158.70419797875098
C995,2,57,10,11.281220367994111,7.221495725648573,5.8522024797744745,1.9434440565601196,2.695325911437836,5.436248288935105,0.6631968402398287,228.5792507204611
C9950,14,138,14,14.30224408379487,9.1783827424668,8.733432966413652,3.6360185155740226,2.0606651733140557,5.57277876882872,2.8013413850219298,262.1643570737995
C9953,1,4,3,9.187071745036828,7.801084399218945,3.7376696182833684,2.4203681286504293,1.55814461804655,5.477585485855101,0.0,238.26829268292684
C9954,8,47,5,13.66961735778387,9.379241222393112,8.159946655578548,3.8898614336252937,2.303954018601387,5.5139935870274455,2.6929497373482865,247.1401201029454
C9956,2,2,1,19.692911306035352,15.842763833220001,15.669019819688325,11.818879425524253,4.032544604578967,4.041616850631955,0.9601186626422924,55.918296831676216
C9958,2,2,1,8.770594329891145,8.077602368578697,3.1354942159291497,2.4849066497880004,2.1400661634962708,5.68280643190458,1.0,292.77272727272725
C996,1,18,1,9.706925073451831,3.8700098255377378,5.860786223465865,0.6931471805599453,0.0,3.8700098255377378,0.0,46.94285714285714
C9962,2,24,3,10.89449607058963,7.676065589107091,5.652489180268651,2.514465452029545,1.7369512327330598,5.250760596365004,0.7950402793845223,189.7112676056338
C9964,2,6,3,9.2237500588861,6.739928168338635,3.9889840465642745,1.6894806201076369,1.5224265354444708,5.258575763037944,0.9182958340544894,191.20754716981133
C9966,2,5,1,10.958287268247584,8.761201986078047,5.313205979041787,3.154633556139847,2.324563999712821,5.653513494805385,0.7642045065086203,284.2920792079208
C997,3,94,10,12.13226462838545,7.568427691250867,6.577861357721047,2.1376121745347043,2.375874277651802,5.559647241494436,1.4591479170272446,258.73119777158774
C9970,1,4,3,8.831127635012084,7.445271518001173,3.367295829986474,2.0794415416798357,0.5596157879354227,5.502860424855872,0.0,244.39285714285714
C9972,3,27,4,12.633612307956648,9.107359375955825,7.590346945602565,4.0805240066034685,2.3978952727983707,5.050196230925582,1.253297578463043,155.0530839231547
C9974,14,171,14,20.75953874613007,15.412431416967388,13.608981960670736,8.262131342152786,2.1556306800373823,7.1513421326355555,2.661417382766464,1274.8171224068788
C9976,3,25,3,12.938558320768422,9.41227711058717,7.6487397889562425,4.1379861074824555,2.5210116544301164,5.295320510404718,1.5268696148078722,198.40152598950883
C9978,11,184,15,14.818034030436072,9.288697043704984,9.555418330069251,4.043608060721986,2.117402303919059,5.267854143401517,2.6812036542752207,192.9992209631728
C998,2,4,1,9.758981876426398,8.372860820526318,4.174387269895637,2.833213344056216,2.917770732084279,5.603731910295041,1.0,270.4375
C9982,2,3,1,10.926441950598502,7.40067447652583,5.676753802268282,2.257464657713576,1.1370785694959058,5.25831834371749,0.9899927915575186,191.15807560137458
C9984,3,20,4,12.567254916192791,9.389281220610659,7.430707082545968,4.26619481914876,2.2155737160044158,5.142994588456755,1.325011210824177,170.22775800711744
C9986,3,20,4,12.371036084777922,9.235635136216708,7.44716835960004,4.324420550311955,2.340969336002361,4.931687215931614,1.3015742892816131,137.6131855309218
C9988,3,21,4,12.349787633878707,9.131015739758078,7.455298485683291,4.250208060053033,2.048982334195127,4.902518926952471,1.2177968115985955,133.62847222222223
C999,3,6,3,13.845106252729165,10.587033985362375,9.23092700558457,5.975276533065274,2.6418008155610093,4.624136820580787,1.141619525334138,100.91476437738807
C9990,3,3,1,9.259225769705994,8.160803920954665,3.4339872044851463,2.3978952727983707,1.6739764335716716,5.860786223465865,1.584962500721156,350.0
C9992,2,3,1,9.281823473598047,6.148375389335149,4.174387269895637,1.330413902725434,1.2712250313351035,5.128788631552834,0.2580186686648155,167.8125
C9994,3,5,1,13.240393493644902,10.407208586601593,8.011355109161286,5.183434533001587,2.772588722239781,5.234710947917247,0.6402064333604701,186.6748506967485
C9997,2,6,3,9.382274835883651,6.744311552243286,4.07753744390572,1.6376087894007967,1.5656352897757073,5.326619939823236,0.8631205685666311,204.74137931034483
