host,is_compromised,x,y,cluster
C10,,14.40353,4.767684,2
C100,,0.87207186,6.300537,0
C1000,,12.970283,0.12614411,2
C10001,,11.025378,15.65027,2
C10003,,11.399304,16.78549,2
C10005,,17.07458,5.2492275,2
C10008,,11.264095,17.469383,2
C1001,,12.149285,0.41308087,1
C10010,,17.23662,4.833287,2
C10012,,8.317605,4.243394,2
C10014,,5.685467,-0.2050789,1
C10016,,11.774677,17.11418,2
C10018,,2.432623,3.5634062,0
C1002,,-1.8477596,9.190667,0
C10020,,4.117583,2.792286,1
C10022,,17.418484,5.161812,2
C10024,,8.036109,2.2843149,1
C10026,,13.120507,5.734106,2
C10028,,8.515768,3.1995387,2
C1003,,11.498658,3.0489714,2
C10031,,7.36607,4.073756,2
C10033,,6.3052483,3.1107228,1
C10035,,1.6604079,-0.62032986,1
C10037,,6.245365,4.3456936,1
C10039,,4.319601,0.8327896,1
C1004,,11.123623,-4.191077,1
C10043,,7.542009,4.463315,2
C10045,,11.029355,15.724834,2
C10047,,16.362452,4.8968763,2
C10049,,9.545905,4.0108986,2
C1005,,11.584146,-6.8346505,1
C10052,,12.041833,16.661034,2
C10054,,12.203154,16.50888,2
C10056,,5.1852465,4.2542624,1
C10058,,17.40496,5.081502,2
C10060,,4.407783,0.85303575,1
C10061,,6.2793846,1.4585168,1
C10065,,10.965293,17.303888,2
C10067,,16.51343,5.207071,2
C10069,,6.2151723,3.2216184,1
C10071,,3.2963626,2.5392513,1
C10076,,4.114712,3.5517151,1
C10077,,7.273251,4.1903787,2
C10079,,4.282298,2.6309953,1
C1008,,13.350107,0.74269736,2
C10081,,17.508207,5.1898317,2
C10083,,5.062121,2.2533562,1
C10086,,11.259147,15.601624,2
C10087,,2.0021844,-0.06481734,1
C10089,,9.720294,3.9418511,2
C10091,,8.035584,2.3560414,2
C10093,,3.4342873,2.2079852,1
C10095,,9.586681,3.9846804,2
C10098,,14.769526,5.274767,2
C10099,,7.946232,3.2991686,2
C1010,,13.862047,-3.9846668,1
C10101,,14.812694,5.571993,2
C10103,,4.6914835,-1.1856455,1
C10105,,11.161921,16.483538,2
C10107,,12.28519,15.898642,2
C10109,,1.9535472,-0.29914722,1
C1011,,11.176931,-4.2313166,2
C10112,,4.8292904,4.7045326,1
C10114,,5.729002,-0.17136663,1
C10116,,11.270184,7.724738,2
C10118,,16.63282,4.684839,2
C1012,,10.184422,0.07085765,1
C10120,,4.791387,-0.2709842,1
C10121,,6.611749,3.5305882,1
C10123,,2.29539,0.9500105,1
C10125,,12.553909,14.43792,2
C10127,,12.294443,15.245849,2
C10129,,5.657569,-0.21746624,1
C10131,,11.870191,15.105204,2
C10133,,4.8651996,6.1157985,2
C10134,,5.015637,-1.3280406,1
C10138,,17.408785,4.9996214,2
C1014,,11.618148,-6.227148,1
C10142,,1.7844168,0.5834218,1
C10144,,11.404235,2.9616976,2
C10146,,16.886723,4.4046474,2
C10148,,9.467195,3.816336,2
C1015,,13.868288,4.4984713,2
C10150,,4.173249,0.7580914,1
C10152,,1.0709652,-0.6091711,1
C10154,,7.601599,2.1197884,1
C10156,,17.300417,4.9959326,2
C10160,,10.911099,17.224312,2
C10161,,11.78913,9.126762,2
C10163,,3.2476952,2.5280602,1
C10167,,16.827072,4.694673,2
C10169,,16.942642,5.0911183,2
C1017,,11.208017,-6.6011996,1
C10173,,4.9223914,2.8255553,1
C10175,,11.761225,9.152605,2
C10177,,8.155639,2.6371448,2
C10179,,7.474311,2.863975,1
C10181,,11.532056,8.348391,2
C10183,,11.797669,9.313233,2
C10185,,10.991669,16.837187,2
C10187,,6.3402977,3.7669485,1
C10189,,5.1822047,4.3500576,1
C1019,,0.7545134,6.4001613,0
C10194,,11.769999,9.241492,2
C10196,,11.782769,8.913782,2
C10199,,6.0775743,1.3592036,1
C1020,,-1.7129886,9.031442,0
C10203,,11.756141,9.380383,2
C10204,,6.3727813,3.523653,1
C10206,,11.10447,17.096972,2
C10208,,11.191164,15.166645,2
C1021,,10.99557,-3.710806,1
C10210,,11.43384,7.9977098,2
C10213,,11.765377,9.257322,2
C10214,,11.463864,17.527372,2
C10216,,2.0390568,-0.14885455,1
C10218,,14.933468,5.4503217,2
C10219,,4.271811,3.4757283,1
C10221,,11.077047,17.43361,2
C10223,,11.748967,9.381457,2
C10225,,14.132972,4.5971737,2
C10227,,1.9690021,-0.269761,1
C10229,,11.395292,17.53219,2
C1023,,1.2871501,5.713998,0
C10230,,11.773983,9.2601185,2
C10233,,11.168869,17.135517,2
C10235,,4.8703995,-1.3556976,1
C10237,,11.757462,8.850061,2
C10239,,14.519516,-3.1469743,1
C1024,,12.852084,0.30709988,2
C10241,,10.885596,16.695301,2
C10243,,11.518952,17.517458,2
C10245,,11.11512,14.430035,2
C10247,,11.310622,15.72308,2
C10249,,11.536655,17.523682,2
C1025,,14.484357,-3.3031702,1
C10251,,6.0467896,2.7446802,1
C10252,,11.354511,17.565598,2
C10254,,8.150069,2.6619163,2
C10256,,1.7444129,-0.5659527,1
C1026,,1.2809129,5.78634,1
C10260,,8.995893,3.1558337,2
C10261,,11.791957,8.89565,2
C10263,,11.468655,17.527758,2
C10265,,11.437753,17.433872,2
C10267,,5.0024457,2.0918794,1
C10269,,11.515066,17.429546,2
C1027,,10.524244,2.0830805,2
C10271,,4.9566903,4.451083,1
C10277,,10.608987,3.08818,2
C10279,,5.3467474,4.633727,1
C10281,,5.731521,2.5046046,1
C10283,,16.80626,5.0853076,2
C10285,,11.106475,17.126474,2
C10287,,11.521152,17.460684,2
C10289,,4.802458,-1.3624513,1
C10291,,7.7420273,2.1812332,1
C10293,,16.276295,5.0355124,2
C10297,,11.391954,17.385534,2
C10299,,5.588298,-0.9183369,1
C1030,,12.463672,1.1238487,2
C10301,,16.14536,1.682827,2
C10303,,1.6873102,-0.63071615,1
C10305,,11.273821,16.867619,2
C10307,,5.3218484,3.349935,1
C10309,,5.9422646,-0.09710594,1
C10311,,17.388159,5.0669665,2
C10313,,10.877036,16.046453,2
C10314,,10.834034,16.062292,2
C10317,,1.6706473,-0.6426017,1
C10319,,12.219581,16.70651,2
C1032,,-2.032238,8.330232,0
C10321,,6.601078,2.59946,1
C10323,,11.232647,15.696759,2
C10326,,16.19048,5.055886,2
C10328,,14.646215,5.932483,2
C10331,,7.4521666,3.237183,1
C10333,,2.8446677,3.5541058,0
C10338,,14.853434,5.4511228,2
C10342,,3.4779677,2.4063122,1
C10345,,5.0382223,4.7139087,1
C10347,,15.787809,1.9398456,1
C10349,,6.363695,4.460557,1
C10353,,8.371473,2.420233,2
C10355,,3.124872,3.537966,0
C10357,,7.147898,2.419928,1
C10358,,1.6856318,-0.55029553,1
C10360,,4.0392523,2.5964167,1
C10362,,4.2651105,0.8648123,1
C10364,,6.4213657,3.5044656,2
C10366,,11.945867,16.125608,2
C1037,,-1.7336334,9.012753,0
C10371,,17.413832,5.078844,2
C10375,,12.491214,16.043224,2
C10378,,11.2392845,3.0114195,2
C10380,,16.448524,5.1950517,2
C10384,,5.940772,-0.08185571,1
C10386,,11.297614,15.611306,2
C10388,,11.148946,15.730754,2
C1039,,11.504945,0.70986867,1
C10390,,11.478031,15.717388,2
C10392,,16.546478,5.2178025,2
C10394,,6.342723,-0.25637487,1
C10396,,4.334732,4.210002,1
C10397,,12.345761,15.01175,2
C1040,,-2.195736,8.100441,0
C10407,,7.683673,3.2619815,1
C1041,,12.646997,-7.18258,1
C10410,,5.466702,0.2710924,1
C10412,,8.966482,3.6677928,2
C10415,,11.669309,3.1716013,2
C10417,,3.6739976,2.8786206,1
C10421,,11.463919,17.324959,2
C10423,,6.2957783,4.3233724,1
C10428,,11.141611,14.068091,2
C10430,,8.574375,9.836939,2
C10432,,4.97779,-0.17765951,1
C10434,,6.383096,3.5528488,1
C10436,,11.724022,8.709407,2
C10444,,0.24659048,3.1787395,0
C10445,,16.924477,4.712578,2
C10448,,11.131255,17.206125,2
C1045,,-2.2139225,8.068823,0
C10450,,5.618113,12.645326,0
C10451,,1.653375,0.16716164,1
C10453,,10.982531,17.213907,2
C10455,,5.0206923,-1.3987947,1
C10458,,1.8460119,0.4697196,1
C1046,,14.028355,-4.6864214,1
C10460,,4.743288,-1.2768339,1
C10462,,6.3626523,-0.24092445,1
C10464,,10.818365,16.876862,2
C10466,,11.124358,14.082514,2
C10468,,14.782803,5.1740365,2
C10472,,11.073327,15.789693,2
C10477,,5.788332,12.734697,0
C10478,,7.6588855,2.108246,1
C1048,,12.766858,-6.4536,1
C10480,,8.571418,3.7553084,2
C10482,,17.403135,5.160888,2
C10484,,11.094858,14.132175,2
C10486,,4.9759154,-1.4176728,1
C10488,,9.135908,2.7646852,2
C10490,,5.3314705,2.275958,1
C10492,,11.614865,16.681656,2
C10494,,11.317871,15.322428,2
C10495,,5.035579,2.0755627,1
C10497,,6.8198833,4.3556557,1
C10499,,3.7080119,2.810609,1
C1050,,10.1651325,-0.057659872,1
C10501,,11.598015,17.245,2
C10503,,9.02833,3.342586,2
C10505,,11.751363,9.023288,2
C10506,,11.160501,17.221533,2
C10508,,4.960522,-1.4166923,1
C1051,,-1.2168678,7.333588,0
C10510,,16.912983,4.749372,2
C10512,,14.737685,5.448542,2
C10514,,12.080125,15.375251,2
C1052,,11.649356,-6.0173783,1
C10520,,1.726579,-0.5055414,1
C10523,,16.792145,4.9460025,2
C10525,,11.083272,15.923323,2
C10527,,17.016424,4.9568734,2
C10529,,6.680342,8.913129,1
C10531,,3.4954724,2.8552434,1
C10534,,17.446493,5.238922,2
C10539,,10.913986,17.016212,2
C1054,,11.648472,-5.9857254,1
C10543,,8.108608,2.4617827,2
C10552,,6.3623,3.5258756,1
C10554,,7.227916,4.090378,2
C10555,,6.359132,3.5245605,1
C10557,,8.279083,3.0331845,2
C10559,,6.263706,3.8419483,1
C1056,,-1.2395277,7.299827,0
C10561,,11.473383,8.2115965,2
C10563,,12.42445,14.678816,2
C10564,,10.980819,17.19515,2
C10566,,6.363429,-0.09088242,1
C10568,,12.161194,16.40689,2
C10570,,5.7869196,2.5127392,1
C10572,,17.486124,5.189063,2
C10574,,14.163792,6.3675995,2
C10576,,4.7449293,4.255606,1
C10577,,11.476913,17.51465,2
C10579,,17.015673,5.0577383,2
C1058,,10.480584,2.2943141,2
C10583,,9.115703,3.7379723,2
C10585,,5.8713098,-0.71994,1
C10589,,12.220646,16.181032,2
C1059,,-1.8603262,8.517231,0
C10591,,1.6442456,0.46384543,1
C10593,,16.832973,1.8459955,2
C10595,,4.5709205,-0.68514997,1
C10597,,4.1828895,2.6985369,1
C10599,,6.0708704,1.438282,1
C106,,11.429136,1.8589556,2
C1060,,11.186109,-6.6209507,1
C10601,,3.2848616,2.484872,1
C10603,,1.7742126,0.5700115,1
C10605,,5.305968,3.7551973,1
C10607,,16.929287,5.077271,2
C10609,,7.217488,2.6552198,1
C10612,,5.6740494,0.08953417,1
C10614,,16.359568,4.986314,2
C10616,,14.310742,6.2915034,2
C10618,,1.6772982,0.51315403,1
C1062,,-1.2478272,7.322791,0
C10620,,16.783157,4.9985213,2
C10622,,6.143922,-0.04475079,1
C10624,,5.7933555,-0.85781324,1
C10626,,9.133866,2.6427636,2
C10628,,7.5437856,2.2005637,1
C10630,,11.121535,14.434231,2
C10632,,9.831394,4.1517763,2
C10634,,16.26021,1.4200851,1
C10636,,1.0669501,-0.58075434,1
C10638,,4.4361877,2.6659544,1
C1064,,9.89335,0.21739419,1
C10640,,16.424765,1.4783878,2
C10642,,3.5287852,2.786081,1
C10644,,3.3606174,2.3306499,1
C10646,,5.22783,0.46401426,1
C1065,,13.847211,4.265802,-1
C10650,,6.374269,-0.27698556,1
C10654,,8.225562,3.2709665,2
C10656,,10.941338,17.22337,2
C10658,,8.20622,2.3647623,2
C10660,,5.4046874,4.694211,1
C10664,,3.924544,3.3968935,0
C10666,,8.48802,2.5748851,2
C10670,,4.5061917,0.87375534,1
C10672,,3.302553,2.7521067,1
C10674,,10.983054,17.284752,2
C10675,,5.7633595,-0.8699259,1
C10677,,3.8237333,3.0900779,1
C10678,,5.883151,-0.09270943,1
C10682,,9.318592,3.7817473,2
C10684,,16.40515,1.9794573,2
C10686,,11.088778,15.660661,2
C10688,,3.1866188,2.621636,1
C1069,,12.39944,-7.1683726,1
C10690,,10.752575,16.388206,2
C10692,,5.9997654,1.4905354,1
C10694,,9.246566,9.182896,2
C10697,,3.9829032,1.7925994,1
C10699,,11.394273,16.612791,2
C10701,,2.8643005,3.1267989,0
C10704,,5.42775,4.73598,1
C10705,,6.0064616,4.1801066,0
C10707,,1.5424882,0.3590599,1
C10709,,10.612992,3.0514185,2
C10711,,9.423741,2.6293244,1
C10713,,6.4972367,8.773652,1
C10716,,16.450203,1.9304715,2
C10718,,14.258096,6.3581195,2
C10719,,1.4961333,0.29768094,1
C1072,,11.145633,-6.51425,1
C10725,,2.626517,1.1346712,1
C10728,,16.54745,1.9783714,2
C10730,,16.801226,4.870896,2
C10732,,16.478918,2.024835,2
C10736,,5.8264694,12.758435,0
C10739,,16.587973,1.6205691,2
C1074,,11.875006,-4.861258,1
C10741,,2.8718164,3.523475,0
C10743,,3.834324,2.0264556,1
C10747,,5.2912908,4.2086415,1
C10751,,11.430575,16.636196,2
C10753,,16.656384,1.4940468,2
C10755,,4.770083,4.6820583,1
C10757,,3.0790985,2.6923606,1
C10759,,11.886294,16.258196,2
C10760,,16.356445,1.8378065,2
C10762,,6.3997216,-0.2178147,1
C10764,,16.29218,1.8095998,2
C10766,,4.1939573,3.3490264,1
C10767,,11.109198,17.436787,2
C10768,,16.306406,1.7044042,2
C10770,,7.6527023,4.162234,2
C10772,,4.659074,4.7843666,0
C10774,,5.7119412,2.4842026,1
C10776,,11.186826,16.99198,2
C10777,,14.48329,-3.0464947,1
C10779,,16.316334,1.4604099,2
C1078,,11.456044,-5.534169,1
C10786,,15.944201,2.025846,2
C10790,,16.69028,1.8848069,2
C10794,,4.4126105,0.892572,1
C10796,,16.339947,1.8985244,2
C10798,,11.66885,17.176832,2
C10799,,11.498095,9.05198,2
C1080,,13.149917,-0.057878233,1
C10801,,9.181794,3.8653705,2
C10803,,6.0258064,4.181894,1
C10805,,11.083677,16.213404,2
C1081,,12.293231,-6.1684704,1
C10811,,7.188362,2.8744786,1
C10813,,16.258507,1.9291624,2
C10815,,6.7642527,4.302952,1
C10819,,16.807438,1.8500248,2
C1082,,-1.1068577,7.3972125,0
C10821,,16.269917,1.6636193,2
C10823,,4.915657,-0.16326411,1
C10827,,16.693825,1.5674542,2
C10829,,6.947162,3.6307836,1
C1083,,11.523079,-6.2340026,1
C10831,,11.719288,16.059366,2
C10833,,16.553642,1.5379001,2
C10835,,6.3708777,-0.25991222,1
C10837,,16.41599,1.759374,2
C10839,,16.533886,1.9315268,2
C1084,,10.063896,-0.079408616,1
C10841,,11.083595,14.135346,2
C10843,,11.5799265,3.1283944,2
C10846,,7.2232957,3.0344572,2
C10847,,1.9808894,-0.28215703,1
C10852,,11.178494,15.636983,2
C10856,,6.3973007,-0.2370559,1
C10858,,9.486844,3.9247317,2
C1086,,10.044309,-0.14985517,1
C10862,,5.6919146,12.685093,0
C10865,,12.140238,16.410717,2
C10867,,8.175271,2.399245,2
C1087,,10.460681,2.2274709,2
C10870,,11.088014,14.221422,2
C10872,,4.1667237,2.532929,1
C10874,,11.0856,17.144306,2
C10876,,11.138803,17.40456,2
C10880,,11.605858,16.529959,2
C10882,,11.155638,17.09225,2
C10884,,4.7159085,4.6788354,1
C10886,,12.324592,15.223184,2
C10888,,16.375662,1.9670882,2
C1089,,13.413161,-8.180135,2
C10890,,4.5629683,-1.2539091,1
C10892,,16.577536,1.5381402,2
C10894,,11.309279,17.610598,2
C10896,,16.570286,1.6474054,2
C109,,13.246455,-4.8216605,1
C1090,,-1.4277471,8.2006035,0
C10900,,11.64972,16.46009,2
C10901,,4.753201,-0.25299385,1
C10904,,12.437831,14.622827,2
C10907,,16.321238,1.5229324,2
C10909,,6.38366,3.539441,1
C10912,,1.6074919,0.41465837,1
C10914,,16.351257,1.8574728,2
C10916,,12.460417,14.618836,2
C10919,,10.754015,16.746794,2
C1092,,12.685928,-5.9003787,1
C10920,,1.9823271,9.234478,0
C10921,,14.138995,6.3026547,2
C10923,,16.338854,1.9725915,2
C10925,,9.112534,9.271918,2
C10927,,11.08918,16.248528,2
C1093,,13.211916,-0.076958746,1
C10931,,12.391426,14.79679,2
C10933,,16.706,1.641124,2
C10935,,5.5187187,12.620474,0
C10936,,4.5084543,2.5724618,1
C10941,,3.6188018,10.113937,0
C10942,,11.885671,17.24276,2
C10944,,16.557144,1.9920399,2
C10946,,11.044301,16.590717,2
C1095,,3.533408,10.427095,1
C10951,,6.510173,8.775958,1
C10952,,12.542766,14.433583,2
C10953,,4.195301,0.94664353,1
C10955,,5.206663,0.5234124,1
C10957,,7.2693777,4.116642,2
C10959,,6.0695505,12.806759,2
C10960,,11.650572,2.9811387,2
C10964,,13.1659355,5.7119727,2
C10966,,16.7046,1.7003639,2
C10968,,12.052579,16.375956,2
C1097,,11.177273,-4.4719715,1
C10970,,16.504461,2.0263283,2
C10972,,11.595756,17.178251,2
C10974,,7.2902756,2.9287746,2
C10976,,5.967794,-0.04323605,1
C10978,,16.589413,1.5710169,2
C1098,,12.638184,0.7559344,2
C10980,,3.0182426,2.5108087,1
C10984,,11.449239,8.126208,2
C10986,,11.031136,6.768894,2
C10988,,16.40443,1.9167686,2
C1099,,12.747737,-6.305424,1
C10990,,1.6895896,-0.5439288,1
C10992,,9.687571,4.122485,2
C10997,,11.296882,15.510012,2
C110,,10.108945,-0.07868797,1
C1100,,12.372176,-7.2928467,1
C11000,,1.1547445,3.4407802,0
C11001,,16.494253,1.6005424,2
C11003,,5.813373,12.767941,0
C11006,,11.098398,6.959966,2
C11009,,11.313461,17.223753,2
C1101,,-2.1850157,8.101494,0
C11011,,1.1519474,-0.5680297,1
C11013,,11.117663,15.034979,2
C11015,,11.756562,9.062029,2
C11017,,12.33236,15.0264225,2
C11021,,17.349365,4.889686,2
C11025,,16.589705,1.8656679,2
C11027,,11.833677,15.106991,2
C11029,,11.136168,16.456078,2
C1103,,-2.0058098,8.3673115,0
C11031,,6.7093053,4.237169,2
C11033,,7.0831165,3.4409575,1
C11035,,4.7567806,4.814399,0
C11037,,5.8197803,-0.81978923,1
C11039,,15.840568,1.9768343,2
C1104,,10.07095,-0.03382887,1
C11045,,7.2788815,1.9777573,1
C11047,,11.128467,15.700783,2
C11049,,9.180085,2.6302714,2
C1105,,-1.056988,7.594942,0
C11051,,12.302052,15.088909,2
C11053,,8.953441,3.5583687,2
C11057,,5.6574874,-0.19941925,1
C11059,,16.330542,1.6398664,2
C11061,,6.569262,3.5699408,2
C11065,,4.404635,0.78718674,1
C11067,,4.8758817,4.4397864,1
C11068,,8.661379,2.4350348,2
C11069,,11.537103,2.9298162,2
C1107,,10.964918,2.5882313,2
C11071,,6.100955,1.4217985,1
C11072,,6.454217,4.50558,1
C11074,,16.515827,1.8459492,2
C11077,,12.399061,14.761231,2
C1108,,7.0414696,10.0569725,2
C11080,,11.39786,16.010056,2
C11082,,5.3155985,4.2082596,1
C11086,,4.555574,-1.2175484,1
C11088,,16.94115,5.1886826,2
C11096,,11.021,15.818803,2
C11099,,6.384524,3.5259693,1
C1110,,-1.9729708,8.284826,0
C11101,,3.7271144,2.6268387,1
C11103,,7.6343255,3.0508347,2
C11105,,6.4782653,3.4363737,2
C11108,,5.8037157,3.2278597,1
C1111,,-1.5390995,8.214887,0
C11110,,7.2632747,4.226002,2
C11114,,8.52821,9.791952,2
C11116,,5.5704274,0.15369466,1
C11118,,1.0951608,-0.61143595,1
C1112,,11.10287,-4.465648,1
C11120,,16.550453,1.9745191,2
C11122,,16.52176,1.9159564,2
C11125,,11.442182,8.091336,2
C11127,,5.326848,4.1811686,1
C11129,,11.044157,6.7890635,2
C11132,,11.51382,9.101966,2
C11134,,16.511309,1.9321605,2
C11136,,14.281737,6.2873235,2
C11138,,14.419426,6.2203584,2
C11139,,14.455212,-3.0237086,1
C11142,,7.955482,9.631833,2
C11143,,11.172023,16.475494,2
C11145,,4.889838,4.523376,1
C11147,,4.9040327,-0.08411689,1
C11149,,11.079275,14.1861105,2
C11153,,6.3260407,-0.034130033,1
C11155,,5.446807,4.463898,1
C11157,,7.0315857,4.311357,1
C11159,,16.396935,2.158121,2
C1116,,-1.2653006,7.3352847,0
C11161,,8.456845,9.879709,2
C11163,,14.56922,-3.5306082,1
C11165,,11.124463,14.527774,2
C11167,,5.4590816,4.387393,1
C11171,,1.6895826,-0.5540594,1
C11173,,6.1776023,12.820572,2
C11174,,14.145317,6.3896627,2
C11176,,12.315028,15.2126255,2
C11178,,11.701797,15.587662,2
C11180,,11.0613575,6.8405714,2
C11182,,11.084899,16.595291,2
C11188,,11.23261,15.671994,2
C1119,,13.655123,0.7087395,2
C11190,,11.109192,17.287682,2
C11192,,4.9507976,2.0692616,1
C11194,,11.241569,16.453716,2
C11196,,11.066876,14.164428,2
C11198,,7.466706,2.5002341,1
C1120,,12.317221,-7.2876225,1
C11202,,9.373827,4.427626,2
C11204,,6.281228,0.0759399,1
C11206,,11.141419,16.298733,2
C11208,,4.419718,0.96530724,1
C11210,,16.629461,1.5827615,2
C11212,,0.7617176,3.3006802,0
C11213,,11.468549,3.3485167,2
C11215,,6.860226,2.2707756,1
C11217,,3.4678788,2.2066875,1
C11219,,16.468225,1.4145252,2
C1122,,12.191809,-5.207625,1
C11223,,2.1885178,0.89339864,1
C11225,,11.078457,14.123232,2
C11231,,11.227742,15.944861,2
C11233,,1.642265,0.47611812,1
C11238,,14.540418,6.1148796,2
C11242,,6.4870234,4.4614224,1
C11244,,16.611744,1.9886123,2
C11246,,16.553972,1.97546,2
C11248,,9.862851,3.9209952,2
C11251,,8.002651,4.5044217,2
C11253,,6.3364797,1.4951625,1
C11255,,5.140623,4.699252,1
C11257,,14.403868,4.99798,2
C11258,,7.7003627,2.1966262,1
C11260,,8.640184,3.1095908,2
C11264,,11.254944,7.4689984,2
C11267,,16.773333,1.7828842,2
C11268,,11.6895685,16.574669,2
C11270,,5.19929,4.61149,1
C11272,,12.29193,15.023354,2
C11274,,14.168458,6.36993,2
C11276,,14.305504,6.357688,2
C11278,,7.1626396,4.2253942,2
C11281,,1.4439911,0.22321892,1
C11283,,14.176782,6.368981,2
C11285,,16.680079,1.652978,2
C11286,,12.241471,16.984629,2
C11288,,11.871137,15.1438675,2
C11290,,4.8210125,-1.259835,1
C11292,,16.153814,1.4785573,2
C11294,,11.163477,15.5610285,2
C11296,,16.115929,2.1145487,2
C11298,,3.9075952,2.15379,1
C113,,11.040322,-3.8229394,1
C1130,,13.539351,0.68297684,2
C11301,,11.034589,16.49692,2
C11303,,16.609661,1.9526783,2
C11305,,2.2330503,0.9056999,1
C11307,,4.7506824,4.5809526,1
C11309,,16.72016,1.6479397,2
C1131,,12.001574,-6.827756,1
C11311,,16.625809,1.5357721,2
C11313,,6.5222673,3.5379477,2
C11315,,8.762225,9.964803,2
C11317,,7.609496,2.9805026,1
C11319,,1.5406679,0.32594153,1
C1132,,9.805541,-0.32616523,1
C11321,,16.471085,2.1145563,2
C11325,,16.76962,1.8460469,2
C11327,,4.7129683,4.465496,1
C1133,,11.528627,-5.2024717,1
C11330,,11.000046,6.7146125,2
C11332,,3.8700392,2.8837633,1
C11334,,5.396755,4.7257566,1
C11336,,9.218918,9.2199135,2
C11338,,16.356379,2.1649835,2
C1134,,-0.702779,7.7803373,0
C11340,,8.576936,2.8845215,2
C11342,,14.936705,5.2951856,2
C11344,,6.337088,-0.14180502,1
C11346,,8.558384,9.926368,2
C11348,,5.5898433,-1.0457399,1
C1135,,12.89951,0.1930886,2
C11350,,11.219278,17.20578,2
C11352,,2.0660834,0.05505084,1
C11354,,9.04357,2.605692,2
C11356,,1.6769195,-0.63911396,1
C11358,,8.970775,2.7021625,2
C1136,,-2.1668768,8.121682,0
C11360,,11.403702,15.990618,2
C11362,,1.6441243,0.45164397,1
C11364,,16.704927,1.7852178,2
C11366,,14.32876,6.293208,2
C1137,,-0.916951,7.9238043,0
C11370,,10.495414,4.765758,2
C11374,,16.314693,1.6661521,2
C11376,,9.683394,3.9494915,2
C11378,,1.9230493,-0.33313757,1
C11380,,6.2153716,3.9066627,1
C11382,,6.4166565,-0.17693983,1
C11386,,11.127924,15.825277,2
C11388,,12.113286,14.349958,2
C1139,,13.406593,-8.162998,2
C11391,,16.301193,1.6268548,2
C11392,,3.607793,2.2977111,1
C11394,,5.62154,-0.9975261,1
C11395,,4.5251904,-1.2297094,1
C11398,,16.53561,1.9670604,2
C11400,,14.347394,6.1451464,2
C11402,,14.375022,6.271519,2
C11404,,0.17259979,3.204802,0
C11405,,16.551828,2.0404162,2
C11408,,11.337718,15.667318,2
C11410,,4.766733,4.7624235,1
C11412,,4.55658,-0.86376125,1
C11414,,16.356197,1.8538542,2
C11418,,4.591138,-1.1384478,1
C1142,,7.3078547,9.681453,2
C11420,,11.759819,15.637125,2
C11421,,2.5866725,3.4227827,0
C11425,,11.119647,2.9940886,2
C11427,,5.7380867,-0.21959156,1
C11431,,14.7074585,-4.2134557,1
C11433,,11.331882,17.179728,2
C11435,,11.454842,16.769737,2
C11437,,5.5999236,-0.16957583,1
C11439,,8.883942,3.61672,2
C11441,,11.6680765,17.323,2
C11449,,4.5753746,0.76121265,1
C1145,,-1.5436467,8.314132,0
C11451,,11.094108,17.49968,2
C11453,,11.313523,17.45943,2
C11455,,7.5229373,9.557473,2
C11457,,16.371643,2.185993,2
C11459,,9.316701,3.7404726,2
C1146,,10.600986,1.9615628,2
C11461,,17.459293,4.821051,2
C11467,,8.285112,3.974531,2
C11468,,16.609182,1.8442539,2
C11470,,14.57214,5.3385196,2
C11472,,16.5533,1.8536474,2
C11474,,5.902561,12.743208,0
C11475,,12.527343,14.452454,2
C11477,,16.681301,1.6149577,2
C1148,,12.939014,0.30309957,2
C11481,,6.351801,2.6864681,1
C11484,,16.501863,5.1102858,2
C11488,,9.252897,9.183309,2
C1149,,10.241762,2.3694105,2
C11490,,3.9065742,4.262466,0
C11492,,12.006699,17.018053,2
C11494,,11.020256,6.7423744,2
C11496,,17.31103,5.128307,2
C11498,,11.536139,2.934612,1
C11499,,10.713936,16.507439,2
C1150,,12.396578,-7.000807,1
C11501,,4.9292493,2.787407,1
C11504,,4.061152,1.569835,1
C11506,,16.452587,2.139261,2
C11508,,11.605165,8.571388,2
C1151,,11.921505,-5.7840085,1
C11514,,4.5731893,-1.2697567,1
C11516,,3.8110912,4.8437934,1
C11517,,9.164711,2.5388384,1
C11519,,5.3553762,4.323063,1
C11523,,4.8848276,0.5972485,1
C11525,,11.781567,8.995312,2
C11527,,6.0559244,1.416986,1
C11531,,6.349128,-0.030577764,1
C11533,,4.9538817,2.1257424,1
C11535,,12.561183,14.405276,2
C11537,,8.956682,2.7874203,2
C11539,,5.125257,0.5784331,1
C1154,,11.499493,-5.8392415,1
C11541,,11.813578,9.109532,2
C11543,,14.069504,6.3743906,2
C11545,,9.093746,2.6231575,2
C11547,,11.483835,15.294734,2
C11549,,16.355433,1.3468039,2
C11551,,16.691198,1.8366597,2
C11553,,5.5007043,2.4133232,1
C11555,,4.7308335,-0.29810023,1
C11557,,8.7482815,9.94534,2
C11559,,1.1842684,3.4615278,0
C1156,,10.750823,1.4320275,2
C11560,,4.492979,-0.95593154,1
C11562,,9.341982,2.9387703,2
C11564,,8.824516,9.917864,2
C11569,,10.8898535,16.946852,2
C11571,,7.6320195,3.4517968,2
C11573,,10.18811,3.2010217,2
C11574,,6.3991494,-0.24262196,1
C11576,,16.588726,1.9762676,2
C11578,,2.6037884,3.3797362,0
C11581,,11.232091,7.4192758,2
C11583,,7.132816,1.866825,1
C11585,,11.174782,15.198793,2
C11587,,16.170937,2.2061238,2
C11591,,11.109223,17.067595,2
C11596,,11.500918,9.14713,2
C11598,,7.6403403,2.8131475,2
C11600,,1.1149379,-0.5859931,1
C11604,,0.20646103,3.2014375,0
C11607,,3.8607275,1.6468207,1
C11609,,16.633139,1.8274858,2
C1161,,11.491387,-5.0965943,1
C11613,,11.1989,7.3012443,2
C11616,,11.091546,14.173158,2
C11617,,12.118824,16.921883,2
C11619,,11.278664,15.187235,2
C11621,,16.477049,2.0265586,2
C11622,,5.475503,2.471819,1
C11623,,8.3382435,2.5525105,2
C11625,,4.631348,0.7530803,1
C11627,,4.70817,4.676088,1
C11629,,16.599216,1.8698949,2
C11631,,16.105463,1.3893863,1
C11632,,10.178643,3.2548802,2
C11634,,5.689497,-0.18975924,1
C11637,,16.486845,1.4417039,2
C11639,,16.225649,1.6708649,2
C11641,,8.65322,2.5082793,2
C11643,,5.881438,8.52903,0
C11646,,6.884659,1.7462882,1
C11648,,14.463988,6.1036334,2
C11650,,3.9671116,3.204782,1
C11654,,10.072246,4.2668114,2
C11658,,8.866241,9.896993,2
C1166,,11.288643,-6.7282963,1
C11661,,6.395994,3.525571,1
C11663,,10.787687,16.770544,2
C11665,,16.591343,1.9277574,2
C11667,,14.531366,5.397613,2
C11669,,10.3998575,4.623129,2
C1167,,12.3203745,-5.114021,1
C11671,,11.494494,16.519968,2
C11677,,4.6164894,-1.1150652,1
C11679,,9.565705,4.368478,2
C11681,,8.618529,4.3322673,2
C11686,,12.417381,14.696022,2
C11688,,14.291105,6.3080654,2
C1169,,12.119108,-5.041479,1
C11693,,11.949511,16.255571,2
C11694,,12.50269,16.187294,2
C11695,,11.698514,8.7043,2
C11697,,5.041875,4.4534063,1
C11699,,6.3730206,-0.24909587,1
C117,,13.42785,0.71656543,2
C11701,,5.830582,12.763132,0
C11706,,1.7817421,0.5824982,1
C11708,,12.094343,16.97349,2
C1171,,12.25067,-6.329256,1
C11710,,9.84594,4.1485543,2
C11711,,4.413605,1.0241091,1
C11714,,11.429248,15.241942,2
C11716,,0.44574,3.1035848,0
C11717,,6.241154,0.27434418,1
C11719,,4.4996653,0.8107876,1
C11723,,16.576595,1.9481065,2
C11725,,4.5930166,-0.9233416,1
C11727,,9.873011,4.0682287,2
C11729,,10.889503,17.17835,2
C1173,,12.544178,0.26453426,2
C11733,,16.180038,1.6811628,2
C11734,,4.04904,2.4020479,1
C11736,,11.190228,15.338266,2
C11738,,12.503362,14.476555,2
C11740,,7.851283,4.391472,1
C11741,,6.804697,3.4183948,1
C11743,,17.149237,5.3592286,2
C11746,,6.7911096,4.3064404,1
C11748,,4.7389793,4.7402043,1
C1175,,10.827143,2.6990943,2
C11750,,0.19768333,3.1954749,0
C11751,,2.9743323,3.538323,0
C11753,,4.794114,0.69949013,1
C11755,,10.097851,3.232367,2
C11757,,7.664024,2.9655786,1
C11762,,11.394753,15.223168,2
C11764,,5.2259884,3.6333382,1
C11766,,11.174069,17.484259,2
C11768,,7.5530415,9.619048,2
C1177,,-2.1761234,8.126945,0
C11770,,9.790158,4.3418813,2
C11772,,11.678312,8.688315,2
C11774,,5.4189134,4.6907578,1
C11775,,11.162831,16.513723,2
C11777,,12.299465,15.220143,2
C11779,,11.144323,17.426987,2
C1178,,-1.2273239,7.3022957,0
C11781,,7.712964,2.1601171,1
C11783,,9.180107,2.6492646,2
C11787,,9.279642,3.7110016,2
C11789,,16.71513,1.9110771,2
C1179,,11.997027,-5.5949326,1
C11798,,10.745459,16.249006,2
C11800,,4.2837143,0.8349807,1
C11803,,11.538499,9.239449,2
C11804,,11.082187,17.336065,2
C11812,,11.193488,15.592821,2
C11813,,12.142097,16.229052,2
C11815,,4.716229,-1.3641994,1
C11817,,4.7245955,-1.3750461,1
C11821,,5.809489,-0.83426684,1
C11823,,14.300606,6.33068,2
C11827,,8.62181,9.901842,2
C11831,,10.7899475,16.752718,2
C11833,,11.44541,16.516184,2
C11839,,11.575258,8.468416,2
C1184,,12.372958,-7.2880754,1
C11841,,7.964685,2.3651307,2
C11844,,10.916613,16.829945,2
C11846,,4.8860354,6.0901494,2
C11847,,6.3625655,3.5094075,1
C11849,,11.347074,7.7038155,2
C1185,,12.6739235,-6.6145606,1
C11851,,1.7094017,-0.48984608,1
C11856,,11.144598,17.095606,2
C11858,,16.89365,4.551604,2
C1186,,10.5294075,2.1605422,2
C11860,,2.10401,9.014706,0
C11861,,11.059393,16.932009,2
C11863,,3.5555031,10.074344,0
C11864,,1.9932148,-0.05849625,1
C11868,,14.275754,6.344079,2
C1187,,0.63935786,6.4857574,0
C11870,,8.165826,2.3640547,2
C11873,,11.172663,15.697352,2
C11877,,3.6925926,3.3145978,1
C11879,,16.420378,2.122244,2
C11881,,6.2290444,3.9186504,1
C11883,,16.349022,1.376531,2
C11885,,6.8128443,8.970475,2
C11886,,11.057098,15.693107,2
C11888,,1.9876082,-0.043297727,1
C11890,,3.9377413,2.1313422,1
C11893,,14.145942,6.392718,2
C11894,,10.803517,16.290989,2
C11896,,16.386929,1.8506783,2
C11900,,1.1041107,-0.59451216,1
C11902,,9.389698,3.7720177,2
C11904,,11.018952,17.174461,2
C11908,,11.657856,9.526416,2
C11910,,5.659244,-0.12734427,1
C11912,,5.0030613,0.5715896,1
C11915,,16.198444,2.4748201,2
C11917,,9.273554,9.192953,2
C11918,,3.0882282,3.0259492,1
C1192,,10.430342,2.22505,2
C11922,,11.486284,17.217346,2
C11924,,16.30068,1.3846506,1
C11926,,10.778731,16.225012,2
C11928,,5.2781534,0.14717671,1
C11929,,5.494895,2.3972442,1
C1193,,11.023916,-3.7440114,1
C11932,,16.702333,1.9009949,2
C11936,,5.768293,-0.74488527,1
C11938,,4.961988,-1.4072722,1
C1194,,-1.592031,8.302363,0
C11940,,10.666216,16.592476,2
C11943,,1.2322222,3.4825342,0
C11946,,4.549153,2.6447732,1
C11948,,16.36173,1.4331492,2
C11952,,14.23174,6.3496485,2
C11954,,4.718988,-1.1988533,1
C11957,,5.864272,-0.110159,1
C11968,,2.3219986,1.0696566,1
C1197,,10.680398,2.8777807,2
C11973,,11.275355,16.14615,2
C11975,,3.0788794,3.234291,1
C11977,,11.164154,15.631221,2
C11979,,11.038567,6.797152,2
C1198,,10.075264,-0.12223759,1
C11981,,6.107069,1.3793108,1
C11987,,4.716164,-0.19370653,1
C1199,,11.363497,-6.5159163,1
C11990,,16.62848,1.9612048,2
C11992,,5.7117586,-0.93840575,1
C11995,,4.8827214,6.096195,2
C11996,,8.610355,9.990268,2
C12,,12.330583,0.33674094,2
C12000,,11.398785,17.338295,2
C12002,,7.618179,3.2711763,1
C12004,,5.183736,0.46306178,1
C12006,,8.145954,3.0926776,2
C12010,,6.893582,4.251326,1
C12013,,6.377205,-0.24000786,1
C12015,,6.0006504,12.827621,2
C1202,,13.008191,0.06894052,1
C12021,,5.2446594,0.47762656,1
C12023,,6.3200145,12.83898,2
C12024,,5.729993,-0.88355327,1
C12026,,3.8571906,4.2700343,0
C12027,,6.317853,3.6533203,1
C12029,,4.706252,4.709346,0
C12032,,10.7995205,16.698479,2
C12036,,10.81671,16.492346,2
C12038,,9.192616,9.194994,2
C12040,,16.33795,1.4713013,2
C12042,,9.143242,3.6789346,2
C12046,,16.330395,1.3664058,2
C1205,,7.0317225,10.060789,2
C12050,,7.629691,2.7980802,2
C12051,,11.020062,15.770356,2
C12053,,11.138301,7.1040487,2
C12055,,11.725107,17.000772,2
C12057,,4.7094564,0.7148678,1
C12059,,4.526634,-1.2141907,1
C12061,,16.561464,2.0154572,2
C12063,,7.3771133,2.8113875,1
C12067,,14.103326,6.4146852,2
C12069,,7.5186057,2.8273482,1
C1207,,12.623851,0.83207685,2
C12071,,11.798115,16.5985,2
C12074,,16.246784,1.6279472,2
C12076,,16.476355,1.4016993,2
C12078,,11.58158,3.114154,2
C12082,,10.885731,17.156828,2
C12083,,1.9824241,-0.19824958,1
C12085,,9.922473,4.143126,2
C12087,,4.9930463,2.0862613,1
C12089,,16.344002,1.5923647,2
C1209,,1.0742183,6.083329,1
C12091,,16.817123,1.8440696,2
C12093,,12.358402,15.005102,2
C12095,,2.6612484,3.4531636,0
C12098,,4.5929904,-0.8825031,1
C1210,,10.608358,1.0675817,1
C12100,,11.413627,17.04378,2
C12104,,5.2828174,1.9736366,1
C12106,,5.8434057,12.779337,0
C12107,,11.195093,15.392329,2
C12109,,4.7814817,4.2990785,1
C1211,,11.159466,-4.486898,1
C12111,,5.1218333,-1.307081,1
C12113,,10.931878,16.53849,2
C12116,,4.6914234,-1.1536762,1
C12118,,4.8515754,0.6786278,1
C12120,,8.8422,2.8795311,2
C12122,,5.703499,-0.9502587,1
C12125,,1.578583,0.3711026,1
C12129,,9.509333,3.9293408,2
C12133,,16.40937,1.427659,2
C12135,,5.604435,-1.030125,1
C12137,,1.6931162,-0.53148454,1
C1214,,10.621724,2.250238,2
C12141,,14.392216,6.2030916,2
C12143,,11.130023,7.017766,2
C12147,,8.475913,9.673992,2
C12152,,10.662597,16.447657,2
C12154,,14.467258,-3.0303001,1
C12158,,1.1288729,3.4268332,0
C12159,,5.70288,12.762632,0
C1216,,11.447719,-5.047808,1
C12162,,11.033263,6.7683816,2
C12166,,11.924021,16.346712,2
C1217,,12.334182,-7.3322344,1
C12170,,9.766082,4.10364,2
C12172,,7.9252715,9.665377,2
C12174,,1.2511408,3.5043666,0
C12175,,4.2753534,1.0600438,1
C12178,,5.4210663,-1.1417103,1
C1218,,1.083679,6.102003,1
C12180,,6.354758,-0.20702322,1
C12181,,6.7961717,4.43555,1
C12183,,6.9958854,4.3638597,2
C12185,,10.959457,16.672762,2
C12189,,16.750042,1.7520586,2
C1219,,11.56587,-6.262021,1
C12192,,10.918303,16.915796,2
C12199,,16.69978,1.5889653,2
C122,,7.0775075,9.983321,2
C1220,,12.276077,0.2785255,1
C12202,,16.144003,1.43909,1
C12203,,5.2493267,0.63591236,1
C12206,,7.741588,2.3769782,2
C12208,,4.18942,1.3438505,1
C1221,,1.1142963,6.257726,0
C12212,,11.084969,15.770961,2
C12216,,8.300874,2.3900654,1
C12218,,4.042194,1.8004947,1
C1222,,1.0746961,6.2714953,0
C12222,,5.317418,-1.2067255,1
C12224,,6.1445327,1.354837,1
C12226,,11.1864195,16.475395,2
C12228,,14.394902,6.2197013,2
C12230,,10.994358,17.01658,2
C12234,,1.6798035,0.16506921,1
C12236,,14.619421,-3.3433204,1
C12238,,4.515418,-0.522825,1
C1224,,11.509729,-5.8396974,1
C12240,,14.512608,-3.1541083,2
C12242,,1.5369594,0.32962158,1
C12244,,16.428537,2.148498,2
C12247,,14.314901,6.327316,2
C12249,,11.295444,7.6020236,2
C1225,,12.681764,-6.519121,1
C12253,,5.7605543,12.762512,0
C12257,,8.822411,9.4398,2
C12259,,11.208996,16.947004,2
C1226,,13.159734,-0.07820656,1
C12263,,4.977269,-1.4433874,1
C12267,,16.676516,1.8664638,2
C12269,,16.333858,1.6421955,2
C12273,,4.9469795,2.096517,1
C12275,,15.743629,1.9411546,1
C1228,,-1.5760796,8.300077,0
C12281,,10.818486,16.966679,2
C12283,,11.333164,16.5302,2
C12285,,2.2399125,8.455948,0
C1229,,11.472701,-5.7807837,1
C12290,,1.7069622,-0.47699073,1
C12292,,10.8720045,17.028166,2
C12294,,1.7887242,0.11354776,1
C12296,,4.3468337,3.7361965,1
C12298,,16.79567,1.8725804,2
C1230,,13.657536,0.6848657,2
C12302,,16.703176,1.8188131,2
C12308,,0.7899682,3.3128104,0
C12309,,11.139042,7.112688,2
C1231,,12.470853,-7.03941,1
C12316,,11.997001,15.286488,2
C12318,,8.244357,9.796373,2
C12320,,4.795773,-1.2871329,1
C12322,,3.844049,4.2795935,0
C12323,,16.341724,2.21746,2
C12328,,7.299917,1.9961473,1
C1233,,11.475127,-5.1016326,1
C12333,,4.524417,3.8755012,1
C12334,,5.209278,0.48977044,1
C12337,,8.058845,4.4697394,2
C12339,,7.8280916,2.584092,2
C12341,,10.73599,16.670862,2
C12343,,4.805709,-1.2944775,1
C12345,,6.4209476,3.4739547,1
C12347,,8.248587,9.724734,2
C12349,,5.465912,-0.18251072,1
C12351,,1.2544752,3.5085816,0
C12352,,5.58163,-0.96733356,1
C12354,,5.616648,-0.12663917,1
C12358,,0.7955457,3.3162026,0
C12359,,1.1770442,3.458847,0
C1236,,12.386151,-7.2781444,1
C12360,,8.342146,9.63178,2
C12362,,5.2088456,0.32427076,1
C12365,,15.542829,-5.334966,1
C12366,,1.0802919,3.395941,0
C12367,,6.6712565,4.417884,1
C12369,,14.347613,6.306104,2
C12371,,7.7688746,2.3483086,1
C12373,,4.7067194,-0.43759704,1
C12375,,9.452898,4.0939074,2
C12380,,6.0249596,12.483912,2
C12382,,2.2343223,0.918713,1
C12386,,5.845057,12.739037,0
C12387,,16.325546,1.484756,2
C12389,,15.681976,-4.08381,1
C12391,,16.409798,1.3432524,2
C12393,,7.547447,9.672535,2
C12397,,4.5277324,-0.7406342,1
C12399,,16.101568,1.7306439,2
C1240,,1.1890901,6.281112,1
C12402,,7.095729,4.2359567,2
C12403,,16.69702,1.6589674,2
C12406,,7.8808784,9.716729,2
C1241,,11.173903,-6.493364,1
C12410,,14.44677,-3.0649767,1
C12412,,2.2402735,1.4384042,1
C12414,,9.168258,9.208928,2
C12416,,6.3289895,0.16017354,1
C12419,,8.002595,4.4627037,0
C12425,,10.747375,16.747898,2
C12427,,8.867065,9.439989,2
C1243,,7.1695642,9.837556,2
C12430,,5.038036,0.6265555,1
C12432,,4.660684,-1.1604407,1
C12434,,1.6569535,0.16730396,1
C12441,,14.421894,-3.0079427,1
C12443,,16.574179,1.5832676,2
C12445,,1.0883671,-0.5867774,1
C12448,,15.797599,1.8494545,1
C12449,,10.815179,17.08985,2
C12451,,6.3283443,2.898876,1
C12453,,4.4578276,1.0458928,1
C12455,,15.9536,1.7513148,2
C12457,,10.828211,17.047758,2
C12459,,14.449879,-3.1228607,1
C1246,,11.582633,2.921737,2
C12461,,4.978277,-1.4221044,1
C12463,,6.0822153,1.3801528,1
C12465,,14.447564,-3.2479885,1
C12467,,1.7178497,0.55226815,1
C12469,,7.8397484,2.4888813,2
C12471,,5.300393,0.7401858,1
C12473,,1.1652926,3.4509516,0
C12474,,8.073089,4.4708486,2
C12476,,10.67398,16.438704,2
C12478,,4.480646,-1.1868656,1
C1248,,1.22219,5.7922673,0
C12480,,14.43984,-3.0506191,1
C12484,,5.202611,0.50099826,1
C12488,,14.521681,-3.1996279,1
C12490,,2.2453532,1.451854,1
C12494,,14.431044,-3.0383596,1
C12496,,2.232009,1.4631008,1
C12498,,14.379959,6.2931285,2
C1250,,10.113586,-0.11801273,1
C12500,,4.9505463,0.5469627,1
C12502,,7.528027,4.253799,2
C12506,,4.5305185,-0.7662565,1
C1251,,1.3768356,6.1349316,1
C12510,,4.7467904,4.3692446,1
C12513,,10.68388,16.465714,2
C12515,,4.5315433,0.907419,1
C12519,,4.9475083,0.55629396,1
C12523,,5.80549,-0.81923264,1
C12525,,16.559595,1.4282373,2
C12527,,3.7891653,4.2783475,0
C12533,,3.7019618,4.7778378,0
C12534,,4.425751,3.941708,1
C12539,,2.2757576,1.4105814,1
C12543,,2.246566,1.4549708,1
C12545,,8.642254,4.531009,2
C12546,,11.152147,15.297297,2
C12547,,8.797675,9.929547,2
C1255,,10.427392,2.0096664,2
C12550,,7.84363,2.4675865,2
C12552,,7.842271,2.5384817,2
C12554,,6.089184,12.544799,2
C12556,,1.1321149,3.427463,0
C12560,,8.1122055,4.487329,2
C12562,,2.2565608,1.5533743,1
C12564,,1.9528179,-0.0577367,1
C12566,,14.435452,-2.9827344,1
C12568,,2.2368789,1.4562279,1
C12570,,4.5641937,-0.6903149,1
C12578,,2.2273626,1.4590786,1
C12587,,4.469,3.8681707,1
C12588,,2.2425961,1.4184606,1
C1259,,12.133659,-6.2363296,1
C12598,,2.2273767,1.5002685,1
C12599,,0.4221724,3.1288142,0
C126,,1.0601829,6.111947,1
C1260,,13.094742,-0.0037999388,1
C12604,,16.333464,1.399857,2
C12606,,16.597198,1.451028,2
C1261,,11.60462,-4.880653,1
C12613,,15.723728,-5.297814,1
C12616,,16.52765,1.4165431,2
C12618,,7.2813272,2.8023808,1
C1262,,10.821488,2.424271,2
C12622,,1.1874784,3.4683075,0
C12628,,16.562506,1.4133136,2
C12630,,6.3256116,8.668068,1
C12632,,4.4286947,3.8087792,1
C12638,,2.1920772,1.4615571,1
C1264,,-1.9427153,8.43146,0
C12640,,4.437853,3.9447649,1
C12644,,-7.682747,5.7040443,0
C12646,,5.862243,12.739068,0
C12651,,6.2017155,8.621808,1
C12654,,6.482431,8.760715,1
C12674,,0.45170814,3.1189446,0
C1268,,10.077277,4.346075,2
C1269,,9.80737,0.2673865,1
C127,,10.057411,-0.16257201,1
C1273,,12.486082,-6.936636,1
C1276,,13.53084,0.72418463,2
C12765,,2.2717288,8.410993,0
C1277,,12.796287,0.49571294,2
C1279,,12.852185,0.19852181,2
C128,,11.56405,-6.187133,1
C12828,,5.7571845,12.8381195,0
C1283,,12.332556,-7.3546166,1
C1284,,-1.9587859,8.4014845,0
C12849,,2.271346,8.943041,0
C1286,,12.092981,-5.382019,1
C12883,,-7.4730897,5.9446316,0
C1289,,13.656892,0.70108885,2
C1290,,-0.84785926,7.8830285,0
C1291,,-2.240042,8.024304,0
C1292,,11.236116,-6.566738,1
C12922,,0.49523237,3.0857825,0
C1294,,12.651685,-5.9683466,1
C1295,,10.881357,6.3694663,2
C12953,,5.509011,1.9440497,1
C1296,,12.336788,-7.347559,1
C12972,,0.4857839,3.084279,0
C1300,,7.061184,9.985759,2
C13009,,0.4380923,3.110707,0
C13023,,4.6430926,8.534669,0
C1303,,3.207188,4.4345546,0
C13035,,5.9484367,12.510456,2
C1304,,-1.9828355,8.516771,0
C1305,,11.188917,-4.5778017,1
C1307,,-2.2165153,8.0767565,0
C1308,,11.885588,-4.9368057,1
C1310,,1.0254642,6.1172323,1
C1311,,11.169003,-4.500757,1
C1313,,9.896827,0.29338804,1
C1315,,-1.6676008,8.938845,0
C1319,,13.23371,-7.906057,2
C132,,11.549504,-6.207137,1
C1321,,12.698291,-6.5773807,1
C1322,,12.498229,0.30571538,2
C13220,,0.5141214,3.1259387,0
C1323,,12.412392,-7.018403,1
C1324,,12.429271,-7.009798,1
C1325,,-2.2329783,8.034834,0
C133,,11.346011,-5.101016,1
C1332,,12.408187,-7.038266,1
C13345,,2.09618,9.100147,0
C1335,,11.087955,-5.0445595,1
C1336,,10.979805,-3.6847932,1
C1338,,12.475481,-7.256236,1
C134,,10.246106,0.4781246,1
C1340,,4.489706,5.92594,0
C1341,,11.155759,-4.470142,1
C1342,,11.702537,-5.865287,1
C13421,,-7.493213,5.924654,0
C1343,,11.199217,-6.618701,1
C1344,,11.518648,0.70091265,1
C1346,,11.854389,-4.900809,1
C1347,,-1.8387866,9.164975,0
C13488,,4.687887,6.1405315,2
C1349,,13.058791,0.036110863,2
C1350,,-1.7477372,9.138861,0
C1351,,12.855529,-5.835206,1
C13527,,2.916659,2.7136588,1
C1354,,12.33485,-6.875096,1
C1356,,13.116479,-0.006812493,2
C1357,,7.3150625,9.68859,2
C1358,,12.364502,-5.838409,1
C136,,11.909028,-4.977637,1
C1363,,11.09109,-5.0227346,1
C13637,,11.056238,6.8390636,2
C1364,,0.6955267,6.437398,0
C1365,,10.103047,-0.054413125,1
C13656,,5.783216,12.755394,0
C1366,,-2.1304667,8.191499,0
C1367,,12.336443,-7.3293157,1
C1368,,-0.81707585,7.860961,0
C1369,,12.881727,-5.2841296,1
C13700,,6.0736394,12.806562,2
C1371,,10.48599,2.1608365,2
C1375,,-1.6891792,9.0411215,0
C1376,,12.707891,-6.6218686,1
C138,,11.158304,-4.4709115,1
C1381,,13.491213,0.75176173,2
C13834,,2.0261166,9.180937,0
C1384,,11.354777,-6.7625504,1
C1386,,10.687511,0.9732712,1
C1387,,12.855185,0.33444756,2
C1389,,12.767391,0.38118738,2
C1392,,10.782596,2.0936782,2
C1393,,12.364277,-7.290706,1
C1396,,12.401893,-7.2331066,1
C1398,,10.968839,2.493949,2
C1399,,11.869156,-6.8504763,1
C140,,11.26318,-4.94317,1
C1401,,11.895102,-6.791953,1
C14014,,4.625708,8.542245,0
C1403,,-1.2450471,7.3132157,0
C1407,,11.345392,-6.766595,1
C1409,,10.157911,0.004155647,1
C141,,13.081282,0.009284068,2
C1410,,13.662936,0.7019125,2
C1411,,12.230865,0.35801002,1
C1412,,12.809053,-6.3067775,1
C1416,,12.396915,-5.9541736,1
C1417,,12.075847,-5.3469,1
C1418,,11.370835,-5.6211443,1
C142,,11.559515,-6.1996927,1
C1420,,7.058203,9.980922,2
C1421,,11.701285,1.9818432,2
C1423,,7.2767363,9.730525,2
C1425,,-1.7335398,9.083302,0
C1427,,12.997857,0.10472166,2
C14270,,4.6937766,8.539651,0
C1428,,13.070124,0.023270316,1
C1429,,-1.7257429,9.118054,0
C1432,,13.333109,-8.070228,1
C1433,,12.204322,-5.299785,1
C14343,,4.635449,8.535997,0
C1435,,7.0927544,10.057139,2
C1439,,11.523979,-5.125422,1
C144,,0.61292344,6.503996,0
C1440,,13.43076,0.7374366,2
C1441,,12.388818,-7.004836,1
C1442,,0.88464874,6.3066754,0
C1443,,10.8368845,1.3259933,2
C14437,,2.2667413,8.407152,0
C1444,,11.017795,-3.7785876,1
C1445,,-1.7301265,9.118061,0
C1447,,11.780986,-5.031408,1
C1449,,11.802761,-6.838661,1
C1450,,10.438723,2.2523863,2
C1453,,7.357237,9.649564,2
C14535,,2.249196,8.440214,0
C14536,,0.17409408,3.215512,0
C1458,,11.189937,-6.5759735,1
C14580,,11.744013,2.9506757,2
C1463,,12.771074,0.4299834,2
C14646,,4.639418,8.536558,0
C1467,,13.496785,5.49434,2
C14674,,-7.4817195,5.936681,0
C14675,,2.2634401,8.41224,0
C14678,,6.2444916,8.629799,1
C1468,,0.52575666,6.5664988,0
C1472,,12.329486,-6.0829053,1
C1474,,12.816933,-6.4529376,1
C1475,,11.525564,-6.197018,1
C1477,,10.286345,2.3429592,2
C14783,,-7.857447,5.636068,0
C14789,,-7.9103274,5.605971,0
C148,,11.012447,2.8126264,2
C1480,,11.287798,-4.581195,1
C1483,,12.108959,-5.179286,1
C1484,,11.79544,3.0120952,2
C1485,,10.311443,2.3466358,2
C1487,,11.207592,-4.3819385,2
C1488,,-1.7225794,9.130894,0
C149,,12.213791,0.3683209,1
C1490,,10.6380205,1.0917187,1
C14909,,2.253974,8.463598,0
C14912,,6.3049803,12.852069,2
C1494,,15.134535,-5.1975875,1
C1496,,1.4035083,6.1735077,1
C15,,0.7595297,6.3960376,0
C150,,12.315993,0.3505315,1
C1501,,10.0869465,-0.14203836,1
C15055,,2.2140071,8.910121,0
C1506,,7.320121,9.702501,2
C1507,,11.120713,-4.796679,1
C1508,,13.546979,0.72030956,2
C15086,,-7.56659,5.839462,0
C15096,,-7.904157,5.5817194,0
C151,,10.007479,0.25509197,1
C15101,,2.9107773,2.7180817,1
C15110,,0.27707323,3.1656196,0
C1512,,12.689185,-6.6187863,1
C1513,,11.159656,-6.5770564,1
C1514,,15.73738,1.9155893,2
C1515,,7.14934,9.867491,2
C1516,,11.182909,-4.9427037,1
C1517,,-1.8660567,9.194004,0
C15182,,2.3791559,8.90874,0
C1519,,12.218728,-5.207358,1
C152,,12.958515,0.30510193,2
C1520,,0.7557003,6.40372,0
C1524,,-1.6270009,8.693174,0
C1526,,10.988033,-3.73304,1
C1528,,11.062363,-5.065802,1
C153,,-1.7351186,9.127092,0
C15318,,-7.9063687,5.5937896,0
C15332,,-7.825634,5.651397,0
C15341,,0.7579444,3.3080425,0
C15365,,7.5917354,3.438093,2
C1537,,10.476987,2.139767,2
C1538,,12.481876,-7.2280207,1
C1539,,-1.681804,9.016308,0
C154,,7.063925,9.980851,2
C1540,,0.71151704,6.426614,0
C15408,,2.9188743,2.7144039,1
C1543,,13.6115465,0.7054495,2
C1544,,-1.9538105,8.3978615,0
C15459,,-7.4855623,5.931602,0
C1547,,11.511741,-5.1299977,1
C15476,,3.8283088,4.2838817,0
C1549,,11.304958,-5.294214,1
C15499,,0.4764148,3.1480668,0
C1550,,12.826515,0.47821277,2
C1553,,-1.2589465,7.3153543,0
C15539,,-8.123402,5.333549,0
C1554,,11.17648,-4.355352,2
C1555,,14.240841,-4.6431484,1
C1556,,12.36966,0.34535208,2
C15565,,2.1690702,9.008235,0
C156,,9.848249,0.21552731,1
C1561,,0.7183925,6.422051,0
C1562,,11.486764,-5.1246634,1
C1565,,12.357924,-7.326128,1
C15650,,2.907459,2.7175403,1
C1567,,13.408486,-8.164529,2
C1568,,1.1064512,6.2216253,1
C157,,11.522354,-6.235481,1
C1570,,13.406346,-8.162,1
C1572,,10.038608,0.031743318,1
C1574,,-1.2355219,7.3103647,0
C15758,,14.441599,-3.0986197,1
C15762,,-7.47575,5.9414406,0
C1577,,12.527119,-7.029628,1
C15770,,2.3931327,8.75995,0
C1578,,-1.6858814,9.039112,0
C1580,,1.2897385,5.724421,0
C15805,,1.1939113,3.4718482,0
C1581,,10.518083,1.9058225,2
C15818,,4.706502,6.0519443,0
C1583,,12.516388,-5.945067,1
C1584,,13.661428,0.7151033,2
C1587,,1.3818234,6.121817,1
C15881,,2.2185814,8.920613,0
C159,,7.132836,9.883332,2
C1590,,9.794045,-0.23971215,1
C1591,,11.701455,-4.7642884,1
C1592,,0.9755088,6.284229,0
C1593,,11.169816,-6.599738,1
C15930,,11.505905,3.0462985,2
C15976,,-7.4801908,5.9405556,0
C15977,,3.7978199,4.907402,1
C16,,0.5571332,6.5426683,0
C160,,11.616821,-6.012859,1
C1601,,3.3538125,4.3396173,0
C16014,,2.2791352,8.366503,0
C1602,,13.666457,0.6853295,2
C16029,,-8.099054,5.349005,0
C16054,,4.6042523,8.530302,0
C1607,,15.181107,-4.624172,1
C1609,,13.754537,5.852243,2
C16095,,5.525953,12.629911,0
C16097,,5.5742397,12.634494,0
C16098,,1.1943405,3.4678724,0
C161,,12.360918,1.2628316,2
C16106,,2.1282015,9.0568695,0
C1611,,13.433623,-8.189814,2
C16124,,1.923715,9.307749,0
C16128,,0.82892656,3.3135197,0
C16135,,-7.5026627,5.9011936,0
C16136,,3.727182,4.8075852,0
C16137,,6.1598043,8.591727,0
C1616,,13.178252,-0.06383565,1
C1622,,11.287362,-6.0096045,1
C1624,,13.350191,-8.087685,1
C1627,,10.322515,2.3972917,2
C1628,,10.2857485,2.604885,2
C1630,,8.472067,2.651196,2
C16347,,1.9279039,9.303523,0
C1638,,11.010549,-3.7280307,2
C16397,,7.46323,9.554986,0
C164,,11.571627,-5.0983863,1
C1643,,1.9297903,9.298225,0
C1645,,7.234928,9.770721,2
C1646,,1.2093002,5.9994235,0
C1649,,-0.7292857,7.8352823,0
C165,,12.358907,-7.317883,1
C1650,,-1.2389203,7.3093295,0
C16507,,6.4491,8.745842,1
C1654,,12.930559,-7.408547,1
C1655,,-1.7338314,9.097802,0
C16589,,11.553861,2.943431,1
C1663,,12.740435,0.60062534,2
C16640,,2.4115202,8.874221,0
C1665,,2.75198,4.129568,0
C1670,,4.5995946,6.2281566,0
C1671,,12.771875,-6.308929,1
C16712,,14.206017,4.148582,2
C1672,,14.85861,-5.7344084,1
C1680,,4.9992294,2.0639184,1
C1685,,13.332661,-8.065714,2
C16864,,-7.496554,5.91642,0
C169,,12.823625,-6.3230114,1
C1697,,8.74552,3.2852437,2
C1698,,6.53599,4.4548893,1
C17,,1.376532,6.1773086,1
C1700,,15.55027,2.3478086,2
C17008,,2.2564747,8.428967,0
C1701,,12.824636,-6.3457932,1
C1702,,3.7199717,4.108596,0
C17047,,2.249547,8.4161415,0
C1705,,9.786219,0.30512086,1
C1707,,11.907883,3.0198271,2
C1712,,-0.7426677,7.83639,0
C1716,,11.810435,-6.1639624,1
C1717,,-0.8307821,7.870713,0
C17180,,3.818455,4.833245,1
C17185,,-7.4853463,5.932407,0
C1719,,2.7751987,4.0088086,0
C17191,,2.2725027,8.394052,0
C172,,11.584369,-5.082097,1
C1721,,1.3331327,5.6643476,0
C1723,,13.293124,-8.012684,0
C1726,,-0.7111862,7.8331656,0
C17276,,2.49427,8.830635,0
C173,,11.52103,-5.1274843,1
C1730,,12.991171,0.12202942,2
C1734,,-1.6971574,9.036879,0
C17377,,0.6041388,4.906771,0
C174,,11.6991825,-6.075283,1
C17406,,2.1815217,9.023594,0
C17418,,0.59834564,4.9138103,0
C17428,,6.7341084,1.8687096,1
C1744,,11.120224,-4.074281,2
C17481,,-7.622292,5.6878047,0
C175,,11.393705,-5.058286,1
C1754,,7.064567,9.9914665,2
C1759,,10.075563,-0.1526172,1
C1761,,16.051134,-4.426155,1
C1763,,15.905573,-5.0571523,1
C17640,,5.862449,4.1490946,1
C17644,,4.2339087,5.7914014,1
C1767,,3.9904883,5.5905333,0
C177,,5.986727,1.5554523,1
C1770,,14.364959,-4.526015,1
C17728,,1.9016446,9.34067,0
C17730,,1.9087707,9.329231,0
C17731,,9.30109,9.1307335,2
C17733,,5.2596273,8.478533,0
C17735,,9.844451,4.383024,2
C17743,,6.9699926,3.4814458,1
C1776,,13.007689,0.1906668,2
C178,,13.578947,0.65974295,2
C17816,,1.983315,9.238424,0
C1784,,13.172095,-4.6719747,1
C1786,,9.796722,2.8263977,2
C1787,,12.953695,-5.623101,1
C17874,,3.7938728,4.9771514,0
C1788,,9.588186,0.32241368,1
C1790,,8.166457,4.198313,2
C1792,,2.24728,1.4232141,1
C17926,,-0.673223,7.8381248,0
C1796,,7.1511955,9.81965,2
C17965,,6.0969267,12.812769,2
C1799,,12.789671,-6.080166,1
C18,,-0.7217775,7.8387265,0
C180,,10.184164,-0.026553571,1
C1800,,6.457516,8.733156,1
C18007,,6.306427,12.838392,2
C1801,,-0.8483802,7.891413,0
C1804,,8.548266,9.981109,2
C18044,,2.1352134,9.051885,0
C18057,,2.0691977,9.135193,0
C18062,,3.7224557,4.80762,0
C18079,,1.9969969,9.221471,0
C18090,,11.596932,8.562394,2
C18117,,8.552207,3.464573,2
C1812,,0.40038753,3.1335669,0
C1813,,-0.71112376,7.8344345,0
C1814,,11.269261,-4.54552,1
C1815,,12.10962,-5.23718,1
C1818,,15.143082,-4.962672,1
C18184,,6.337975,8.712351,0
C18189,,1.9241357,9.311877,0
C1821,,4.862752,2.6122293,1
C1822,,4.5254655,5.95884,0
C1823,,7.494614,9.491941,2
C1825,,0.80416954,6.3735557,0
C18261,,4.116234,3.8542974,0
C18263,,4.128886,3.8670933,0
C18266,,10.475845,4.730951,2
C18309,,5.4693074,2.2334979,1
C1834,,0.99106205,6.1683483,0
C18345,,4.6453567,8.535786,0
C1835,,1.0382066,6.143328,0
C1837,,-1.7348219,9.093242,0
C1839,,12.522653,-5.934673,1
C184,,11.159143,-6.5638437,1
C1840,,10.963077,2.577167,2
C1841,,15.327672,-4.503829,1
C1843,,15.570793,2.3834176,2
C1845,,13.475262,0.7693261,2
C1848,,12.36901,1.2525656,1
C1849,,-0.7394205,7.853911,0
C185,,13.163919,-0.027240207,2
C1856,,5.478635,2.3433232,1
C1857,,13.072554,0.025268707,2
C1859,,12.520833,-6.9494567,1
C18590,,2.2619896,8.404862,0
C1863,,10.135326,2.2492933,2
C1865,,-1.8775394,9.218402,0
C1866,,12.494384,-5.886687,1
C1867,,12.995479,-5.6732044,1
C1875,,13.14948,-4.9219184,1
C1878,,16.0988,-4.08891,1
C1879,,0.48347923,3.0919468,0
C188,,12.648629,-6.661115,1
C1882,,-1.8614326,8.730957,0
C1883,,11.906417,3.0396476,2
C1884,,10.301245,0.58509815,1
C189,,12.956307,0.15213187,2
C1898,,9.835667,0.26569235,1
C1899,,1.2635432,6.2178545,1
C19,,7.0510154,10.033426,2
C1900,,3.3708503,4.655614,0
C1901,,3.8093967,4.6735444,0
C1903,,4.051354,5.6470532,0
C1905,,8.848445,9.918502,2
C1906,,14.808939,-3.5757518,1
C19099,,1.9143893,9.321424,0
C191,,12.439561,-7.026731,1
C19131,,4.640238,8.532944,0
C19141,,2.2572613,8.416195,0
C1922,,11.58338,2.9483979,2
C1923,,12.561672,0.7945063,2
C1925,,9.145766,3.7258878,2
C1935,,12.105722,-6.1772857,1
C19384,,2.2402196,8.410898,0
C194,,7.1105504,9.90447,2
C1947,,8.658077,9.457055,2
C195,,10.438931,2.64561,2
C1953,,12.64927,-7.1329207,1
C1954,,8.615206,9.97638,2
C1958,,12.55861,-7.165178,1
C196,,12.712321,-6.6211333,1
C1962,,9.500221,3.770516,2
C1968,,11.46641,2.9853168,2
C197,,12.528159,-5.8587084,1
C1970,,11.695171,3.0497746,2
C1971,,11.575028,0.6700939,1
C1973,,14.208727,4.136279,2
C1987,,13.129354,-0.039369002,1
C1988,,11.815966,-6.8011813,1
C1991,,13.040243,0.5247071,2
C1992,,13.004387,-5.6773763,1
C19924,,2.2412338,8.431021,0
C1993,,13.39805,-8.154777,2
C19944,,1.9072803,9.3275385,0
C19996,,-0.60085666,7.822509,0
C2,,-2.0751247,8.263835,0
C200,,12.854754,0.45780528,2
C2001,,15.841637,-5.1359434,1
C2005,,15.681162,-4.032246,1
C2007,,12.805413,-6.347729,1
C2008,,14.44662,-3.6844378,1
C20093,,1.9142653,9.318513,0
C20096,,2.256239,8.368692,0
C201,,12.387068,-7.01472,1
C20101,,10.5212965,4.784352,2
C2016,,11.610504,-5.9754243,1
C2018,,16.099646,-4.2225795,1
C202,,10.766226,1.5337732,2
C2020,,-7.606194,5.3462353,0
C2021,,6.7932544,9.038287,1
C2022,,15.092573,-5.240303,1
C2023,,12.414795,-5.9952,1
C2026,,11.182615,2.960917,2
C2027,,16.278246,-4.0743976,1
C2029,,10.288313,3.3971288,2
C203,,-1.4677773,8.209818,0
C20312,,4.6392016,8.535073,0
C2035,,1.0214645,6.1753836,0
C20373,,6.808589,2.3893692,1
C2038,,3.3612628,3.801583,0
C2039,,13.430066,-8.186666,2
C204,,-1.9293566,8.684387,0
C2040,,6.4271274,4.4473815,1
C20404,,0.6408535,4.886432,0
C2044,,12.749286,0.40326265,2
C2047,,-1.9444042,8.526974,0
C20473,,1.9266174,9.211618,0
C2048,,1.3035809,5.8202486,1
C2049,,13.812102,6.2114253,2
C205,,12.883977,0.3300242,2
C20510,,4.6515937,6.0465302,0
C20512,,4.8202105,6.104447,2
C2053,,13.672151,6.183739,2
C2056,,11.001059,-3.7196763,1
C2057,,13.409159,-8.167748,1
C2058,,2.9015148,4.061701,0
C20593,,-8.063809,5.4164357,0
C206,,9.879341,0.22273685,1
C20671,,5.2671995,4.1786456,1
C2069,,3.8482432,4.3252306,0
C20690,,-7.4650364,5.952999,0
C207,,10.071069,-0.14514953,1
C20809,,6.1935935,3.9368644,1
C2086,,10.623522,1.6746,2
C2089,,0.6804649,6.4939694,0
C2091,,11.540423,2.8899329,2
C2095,,12.89451,-7.3165407,2
C20979,,2.0368605,9.153267,0
C2098,,7.1364784,4.0747843,1
C21060,,3.9851725,5.5956097,0
C2107,,15.24285,-4.924422,1
C21072,,3.7775939,4.4711328,0
C2109,,14.004896,4.387483,2
C211,,10.009282,0.09961504,1
C21138,,5.93002,2.5728118,1
C2117,,4.503044,4.941287,0
C2126,,5.3299427,4.2375336,1
C2127,,6.157274,2.9759605,1
C2128,,15.652908,1.6666565,1
C21296,,0.18712623,3.2167394,0
C21304,,6.0130706,12.775027,2
C2131,,13.471384,6.102395,2
C214,,11.139189,-4.420024,1
C2144,,8.979007,3.732722,2
C21441,,0.79296494,3.3087945,0
C2146,,11.166223,-6.5758634,1
C2148,,13.293953,-8.016509,1
C21485,,-7.8667493,5.6165657,0
C215,,12.502319,-6.094226,1
C2150,,11.802343,2.992365,2
C21578,,11.213403,15.089697,0
C2159,,8.08747,9.771838,2
C216,,13.224455,-0.08711501,1
C21605,,0.45264047,3.1162035,0
C2161,,-1.470745,8.245403,0
C2162,,11.78547,1.8441379,2
C21632,,5.7965217,12.762623,0
C217,,12.859437,-5.8371577,1
C21700,,0.21778212,3.1835833,0
C2172,,14.400228,-2.9930272,1
C2174,,14.206884,4.1644588,2
C21756,,2.1916823,8.85983,0
C21763,,-7.475466,5.9440737,0
C218,,-1.2523276,7.3145547,0
C2183,,13.517658,6.0243983,2
C21836,,8.451931,4.546427,2
C21851,,3.5999308,4.4493537,0
C21852,,11.305599,2.9753246,2
C2186,,11.5379925,2.9029431,1
C2188,,-0.07419397,4.45123,0
C2189,,15.518631,-4.71057,1
C21893,,1.9278625,9.313305,0
C219,,-1.8692747,9.213681,0
C21926,,2.179591,8.909456,0
C2193,,11.5380335,2.9131408,2
C21977,,1.9096423,9.32922,0
C2198,,12.235791,-6.8831234,1
C21986,,-7.5752544,5.8297834,0
C2202,,11.087818,-5.056852,1
C2203,,1.0181646,6.0690637,1
C22032,,11.372022,2.96786,2
C2204,,12.329878,-7.3132567,1
C22069,,9.936796,3.9972131,2
C2209,,-1.9517573,8.642009,0
C22112,,4.671385,6.117048,2
C22113,,8.046734,4.3380136,2
C2217,,3.5874143,4.621847,0
C22192,,0.20941211,3.1908557,0
C22193,,3.7755768,3.7844424,0
C2225,,9.578496,2.7411635,2
C22250,,0.4040282,3.131443,0
C2226,,16.300877,-4.0940824,1
C22269,,8.906342,9.342584,2
C22271,,-7.915587,5.5584874,0
C2229,,7.039066,10.069053,2
C2230,,4.660975,4.7933965,0
C22335,,2.0553827,9.147719,0
C2236,,12.962141,-5.7071624,1
C22372,,-7.5795937,5.8178973,0
C22395,,6.251681,12.826576,2
C22397,,2.8089359,3.92848,0
C22399,,2.843276,3.8728933,0
C2240,,12.214352,-5.135122,1
C22400,,3.0768745,3.8484724,0
C2242,,11.827999,2.9823709,2
C22442,,6.369275,8.664162,1
C22443,,1.9807507,0.0062231906,1
C22479,,2.373985,8.845312,0
C22494,,0.2143546,3.2401989,0
C225,,15.214145,-4.4283676,1
C2250,,1.9581978,9.268833,0
C22523,,11.424779,15.23746,2
C22529,,14.24564,4.01952,0
C2254,,13.409828,-8.166668,2
C2255,,13.59737,0.7391671,2
C2257,,4.553692,4.906809,1
C22588,,6.316399,12.840657,2
C22594,,5.0447254,4.662088,1
C22610,,-7.573686,5.7983937,0
C2263,,-1.9583195,8.366098,0
C2269,,12.3348255,-7.354082,1
C2270,,11.756214,9.3457575,2
C22751,,4.658816,6.0535927,1
C2277,,11.089595,-5.0942936,1
C228,,-2.2273488,8.033977,0
C22827,,4.9344034,6.0949244,2
C2286,,10.566311,2.2809134,2
C2290,,11.933953,-5.046823,1
C2291,,0.7916241,6.371619,0
C2292,,11.256717,-4.55464,1
C2293,,10.996238,-3.707105,1
C22967,,2.445527,8.8467245,0
C22976,,4.6797814,6.1306763,2
C2299,,7.0349517,10.116132,2
C230,,10.14861,-0.06423632,1
C2300,,10.719672,2.01155,2
C2301,,14.096052,5.6998677,2
C2303,,6.9447055,9.103508,1
C2306,,-0.6703623,7.802564,0
C2307,,5.299671,1.8731987,1
C23098,,4.6736646,6.0709696,0
C231,,11.888381,3.0627549,2
C23138,,4.9051285,6.104826,2
C232,,-2.0841808,8.248436,0
C2320,,7.4788966,9.567704,2
C2321,,10.887199,6.3831563,2
C23269,,3.6977596,4.3297133,0
C2328,,7.5509367,3.4099598,2
C2329,,14.682906,-3.454288,1
C233,,12.985373,-5.637901,1
C23304,,-7.472581,5.9477224,0
C23319,,6.299955,12.840511,2
C23329,,5.636242,12.725473,0
C2335,,4.700528,4.0993996,1
C23375,,5.6562963,12.672813,0
C23382,,4.148801,5.664561,2
C23388,,1.7427969,0.47375375,1
C23392,,-7.5284324,5.8821034,0
C23396,,2.7272663,8.791949,0
C2341,,12.631753,0.4949871,1
C2347,,11.191288,-4.5203156,1
C2348,,11.198208,2.971767,2
C235,,-1.1876835,7.3574,0
C23510,,1.9344542,9.297141,0
C23559,,1.9232088,9.310921,0
C23575,,-7.473675,5.9429474,0
C23594,,7.963093,3.465538,2
C236,,13.34966,-8.085045,1
C23608,,9.517267,4.014211,2
C23640,,4.728838,6.1764026,2
C2367,,3.990881,2.0402818,1
C23679,,14.253999,5.0591254,2
C23683,,14.615441,5.1925592,2
C23684,,1.9279457,9.309767,0
C23698,,6.3344464,12.83849,2
C23701,,-7.6874523,5.7479887,0
C2372,,10.750413,1.5076383,2
C23724,,4.6234584,8.537463,0
C23766,,-7.5998774,5.753504,0
C23769,,8.237137,2.8385031,1
C23773,,4.0469403,5.643477,1
C23778,,2.2391498,8.712089,0
C23788,,-7.499933,5.91293,0
C23794,,12.315615,14.706319,2
C23804,,4.8748765,6.1118226,2
C23814,,-7.55765,5.8458357,0
C23835,,6.417677,2.830784,1
C23836,,2.261726,8.397718,0
C2385,,13.090727,-4.906448,1
C2387,,2.4916415,8.863622,0
C23884,,-7.4096684,6.00849,0
C2389,,15.063248,-4.955423,1
C23893,,0.25965148,3.1708272,0
C2390,,9.973423,4.233153,2
C2393,,13.697137,5.929684,2
C23933,,-8.092172,5.362976,0
C2394,,16.177425,-4.126366,1
C23957,,15.71476,-5.2659335,1
C23967,,-8.123047,5.33165,0
C24,,-0.726444,7.839901,0
C240,,12.080621,-6.7083993,1
C24025,,2.2598352,8.408629,0
C24051,,0.7479976,3.2856886,0
C24053,,2.2661283,8.394646,0
C24055,,9.658233,4.362963,2
C24057,,4.612521,8.550463,0
C2408,,7.2429996,4.0535893,2
C24113,,0.67295635,4.852953,0
C2413,,14.139884,5.97116,2
C24135,,-7.585526,5.78548,0
C24136,,-7.5680304,5.8085265,0
C2415,,14.875781,-5.7156,1
C24159,,2.024413,9.187096,0
C242,,12.236734,0.36993212,1
C2422,,15.534136,2.35107,2
C24222,,0.7737454,3.3076918,0
C2428,,7.039148,10.092404,2
C24280,,11.755757,2.9422154,2
C24300,,-8.122942,5.3316865,0
C24336,,3.8365555,3.8218114,0
C2434,,12.681931,0.38029832,2
C24340,,14.503378,-3.4398792,1
C2436,,8.709597,9.902919,2
C24376,,2.0018327,9.223283,0
C2438,,6.9984927,9.393467,1
C244,,13.114245,-0.012376906,2
C24436,,4.637815,8.535587,0
C24448,,4.7049685,6.0792933,1
C24449,,4.7177362,6.075192,2
C24450,,4.723627,6.0896797,2
C24451,,4.6917715,6.05785,1
C24454,,4.638093,5.9373684,0
C24464,,14.519881,-3.0967357,1
C24466,,1.8979052,9.346164,0
C24474,,3.8867962,4.308373,0
C24495,,4.005197,3.7684078,0
C2451,,14.639609,-3.537294,1
C2454,,2.0263324,9.186516,0
C24568,,4.703497,6.0864987,2
C24595,,4.6360626,8.546579,0
C24596,,2.1904285,8.795807,0
C2461,,12.892035,0.28421745,2
C2462,,11.632407,-4.6781855,1
C24626,,7.328514,4.0468535,2
C2464,,8.541423,10.008587,2
C2465,,11.088379,-5.052323,1
C24656,,-7.558448,5.858545,0
C2466,,11.42252,-6.7922974,1
C247,,10.8919735,1.4900297,2
C2470,,12.693047,-7.1551027,1
C2471,,12.993333,-5.6576033,1
C2475,,8.497599,9.944949,2
C2479,,13.82123,4.213356,1
C24806,,4.630429,8.535824,0
C24808,,5.7295938,12.728641,0
C2485,,15.231296,-4.2652817,1
C24853,,0.22573316,3.175022,0
C24854,,5.7232194,12.800311,0
C2486,,15.009294,-5.1364202,1
C24873,,5.5042505,12.611742,0
C2493,,8.45005,10.0130005,2
C24954,,4.6776037,6.1083856,2
C2496,,6.8815527,9.191153,1
C25,,12.873653,0.28222495,2
C25019,,2.4180799,8.879371,0
C25059,,4.6379895,8.533722,0
C25072,,8.575814,3.4163465,2
C2511,,5.6581945,3.0912309,1
C25123,,-7.7197404,5.704672,0
C25128,,6.3132515,12.838266,2
C2514,,8.773784,9.788945,2
C25146,,2.1034849,9.091836,0
C25147,,5.55398,12.669197,0
C2519,,0.73428273,6.38489,0
C25192,,15.291379,-4.47543,1
C2521,,10.020033,3.8556535,2
C25298,,2.1031783,9.013733,0
C253,,8.727481,9.404148,2
C2532,,1.312276,5.6884685,0
C2533,,8.848122,9.876249,2
C25339,,2.242444,8.418113,0
C25343,,12.444731,14.676128,2
C2535,,11.585307,-6.2823386,1
C2536,,10.0794935,-0.14387271,1
C25374,,4.023361,5.6043873,1
C2538,,16.040918,-4.8073125,1
C25440,,2.0052361,9.211284,0
C25466,,-7.501088,5.9118757,0
C2548,,7.0523176,9.983311,2
C255,,11.918703,-6.196211,1
C2551,,7.0809627,3.2813725,1
C25515,,4.658544,6.051638,0
C25525,,0.60680294,4.912853,0
C25536,,4.0170226,5.622477,1
C2556,,12.221785,-5.6727037,1
C2557,,13.192787,-0.0397176,1
C2559,,12.031828,-6.189346,1
C256,,-2.1960058,8.101539,0
C2560,,-0.85234714,7.896445,0
C25614,,1.907547,9.329803,0
C2567,,13.201969,-4.8188953,1
C2568,,15.219093,-5.237644,1
C257,,11.000956,-3.716626,1
C2570,,2.8270397,3.957249,0
C25759,,2.4513113,8.862071,0
C2576,,12.884566,-5.788733,1
C25760,,10.051884,3.1836236,2
C2577,,15.26779,-4.4178376,1
C25777,,-7.450474,5.9848113,0
C258,,11.35743,-4.778989,1
C25821,,1.9295464,9.299595,0
C2584,,8.690056,10.037504,2
C25841,,6.0198154,3.643077,1
C25845,,4.896424,-0.11400948,1
C25856,,-7.53724,5.84352,0
C2586,,1.5741462,0.38039094,1
C25870,,-7.456949,5.9626307,0
C2588,,14.203665,4.2476997,2
C2591,,14.063081,5.9650145,2
C2596,,11.614931,-6.035836,1
C2598,,4.6839676,4.7890844,1
C260,,12.4707365,-7.241778,1
C26013,,2.167329,1.4693829,1
C2602,,-1.8910099,9.235409,0
C2608,,8.724287,3.6102827,2
C26105,,0.43402708,3.124161,0
C26119,,2.1319032,9.062147,0
C26138,,0.17930582,3.2144315,0
C2614,,9.903506,3.3550699,2
C2616,,11.37935,0.80054843,1
C26188,,10.889258,3.0495322,2
C2619,,13.202176,-4.854273,1
C26191,,0.18892,3.1797855,0
C262,,12.083547,-5.241869,1
C26202,,9.403823,3.6532145,2
C26205,,3.6995578,4.50524,0
C2623,,12.71216,-6.5870748,1
C2624,,12.09876,-6.203696,1
C2626,,8.026524,9.719949,2
C2627,,4.5381107,4.9259634,1
C26274,,-7.4554577,5.9635816,0
C2629,,15.490911,-4.729685,1
C263,,11.09116,-5.0451274,1
C2633,,-1.9595803,8.559609,0
C2635,,5.0436163,4.2321053,1
C26408,,11.643433,3.0635502,2
C2645,,12.22666,1.3729141,2
C26451,,1.9236292,9.31474,0
C2646,,14.109587,0.77134705,2
C2647,,12.445126,1.1122576,1
C2648,,12.820161,-6.4685435,1
C265,,12.405259,-7.037382,1
C2650,,11.55942,-5.175936,1
C2651,,11.669503,2.9653225,2
C2654,,12.538228,-5.8599725,1
C2655,,13.199429,-0.07336633,1
C2657,,12.513197,-7.132056,1
C2658,,10.581664,1.1453805,1
C2659,,11.921696,-6.8154197,1
C2661,,11.547474,-6.2215905,1
C26631,,6.357003,12.868571,2
C26672,,-7.8995113,5.586619,0
C2668,,7.1159925,9.878589,2
C2670,,10.996284,-3.7051191,1
C2672,,15.606978,-5.344714,1
C26721,,2.1936984,8.978854,0
C26737,,0.6483943,4.916587,0
C26739,,0.17527096,3.21921,0
C26743,,0.8151382,3.3867533,0
C26745,,6.0307956,4.168904,0
C26787,,3.80254,4.861468,1
C2679,,13.025708,-5.6234474,1
C26796,,11.637384,8.643675,2
C268,,-1.1886286,7.362813,0
C2683,,7.376587,9.686589,2
C2685,,-7.588331,5.7285132,0
C26850,,5.3251314,4.1969056,1
C2689,,12.511855,-6.7117896,1
C269,,-1.582537,8.342481,0
C2695,,4.0782623,5.6623406,1
C2696,,-2.0988696,8.235015,0
C2697,,13.609414,6.2574463,2
C27,,12.1325245,-5.4822226,1
C270,,1.0074638,6.1292906,0
C2702,,15.527413,-4.723538,1
C27031,,5.666878,12.675508,0
C2704,,11.517816,-5.14126,1
C27047,,-7.4703274,5.947606,0
C27048,,15.803528,5.053384,2
C2707,,12.359672,1.2649764,2
C27086,,4.648456,8.535713,0
C27137,,0.5931405,4.9188924,0
C27148,,6.316435,12.841083,2
C27156,,11.169418,7.173462,2
C2716,,15.5526495,-5.3449845,1
C27171,,12.559825,14.404746,2
C2719,,14.542363,-3.8159165,1
C27192,,15.200587,-4.5094433,1
C272,,0.94812655,6.236419,0
C2724,,11.620804,2.909299,2
C273,,11.5092325,-4.693029,1
C2734,,10.022806,-0.10673849,1
C2735,,6.8406334,9.072962,1
C274,,7.0390873,10.119571,2
C2748,,0.59750193,4.9150677,0
C275,,11.608319,-6.115596,1
C2751,,10.585068,2.2855844,2
C2752,,13.830387,4.2387366,1
C2758,,11.721468,-4.834773,2
C2759,,12.143003,-6.2056108,1
C276,,11.879312,-6.829803,1
C2767,,12.881977,0.37025952,2
C2770,,10.003816,3.270135,2
C2775,,12.503407,-5.8774433,1
C278,,12.240528,-5.735571,1
C2780,,11.623431,8.622461,2
C2783,,9.262972,3.7782261,2
C2784,,14.29673,5.5806108,2
C2798,,7.4891014,9.680545,2
C2800,,9.820028,3.0730472,2
C2802,,12.09895,-6.193456,1
C281,,12.262065,0.38522905,1
C2811,,0.6328662,6.466779,0
C2814,,12.490591,-5.9413195,1
C2817,,15.963776,-4.5116167,1
C282,,7.0495954,10.047698,2
C2821,,16.299309,-4.2839155,1
C2823,,15.69493,-5.306596,1
C2825,,14.879516,-5.6844444,1
C2827,,7.3007083,9.714192,2
C283,,10.275624,0.51284814,1
C2831,,5.3281574,0.04364024,1
C2835,,13.001954,-5.664016,1
C2836,,16.290861,-4.300922,1
C2837,,1.3214108,5.95466,1
C2848,,9.846657,-0.29328778,1
C285,,10.246678,2.6075802,2
C2850,,7.1310554,9.879086,2
C2851,,12.144012,-5.56121,1
C2852,,8.626599,10.037138,2
C2855,,10.990022,-3.6913967,1
C2857,,15.041162,-5.1323705,1
C2859,,13.837845,6.223187,2
C286,,11.822362,-6.1950746,1
C2861,,11.10803,-5.040589,1
C2870,,11.334029,-6.747725,1
C2871,,8.70501,9.475401,2
C2873,,14.740986,-3.5697856,1
C2877,,1.1702783,6.0403085,1
C2881,,14.000798,0.82341903,1
C2882,,13.262732,-0.027866399,2
C2883,,1.2926419,6.178122,0
C2885,,14.2501955,5.562633,2
C2888,,15.941563,1.5190319,1
C289,,0.92868865,6.203317,0
C2890,,-1.8769937,8.442347,0
C2893,,10.875257,6.3782454,2
C2899,,11.353867,-5.092841,1
C29,,11.541848,-5.865277,1
C290,,12.482602,1.1355894,2
C2901,,11.881479,15.062245,2
C2902,,13.5787115,6.2773547,2
C2904,,12.274436,-6.4814916,1
C2905,,11.197698,-5.4304748,1
C2908,,8.649199,9.460776,2
C2909,,15.70733,-5.306463,1
C291,,13.414647,-8.175472,2
C2912,,12.224811,-5.77376,1
C2915,,14.044496,0.8132583,2
C2920,,4.6006804,4.85859,1
C2933,,12.003086,-6.180798,1
C2934,,11.000253,-3.7102492,1
C2935,,1.3552965,6.1281266,1
C2938,,11.299374,-6.5917025,1
C2943,,12.225999,-5.633094,1
C2945,,15.2214575,-4.4425287,1
C2947,,13.6574,6.224519,2
C2951,,13.240806,-5.5546136,1
C2955,,-1.9439481,8.428479,0
C2956,,4.7092876,4.1953125,1
C2957,,-2.0196788,8.413181,0
C2958,,15.085827,-5.164113,1
C2961,,14.032742,5.864124,2
C2964,,16.282879,-4.259918,1
C2966,,16.147385,-4.656723,1
C2968,,-1.8949515,9.217436,0
C297,,1.3817954,6.137903,1
C2971,,12.944562,-5.729419,1
C2972,,3.7539065,4.4499955,0
C2976,,15.258553,-4.4230547,1
C298,,11.949186,-5.6542172,1
C2980,,12.982178,-5.634847,1
C2982,,4.991162,2.097266,1
C2983,,5.7686872,3.2293622,1
C2986,,4.622206,6.219298,0
C2989,,8.764209,9.822979,2
C2993,,15.877481,-4.0382595,1
C2997,,14.057589,5.8939,2
C300,,13.072434,-8.509092e-05,1
C3001,,13.598546,6.1657567,2
C3007,,13.727677,0.757005,2
C3021,,8.4326105,10.033894,2
C3024,,12.223296,-5.2967405,1
C3025,,13.541241,6.348888,2
C3026,,6.6639566,8.931539,1
C3028,,9.340842,9.068405,1
C3029,,10.102937,2.1655653,2
C3031,,13.807212,0.6957142,1
C3035,,-1.7329748,9.122134,0
C3036,,-1.2215251,8.089038,0
C3039,,12.570093,-7.0689235,1
C304,,12.307511,0.34009704,2
C3040,,7.331638,3.2615178,2
C3042,,15.972387,-4.7775955,1
C3044,,8.668842,10.013427,2
C3049,,8.503192,10.045172,2
C3050,,4.54128,4.918889,1
C3058,,14.414852,-2.976875,1
C3059,,13.652686,0.7004316,2
C3065,,11.748503,3.0011766,2
C3068,,16.062042,-4.436108,1
C3070,,9.090748,3.3968492,2
C3077,,6.0782566,1.325136,1
C3081,,11.609644,-6.024356,1
C3083,,0.29053542,4.823927,0
C3084,,4.4592566,3.6493711,1
C3088,,15.482244,-4.9869323,1
C309,,11.199521,2.7903938,2
C3090,,4.555427,5.969004,0
C3091,,9.109426,3.8852048,2
C3093,,14.475907,5.993614,2
C3097,,13.67491,0.7134734,2
C3098,,1.3093954,5.695748,0
C310,,13.0949335,-4.9844913,1
C3100,,13.165433,-0.09778068,1
C3101,,13.756248,6.2235346,2
C3105,,14.554863,-3.5563223,1
C311,,0.82130355,6.3399,0
C3112,,11.437815,0.73991907,2
C3114,,14.021963,5.7310195,2
C3116,,15.269394,-4.8387723,1
C3120,,13.991944,5.9913425,2
C3122,,8.388121,9.9472885,2
C3128,,15.72725,1.919593,1
C3137,,15.972007,-4.0851994,1
C3139,,11.172208,-4.3475904,2
C314,,10.260648,2.069454,2
C3143,,7.2091236,9.793034,2
C3144,,13.225364,-4.6281095,1
C3145,,10.609685,1.5869317,2
C3148,,12.444704,-7.099832,1
C315,,7.2148447,9.79671,2
C3151,,5.125502,2.1095831,1
C3155,,12.216205,-5.3172755,1
C3157,,15.700217,-4.046925,1
C3159,,6.7585626,4.468197,1
C316,,1.3003609,5.703964,0
C3161,,15.971352,-4.083188,1
C3163,,8.54439,9.871472,2
C3167,,13.6538515,6.264401,2
C317,,1.0624176,6.2146664,0
C3171,,13.664814,5.8924427,2
C3173,,14.1017685,4.699534,2
C3174,,12.525904,16.141285,2
C3176,,16.003414,-4.8314686,1
C3178,,12.956252,-5.712813,1
C3179,,13.665673,6.006972,2
C3185,,15.179424,-4.779272,1
C3186,,15.983115,-4.8356028,1
C3189,,5.146226,4.6942973,1
C319,,12.050247,-5.1562047,1
C3193,,4.03133,5.6299934,0
C3194,,6.995212,1.9918588,1
C3196,,5.372204,1.9054021,1
C3198,,7.3111215,9.7043295,2
C3199,,10.13567,-0.13024639,1
C320,,12.419419,-7.0243464,1
C3202,,16.067774,-4.148246,1
C3204,,8.482261,9.975815,2
C3206,,12.2507105,-5.2172966,1
C3210,,12.823266,0.32897243,2
C3211,,12.990782,-5.6652613,1
C3214,,7.4958267,2.8056617,1
C3215,,15.973262,-4.0643907,1
C322,,12.404295,-7.0088954,1
C3223,,-2.1664124,8.139311,0
C3224,,12.821863,-6.3280454,1
C3227,,13.656535,6.285225,2
C323,,12.735337,-6.596709,1
C3232,,6.386492,4.495226,1
C3235,,8.605268,9.98447,2
C3237,,11.178722,-6.582704,1
C3238,,8.921463,9.343678,2
C3239,,15.0038395,-5.036004,1
C324,,7.115017,2.3475382,1
C3241,,13.007396,-5.6591706,1
C3242,,13.715575,0.7128949,1
C3245,,5.339895,4.1838946,1
C325,,12.798308,-6.4831533,1
C3252,,8.450962,3.394353,2
C3256,,9.5473585,3.9907851,2
C326,,11.61057,8.452494,2
C3264,,13.373581,0.15192817,1
C3266,,-7.6130466,5.2544055,0
C3268,,12.984253,0.11719562,2
C3273,,4.7833633,4.624583,1
C3277,,5.895692,4.2845087,1
C3279,,-1.716732,9.039679,0
C3282,,12.903777,0.27976817,2
C3283,,12.536349,-5.7961884,1
C3293,,4.7979426,4.738656,1
C3295,,10.226661,2.7465196,2
C3299,,15.712276,1.6811383,1
C330,,12.1932,-6.268041,1
C3300,,11.185826,-4.519006,1
C3309,,12.859041,-7.3242903,1
C331,,11.142029,-4.444344,1
C3310,,12.996487,-5.0864325,1
C3312,,11.674347,-5.996454,1
C3317,,9.451052,3.7203376,2
C3318,,1.1731617,6.3045278,0
C3319,,16.026812,-4.8378434,1
C3320,,16.08029,-4.469374,1
C3322,,16.009403,-4.7709994,1
C3328,,12.072886,-6.193727,1
C3329,,14.03437,5.9956436,2
C333,,0.76928,6.3776455,0
C3333,,0.59501785,6.5164375,0
C3334,,15.712367,1.8583139,1
C3336,,6.787214,8.994261,1
C3339,,-0.051146183,4.2503757,0
C334,,-0.6837125,7.7987657,0
C3340,,14.002645,6.0527945,2
C3344,,3.7591448,3.3187656,1
C3349,,14.232827,4.1241245,2
C3350,,13.294195,-5.458171,1
C3352,,16.29021,-4.0489454,1
C3354,,15.085,-5.2422233,1
C3370,,15.122771,-5.100034,1
C3371,,16.123533,-4.6657605,1
C3374,,7.195572,9.819021,2
C3375,,4.5650816,4.900891,1
C3377,,4.57503,4.8790956,0
C338,,13.658133,-4.755944,1
C3381,,6.524351,8.792066,1
C3384,,13.705454,0.7246057,2
C3387,,-2.197477,8.099699,0
C3396,,6.3787136,3.5162318,1
C340,,12.3159,-7.3872466,1
C3405,,8.88094,9.977715,2
C3407,,15.976577,-4.86637,1
C3412,,10.456635,2.2260535,2
C342,,11.202858,-4.4712343,1
C3420,,11.585702,-6.1423445,1
C3422,,4.003482,5.60864,0
C3424,,2.4418094,8.806797,0
C3427,,12.3803425,0.2624617,2
C343,,9.795491,-0.30162394,1
C3433,,11.07231,-5.022252,1
C344,,-1.2345388,7.3097334,0
C3440,,8.537567,10.0526,2
C3442,,1.2570783,5.725199,0
C3444,,8.442671,10.023096,2
C3446,,11.112464,-5.085927,1
C3448,,15.286528,-5.2920694,1
C3451,,8.217023,9.874292,2
C3457,,8.854344,9.955295,2
C346,,13.162258,-0.08305127,1
C3460,,12.27626,-5.8867135,1
C3462,,-1.8706826,9.20951,0
C3465,,14.6013365,-3.6779313,1
C3468,,16.7644,4.9538198,2
C3469,,14.582878,-3.7103117,1
C3471,,4.054177,5.659414,0
C3473,,4.9205804,2.081583,1
C348,,11.79491,-4.8293743,1
C3484,,8.720969,9.451743,2
C3486,,15.183496,-4.502754,1
C349,,10.039447,-0.15742525,1
C3493,,6.60193,4.030756,0
C3495,,13.647158,0.68636364,1
C3496,,8.780099,9.94401,2
C3501,,4.727498,2.035039,1
C3503,,10.327449,2.3910599,2
C3507,,16.143517,-4.181296,1
C3509,,12.37127,-7.269857,1
C3515,,13.603845,5.924884,2
C3518,,15.823004,-4.183643,1
C352,,15.187641,-4.5262885,1
C3526,,11.344325,2.8138976,2
C3528,,15.859193,-4.659209,1
C3534,,7.332034,9.650219,2
C3535,,11.029884,2.5378735,2
C3536,,16.1168,-4.2758856,1
C3538,,4.5957313,6.2272573,0
C3539,,7.005796,3.4177063,1
C354,,7.3258348,9.67028,2
C3541,,-2.2509193,8.018724,0
C3542,,12.747073,0.44199517,1
C3544,,6.814533,9.033594,1
C3546,,-2.0848897,8.241208,0
C355,,12.807336,0.3476233,2
C3553,,6.8240447,3.734939,1
C3556,,12.9966,0.6474749,2
C3558,,8.705538,3.338352,2
C3563,,4.941965,2.090835,1
C357,,14.488466,-3.6894221,1
C3570,,14.480445,-3.6497753,1
C3574,,14.252391,3.9711463,1
C3578,,15.399202,-5.0675836,1
C3582,,0.7237908,4.829278,0
C3586,,10.867933,2.5330925,2
C3587,,8.525509,10.061829,2
C3589,,14.649436,-3.344411,1
C359,,14.326414,3.8928275,2
C3592,,6.6776323,4.3783016,1
C3597,,12.09804,-5.1814594,1
C3598,,5.776259,4.328771,1
C360,,12.394582,-7.176342,1
C3600,,10.323841,0.5618798,1
C3605,,15.331788,-5.291636,1
C361,,12.393991,-6.9913244,1
C3611,,12.60387,0.78739154,2
C3616,,8.689374,9.465266,2
C3622,,14.461456,-3.6497636,1
C3623,,15.246101,-4.9260573,1
C363,,10.5489,2.151767,2
C3634,,11.051684,2.7137392,2
C3636,,10.0502825,-0.14390984,1
C3640,,4.04043,5.651747,1
C3645,,16.35571,-4.0817065,1
C3649,,3.1505759,4.154197,0
C3652,,5.079979,4.298462,1
C366,,7.3893833,9.68608,2
C3660,,8.675937,4.0487156,2
C3662,,13.538002,5.9951286,2
C3666,,12.172776,-5.113871,1
C3668,,12.087497,-5.212359,1
C367,,-0.89469373,7.918364,0
C3670,,13.507315,6.4074755,2
C3674,,13.295237,-4.7220354,1
C3678,,14.583083,-3.6438005,1
C368,,11.006877,-3.7300467,1
C3680,,10.006988,0.095702104,1
C3681,,11.095319,-5.8073206,1
C3682,,-7.618605,5.7337275,0
C3684,,11.191459,-5.375787,1
C3686,,15.938054,-4.758869,1
C3688,,4.6179366,6.2416053,0
C3692,,11.141578,-4.1565156,2
C3701,,15.5329275,-4.6969934,1
C3705,,16.003958,-4.216361,1
C3714,,15.538657,-5.3471117,1
C3715,,7.3829117,9.617257,2
C3716,,14.562903,-3.5246148,1
C3718,,12.588991,-6.7020416,1
C372,,13.010085,0.083252914,2
C3726,,5.0203996,4.4108047,1
C3732,,15.43335,-5.3389454,1
C3734,,12.382701,1.2416404,1
C3741,,14.013547,0.819703,2
C3743,,16.280378,-4.116307,1
C3745,,0.743816,6.40434,0
C3748,,11.559561,2.8845294,2
C375,,7.0892344,9.448478,1
C3750,,11.04311,16.09811,2
C3753,,13.573442,5.9816732,2
C3756,,13.934227,5.9229937,2
C376,,11.442444,-5.7750506,1
C3762,,12.869519,0.31302541,2
C3763,,7.4299917,2.8126328,1
C3767,,1.306764,5.703951,1
C3770,,15.849682,-5.107415,1
C3774,,13.903892,5.4950166,2
C3777,,11.4825,8.285335,2
C3778,,14.379468,5.547716,2
C3784,,12.184298,0.39287975,1
C3785,,14.598513,-3.6851046,1
C379,,12.24195,0.25941798,0
C3790,,5.6634326,2.4237409,1
C3794,,14.528067,-3.5892124,1
C3796,,10.290492,2.5344665,2
C3799,,13.774788,5.8826537,2
C38,,11.446735,-4.6213408,1
C380,,12.433227,-7.085314,1
C3801,,12.255469,-5.1020727,1
C3802,,15.713618,1.9510912,1
C3806,,13.407931,6.2151823,2
C3808,,13.5825205,6.332493,2
C381,,1.0321151,6.073395,1
C3810,,10.976782,6.6202354,2
C3812,,2.4463122,3.7319021,0
C3814,,14.627748,-3.41264,1
C382,,12.317066,-7.385996,1
C3822,,5.694838,2.479805,1
C3824,,4.9649596,2.0842152,1
C3826,,15.7663,-4.9052334,1
C3830,,6.721025,4.2783613,1
C3832,,9.755961,-0.39912194,1
C3833,,15.516847,-5.3611193,1
C3841,,10.890582,6.377579,2
C3844,,11.549106,-5.1149583,1
C3845,,14.256009,6.2788115,2
C3851,,3.6779075,4.669324,0
C3854,,1.3227288,5.691905,0
C3859,,11.180678,-4.4849606,1
C386,,13.000115,0.0952691,2
C3860,,14.30027,5.548688,2
C3862,,9.766884,-0.35057068,1
C3863,,13.570881,6.397759,2
C3865,,12.466234,0.35331205,2
C3871,,4.6255217,6.0247293,0
C3873,,11.734884,3.0977197,2
C3875,,7.509926,4.244506,2
C3878,,6.466737,4.479059,1
C388,,12.536276,0.84086996,2
C3880,,13.112541,-5.5426025,1
C3882,,14.818848,-4.139798,1
C3884,,15.1099825,-4.823989,1
C3886,,16.299257,-4.2841525,1
C3890,,12.311336,0.37267384,1
C390,,-1.23328,7.312534,0
C3904,,15.576608,-4.199236,1
C3907,,15.729303,1.9148133,1
C3909,,11.527822,2.8947744,1
C391,,12.841848,-6.3414946,1
C3910,,11.516226,15.560948,2
C3912,,13.539118,6.2869325,2
C3914,,13.454127,6.372375,2
C3916,,15.716217,1.9761107,2
C3919,,13.750381,5.9258623,2
C3921,,15.072182,-4.9788976,1
C3928,,16.015759,-4.130873,1
C3929,,4.330221,2.3538787,1
C393,,11.622734,-6.1036596,1
C3931,,6.514858,4.2405806,2
C3933,,13.546014,6.183262,2
C3935,,15.096814,-5.041351,1
C394,,13.210314,-0.10771523,1
C3940,,16.139868,-4.2436576,1
C3942,,14.781519,-4.521632,1
C3947,,13.69106,6.275768,2
C395,,11.589959,3.0477066,2
C3952,,-0.019119717,4.157314,0
C3953,,3.8562744,4.2293596,0
C3955,,13.493987,6.257253,2
C3957,,4.4690275,4.9508376,0
C3959,,11.212754,15.107222,1
C396,,11.007228,-3.74784,1
C3961,,14.674615,-3.6906338,1
C3963,,13.536129,6.360977,2
C3967,,13.5248995,6.1044636,2
C3971,,16.325415,-4.1780205,1
C3977,,5.6973233,4.289627,1
C3978,,13.637214,6.2626247,2
C3980,,16.13485,-4.6348286,1
C3983,,14.866554,-5.7227154,1
C3984,,9.548256,4.1920686,2
C3990,,8.358204,9.935069,2
C3992,,10.664352,1.1988158,2
C3995,,5.3042994,4.186147,1
C4,,-1.5955131,8.268489,0
C40,,1.2386891,6.21661,1
C400,,13.199015,-4.852334,1
C4005,,13.739353,6.2362423,2
C4007,,15.343953,-5.323383,1
C4010,,1.2824706,5.800159,1
C4015,,8.6016865,10.047421,2
C4020,,16.076866,-4.0247574,1
C4029,,11.7128935,16.356112,2
C403,,-1.9045404,8.753505,0
C4032,,2.9228349,2.3253243,1
C4034,,2.9184322,2.145867,1
C4038,,4.5537806,4.8979053,1
C404,,11.104706,-6.3537893,1
C4042,,10.120046,4.527355,2
C4044,,14.640627,-3.453959,1
C405,,13.143719,-0.003180145,2
C4051,,13.560645,6.3238654,2
C4064,,11.010524,6.7232,2
C4067,,16.063362,-4.670246,1
C4071,,9.828607,0.2154719,1
C4073,,13.580732,5.9012012,2
C4077,,8.852806,9.964759,2
C408,,13.230921,-0.08640528,1
C4081,,8.504315,9.982972,2
C4083,,14.086767,5.646591,2
C4085,,7.0543013,3.030957,1
C4087,,4.559773,5.969512,0
C4089,,11.750532,2.9479215,2
C409,,7.084459,9.932802,2
C4091,,14.526806,-3.4889076,1
C4093,,14.415766,5.4487615,2
C4096,,16.203941,-4.299394,1
C4098,,13.76569,6.236501,2
C4100,,12.847412,0.55843246,2
C4102,,5.1090984,4.6397996,1
C4104,,15.04997,-5.130673,1
C4110,,15.108518,-5.243736,1
C4112,,8.622246,10.008909,2
C4114,,13.446974,6.061844,2
C4116,,16.27629,-4.2551894,1
C412,,-1.9532852,8.394413,0
C4123,,7.8609037,3.224602,2
C4125,,13.7189,6.246748,2
C4127,,15.896471,-5.0463004,1
C4131,,8.57316,9.947316,2
C4135,,14.988577,-5.115102,1
C4137,,12.859932,0.16564316,2
C414,,11.519258,-5.817417,1
C4144,,12.843263,0.20086624,2
C4148,,16.03709,-4.741033,1
C415,,11.040618,-3.7870069,1
C4150,,0.26815718,3.1537368,0
C4159,,3.7409298,4.576097,0
C4161,,3.7061777,4.594192,0
C4163,,4.5110145,4.9420433,0
C4169,,14.846466,-5.7442074,1
C4172,,16.115334,-4.626291,1
C4174,,14.221685,4.130984,2
C4176,,15.403897,-5.0349336,1
C418,,11.581694,-6.107542,1
C4180,,0.5997082,4.912719,0
C4183,,16.31846,-4.0705886,1
C4193,,13.578516,5.9284954,2
C4198,,8.553139,2.5710752,1
C420,,13.033591,0.07595231,2
C4200,,15.956999,-4.860491,1
C4202,,13.720287,6.2503195,2
C4207,,3.5475926,10.429271,1
C421,,7.4966774,9.560898,2
C4210,,6.109732,2.7313619,1
C4217,,0.594572,4.921025,0
C422,,0.746258,6.4031024,0
C4222,,13.781545,4.614427,2
C4223,,15.712163,1.9236583,2
C4227,,5.3068995,3.9958825,1
C4230,,14.86938,-5.722735,1
C4232,,8.699406,9.5334835,2
C4233,,8.836975,9.947231,2
C4249,,15.873533,-5.089368,1
C4251,,15.232218,-5.2627554,1
C4254,,8.428051,10.002285,2
C426,,15.151807,-5.3033476,1
C4260,,9.86907,0.20967127,1
C4262,,10.081322,0.37114695,1
C4264,,15.578868,-5.347508,1
C4265,,7.4019766,3.1959822,2
C4267,,10.279167,0.38950592,1
C4269,,4.2499323,2.3552854,1
C427,,12.701094,-6.629024,1
C4273,,15.249641,-4.2825527,1
C4278,,4.795365,4.3288817,1
C428,,-0.7036551,7.8385315,0
C4282,,14.143292,5.6599154,2
C4284,,12.899679,0.12172194,2
C4287,,14.867618,5.431725,2
C4289,,2.2473688,1.4068524,1
C4297,,6.772665,8.9976845,1
C4299,,8.3711605,3.4046342,2
C4305,,15.686403,-4.0332756,1
C4308,,5.602407,-1.0259221,1
C431,,15.070868,-5.2294374,1
C4311,,15.274698,-4.2931848,1
C4314,,14.776589,-3.5248375,1
C4316,,13.487299,6.3069844,2
C4321,,14.4846735,-3.5000489,1
C4325,,13.886347,5.90046,2
C433,,15.177259,-5.321022,1
C4334,,12.650213,0.6978034,2
C4343,,13.592857,6.3905544,2
C4345,,4.84966,4.6334577,1
C4347,,15.897065,-4.056147,1
C4352,,8.519962,9.9093895,2
C436,,7.123703,9.898509,2
C4363,,13.663401,6.2399297,2
C4367,,8.438377,10.015145,2
C4369,,9.761104,3.9514518,2
C4377,,8.456126,10.00577,2
C4379,,3.6681423,4.67826,0
C4381,,15.717872,-4.0132723,1
C4384,,14.685765,-3.749198,1
C4388,,5.354038,4.176261,1
C4390,,15.218522,-5.3172464,1
C4394,,5.8128324,2.561421,1
C4396,,14.049948,5.491621,2
C44,,11.080438,2.7422788,2
C4405,,16.305918,-4.217649,1
C4407,,13.945173,4.552975,2
C4408,,14.587131,-3.6569974,1
C441,,13.7105055,-4.731908,1
C4412,,8.834534,9.859768,2
C4414,,15.0919075,-4.9623504,1
C442,,11.574041,-6.1554623,1
C4425,,16.017921,-4.0534005,1
C4429,,15.996653,-4.374663,1
C443,,11.189653,-4.430691,2
C4434,,13.474951,6.2351484,2
C4436,,-7.614184,5.259488,0
C4438,,14.309404,5.543536,2
C4444,,14.260039,6.017456,2
C4448,,13.490598,6.415449,2
C445,,0.598636,6.5456476,0
C4459,,13.493125,6.1639113,2
C4462,,4.738769,4.633493,1
C4466,,4.1551385,5.6406326,2
C4468,,14.0740795,5.88636,2
C4473,,-7.6112432,5.23397,0
C4479,,4.486537,4.9486227,1
C448,,13.295399,-4.8574452,1
C4481,,3.6631184,4.6539807,0
C4490,,-7.6245513,5.2444134,0
C4491,,4.633999,2.0077572,1
C4495,,15.981742,-4.081943,1
C4499,,14.536591,-3.5383916,1
C450,,11.142216,-5.1313467,1
C4501,,13.741476,5.946128,2
C4505,,4.1690345,2.5009336,1
C4508,,8.515489,9.9676895,2
C4509,,14.548829,-3.606816,1
C4513,,8.756372,9.459738,2
C4515,,8.875577,9.916722,2
C4525,,4.5244226,4.9315305,0
C4529,,15.093046,-5.1949043,1
C453,,7.3309913,9.686947,2
C4539,,11.228916,15.179193,1
C454,,-2.2180047,8.05549,0
C4541,,3.8057098,4.8310323,1
C4545,,11.572184,-4.752388,1
C4546,,15.246568,-4.418472,1
C4550,,8.571339,10.0237875,2
C4554,,11.731313,2.9358673,2
C4555,,13.080982,-4.754715,1
C4559,,8.579012,9.993201,2
C457,,13.834548,4.2558074,-1
C4576,,13.87036,5.974853,2
C4578,,14.601617,-3.6713257,1
C458,,10.857514,2.4609418,2
C4581,,8.537106,9.918291,2
C4589,,13.54728,6.201066,2
C459,,10.461071,2.1152332,2
C4592,,9.6861105,3.3034275,2
C4593,,16.067986,-4.2197247,1
C4597,,15.696244,1.6519738,2
C46,,13.978551,0.8500919,2
C460,,9.748092,-0.36611563,1
C4600,,8.499388,9.969845,2
C4603,,15.935633,-4.1139827,1
C4608,,15.73719,1.9217293,1
C4614,,14.521403,-3.5667052,1
C4616,,8.279478,9.932934,2
C4618,,8.533406,9.868959,2
C462,,-2.1564655,8.143709,0
C4620,,16.321447,-4.0738726,1
C4622,,14.8978815,-4.841886,1
C463,,12.993766,0.108496845,2
C4631,,11.547724,15.501654,2
C4633,,11.330408,-5.181203,1
C4636,,13.295248,-4.73653,1
C4639,,11.50203,-5.157581,1
C4640,,13.66809,6.0107203,2
C4642,,13.401902,-4.770402,1
C4643,,6.4963756,8.732205,1
C4645,,13.363465,0.33782697,2
C4647,,11.185897,-5.3760343,1
C4651,,8.455413,10.048194,2
C4653,,8.6803875,9.49121,2
C4657,,14.009292,5.887038,2
C4659,,13.099228,-4.7648287,1
C4667,,15.9356365,-4.823826,1
C4668,,11.38576,-5.7067785,1
C467,,13.836116,4.29885,-1
C4674,,16.17837,-4.020474,1
C4679,,14.7109995,-4.1448774,1
C4682,,2.8296657,3.965139,0
C469,,12.396883,-7.277256,1
C4692,,-0.013366424,4.235566,1
C4695,,6.821208,4.290404,1
C4698,,15.705116,1.9861356,2
C47,,0.82953876,6.326806,0
C4704,,11.124108,14.155486,2
C4708,,15.039967,-5.1778264,1
C471,,-1.6923767,8.640301,0
C4711,,0.6651205,4.9060287,0
C4712,,16.021574,-4.818598,1
C4722,,8.320193,9.938596,2
C473,,12.99006,0.2299988,2
C4730,,5.1371055,1.8923135,1
C4731,,14.531674,-3.4528422,1
C4738,,16.372725,-4.074661,1
C4743,,6.783787,3.9429595,1
C4745,,4.696084,2.5260186,1
C4750,,11.095262,14.157394,2
C4753,,8.6162,10.065896,2
C4755,,16.335522,-4.1586604,1
C4767,,6.3996687,4.492864,1
C4771,,12.872842,0.12671511,2
C4773,,14.710601,-3.529882,1
C4782,,15.690679,1.9680078,2
C4784,,3.885131,4.238652,0
C4785,,16.62387,5.0508637,2
C4787,,16.095339,1.7590216,2
C4792,,13.986898,5.9658403,2
C4797,,4.619609,6.2223377,0
C4798,,5.8156533,3.179957,1
C48,,12.255208,-6.0994735,1
C480,,12.888752,0.5851493,2
C4803,,16.058052,-4.0258565,1
C4804,,15.947619,-4.68195,1
C4808,,13.583578,6.3722553,2
C4812,,8.62545,3.3582156,2
C4814,,13.6507,5.879186,2
C4816,,6.9375343,4.380818,1
C4823,,7.4826536,3.8169212,2
C483,,11.547569,-5.1714334,1
C4831,,3.7283354,3.2059066,1
C4833,,15.497089,-4.6422467,1
C4835,,8.419066,10.042357,2
C4837,,7.175689,3.281237,2
C484,,7.2048535,9.806541,2
C4847,,15.890892,-4.1362314,1
C4854,,15.234378,-4.406111,1
C4856,,14.5314865,-3.572948,1
C4858,,7.4908,9.663697,2
C486,,13.380567,-8.129564,2
C4864,,13.599536,6.375914,2
C4866,,11.181525,-4.8194165,1
C4869,,15.723369,1.9550002,2
C487,,-1.9301577,8.572506,0
C4874,,13.979858,5.765185,2
C4879,,4.542876,4.9187675,1
C488,,1.2591556,5.749905,0
C4885,,16.233038,-4.314579,1
C489,,11.366326,-6.783559,1
C4891,,4.0907807,5.6785264,1
C4893,,16.363865,-4.099597,1
C4895,,15.369949,-5.2935596,1
C4897,,14.552076,-3.620607,1
C49,,12.478108,0.3552754,2
C4905,,15.204783,-4.4364395,1
C4907,,14.032473,5.866477,2
C491,,11.293946,-6.739991,1
C4911,,13.486022,6.205032,2
C4915,,10.986453,-3.701588,1
C4917,,15.535309,-5.364872,1
C492,,13.348837,-8.081272,1
C4920,,14.205719,4.1472764,2
C4924,,13.647735,-4.747897,1
C4929,,9.691226,3.7593696,2
C493,,12.20157,-6.273271,1
C4931,,4.5152993,4.9356713,0
C4936,,9.8458805,0.21643332,1
C4937,,11.097833,-5.760833,1
C4939,,13.210295,-4.65624,1
C4941,,13.117139,-4.756883,1
C4942,,7.4871144,4.001921,2
C4944,,10.6513605,1.2173126,2
C4946,,15.728587,1.9347404,1
C4948,,13.140401,-4.7801704,1
C4953,,12.262551,-5.0496645,1
C4957,,6.0612273,4.310402,1
C496,,12.85932,-6.338748,1
C4964,,5.280514,3.8898144,1
C4967,,16.350346,-4.066454,1
C4969,,13.1961565,-4.6736,1
C4971,,14.189466,5.600915,2
C4973,,13.432063,6.409887,2
C4975,,13.036085,-4.809957,1
C4977,,3.718761,4.07357,0
C4979,,16.046364,-4.5912967,1
C4981,,10.626795,3.0957038,2
C4983,,15.530649,2.3449244,2
C4984,,12.777947,-6.330076,1
C4988,,8.462953,9.951937,2
C499,,10.134358,0.23323628,1
C5,,12.310398,0.37996465,2
C50,,12.304355,0.38098323,1
C500,,12.865311,-7.3493586,1
C5004,,5.222077,1.8968935,1
C5006,,11.951818,-4.993537,1
C5008,,17.167591,4.656047,2
C5015,,15.699476,1.8756987,2
C5018,,14.1237755,5.848333,2
C502,,10.079444,-0.11203006,1
C5026,,0.46343523,3.0896738,0
C5028,,10.867967,17.324518,2
C503,,10.600401,1.0956308,1
C5030,,11.913205,3.0717602,2
C5033,,16.1824,-4.1566257,1
C5039,,5.226532,1.9370996,1
C5043,,15.517388,2.3590946,2
C5045,,8.620675,10.04036,2
C505,,11.086844,-3.996016,2
C5053,,6.3655553,4.463355,1
C5059,,16.117735,-4.2382965,1
C5061,,15.996912,-4.8692756,1
C5067,,14.022519,5.8842936,2
C5069,,6.437501,4.169128,1
C5074,,14.868684,-5.7193184,1
C5076,,5.4004974,4.37164,1
C5078,,16.08556,-4.185267,1
C5080,,4.952778,2.0921416,1
C5084,,14.021257,5.97123,2
C5086,,16.015545,-4.817521,1
C5089,,4.615078,6.210499,0
C509,,10.159323,-0.11710839,1
C5092,,13.476692,6.183928,2
C5094,,5.3896985,2.322277,1
C5096,,11.648767,3.02063,2
C5097,,7.3192916,4.1103115,2
C51,,10.7193365,1.4529803,2
C510,,-1.7598706,9.086076,0
C5109,,13.57261,6.2960005,2
C5113,,2.975382,2.1583896,1
C5115,,15.914138,-4.680705,1
C512,,-1.6518112,9.054093,0
C5125,,15.546116,-4.693576,1
C5136,,14.2167845,4.0800424,0
C5137,,16.065691,-4.741641,1
C5139,,15.030402,-5.195245,1
C5145,,14.054609,5.9163165,2
C515,,7.0786066,9.971614,2
C5151,,13.919192,5.495333,2
C5154,,8.880712,9.939667,2
C5156,,13.521265,6.423009,2
C5159,,13.500848,6.4329276,2
C5161,,7.6076946,3.283838,2
C5163,,2.0213978,-0.19572483,1
C5178,,15.253381,-4.364826,1
C5181,,15.019767,-5.1459756,1
C5186,,8.772218,9.991402,2
C5190,,13.547333,5.9293785,2
C5192,,15.022621,-5.1605363,1
C5194,,15.099152,-5.20555,1
C5198,,15.082695,-5.0060077,1
C520,,11.056678,-5.106482,1
C5200,,13.961537,5.847363,2
C5202,,15.958104,-4.0742574,1
C5208,,0.58258754,4.9248204,0
C5211,,15.268002,-4.3426414,1
C5212,,15.229051,-4.7613926,1
C5215,,16.06069,-4.01836,1
C5216,,15.140127,-4.7034984,1
C5218,,15.571411,2.2559838,1
C5220,,16.025862,-4.820156,1
C5225,,15.971788,-4.87637,1
C5227,,15.169048,-4.9018664,1
C5232,,11.189643,-5.2752943,1
C5234,,16.333725,-4.162845,1
C5237,,15.760665,1.9936435,2
C5238,,4.403154,2.2640803,1
C5240,,13.162151,-4.7256746,1
C5250,,8.074504,4.4363537,2
C5253,,15.025523,-5.177854,1
C5257,,13.231533,-4.790308,1
C5258,,13.570252,6.396791,2
C526,,10.185711,0.028315581,1
C5261,,11.750073,2.929781,2
C5262,,13.700586,6.32499,2
C5266,,15.548303,-4.619806,1
C5269,,15.707131,-5.2855854,1
C5277,,15.837888,-4.9142804,1
C5279,,8.244291,9.888261,2
C528,,13.850927,4.26615,-1
C5281,,14.0522175,5.7796326,2
C5283,,7.1860075,2.7255738,1
C5286,,13.654193,6.1843143,2
C5288,,16.030663,-4.4781337,1
C529,,13.853065,4.2665777,-1
C5290,,16.05792,-4.093823,1
C5292,,13.817267,6.16552,2
C5294,,3.364329,3.512542,0
C5297,,15.384005,-4.766184,1
C5299,,2.8961828,2.0781405,1
C5301,,0.63031095,4.910128,0
C5305,,13.11194,-4.7707977,1
C5308,,13.031346,-4.8095837,1
C5309,,14.472814,5.735931,2
C5311,,12.503414,-4.966444,1
C5313,,14.566064,-3.6790724,1
C5315,,15.954228,5.0108557,2
C532,,-2.1045885,8.231047,0
C5320,,15.936173,-4.099247,1
C5321,,16.04695,-4.801975,1
C5325,,13.7639475,6.270703,2
C5327,,14.230939,5.626863,2
C5329,,13.574742,6.2981443,2
C5332,,8.863955,9.9004345,2
C5334,,7.286174,4.087038,2
C5339,,5.249891,1.9239633,1
C534,,-0.7837901,7.8522973,0
C5349,,9.611504,4.078126,2
C535,,1.2928531,5.739167,0
C5351,,15.416332,-4.5943666,1
C5352,,7.4857097,3.817836,2
C5353,,15.832417,-5.1614213,1
C5356,,15.547415,-4.238926,1
C5358,,8.861343,9.9335785,2
C5362,,0.5928258,4.9310527,0
C5364,,7.100744,4.197368,2
C5367,,14.8731165,-5.7157164,1
C537,,-2.207515,8.069488,0
C5375,,13.632434,6.39019,2
C5377,,16.146782,-4.6725044,1
C5381,,11.703003,-4.7065,1
C5396,,4.2720923,2.981834,1
C54,,11.454107,-5.0837197,1
C5401,,13.673636,0.6689531,2
C5404,,16.185411,-4.164164,1
C5407,,15.243599,-4.3637695,1
C5408,,11.647739,-5.2135243,1
C5410,,13.611088,5.9317865,2
C5412,,13.465903,6.441225,2
C5414,,13.173017,-4.7641683,1
C5416,,16.34981,-4.11838,1
C5418,,11.827762,0.5485312,2
C542,,12.202214,0.88707614,2
C5420,,14.549339,-3.6041212,1
C5422,,15.732836,1.7977444,1
C5424,,14.470349,-3.3784835,1
C5429,,11.199374,-5.4350724,1
C5433,,13.446885,6.279209,2
C544,,10.093921,-0.13292888,1
C5443,,11.415245,-5.717832,1
C5445,,15.292738,-5.052054,1
C545,,10.3653555,2.3098562,2
C5450,,5.7215056,4.3883514,1
C5451,,11.2790165,-5.4724917,1
C5455,,15.723875,1.9281418,1
C5458,,9.527899,3.0854044,2
C5459,,14.959462,-5.0883355,1
C5461,,6.8014426,9.032068,1
C5463,,14.275751,3.969964,2
C5469,,16.323809,-4.063661,1
C547,,-1.1178349,8.0248165,0
C5472,,6.7547007,4.0875373,2
C5474,,9.66954,2.8135128,2
C5478,,9.588399,3.1346927,2
C548,,11.9662075,-6.1689067,1
C5485,,13.454409,6.2253356,2
C5487,,7.6225386,3.2556775,1
C549,,14.437551,-2.9294958,2
C5493,,13.681745,6.273064,2
C5498,,0.61823773,4.900698,0
C5500,,12.182923,16.669954,2
C5502,,14.586814,-3.6675987,1
C5506,,6.127649,4.3703747,1
C5508,,16.040228,-4.822546,1
C5513,,16.31058,-4.280134,1
C5515,,7.3867836,4.0781474,2
C5517,,9.343892,3.7010095,2
C552,,12.758871,-6.37354,1
C5521,,4.8836074,4.171427,1
C5530,,16.045538,-4.769027,1
C5542,,13.572456,6.0878944,2
C5552,,10.028948,0.12830716,1
C556,,3.136295,3.8832452,0
C5565,,15.69861,1.8923322,1
C5571,,4.1294065,5.6762757,1
C5577,,11.19388,-5.368327,1
C5578,,11.458717,0.7208471,1
C5582,,12.767909,0.3889154,1
C5583,,13.136827,-4.703933,1
C5584,,13.202666,-4.725508,1
C5585,,13.158895,-4.7221475,1
C5588,,13.792701,4.6075196,2
C559,,10.121527,0.04194373,1
C5590,,11.428321,2.9736266,2
C5593,,13.156043,-4.7225857,1
C5594,,13.1779585,-4.7213144,1
C56,,10.305206,0.58041835,1
C5602,,13.195234,-4.6677036,1
C5604,,11.158058,-6.4081936,1
C5608,,13.117686,-4.820689,1
C561,,1.3295499,5.7186317,0
C5611,,-0.06756975,4.466767,0
C5613,,10.453021,0.83842546,1
C5618,,7.037729,2.3653867,1
C5622,,-8.125869,5.3317204,0
C5624,,-0.1109833,4.3601875,0
C5626,,11.1960125,-5.4271593,1
C5628,,12.045011,-5.08342,1
C5630,,11.1992235,-5.4116645,1
C5632,,11.830632,-5.404357,1
C5633,,11.644242,-4.7262597,1
C5635,,11.730172,-4.7334156,1
C5637,,-0.06243971,4.2571173,0
C5638,,11.13234,7.228442,2
C5640,,10.69459,4.9313254,2
C5648,,-0.13757494,4.4318995,0
C5651,,15.724767,1.9604791,1
C5653,,3.5890403,4.6542883,0
C5661,,-0.031333983,4.207118,0
C5670,,-7.4621277,5.9578066,0
C5671,,14.590871,-3.769682,1
C5672,,-0.12970589,4.393866,0
C5674,,-0.13875331,4.4383783,0
C5677,,-0.07425878,4.294757,0
C5678,,15.231218,-4.398167,1
C5679,,-0.07123031,4.2823553,0
C5681,,-0.13235603,4.438093,0
C5688,,-7.459469,5.9607205,0
C569,,11.538265,-4.660823,1
C5690,,-7.6025534,5.2929626,0
C5696,,0.42359093,3.1637812,1
C5698,,10.496489,4.7240777,2
C570,,10.274649,0.5028822,1
C5705,,-0.13116531,4.3966846,0
C5713,,-0.08375005,4.4677453,0
C5715,,-0.13797988,4.4301286,0
C5720,,13.883022,4.53827,2
C5721,,11.941835,3.0961022,2
C5730,,-7.4357967,5.9921346,0
C5732,,-0.1367018,4.433266,0
C5735,,14.430547,-3.0681865,1
C5736,,13.955455,4.5898685,2
C5739,,-7.5916877,5.2900825,0
C5741,,-0.14922626,4.389982,0
C5742,,7.7032123,3.2484362,1
C5744,,7.6890597,3.2437224,1
C5746,,11.528657,2.8650937,1
C575,,-1.6720362,8.395548,0
C5750,,3.8962133,1.8659706,1
C5751,,16.899738,4.705205,2
C5753,,9.82814,3.0886104,2
C5756,,9.647311,4.3324504,2
C5757,,13.599673,6.258423,2
C576,,12.161785,-5.293387,1
C5760,,-0.052554354,4.5122066,0
C5763,,7.5500684,9.418841,2
C577,,12.102398,-5.16436,1
C5771,,7.4893003,4.039008,2
C5774,,6.430662,8.684638,1
C5778,,7.469635,9.526123,2
C578,,11.438249,-5.7154565,1
C5780,,6.7514596,4.265761,2
C5782,,7.5706906,9.422283,2
C5783,,10.277944,0.5006375,1
C5784,,2.340903,8.895072,0
C5787,,3.5113642,9.9585285,2
C5788,,-0.6359094,7.8455696,0
C5791,,8.777025,9.8685255,2
C5799,,8.029636,4.4643006,2
C58,,6.432752,8.724914,0
C5802,,3.49357,9.942286,0
C5808,,3.5027637,9.9463825,0
C581,,12.1490555,-6.501969,1
C5811,,6.709416,8.934579,1
C5815,,1.9656773,-0.29159492,1
C5826,,6.2821836,3.8692253,1
C5827,,6.225948,8.637704,0
C5828,,7.48899,9.536336,2
C584,,11.5019,0.6939131,1
C5841,,13.229715,5.854584,2
C5843,,12.782563,0.5020478,2
C5847,,10.662135,1.1780387,2
C585,,14.074543,4.315995,2
C5850,,1.3453,6.130891,1
C5853,,13.906727,5.829873,2
C5857,,8.991467,9.216111,2
C5858,,15.7538,1.9462005,2
C586,,13.833726,4.285542,-1
C5866,,11.469661,-5.1140633,1
C5874,,14.500253,-3.2742949,1
C5880,,14.502801,-3.2477665,1
C5883,,14.883256,-4.826059,1
C5888,,5.4443183,8.475299,0
C5893,,5.4157486,8.49585,0
C59,,10.653434,1.1753404,1
C590,,13.6710415,0.69963336,2
C5900,,13.885818,4.5921264,2
C5902,,7.0517483,10.079389,2
C5904,,5.4841075,8.483384,0
C5905,,0.61461514,6.501144,0
C5913,,7.3940535,9.624055,2
C5919,,6.568969,8.793741,1
C592,,12.915877,0.19967094,2
C5921,,12.385234,1.2459295,2
C5923,,12.414864,1.2137657,1
C5924,,12.621845,0.77740765,2
C5925,,12.834948,0.7487043,2
C5927,,12.374825,1.25334,2
C5929,,12.378434,1.251774,1
C5931,,12.414352,1.2040147,2
C5932,,14.255792,3.9377398,1
C5934,,6.451257,8.511828,1
C5936,,12.396366,1.22471,2
C5937,,13.580077,5.4807553,2
C5939,,12.334489,1.3013774,2
C5941,,5.535068,8.459216,0
C5942,,11.535291,15.249074,2
C5944,,7.3480883,1.9387435,1
C5946,,4.9561143,4.576483,1
C5948,,7.407609,9.706733,2
C5949,,5.2031913,4.7092557,1
C595,,11.391067,-5.047842,1
C5954,,11.4596405,8.215342,2
C5956,,9.318538,9.105882,2
C5957,,11.276421,7.56207,2
C5959,,3.527318,9.979284,0
C5963,,6.9199924,2.6310663,1
C5965,,11.614556,8.565899,2
C5967,,9.356663,3.8029935,2
C5969,,11.435862,16.017876,2
C597,,13.144919,-0.0039635184,1
C5971,,8.540002,2.6961813,2
C5973,,11.780893,17.294792,2
C5974,,5.322563,4.223288,1
C5975,,8.439345,2.6015394,2
C5977,,11.548593,15.465292,2
C5979,,11.223411,15.248063,2
C5981,,2.3254087,3.7768595,0
C5983,,5.961413,3.3055055,1
C5985,,3.4130979,3.1140616,0
C5987,,11.195441,15.211285,2
C5989,,11.555051,8.378824,2
C5991,,14.774919,5.5498676,2
C5993,,11.089591,16.017073,2
C5995,,2.4234807,3.5821078,0
C5997,,9.446827,2.744761,2
C5999,,3.1299357,2.9989915,0
C6,,11.024374,-4.995583,1
C60,,2.7132392,4.065078,0
C600,,11.578357,-6.154204,1
C6001,,16.176489,4.9184585,2
C6003,,7.6045794,2.3517642,2
C6005,,11.582216,8.459051,2
C6007,,1.7100925,-0.6047042,1
C6008,,12.584188,16.803772,2
C601,,12.159137,-5.197516,1
C6012,,8.401656,3.4049597,2
C6014,,8.025812,4.0226693,2
C6016,,2.3457575,3.7636635,0
C6018,,5.420107,2.8573418,1
C602,,12.310312,0.32986298,2
C6022,,9.595255,2.698609,2
C6024,,1.1115352,-0.5630429,1
C6027,,14.754901,5.402026,2
C6030,,7.527543,4.216702,2
C6031,,7.283939,3.0274954,2
C6033,,2.776597,3.446091,0
C6035,,2.9448283,3.3906395,0
C6037,,6.444267,8.744742,0
C6039,,9.843911,3.895738,2
C604,,-8.122624,5.3273697,0
C6041,,4.99277,2.099992,1
C6047,,5.4278607,4.7205877,1
C605,,12.307662,-6.9469624,1
C6050,,11.750403,8.88131,2
C6051,,8.4882765,3.3963976,2
C6053,,11.467027,15.443761,2
C6055,,9.64207,4.2447867,2
C6058,,7.545322,4.207505,2
C6062,,13.60678,6.399447,2
C6064,,11.712646,8.737994,2
C6066,,1.090507,-0.57591075,1
C6067,,12.504017,14.448304,2
C6069,,4.9629607,2.1377318,1
C607,,10.203637,0.33131492,1
C6071,,16.62724,4.648932,2
C6073,,7.6793566,3.0699022,2
C6075,,11.209298,13.997717,2
C6077,,6.5902514,3.442085,2
C6079,,16.5876,4.8596344,2
C608,,7.0753527,9.9443245,2
C6081,,4.137197,1.4190755,1
C6083,,14.6230345,5.349614,2
C6089,,12.252864,16.55382,2
C6091,,12.437293,16.349058,2
C6093,,9.192466,3.7458181,2
C6094,,7.8262224,2.1788845,1
C6096,,14.578233,5.418252,2
C6098,,9.923431,4.449652,2
C6100,,16.911188,4.7191224,2
C6102,,3.601613,2.2197459,1
C6104,,11.8161745,9.02618,2
C6106,,12.592042,16.81347,2
C6110,,7.6955767,3.3898368,2
C6111,,12.023403,16.906744,2
C6113,,4.838334,4.490806,1
C6115,,16.768492,4.769979,2
C6117,,4.7787113,4.589292,1
C612,,13.850582,4.268876,-1
C6121,,5.7103186,4.40071,1
C6123,,4.1387095,2.6434026,1
C6125,,8.60955,4.147348,2
C6127,,12.35326,16.49336,2
C6129,,2.9338753,3.3861582,0
C6131,,14.601084,5.4052052,2
C6133,,9.6946945,4.283667,2
C6135,,2.349822,3.7509005,0
C6137,,5.490544,4.346893,1
C614,,12.766692,0.42649382,2
C6141,,5.360744,4.1418533,1
C6144,,3.9351618,2.2251413,1
C6146,,9.586136,3.4539714,2
C6148,,6.894966,3.529828,1
C6150,,4.799187,6.102715,2
C6151,,5.0226884,2.870472,1
C6153,,7.737786,2.1817756,1
C6157,,10.115562,4.5709453,2
C616,,16.878271,4.8315644,2
C6161,,11.979109,15.690972,2
C6163,,12.160653,16.121794,2
C6165,,7.3943977,3.168221,2
C6169,,8.707271,3.4438846,2
C617,,-1.9264842,8.552809,0
C6171,,8.514278,3.4716792,2
C6173,,3.502356,9.967141,0
C6175,,10.37173,3.2581964,2
C6177,,9.707842,4.353926,2
C6179,,14.343453,4.865708,2
C6181,,7.167461,3.2044408,1
C6183,,5.062687,4.6941347,1
C6184,,5.461989,2.1045625,1
C6189,,7.7058964,3.3237956,2
C619,,12.867952,0.27135926,2
C6190,,5.3386607,4.1606545,1
C6192,,3.8506513,2.283912,1
C6194,,7.168398,3.1196022,1
C6196,,14.134991,4.6791677,2
C6198,,3.531219,10.432666,1
C620,,10.071061,-0.19659972,1
C6200,,3.4621465,9.8971405,0
C6203,,17.422026,5.1654234,2
C6205,,6.0187535,1.4998186,1
C6207,,14.442656,5.391664,2
C6211,,11.489643,15.440545,2
C6213,,3.8781471,2.7621987,1
C6217,,7.5648427,3.620443,2
C6219,,10.132647,3.0237951,2
C6221,,-7.5989785,5.7905827,0
C6223,,3.1733608,2.9508102,0
C6227,,2.3383133,3.7819672,0
C6229,,4.8031406,-1.3291093,1
C623,,-1.7194239,9.07642,0
C6231,,14.747889,5.4714994,2
C6234,,11.667145,8.630216,2
C6236,,4.5762477,2.881194,1
C6238,,8.568258,9.713056,2
C624,,12.458282,0.36050418,2
C6240,,2.3039956,1.0753709,1
C6242,,17.330982,4.8005815,2
C6247,,12.062125,15.06652,2
C6249,,14.158519,4.6007676,2
C625,,13.837576,4.2726026,-1
C6251,,2.9702036,3.2816923,0
C6253,,16.735058,4.5603147,2
C6255,,5.857227,3.3465235,1
C6257,,4.8477182,-1.3492026,1
C6259,,3.5542464,10.403385,1
C6261,,7.324734,3.7521996,2
C6263,,9.795377,3.964651,2
C6265,,9.509718,4.0149107,2
C6267,,12.231247,14.94169,2
C6269,,4.576215,-0.884181,1
C6271,,3.5395577,3.162418,1
C6273,,5.594237,-1.0265124,1
C6275,,3.3763592,3.5151572,0
C628,,15.175778,-4.907158,1
C6281,,5.5349746,4.777953,1
C6283,,6.4642806,1.5615562,1
C6287,,7.565662,2.271221,1
C629,,10.16646,-0.029953873,1
C6290,,4.3983436,3.4031286,1
C6292,,11.494662,15.470149,2
C6294,,12.187167,16.54886,2
C6296,,7.1564317,3.1277049,1
C6298,,8.346077,4.2332697,2
C63,,0.45015544,6.622816,0
C6300,,5.3152194,4.6473813,1
C6302,,8.2816,3.6022267,2
C6304,,4.525362,5.82151,0
C6306,,3.9157965,2.7887843,1
C6308,,16.752884,4.770388,2
C6310,,12.144806,16.75134,2
C6312,,14.4437,-3.2822201,1
C6314,,12.115849,16.935118,2
C6316,,13.12572,5.7410994,2
C6318,,9.601385,3.9089568,2
C6320,,8.776138,2.4433882,1
C6322,,12.331059,16.604244,2
C6323,,-7.625994,5.7206044,0
C6326,,11.421195,15.474722,2
C6328,,2.3224418,3.8014047,0
C6330,,12.575583,16.863678,2
C6332,,12.548631,14.422554,2
C6334,,14.454985,-3.0243192,1
C6336,,12.077332,14.337062,2
C6338,,16.500803,4.9351144,2
C6339,,8.193706,3.3863988,2
C6342,,11.216546,7.4369664,2
C6344,,3.546145,10.408666,1
C6346,,7.4070797,9.677964,2
C6347,,4.6371446,2.9074137,1
C6349,,1.7955899,0.5881308,1
C6351,,11.681392,8.825376,2
C6353,,5.8529773,-0.078749046,1
C6356,,12.442201,16.198286,2
C6358,,5.6653833,-0.91077435,1
C6360,,5.7655535,12.843201,0
C6361,,16.936752,5.3370314,2
C6363,,14.628775,5.447337,2
C6365,,4.458349,0.82521176,1
C6367,,7.9758177,9.636385,2
C6369,,11.76202,9.341101,2
C637,,12.1860485,-6.1609397,1
C6371,,9.5378065,3.7337453,2
C6373,,12.162486,15.102051,2
C6375,,8.29764,2.4946046,2
C6377,,16.557203,5.1238346,2
C6379,,11.6992655,16.248999,2
C6381,,6.185491,4.2861466,1
C6383,,2.3299828,3.783281,0
C6385,,7.5825768,2.9165416,2
C6387,,8.928738,3.0238218,2
C6389,,9.193295,2.6418543,2
C6391,,12.632217,16.809662,2
C6393,,4.527902,-0.6547362,1
C6395,,14.940884,5.292326,2
C6398,,11.504602,16.70719,2
C64,,7.009566,10.1014,2
C640,,10.566048,1.1038299,2
C6400,,12.565966,16.740026,2
C6402,,6.8573003,4.109805,1
C6404,,14.805139,5.510152,2
C6406,,5.957451,12.808761,0
C6407,,12.355328,15.023761,2
C641,,13.044224,0.7038966,2
C6411,,12.654507,16.745676,2
C6413,,14.66172,5.4371657,2
C6415,,11.126713,15.161674,2
C6417,,6.7089934,2.6956403,1
C6419,,12.504687,16.16964,2
C6421,,11.041255,6.7901325,2
C6425,,14.8195715,5.552536,2
C6427,,11.082474,16.045763,2
C6431,,9.302157,3.6409218,2
C6435,,8.787622,3.5748336,2
C6438,,4.3895893,3.4947815,1
C6440,,9.350653,9.111461,2
C6442,,5.730515,8.530997,0
C6443,,11.781377,8.921786,2
C6445,,14.603701,6.0466776,2
C6447,,12.273041,16.63986,2
C6449,,9.493776,4.0105157,2
C645,,13.170274,-0.031048154,1
C6453,,5.679316,-0.202713,1
C6456,,8.708686,2.4797928,2
C6458,,3.357274,3.493276,0
C6460,,9.095445,2.5464978,2
C6462,,5.9084425,4.326932,1
C6464,,8.754078,3.344214,2
C6467,,16.787254,4.6378775,2
C6469,,3.212574,2.642229,1
C6473,,9.605645,4.1594043,2
C6474,,11.845897,16.724747,2
C6477,,9.240661,2.9265924,2
C6480,,17.430935,5.1673746,2
C6482,,2.207746,8.9608555,0
C6484,,2.5006928,3.5445502,0
C6485,,16.507002,5.028048,2
C6487,,11.596593,17.322227,2
C6489,,7.7516603,2.2260122,1
C649,,12.915821,0.23919682,2
C6492,,12.317894,15.123691,2
C6493,,12.615714,16.814512,2
C6495,,6.2982144,0.261632,1
C6497,,7.332718,2.080461,1
C6499,,14.588778,5.394063,2
C650,,-1.7079219,9.044108,0
C6503,,12.531001,14.419493,2
C6505,,7.1857605,2.4095304,1
C6507,,7.7506795,3.296205,2
C6509,,10.393217,4.7075114,2
C6511,,11.486713,15.494023,2
C6513,,12.040461,16.660328,2
C6515,,7.0209002,2.9933975,1
C6517,,1.9789267,-0.28030324,1
C6521,,3.4959755,9.956272,0
C6522,,5.317972,3.022652,1
C6524,,11.157023,3.0091648,2
C6526,,11.212806,14.005388,2
C6528,,14.462355,-3.015986,1
C6530,,5.357744,4.8035975,1
C6532,,6.360877,4.5077767,1
C6535,,17.274818,5.089229,2
C6537,,6.504566,8.774523,1
C6538,,14.195926,6.328742,2
C6542,,3.644963,3.3916287,1
C6544,,7.168921,3.241469,2
C6546,,7.8054633,2.5137951,2
C6548,,5.2601743,0.4510274,1
C6550,,4.8910427,4.540152,1
C6551,,17.412064,4.806858,2
C6553,,11.170711,15.239192,2
C6558,,9.644001,3.2877352,2
C6563,,10.466251,4.734609,2
C6566,,16.936224,5.1817207,2
C6568,,14.836648,5.5044727,2
C6572,,4.9905415,4.746635,1
C6574,,1.0862451,-0.5957732,1
C6576,,2.0160584,-0.21882443,1
C6578,,11.496874,9.110307,2
C6580,,11.473123,15.462153,2
C6582,,5.793656,12.607891,2
C6584,,7.2233787,2.2858036,1
C6586,,7.079874,3.9744143,2
C6587,,7.2943416,4.0550995,2
C6589,,4.1977105,2.631669,1
C659,,-1.8124198,9.153066,0
C6590,,16.53899,4.7275667,2
C6592,,11.0754175,14.1614,2
C6594,,3.0821822,3.4123538,0
C6596,,8.514523,2.4451854,1
C6598,,16.91659,5.4081507,2
C660,,11.163055,-6.5803175,1
C6600,,16.680151,4.7992425,2
C6602,,9.57932,4.0253916,2
C6606,,9.628249,3.8598409,2
C6607,,11.627611,8.593713,2
C661,,12.81931,0.52714753,2
C6613,,3.939235,1.8119577,1
C6617,,7.687362,2.2016163,1
C6619,,3.0416741,3.0928786,0
C6623,,14.528905,5.4032903,2
C6625,,3.5649183,10.368734,2
C6627,,16.807497,5.1691165,2
C6629,,14.568276,6.0779,2
C6631,,8.750958,2.8983402,2
C6633,,3.100231,2.9720342,0
C6635,,16.870846,5.1594944,2
C664,,-2.2094972,8.082452,0
C6641,,7.8281236,3.140114,2
C6643,,11.616673,3.2109644,2
C6645,,14.529598,5.3214097,2
C6647,,11.171068,16.188091,2
C6649,,12.5438,16.784203,2
C665,,11.543712,-5.169911,1
C6651,,5.507085,12.599749,0
C6652,,2.5438144,3.5078554,0
C6655,,11.709883,8.853727,2
C6657,,3.915018,3.1898491,1
C6659,,3.014824,3.4788501,0
C6661,,17.340279,5.2044616,2
C6663,,3.8906577,2.0416968,1
C6665,,8.038888,3.4532638,2
C6669,,3.0232742,2.9338374,0
C667,,13.636689,0.749886,2
C6671,,11.0213375,17.067299,2
C6673,,6.2614694,3.426007,1
C6675,,5.4409814,4.3224897,1
C6677,,11.578686,8.43007,2
C6679,,3.3468945,3.5736518,0
C668,,-2.1773438,8.106013,0
C6681,,5.192472,-0.23642054,1
C6683,,14.865679,5.4266357,2
C6685,,12.313173,16.587294,2
C6687,,12.590692,16.423338,2
C6689,,12.27637,14.89594,2
C6694,,12.293313,16.625568,2
C6697,,12.340913,16.629112,2
C670,,-1.9554499,8.550566,0
C6701,,16.619139,5.080473,2
C6703,,17.046894,5.1455626,2
C6705,,16.914625,4.887276,2
C6707,,16.819653,4.365336,2
C6709,,2.4655244,3.5928588,0
C671,,10.283514,0.31224906,1
C6714,,14.8065815,5.313461,2
C6715,,10.27498,4.2941217,2
C6717,,2.361545,3.74287,0
C6721,,5.778963,3.168405,1
C6725,,17.473104,5.235377,2
C6727,,2.818724,3.5527456,0
C6729,,11.994125,14.281122,2
C6731,,12.0694065,15.737414,2
C6733,,5.095421,0.63099575,1
C6736,,2.5535858,3.5157318,0
C6737,,16.863283,5.4444513,2
C6739,,11.772913,15.180788,2
C674,,-2.1567788,8.125014,0
C6745,,12.425014,16.934044,2
C6747,,6.9825,3.6204703,2
C6750,,11.2125,14.004481,2
C6752,,12.556289,14.414781,2
C6754,,16.39407,4.973583,2
C6756,,12.107205,16.51859,2
C6758,,6.7764773,8.983557,0
C676,,11.665731,-6.319443,1
C6760,,3.449544,2.2141652,1
C6761,,17.484339,5.036387,2
C6763,,12.471123,16.02035,2
C6765,,16.74003,4.768257,2
C6767,,3.5596452,10.38577,1
C6769,,2.6258516,1.13713,1
C6771,,16.708443,5.1020865,2
C6775,,16.282389,4.8710957,2
C6777,,11.823055,9.028555,2
C6779,,7.418858,2.1229172,1
C6781,,11.552141,8.535232,2
C6783,,7.290683,3.0969706,2
C6785,,3.9706619,2.565856,1
C6787,,9.463848,4.408363,2
C6789,,8.252253,3.1287522,2
C679,,13.460623,0.7313678,2
C6791,,8.766378,3.1828425,2
C6793,,5.68604,-0.77687585,1
C6795,,6.870235,3.4821925,1
C6797,,7.2050986,2.3919768,1
C6799,,14.222574,4.7170963,2
C6801,,6.163848,4.3676624,1
C6802,,3.4776363,2.7966366,1
C6804,,9.769942,3.952047,2
C6806,,7.81199,2.6782236,2
C6810,,7.494929,9.524325,2
C6811,,11.83025,9.048384,2
C6813,,11.8529005,9.061502,2
C6815,,8.458364,3.4706695,2
C6819,,11.12875,16.036411,2
C6821,,2.670511,1.1623683,1
C6823,,11.56906,15.379787,2
C6824,,8.4735985,2.598065,2
C6826,,7.249893,4.0694275,2
C6828,,12.149331,17.004396,2
C683,,11.397455,1.7147988,1
C6830,,11.125559,14.135731,2
C6832,,8.540247,2.5794923,2
C6834,,11.485864,15.490718,2
C6836,,8.969273,2.5048475,1
C6837,,6.257345,4.2661743,1
C6839,,8.52157,3.4101937,2
C684,,13.40397,0.7110999,2
C6843,,3.1595643,2.7967052,1
C6847,,5.6108828,-1.0086446,1
C6849,,16.726181,4.817366,2
C6853,,14.9423275,5.317451,2
C6855,,6.9442105,4.3038917,1
C6857,,7.6995034,9.632052,2
C6859,,17.393946,4.9800487,2
C686,,-2.062314,8.266915,0
C6863,,3.9473162,1.5354742,1
C6865,,17.030928,4.5647144,2
C6867,,8.557106,3.3441617,2
C6869,,7.738718,2.2246358,1
C6871,,6.5526185,4.4421225,1
C6872,,6.224126,1.2926971,1
C6874,,8.223273,3.6421373,2
C6876,,6.548869,1.5624714,1
C6878,,7.085145,3.2111688,1
C6879,,1.6909746,-0.5010966,1
C688,,11.738515,-6.2801905,1
C6881,,11.725291,9.433934,2
C6883,,17.003662,5.042682,2
C6885,,1.5537909,0.3626936,1
C6887,,7.1836658,2.2611039,1
C6889,,12.081781,14.971452,2
C689,,11.624144,-6.0931416,1
C6891,,17.388313,4.7323,2
C6893,,3.5411305,2.3487375,1
C6895,,6.6645827,4.448807,1
C6897,,6.7708354,8.969212,1
C6899,,16.638416,5.148287,2
C69,,1.2400845,5.9360394,1
C6901,,7.5520353,2.6606953,1
C6905,,12.46068,16.702852,2
C6909,,7.0310435,3.3383846,1
C6911,,16.775497,4.6360044,2
C6913,,14.263213,6.29134,2
C6915,,14.072221,4.6454105,2
C6917,,7.6981506,3.0793624,1
C6918,,7.8390384,3.4278336,2
C692,,11.864562,-6.830894,1
C6922,,12.4039345,16.679634,2
C6924,,17.010595,5.2007895,2
C6926,,-7.613403,5.7629476,0
C6928,,6.151958,1.4955788,1
C6931,,16.84361,5.3531384,2
C6933,,11.945016,17.245502,2
C6935,,3.5621743,10.380862,2
C6937,,7.556931,3.16018,1
C6939,,17.12768,4.586806,2
C6941,,6.135138,1.4563951,1
C6943,,12.271677,16.844908,2
C6945,,6.156946,1.3381739,1
C6947,,4.8772664,-0.16461372,1
C6949,,17.459522,5.1651077,2
C6951,,4.915259,2.0938323,1
C6953,,12.535981,16.235067,2
C6955,,11.224883,13.978437,2
C6957,,6.282882,1.4905181,1
C6959,,16.775433,4.6290746,2
C6961,,6.6970105,3.2704577,2
C6963,,3.141227,2.7116818,1
C6965,,11.768188,9.342715,2
C6967,,11.299435,14.977563,2
C6969,,14.883909,5.317918,2
C6973,,17.238811,5.2204766,2
C6977,,7.107922,2.3491611,1
C6979,,2.4554377,3.6082337,0
C6981,,6.085108,4.307391,1
C6983,,14.739868,5.309558,2
C6984,,11.923412,15.569039,2
C6986,,8.678397,3.4430573,2
C6988,,5.340157,2.4070594,1
C699,,1.2157483,6.283699,2
C6990,,5.4778247,1.8265141,1
C6992,,3.1151643,3.5433798,0
C6994,,11.8257675,9.001294,2
C6996,,6.739596,4.2946367,1
C6998,,2.6529822,3.3809588,0
C700,,11.806329,-6.4230733,1
C7000,,8.64349,3.5944736,2
C7002,,16.46824,5.1642594,2
C7004,,6.72293,4.2642775,1
C7006,,10.571703,3.0898416,2
C7009,,4.0448585,3.4168057,1
C7011,,12.378589,14.820492,2
C7014,,4.519522,2.5437522,1
C7018,,7.0841117,2.5316324,1
C702,,12.334731,-7.30919,1
C7020,,4.32721,0.83268297,1
C7026,,5.5408792,12.623144,0
C7027,,4.692833,0.89372563,1
C7030,,4.2461877,0.85625803,1
C7032,,12.554905,16.7771,2
C7034,,16.005312,5.050855,2
C7036,,9.546424,3.9962063,2
C704,,9.83192,-0.30343133,1
C7040,,5.3719525,8.479417,0
C7043,,14.8283,5.277543,2
C7046,,12.337597,14.871685,2
C7048,,11.333447,15.4215765,2
C705,,13.645968,0.71618295,2
C7050,,16.556145,5.056661,2
C7052,,17.38437,4.7899723,2
C7054,,4.417634,0.9593197,1
C7057,,11.111092,14.101732,2
C7059,,5.0015917,-1.4088445,1
C706,,11.906965,3.0759826,2
C7061,,8.28388,4.2960153,2
C7063,,6.7898703,4.2018194,1
C7065,,6.410929,4.4873505,1
C7067,,2.5326593,3.5305092,0
C7069,,7.592799,3.4666617,2
C707,,12.367794,0.85894555,2
C7071,,11.400652,7.87091,2
C7073,,7.5454965,3.707112,2
C7075,,4.214355,2.735244,1
C7077,,5.9824753,-0.035296522,1
C708,,11.356967,-6.5307,1
C7081,,7.6429076,4.0212307,2
C7083,,11.970923,14.267632,2
C7085,,8.898778,3.4974635,2
C7087,,4.9336934,2.9058955,1
C7089,,14.890785,5.4292274,2
C709,,7.146394,9.867785,2
C7091,,5.875441,0.19102424,1
C7093,,5.672821,-0.9789825,1
C7095,,9.50826,3.94384,2
C7097,,12.198345,16.775778,2
C710,,13.724571,0.70645607,2
C7100,,8.664221,3.397323,2
C7102,,7.095518,3.456195,1
C7103,,4.6615276,0.73072267,1
C7107,,12.471248,16.79014,2
C7109,,12.3558445,15.035675,2
C7111,,4.612192,-1.2923259,1
C7113,,2.6037354,1.1205559,1
C7115,,11.051445,17.007065,2
C7117,,12.101842,16.5234,2
C712,,12.737099,0.47854587,2
C7121,,16.178604,4.97396,2
C7123,,7.184439,2.774092,1
C7125,,2.4576497,3.588439,0
C7127,,7.790515,2.2559402,1
C7129,,6.5222554,3.6901634,1
C7131,,5.2157607,0.5680906,1
C7133,,1.5509943,0.34760866,1
C7135,,5.952381,-0.02380157,1
C7137,,11.347823,7.713756,2
C7139,,11.412401,15.387779,2
C714,,11.110819,-5.1281233,1
C7143,,5.990635,12.817369,0
C7144,,16.700176,4.795458,2
C7146,,5.31558,0.77156883,1
C7152,,8.10131,2.4648712,2
C7156,,9.451327,2.7131763,2
C7158,,7.710863,3.122875,2
C7160,,3.9898858,3.3195503,1
C7162,,3.3684297,3.303652,0
C7164,,4.9741864,4.4224157,1
C7166,,10.880518,3.0119336,2
C7168,,14.02385,4.582934,2
C717,,11.477864,-6.7994695,1
C7170,,12.560181,16.333988,2
C7174,,3.5016558,9.960802,0
C7176,,11.840347,15.29048,2
C7178,,10.857499,6.2811894,2
C718,,10.245715,0.46165413,1
C7180,,5.5927267,3.0250049,1
C7184,,8.949593,3.6325505,2
C7185,,5.770856,2.9671583,1
C7188,,8.4418545,3.4820127,2
C719,,13.2332945,-0.085399106,1
C7190,,7.253433,1.9386107,1
C7192,,17.506166,5.167273,2
C7194,,17.05313,5.2556405,2
C7196,,4.8890605,4.5191007,1
C7198,,14.865753,5.3658094,2
C720,,12.848768,-6.3415313,1
C7200,,3.8366833,2.264799,1
C7202,,6.407339,2.7250485,1
C7204,,4.2412953,3.4630635,1
C7206,,13.437309,5.487845,2
C7208,,10.271723,4.443555,2
C721,,12.374055,0.3114227,2
C7210,,14.340957,4.9546375,2
C7211,,7.2547097,3.256093,2
C7214,,5.2426357,0.6266284,1
C7215,,17.191824,5.1487393,2
C7217,,7.275073,4.119846,2
C7219,,1.745977,0.5582106,1
C7221,,5.74458,-0.8868674,1
C7223,,14.614112,5.9741197,2
C7225,,17.005413,5.220089,2
C7227,,6.2721486,0.20405711,1
C7229,,3.8468418,3.3060133,1
C7231,,8.696052,3.1364512,2
C7233,,4.00128,2.7010994,1
C7235,,17.34941,4.840353,2
C7237,,9.184024,9.212295,2
C7240,,9.976871,2.9594114,2
C7242,,12.570608,16.743408,2
C7244,,10.566211,4.8708696,2
C7247,,3.283475,2.6596756,1
C7249,,8.420705,4.273048,2
C7251,,11.698114,9.271839,2
C7252,,4.838587,4.597168,1
C7254,,11.428889,17.141054,2
C7256,,5.5590796,1.8230649,1
C7258,,1.9127797,-0.08661167,1
C7260,,14.891215,5.2545094,2
C7262,,7.573836,3.1800773,2
C727,,10.132831,0.008679765,1
C7270,,11.424769,15.504827,2
C7272,,11.083486,14.163727,2
C7274,,11.09967,6.9023952,2
C7279,,2.5629108,3.49546,0
C7281,,9.16918,3.6413355,2
C7284,,11.241309,15.789885,2
C7285,,14.453847,5.1758213,2
C7286,,11.355322,17.34461,2
C7288,,10.190633,4.335184,2
C729,,-2.0888808,8.2336645,0
C7290,,3.9143522,1.9170047,1
C7292,,6.5898046,3.8158374,0
C7294,,3.1640623,2.949681,0
C7296,,11.143836,14.147137,2
C7298,,7.247348,9.304666,2
C730,,-2.122824,8.14463,0
C7300,,11.291762,7.4266844,2
C7301,,4.7969866,-1.4124476,1
C7303,,3.283694,3.3307621,0
C7305,,3.4061406,2.3003385,1
C7308,,12.501142,16.164215,2
C731,,11.717663,-6.2997813,1
C7310,,14.64598,5.994353,2
C7312,,8.39196,9.688238,2
C7314,,17.154118,4.3571563,2
C7316,,17.555553,5.048499,2
C7318,,14.76393,5.4092155,2
C732,,15.192496,-4.45556,1
C7322,,5.901749,2.5908637,1
C7324,,17.111937,4.969311,2
C7328,,11.81664,16.91176,2
C733,,9.750501,-0.35707995,1
C7332,,5.566938,12.627788,0
C7335,,5.0133963,2.1327193,1
C7339,,10.59248,4.8674684,2
C7341,,5.533024,0.029264085,1
C7343,,3.6623662,4.4825416,0
C7344,,1.0985293,-0.589671,1
C7346,,4.692094,-1.2012018,1
C7348,,12.497768,16.034025,2
C735,,12.330546,0.3608247,2
C7350,,3.9872653,2.0255053,1
C7354,,6.720296,4.2229853,2
C7356,,16.482674,1.7130322,2
C7359,,3.5468018,10.248876,2
C7361,,7.19764,1.9113935,1
C7363,,11.509326,8.290825,2
C7365,,11.50333,8.264545,2
C7367,,3.1385458,2.7424104,1
C7369,,16.791199,4.5604014,2
C737,,11.426521,-6.8061028,1
C7373,,5.0098066,2.1650472,1
C7375,,9.536809,3.9311137,2
C7377,,12.596271,16.679398,2
C7379,,16.533104,5.095451,2
C7381,,5.4896054,0.17913827,1
C7383,,13.908284,4.4843383,2
C7384,,11.050217,6.801972,2
C7386,,11.309618,7.486644,2
C739,,13.647142,0.7129937,2
C7390,,16.92391,5.105344,2
C7392,,7.135614,2.9622753,1
C7394,,15.037334,5.261605,2
C7396,,12.640588,16.643497,2
C7398,,3.5737708,10.370571,1
C7400,,11.48347,15.440431,2
C7402,,7.6535897,2.1663706,1
C7404,,3.5297127,2.9332652,1
C7407,,7.616856,2.1804843,1
C7409,,5.3559194,4.6107936,1
C7411,,7.3496294,3.7971911,2
C7414,,6.5211,4.4910383,1
C7416,,16.81151,4.7622375,2
C7418,,16.477129,4.8754053,2
C742,,13.410076,-8.168891,2
C7420,,4.7687345,2.777429,1
C7422,,12.622415,16.79027,2
C7425,,5.7782106,2.5171235,1
C743,,14.075896,4.255004,2
C7430,,16.118288,4.9347982,2
C7432,,2.0535429,0.6697802,1
C7436,,16.499916,4.7823863,2
C7440,,12.505292,16.539282,2
C7442,,14.919539,5.4738193,2
C7444,,2.8620203,3.612289,0
C7446,,3.4970024,3.3928714,0
C7448,,8.296173,3.4532058,2
C745,,11.608304,-4.52985,2
C7454,,14.563844,5.2969275,2
C7456,,2.875781,3.4824493,0
C746,,12.095979,-6.1804056,1
C7460,,5.03641,2.9196293,1
C7462,,3.292832,2.5735757,1
C7464,,7.818228,2.2497013,1
C7470,,5.646423,-0.22550043,1
C7474,,7.219386,3.999603,1
C7476,,16.749092,4.795208,2
C7480,,11.135179,7.092414,2
C7482,,9.615659,2.9497325,2
C7483,,9.030412,3.521964,2
C7485,,4.0689154,3.5387723,0
C7487,,2.398296,3.6758847,0
C749,,12.531849,0.82453334,2
C7491,,11.479447,8.743904,2
C7497,,11.672548,3.1405163,2
C7499,,6.268692,3.9344115,1
C750,,10.801843,2.447269,2
C7501,,7.1057067,2.4841046,1
C7503,,-7.648556,5.78157,0
C7505,,3.5683866,10.381587,1
C7507,,12.477784,15.965884,2
C7509,,16.02898,4.9975266,2
C751,,0.61604494,6.6333466,0
C7511,,12.276762,15.263505,2
C7513,,8.3134985,3.3196235,2
C7514,,5.1382895,0.69140786,1
C7516,,8.185442,4.4610553,2
C7517,,5.384323,4.7480674,1
C7519,,2.004339,-0.24395128,1
C7521,,9.2188225,3.621112,2
C7523,,12.661953,16.682167,2
C7525,,16.948256,4.891261,2
C7527,,12.538342,16.265858,2
C7529,,11.835553,9.043787,2
C753,,11.170167,-6.614676,1
C7531,,7.3839893,2.8145368,1
C7533,,9.346009,9.112915,2
C7535,,11.209206,15.080376,2
C7537,,11.643372,3.20248,2
C7539,,14.717109,5.3019323,2
C754,,11.883691,3.0582423,2
C7541,,11.64664,16.882336,2
C7542,,11.284345,7.3979764,2
C7544,,6.4853206,3.647119,1
C7546,,12.544302,16.615273,2
C7550,,6.8641877,4.3733587,1
C7552,,12.600018,16.632212,2
C7554,,11.718099,8.70173,2
C7556,,6.3894286,-0.24993236,1
C7558,,12.480139,16.09215,2
C7560,,5.312788,4.674034,1
C7562,,14.771985,5.558647,2
C7564,,16.18067,4.8573384,2
C7568,,5.2703443,1.9232527,1
C7570,,1.189295,3.470405,0
C7571,,14.585818,-3.27399,1
C7573,,12.63559,16.576466,2
C7577,,5.500754,0.21962559,1
C7579,,15.938302,5.029764,2
C7581,,3.5024703,9.953924,0
C7585,,0.27966514,4.8479924,0
C7586,,8.550564,4.240409,2
C7588,,11.730227,2.984976,2
C7590,,11.226939,13.995357,2
C7592,,14.71902,5.4235134,2
C7593,,6.461304,4.3609486,1
C7595,,10.216882,4.566579,2
C7597,,3.6210477,3.1027634,1
C7599,,4.8091054,4.68045,1
C76,,-2.1808445,8.123718,0
C7601,,12.275564,15.881775,2
C7606,,12.199594,16.58034,2
C7608,,2.4148738,3.5788872,0
C7610,,2.6313715,3.4213967,0
C7614,,12.054466,16.509666,2
C7616,,6.061585,2.6481714,1
C7618,,9.617581,2.8479164,2
C7620,,6.865571,4.0149374,1
C7622,,16.823147,4.736555,2
C7624,,12.16342,16.544699,2
C7626,,8.523327,2.6365297,2
C7628,,2.609275,3.407274,0
C7630,,8.25344,3.3922184,2
C7632,,3.838163,4.2768064,0
C7633,,16.652773,5.090708,2
C7635,,4.5286574,-1.182905,1
C7637,,5.795654,-0.10380642,1
C7639,,1.7280332,0.53479,1
C7641,,5.815323,3.1446004,1
C7643,,16.9501,4.6023283,2
C7645,,7.7452154,3.0859823,1
C7647,,3.420492,3.3686764,0
C7649,,9.283944,3.809568,2
C7652,,6.5653815,4.418339,1
C7654,,5.575073,-1.0497303,1
C7656,,11.5381,17.520819,2
C7658,,16.649975,1.5749127,2
C7660,,7.7531667,3.0189447,2
C7662,,11.464375,8.863379,2
C7664,,17.099516,4.5466638,2
C7666,,10.159981,4.454166,2
C7668,,1.6864816,-0.5323197,1
C767,,9.882173,0.1492047,1
C7670,,12.018031,14.292035,2
C7672,,6.8066034,2.528349,1
C7674,,5.0534506,2.829137,1
C7677,,14.527453,4.96834,2
C7679,,6.7221737,4.224398,1
C768,,7.494082,9.52507,2
C7681,,4.2108197,3.5642838,1
C7683,,5.208781,0.68935835,1
C7685,,3.281277,3.2955184,0
C7687,,16.635902,5.186426,2
C7689,,9.68301,3.8663082,2
C7691,,16.056232,5.0239787,2
C7693,,9.652754,3.8154116,2
C7695,,11.776547,9.297083,2
C7697,,3.6580596,2.877637,1
C7699,,16.590364,5.1541696,2
C770,,10.99173,-3.694589,1
C7701,,4.5089426,-0.7342099,1
C7703,,10.307004,3.1408117,2
C7705,,4.0817976,1.3484185,1
C7707,,10.205852,4.3266983,2
C7709,,3.862118,3.3786502,1
C771,,12.943997,0.69495034,2
C7711,,11.809644,8.923957,2
C7713,,3.8128402,4.2574587,0
C7714,,8.463011,2.602716,2
C7716,,17.467276,5.130776,2
C7718,,9.908755,3.0393555,2
C772,,11.617571,-4.523982,2
C7720,,16.697897,5.250923,2
C7722,,7.591825,2.361889,1
C7724,,3.4414437,3.4423592,1
C7726,,3.3847287,2.2681322,1
C7728,,5.2404866,0.14229645,1
C773,,11.132444,2.8447466,2
C7730,,12.654313,16.705954,2
C7732,,12.66097,16.786318,2
C7734,,16.77989,4.8818226,2
C7736,,9.068619,2.5446646,1
C7738,,11.353144,15.497,2
C7740,,16.548906,5.043889,2
C7742,,5.8685603,-0.14447525,1
C7744,,11.82511,9.011552,2
C7746,,16.943026,4.62083,2
C7748,,2.0068805,0.039441027,1
C775,,13.471138,-4.780601,1
C7750,,4.9749627,-0.05158743,1
C7753,,1.8126326,0.59543747,1
C7754,,4.5825853,-0.60928416,1
C7756,,2.4344091,3.5734518,0
C7758,,5.1987324,2.8716214,1
C776,,12.722435,0.71729285,2
C7760,,3.5055144,9.970944,0
C7762,,5.5765715,12.635787,0
C7763,,4.8171825,6.0873218,2
C7764,,3.4879296,9.962276,0
C7765,,9.5227995,4.002215,2
C7767,,7.1501293,3.1432374,1
C7769,,6.236107,1.2863909,1
C7771,,5.911422,3.3114333,1
C7774,,6.9528832,3.6295755,1
C7776,,12.146561,16.688839,2
C7778,,5.0873575,4.793556,1
C7782,,6.950755,3.357268,1
C7786,,4.713872,-1.3635398,1
C7788,,2.0279567,0.012614014,1
C7790,,6.4074187,-0.16807403,1
C7792,,14.641143,6.014478,2
C7794,,3.1557837,2.8772376,0
C7796,,5.6492176,-0.10542566,1
C7798,,7.3033695,3.0605133,1
C780,,12.014493,0.45927468,1
C7800,,8.765321,2.8171363,2
C7802,,5.6633544,-0.21623781,1
C7806,,1.9309838,0.56626165,1
C7808,,1.6874726,-0.5454083,1
C7810,,14.717639,5.4736366,2
C7812,,6.911554,4.309337,1
C7816,,4.5224056,-1.2048494,1
C7818,,3.9939663,2.736527,1
C782,,12.155617,-5.0807867,1
C7820,,7.7799854,3.438914,2
C7822,,17.410208,5.0349708,2
C7824,,17.052006,4.462336,2
C7826,,6.218536,1.2969587,1
C7828,,4.79274,4.2967844,1
C7830,,4.5880184,-0.90994555,1
C7834,,3.2608604,2.9650903,1
C7836,,4.619135,2.6744564,1
C7838,,8.784923,3.5540714,2
C7840,,10.068721,4.3888392,2
C7842,,16.5769,4.9137254,2
C7844,,11.763907,9.334145,2
C7845,,5.9669995,1.4695879,1
C7848,,8.735149,2.7817216,2
C7850,,11.093615,15.985978,2
C7852,,5.1495953,4.7013373,1
C7854,,6.0666103,2.932348,1
C7856,,10.252249,3.0583184,2
C7858,,6.2962427,4.345078,1
C7859,,4.5568304,-0.9257315,1
C786,,11.080092,-5.0871797,1
C7861,,6.942033,4.3589067,1
C7863,,6.5229206,8.805331,1
C7865,,4.615931,2.7684803,1
C7869,,16.847216,4.633975,2
C787,,12.712497,-6.619252,1
C7871,,11.961318,17.20601,2
C7873,,4.454783,0.8209222,1
C7876,,8.505524,2.4935787,2
C7878,,11.4257145,15.49224,2
C788,,11.000284,-3.704373,1
C7880,,5.7753487,2.5100653,1
C7882,,10.274971,4.5084453,2
C7884,,6.390015,3.5504816,1
C7886,,5.5170045,12.619183,0
C7887,,2.4085464,3.590154,0
C7889,,11.291028,7.574046,2
C789,,12.170789,-5.3311486,1
C7891,,12.395858,16.647577,2
C7893,,10.221851,3.4898672,2
C7898,,12.1104,14.964327,2
C79,,1.3901178,5.600914,0
C7900,,5.922146,3.0163093,1
C7902,,7.534617,1.9502285,1
C7904,,8.439764,9.610365,2
C7905,,12.130843,16.720037,2
C7908,,12.554589,16.79475,2
C7910,,11.985771,16.941639,2
C7912,,11.398228,15.487193,2
C7914,,4.3286552,2.6340466,1
C7916,,3.0931182,2.6901197,1
C7918,,14.46035,-3.2016482,1
C792,,12.702045,-6.6260576,1
C7922,,5.662594,2.4657583,1
C7924,,11.171248,14.0384655,2
C7926,,4.716073,4.687792,1
C793,,10.968634,6.5991,2
C7934,,6.379142,-0.24038735,1
C7936,,16.58239,4.9241905,2
C7938,,16.26853,5.050811,2
C794,,13.036865,0.10155204,2
C7940,,3.7710254,2.4185283,1
C7942,,17.099657,5.1154637,2
C7944,,9.329146,9.093374,2
C7948,,4.2611876,0.88243175,1
C7950,,5.510858,0.20041133,1
C7952,,11.431638,16.73973,2
C7954,,0.68989366,4.830574,0
C7955,,6.520419,8.775895,1
C7956,,16.842411,4.584613,2
C7958,,9.57507,3.10255,2
C796,,11.772892,-5.2050285,1
C7960,,11.229549,15.169772,2
C7962,,11.199038,14.0061245,2
C7964,,11.554641,17.538658,2
C7966,,2.482802,3.5358956,0
C7968,,7.0312347,4.1788716,1
C797,,13.666964,0.6846398,2
C7970,,17.183926,5.1120915,2
C7973,,16.092566,4.991063,2
C7975,,5.9387383,-0.010345074,1
C7978,,11.487402,2.9559295,2
C7980,,3.551089,10.41803,1
C7982,,11.599557,8.564147,2
C7989,,8.632965,2.7148402,2
C7991,,12.545892,14.418038,2
C7993,,7.544751,3.0649712,2
C7997,,15.706199,4.9971066,2
C7999,,10.917686,3.032513,2
C8,,13.1328535,-0.015268618,2
C800,,-1.6882441,9.043651,0
C8001,,7.1191645,3.1924617,1
C8003,,11.928586,17.103125,2
C8005,,7.380153,1.9342563,1
C8007,,2.3588192,3.684255,0
C8009,,16.913492,4.5944667,2
C801,,7.10959,2.3807821,1
C8011,,3.5693262,10.427605,1
C8013,,11.464686,15.512635,2
C8015,,3.355526,3.518128,0
C8017,,9.709628,4.373782,2
C8021,,16.553196,1.9732993,2
C8023,,12.3883295,16.66485,2
C8026,,17.033878,5.2852917,2
C8028,,7.189731,2.994691,2
C8030,,6.9495153,3.518483,1
C8032,,8.120826,3.088481,2
C8034,,16.908895,5.231074,2
C8036,,7.835646,2.3950284,1
C8038,,12.382743,14.922616,2
C804,,10.067146,-0.13987081,1
C8040,,3.8688893,2.0243719,1
C8044,,7.661066,3.2509022,1
C8047,,2.9695468,3.522485,0
C8049,,4.940233,2.0929093,1
C8052,,16.601746,5.046541,2
C8054,,14.47591,-3.1102836,1
C8058,,3.241737,2.599923,1
C8060,,12.2612295,15.925378,2
C8064,,16.610294,4.742049,2
C8066,,8.693654,4.2200828,2
C8069,,4.1571746,1.4794607,1
C807,,-2.212237,8.077307,0
C8071,,11.292725,7.467809,2
C8073,,5.4569907,0.312614,1
C8076,,14.618281,6.036323,2
C8078,,5.2857394,2.2490485,1
C8080,,6.113486,1.4621313,1
C8082,,16.7194,5.137715,2
C8084,,9.524126,3.6910443,2
C8086,,9.876709,4.595185,2
C8088,,2.983171,3.5136914,0
C809,,-0.7103388,7.832574,0
C8094,,17.390726,5.0595617,2
C8097,,5.825216,12.841359,2
C8098,,2.0049102,-0.19447209,1
C81,,12.152293,-5.3007727,1
C810,,13.532664,0.7193582,2
C8100,,16.909872,4.6069584,2
C8102,,4.980477,2.0685272,1
C8104,,14.480989,-3.0451837,1
C8107,,9.594225,3.6651187,2
C8109,,2.617266,1.1240017,1
C811,,11.562189,-5.170462,1
C8111,,1.9927102,-0.20572749,1
C8115,,14.844849,5.4715233,2
C8117,,4.6119227,-1.2070266,1
C8119,,5.125034,-1.3266733,1
C812,,13.467665,0.7412281,2
C8121,,4.531955,-1.2100065,1
C8124,,5.0897794,4.797594,1
C8126,,11.152142,14.05487,2
C8127,,6.2228823,1.301841,1
C8129,,11.818088,15.152751,2
C813,,10.714445,1.2644144,1
C8131,,12.264161,15.292721,2
C8139,,8.557238,2.4067547,2
C814,,7.278149,9.717322,2
C8141,,2.5231268,3.4134517,0
C8143,,12.581651,14.381083,2
C8147,,8.484961,9.934812,2
C815,,11.543072,2.7908583,1
C8151,,5.0115066,-1.4185024,1
C8153,,4.363013,4.07265,1
C8155,,6.389272,-0.2603392,1
C8157,,4.121979,2.669354,1
C8159,,12.649033,16.699535,2
C816,,-1.2229272,7.2880573,0
C8161,,12.40932,16.612988,2
C8163,,12.273124,16.979418,2
C8165,,11.493981,8.285723,2
C8167,,6.3112545,4.456968,1
C8169,,16.724237,5.25559,2
C8172,,4.10503,2.6860497,1
C8175,,10.09221,3.5178611,2
C8177,,4.6709185,6.0697713,2
C8178,,3.0529492,2.8139129,0
C8180,,17.445755,5.211613,2
C8182,,5.033895,3.9589567,1
C8184,,17.531687,4.9979362,2
C8188,,11.800501,16.875914,2
C819,,-1.6789972,9.023664,0
C8190,,4.975389,4.4959006,1
C8192,,1.6440934,0.44897616,1
C8194,,3.3103907,3.4309042,0
C8196,,3.9711695,1.9060946,1
C8198,,8.551831,4.3734612,2
C820,,11.117987,-4.0651217,2
C8200,,11.151041,16.517202,2
C8202,,5.335152,4.141174,1
C8204,,15.044326,5.2384396,2
C8205,,9.436947,4.4237275,2
C8207,,14.566337,5.3529587,2
C821,,-1.8710171,9.221995,0
C8211,,3.5604663,10.393084,1
C8213,,3.5152073,9.923786,0
C8219,,14.489897,-3.1026156,1
C822,,12.769577,-7.2609134,1
C8221,,11.143194,14.554924,2
C8223,,16.477812,5.1625395,2
C8225,,16.937113,4.564761,2
C8227,,11.4393,8.041101,2
C8232,,16.993923,4.473954,2
C8234,,2.643811,3.3601708,0
C8236,,1.5654439,0.3776195,1
C8238,,3.5567064,10.416722,1
C8240,,4.884731,4.59247,1
C8242,,5.347718,4.235987,1
C8244,,1.7215496,-0.59339625,1
C8246,,17.40702,4.8461733,2
C8248,,17.239094,4.6862183,2
C825,,-2.2234209,8.057156,0
C8251,,7.2247796,4.127817,2
C8255,,17.168491,5.017162,2
C8257,,6.8726077,3.6020772,2
C8258,,6.381427,-0.1164148,1
C8260,,14.567075,5.665282,2
C8262,,11.578393,17.22157,2
C8264,,7.0289497,2.4216456,1
C8266,,3.863853,3.7432966,0
C8268,,4.0391426,3.3778508,1
C827,,12.761847,0.41561615,1
C8270,,11.868791,16.476929,2
C8272,,5.436264,3.0640152,1
C8274,,12.332174,16.886074,2
C8278,,7.0957603,3.12383,1
C8280,,8.287923,2.4474885,2
C8282,,14.685267,5.0889144,2
C8283,,3.49806,2.13304,1
C8285,,4.693775,4.6107554,1
C8287,,16.4082,4.987024,2
C8289,,11.264035,3.0765715,2
C829,,13.419951,0.71394604,2
C8291,,11.172975,14.0349655,2
C8293,,6.4611945,3.531972,1
C8295,,3.1303375,2.761251,1
C8299,,12.0294285,17.087347,2
C830,,12.154038,-6.250583,1
C8301,,12.00032,16.528759,2
C8306,,6.7088842,2.5925176,1
C8308,,16.842852,4.6984544,2
C831,,7.306697,9.683605,2
C8310,,6.5533147,8.796652,1
C8314,,11.161853,17.512922,2
C8316,,3.31288,2.5736825,1
C8318,,14.656397,5.8919353,2
C8320,,7.193359,2.256228,1
C8324,,12.494612,16.632223,2
C8327,,4.0643167,1.6655141,1
C8329,,5.7886343,-0.30077,1
C8331,,17.35767,4.759121,2
C8333,,9.790713,2.6274836,2
C8335,,9.811957,2.9217925,2
C8337,,4.065232,2.726979,1
C8340,,11.167368,15.229903,2
C8341,,6.6418743,4.2178235,1
C8344,,4.502087,2.754008,1
C8346,,3.5220366,9.987646,0
C835,,13.467208,0.74613833,2
C8350,,3.297435,2.4187217,1
C8355,,5.453822,-1.143764,1
C8357,,4.195585,3.5354135,0
C8359,,9.313129,9.065677,2
C8361,,3.5704873,10.3700285,2
C8365,,4.616178,2.6243453,1
C8367,,15.97157,4.990665,2
C8369,,12.552157,16.66357,2
C837,,0.6361817,6.486869,0
C8371,,9.098034,9.291932,2
C8373,,4.871316,-0.19321346,1
C8375,,1.5354619,0.32829478,1
C8377,,7.1630745,3.0783935,1
C838,,9.845278,0.20569679,1
C8382,,5.652674,12.606666,0
C8383,,11.393818,15.478253,2
C8385,,6.8875504,2.4284284,1
C8386,,4.9770145,4.6434336,1
C8388,,8.55344,9.7476015,2
C8390,,11.885498,16.850569,2
C8393,,11.103384,16.015211,2
C8395,,14.623145,5.359906,2
C8398,,5.9492,12.808906,0
C84,,12.704855,-7.212786,1
C8400,,5.514261,-1.0958121,1
C8402,,3.1972456,2.6412196,1
C8404,,9.445603,3.9433525,2
C8406,,16.523373,1.6234123,2
C8408,,2.827684,3.4907913,0
C8412,,11.122743,14.096235,2
C8414,,7.3279614,2.5765646,1
C8416,,7.5635552,3.0077808,1
C842,,10.232222,0.3880733,1
C8420,,4.283497,2.5839834,1
C8422,,11.507105,15.685069,2
C8424,,9.7159395,3.2965105,2
C8426,,6.385036,3.5271766,2
C843,,7.1075344,9.91136,2
C8431,,7.4813247,9.6296425,2
C8433,,3.0943553,2.7303202,1
C8435,,11.115205,14.351615,2
C8437,,1.9087065,-0.065294646,1
C8439,,8.248309,4.4854493,2
C8441,,16.032713,5.1395583,2
C8443,,5.74663,12.846321,2
C8444,,5.4664254,0.27011523,1
C8446,,5.767196,0.11330628,1
C8448,,3.941788,2.4397924,1
C8450,,3.7285411,3.3209043,1
C8452,,1.6749566,-0.64023894,1
C8454,,16.755285,4.697534,2
C8456,,12.242731,16.633165,2
C8458,,16.45969,4.7604046,2
C846,,11.013658,-3.6996067,1
C8462,,4.539901,2.8863118,1
C8464,,3.5445232,2.5800197,1
C8466,,14.818412,5.5648146,2
C8468,,13.412612,5.2249846,2
C847,,-2.043405,8.371394,0
C8470,,11.26467,15.508307,2
C8472,,10.620764,4.8923073,2
C8475,,4.8465877,4.066556,1
C8479,,11.210414,15.134836,2
C8481,,11.339796,16.561747,2
C8483,,9.261127,9.153225,2
C8484,,11.139484,16.1139,2
C8486,,16.901308,4.9724426,2
C8490,,8.073814,4.4881268,2
C8492,,16.837835,5.2846756,2
C8495,,16.60416,2.0400722,2
C8497,,4.9911704,4.752483,1
C8498,,12.294183,15.166622,2
C85,,11.860341,-4.8285747,1
C8501,,15.007545,5.4238353,2
C8503,,11.330575,7.700157,2
C8506,,7.6907516,4.5728707,2
C8509,,7.030839,3.3220966,1
C851,,10.214786,-0.046759494,1
C8511,,4.226521,1.2611563,1
C8513,,1.8662572,-0.3818945,1
C8515,,5.6574717,-0.11751964,1
C8517,,12.369999,16.648672,2
C8519,,6.97832,2.5258994,1
C852,,-1.9707361,8.368799,0
C8522,,4.3061438,0.8529336,1
C8524,,3.1959918,2.9362552,0
C8526,,3.922938,2.0811508,1
C8528,,11.709254,16.664148,2
C853,,13.2365265,-0.12422361,1
C8530,,6.352145,12.839022,2
C8531,,7.4839835,4.2691793,2
C8535,,3.7378507,2.8818793,1
C8538,,10.770606,16.948212,2
C8542,,11.737954,2.9515073,2
C8544,,16.449333,4.6404843,2
C8547,,4.145601,2.6651664,1
C8548,,4.8855696,4.4052796,1
C855,,11.832953,-4.840468,1
C8550,,8.4938545,3.4721406,2
C8553,,4.0452185,5.653681,1
C8554,,6.001043,12.811798,2
C8555,,6.276656,0.09668671,1
C8559,,6.4934454,8.756481,1
C856,,10.22947,0.4540601,1
C8561,,17.149069,5.128708,2
C8563,,6.8117747,2.3993976,1
C8565,,10.3323345,3.1901114,2
C8567,,14.740892,5.4620023,2
C857,,11.510028,0.7106274,2
C8571,,7.251766,2.8229992,1
C8573,,14.590948,6.0090704,2
C8575,,4.920424,2.0597517,1
C8577,,9.824259,3.2361987,2
C8583,,9.714503,4.334235,2
C8585,,5.0164123,2.7946725,1
C8587,,4.533654,-1.2155197,1
C8589,,9.331094,3.476032,2
C8591,,8.689107,2.7188652,2
C8593,,7.2842455,3.9192097,2
C8595,,10.114775,3.1414194,2
C8597,,4.5647025,-1.2626398,1
C86,,9.878732,0.20758145,1
C8603,,4.4404993,3.5205374,1
C8604,,9.721528,3.0927277,2
C8606,,11.287203,15.490919,2
C8609,,3.4475946,2.9488366,1
C861,,10.987382,2.4799025,2
C8611,,6.444143,2.6141894,1
C8613,,8.682061,4.4470673,2
C8615,,4.3748736,0.90243536,1
C8617,,12.558464,14.402855,2
C8619,,14.9994135,5.408538,2
C8623,,12.573119,14.38023,2
C8625,,6.10236,1.4247606,1
C8627,,15.8030615,1.8396232,1
C8629,,2.7992096,3.068657,0
C863,,12.351006,-7.3293743,1
C8631,,7.15773,3.26662,1
C8633,,4.827734,-1.3809353,1
C8635,,10.303547,3.4963098,2
C8637,,6.2482347,1.4725262,1
C8639,,12.220029,15.937335,2
C8641,,5.7858334,-0.09757032,1
C8643,,11.260393,15.171763,2
C8645,,16.847727,5.1299496,2
C8647,,9.69571,3.8470795,2
C865,,-1.8217891,9.141322,0
C8651,,1.6930374,0.5164933,1
C8653,,1.9952947,-0.24338327,1
C8655,,10.1815405,4.202941,2
C8657,,17.11662,4.386829,2
C8659,,3.5593734,10.379846,1
C866,,11.558927,-5.1467733,1
C8661,,11.030485,3.0014112,2
C8663,,5.5606976,12.631225,0
C8664,,6.358739,3.5299933,1
C8666,,4.9899015,3.9703522,1
C8668,,4.7418847,2.7626956,1
C867,,12.083892,0.42934954,1
C8670,,3.501595,9.963343,0
C8672,,-7.426809,5.985924,0
C8673,,17.511143,5.173307,2
C8675,,5.4114304,4.1891065,1
C8677,,11.790758,9.13455,2
C8679,,5.210937,4.36489,1
C868,,1.0141726,6.110954,1
C8681,,11.215942,17.580427,2
C8683,,14.631266,5.354081,2
C8685,,7.1835523,4.2148037,2
C8688,,11.515113,15.217925,2
C8690,,5.489716,0.26682878,1
C8693,,6.760105,3.646133,1
C8694,,11.156108,14.059328,2
C8696,,6.3125534,-0.06697394,1
C8698,,11.399989,16.583794,2
C8700,,11.217105,15.608688,2
C8705,,5.6332703,-0.18895848,1
C8709,,11.690273,16.9159,2
C871,,10.96761,2.5852802,2
C8711,,5.3842044,4.762047,1
C8713,,6.7986865,3.603237,2
C8715,,8.677505,2.8956835,2
C8717,,3.5022585,2.8879962,1
C8719,,7.6587076,2.1189392,1
C8723,,4.882105,6.0936317,2
C8724,,11.655016,2.973554,2
C8728,,4.5361967,-0.75045043,1
C873,,12.466363,-6.9996405,1
C8732,,3.4365604,3.3185012,1
C8734,,11.504997,16.79038,2
C8736,,11.725321,8.770714,2
C8738,,9.070328,4.4637876,2
C874,,-1.6987923,9.021858,0
C8741,,17.149849,4.35558,2
C8743,,4.958065,4.7210436,1
C8745,,5.209912,0.48315883,1
C8747,,11.836547,17.081179,2
C8749,,6.3792157,-0.24882309,1
C875,,11.590312,-4.577447,1
C8751,,2.360872,3.6972785,0
C8752,,6.408402,4.480445,1
C8754,,6.07431,1.4287442,1
C8756,,6.4469295,3.5506802,1
C8758,,3.0978813,2.6691797,1
C876,,12.443431,0.83566433,2
C8761,,6.7103333,3.9445028,2
C8763,,3.2824154,2.9252613,1
C8765,,2.6706698,1.1669732,1
C8766,,5.614874,-0.036316354,1
C8768,,10.536872,4.8987184,2
C8770,,12.079458,16.858078,2
C8772,,11.96752,15.264603,2
C8774,,12.382354,14.813989,2
C8776,,7.107267,2.500679,1
C878,,11.360702,-6.7842746,1
C8780,,1.8945715,-0.16594969,1
C8782,,7.1667814,1.9893049,1
C8784,,9.002335,9.296906,2
C8787,,6.35841,3.5208032,1
C8789,,14.810704,5.3552566,2
C8794,,11.402297,17.052502,2
C8799,,11.431962,15.509873,2
C88,,11.096336,-5.0919905,1
C880,,11.515358,-5.901625,1
C8800,,8.44579,2.6204424,2
C8802,,8.778226,3.7711499,2
C8804,,3.0165493,2.7008238,1
C8806,,6.9025803,4.3595767,1
C8810,,11.386391,17.120699,2
C8812,,10.525477,3.1390972,2
C8818,,6.554577,4.449136,1
C8820,,4.268177,0.84763944,1
C8823,,11.0636015,14.193695,2
C8825,,7.4836655,2.1801317,1
C8827,,8.662397,3.4966366,2
C8829,,10.820036,16.724493,2
C8831,,3.81071,2.0668647,1
C8833,,5.353833,4.711361,1
C8834,,16.864424,4.5953493,2
C8836,,6.369788,2.5134127,1
C8838,,11.032167,16.882044,1
C8840,,8.036072,2.291065,1
C8842,,6.233904,1.3035166,1
C8843,,10.960926,17.2478,2
C8846,,8.262472,4.300027,2
C8847,,1.5009319,0.3075171,1
C8849,,9.882873,4.062962,2
C8851,,5.9206448,3.1066194,1
C8853,,1.9626542,-0.22825891,1
C8855,,11.515888,8.299308,2
C8857,,11.515645,17.477049,2
C8859,,4.5112996,-1.1400692,1
C8863,,5.242408,3.666989,1
C8868,,4.0974483,1.5790322,1
C887,,11.842943,-4.917653,1
C8870,,4.31681,4.13781,0
C8871,,11.2041,17.109995,2
C8873,,17.132574,4.6458983,2
C8875,,11.67977,3.2198985,2
C8878,,11.1841345,14.017448,2
C888,,1.3811109,6.146475,1
C8880,,12.235353,16.882088,2
C8882,,11.498474,8.426751,2
C8885,,2.4182153,3.5840244,0
C8887,,16.742313,4.8004208,2
C8889,,11.063017,14.167222,2
C889,,12.232098,-5.2907333,1
C8891,,11.6047,17.050613,2
C8893,,8.185913,3.6921933,2
C8895,,5.327601,4.5495486,1
C8897,,17.14367,5.263472,2
C8899,,6.6504254,4.2754087,1
C89,,8.8707285,3.463351,2
C890,,11.059964,-3.7279594,2
C8901,,3.6884437,3.3328037,1
C8903,,3.4471292,2.1490102,1
C8905,,14.786525,5.3290753,2
C8906,,8.597752,2.6811745,2
C8908,,6.7489204,3.5993292,2
C8910,,5.5209103,-1.091724,1
C8912,,11.748247,2.9593623,2
C8914,,6.566829,8.814079,1
C8917,,3.3770814,3.2084217,0
C8919,,15.266812,5.314621,2
C8921,,8.530672,3.4331791,2
C8923,,5.5606203,12.622983,0
C8924,,11.744436,2.9892833,2
C8926,,4.17874,2.6653125,1
C8928,,11.302887,7.6045923,2
C893,,1.4629263,6.0769863,1
C8932,,8.7752,2.4457595,2
C8935,,11.129349,16.637714,2
C8939,,14.575932,5.421335,2
C894,,7.047023,10.03086,2
C8941,,10.815176,16.778303,2
C8943,,10.861314,16.842983,2
C8945,,11.691361,8.696485,2
C8947,,9.808843,4.379308,2
C8949,,16.264254,4.945587,2
C895,,-1.9604499,8.3907385,0
C8951,,9.182301,9.204846,2
C8952,,16.952726,5.088934,2
C8956,,8.382377,3.5069592,2
C8958,,6.7082663,8.9339485,1
C896,,0.9684658,6.3027887,0
C8960,,17.00022,4.4395967,2
C8962,,4.35211,0.9619447,1
C8964,,11.19028,15.152536,2
C8966,,5.8791823,1.4049884,1
C8968,,3.1905746,3.476596,0
C8970,,10.694321,16.568531,2
C8974,,3.5535703,10.415128,1
C8976,,4.887298,4.614191,1
C8978,,12.325125,16.903818,2
C898,,13.417847,0.7521284,2
C8980,,11.027425,6.766351,2
C8982,,5.7263308,-0.937829,1
C8984,,6.387245,4.519584,1
C8988,,4.96311,2.0641139,1
C8990,,6.3781266,-0.27677754,1
C8992,,4.056212,3.706792,0
C8994,,11.260675,15.803416,2
C8996,,16.928059,4.810182,2
C8998,,4.0975914,5.673488,1
C9000,,11.170172,17.186073,2
C9002,,11.214722,3.004786,2
C9004,,1.6771066,-0.519562,1
C9006,,12.34206,16.722147,2
C9008,,5.1691613,4.2008214,1
C9011,,8.942848,3.0211847,2
C9013,,4.1391654,2.9679904,1
C9015,,1.6713831,-0.63452595,1
C902,,7.12785,9.884897,2
C9020,,16.149412,5.0313234,2
C9024,,16.621555,5.0823493,2
C9026,,4.6220756,-1.2219089,1
C9028,,5.937006,2.7894685,1
C903,,13.370238,0.6793811,1
C9030,,7.646659,3.1823819,1
C9032,,4.1645756,3.009431,1
C9034,,12.371339,16.243385,2
C9036,,11.093979,14.237283,2
C9038,,9.56163,3.8885548,2
C904,,10.987025,-3.6913402,1
C9040,,3.017436,2.8385777,0
C9042,,3.2482798,3.2428315,0
C9044,,8.696348,3.951611,2
C9046,,11.969749,15.044375,2
C9048,,6.499715,4.462587,1
C9051,,4.1097646,1.5128351,1
C9053,,7.4921603,2.7671692,1
C9055,,10.269009,4.4902563,2
C9057,,4.5730157,-1.1194705,1
C9059,,11.999334,17.041592,2
C9061,,11.396791,16.583961,2
C9064,,9.486417,2.7156055,2
C9066,,5.246183,3.9911244,0
C9067,,9.64035,3.967451,2
C9068,,6.2072444,0.07811398,1
C9070,,11.179541,16.431133,2
C9072,,16.043463,5.0424786,2
C9074,,16.297071,4.9725943,2
C9079,,11.730938,9.175656,2
C908,,11.653607,-6.3845925,1
C9080,,11.720442,3.0287278,2
C9082,,15.959988,5.1654863,2
C9084,,11.49376,16.400642,2
C9086,,11.102498,17.109251,2
C9087,,9.225486,2.7689848,2
C9089,,16.704918,1.5770384,2
C909,,1.0184935,6.164069,0
C9091,,17.12733,5.354246,2
C9093,,17.48823,5.117126,2
C9096,,8.850091,3.9985676,2
C9098,,4.0181875,2.6399624,1
C91,,13.156812,-4.760582,1
C9101,,5.026293,4.7144675,1
C9103,,11.808512,17.144867,2
C9105,,4.571962,-0.5582515,1
C9107,,1.808459,0.60487664,1
C9108,,10.930595,6.4788,2
C9114,,3.2746847,3.2540152,0
C9116,,11.554176,8.314021,2
C9117,,11.97273,17.032887,2
C9119,,8.650297,4.3424006,2
C912,,13.123463,-0.023959003,2
C9120,,11.182642,15.2624235,2
C9122,,7.3744564,1.9172457,1
C9125,,3.078305,2.9130447,0
C9127,,12.271145,15.886641,2
C9128,,14.613832,6.021629,2
C9132,,11.66205,16.399609,2
C9134,,6.636072,2.5153158,1
C9136,,2.8563323,3.5287383,0
C914,,1.0854734,6.2446623,0
C9140,,7.5694413,2.6716845,2
C9142,,4.026434,2.412873,1
C9144,,9.226149,2.6347313,2
C9146,,6.040219,1.3806483,1
C9148,,16.92251,5.4755383,2
C9150,,7.406109,4.322155,2
C9152,,17.178905,4.6192136,2
C9154,,7.927455,2.3605711,1
C9156,,4.787981,6.0623026,0
C9157,,11.273166,7.5320106,2
C9159,,16.328316,1.3965868,2
C916,,12.495176,-5.895174,1
C9161,,8.661652,4.2753067,2
C9163,,11.762883,9.326799,2
C9165,,6.583412,1.5970911,1
C9167,,5.501461,12.598852,0
C9168,,4.8526707,4.5992956,1
C9170,,5.3248887,4.083109,1
C9172,,12.481034,16.105995,2
C9176,,6.399559,-0.22539957,1
C9178,,11.713231,16.966217,2
C9180,,11.273717,7.5358725,2
C9182,,11.086469,17.421238,2
C9184,,11.54301,17.524042,2
C9188,,3.498536,3.0839324,0
C919,,12.483137,-7.1312118,1
C9190,,17.115612,4.41607,2
C9192,,11.136277,14.0878105,2
C9195,,7.7336435,4.3848977,2
C9197,,16.29001,5.1193614,2
C9199,,4.6857176,-1.1461136,1
C920,,7.3035154,9.702352,2
C9204,,12.569442,14.399983,2
C9206,,1.7076691,-0.36462253,1
C9211,,12.299272,15.317685,2
C9213,,7.4017053,4.1161327,2
C9215,,0.18992843,3.2235029,0
C9219,,7.9344525,9.6392355,2
C9220,,16.650785,4.775315,2
C9222,,17.41776,5.126761,2
C9224,,8.527932,3.3244615,2
C9226,,3.3440974,2.5897686,1
C9228,,7.0270343,4.2845244,1
C9230,,16.301394,4.970079,2
C9232,,9.44457,3.9674354,2
C9234,,11.127931,17.222778,2
C9238,,9.371589,2.9740782,2
C924,,11.072599,2.674294,2
C9242,,16.824982,5.2321134,2
C9248,,10.605132,4.9097166,2
C925,,11.046026,-5.018914,1
C9250,,16.89241,4.4269457,2
C9252,,4.789992,-0.29243892,1
C9253,,7.211698,2.1452873,1
C9256,,12.035192,14.311015,2
C9258,,3.5324414,2.4382417,1
C9262,,3.2479458,3.5342495,0
C9266,,7.863401,2.4481049,2
C9268,,5.1736317,0.4999483,1
C9270,,4.0905395,3.4153757,1
C9272,,2.845618,3.4475727,0
C9274,,9.662766,4.4762144,2
C9276,,11.3386135,17.59458,2
C9279,,5.3551216,2.3128397,1
C928,,11.472551,-5.7898703,1
C9281,,9.419105,9.035455,2
C9283,,14.733961,5.4612627,2
C9285,,4.998551,2.093569,1
C9287,,9.518851,3.6924999,2
C9289,,5.0527825,0.5652242,1
C9291,,9.424563,3.8553383,2
C9293,,9.177944,3.8300848,2
C9295,,1.6471692,-0.5618497,1
C9297,,0.16766307,3.2234678,0
C930,,10.757789,1.4854183,2
C9301,,7.882105,2.7508705,2
C9303,,11.2537155,17.351387,2
C9305,,11.68357,8.647075,2
C9307,,3.406364,2.913614,1
C9309,,17.18894,4.3958344,2
C9311,,17.042393,5.0991154,2
C9313,,7.6394114,2.1634967,1
C9315,,3.1752107,3.5059998,0
C9317,,9.36527,3.578887,2
C932,,15.247232,-4.3662896,1
C9322,,5.9611173,12.805031,0
C9323,,6.9075646,3.4370055,1
C9325,,7.182926,4.336413,2
C9327,,5.929209,12.839498,2
C9328,,17.41975,5.20275,2
C9330,,2.7798536,3.4082212,0
C9336,,6.579514,3.6242683,1
C9339,,1.7129943,0.5264274,1
C9341,,4.8969293,2.7548428,1
C9343,,3.547418,3.4739587,1
C9347,,8.730251,3.4556277,2
C9349,,11.243211,7.4495893,2
C935,,1.3088862,5.699403,0
C9351,,3.1134067,3.5635173,0
C9353,,5.339889,-1.2073997,1
C9355,,5.3588843,4.6984887,1
C9357,,11.225307,3.0164623,2
C9359,,5.5297427,-1.0780947,1
C936,,13.173523,-4.726105,1
C9363,,11.4671955,17.348343,2
C9364,,7.9389563,3.447469,1
C9366,,3.8878422,1.9463423,1
C9368,,16.858002,4.733057,2
C9370,,6.458926,3.5736225,1
C9372,,5.982352,12.789341,0
C9373,,8.412816,3.2315607,2
C9377,,5.618069,12.643809,0
C9378,,5.487042,2.4039137,1
C9382,,5.317443,4.197196,1
C9384,,8.062936,2.552895,1
C9386,,3.4498713,2.1931124,1
C9388,,9.213674,3.8035629,2
C9389,,7.5846887,3.21946,1
C9397,,17.12516,5.1856995,2
C940,,10.987108,-3.691387,1
C9402,,10.013451,4.2132044,2
C9404,,4.287251,0.8302613,1
C9407,,11.552649,2.9717188,2
C9409,,14.573802,5.372862,2
C9411,,6.103409,12.750889,2
C9412,,6.8316493,4.183907,2
C9414,,11.375409,16.67433,2
C9416,,7.625494,3.521827,2
C9418,,6.119641,2.7222853,1
C9423,,17.133083,5.2270126,2
C9426,,8.86298,9.924792,2
C9430,,3.4317894,2.9006195,1
C9434,,6.077945,1.3619238,1
C9436,,9.695501,2.7032137,2
C9438,,9.487406,4.01584,2
C9439,,7.920752,3.7154975,2
C9443,,9.602037,3.5799408,2
C9445,,3.8173077,3.3569984,1
C9448,,3.2515507,3.2853122,0
C945,,11.457764,0.73022336,1
C9451,,7.745749,2.4629312,2
C9453,,3.2179756,3.2281396,0
C9456,,1.7632277,0.13663405,1
C9458,,6.413333,-0.24629751,1
C946,,-0.71551377,7.8341923,0
C9460,,3.6339946,2.7469041,1
C9462,,2.5611105,3.4681985,0
C9464,,7.712959,3.7192097,2
C9467,,11.395989,15.410718,2
C9469,,3.8975906,2.6332364,1
C947,,-1.9529659,8.39648,0
C9471,,14.477169,-3.0516899,1
C9473,,9.640783,3.132675,2
C9475,,11.023248,17.347742,2
C9477,,8.548398,3.2934122,2
C9479,,7.9006104,3.4514775,2
C9481,,7.2126617,2.524342,1
C9485,,4.0758295,1.5595593,1
C9487,,5.03029,-1.3983421,1
C9489,,11.805948,9.029357,2
C9493,,15.701134,5.007407,2
C9495,,8.437946,2.7481368,2
C9498,,16.435102,5.1853623,2
C95,,12.925674,-5.713659,1
C9500,,9.963744,3.2350085,2
C9502,,17.345392,4.9445133,2
C9504,,7.2824407,2.291198,1
C9506,,7.167866,1.8935391,1
C9510,,12.189061,16.951262,2
C9512,,8.808658,2.8156645,2
C9516,,2.8250225,3.191876,0
C9518,,11.537876,8.336621,2
C952,,11.604519,-6.1307755,1
C9521,,5.7350335,12.841158,0
C9524,,1.6682296,-0.6432835,1
C9527,,9.407084,3.8819165,2
C9529,,17.058252,5.2683187,2
C953,,1.0326453,6.074984,0
C9531,,14.738311,5.1664925,2
C9533,,4.5455017,-1.2214699,1
C9535,,6.5897985,8.828456,1
C9537,,11.236958,17.621147,2
C9539,,-7.8810067,5.587817,0
C9540,,14.935912,5.3069735,2
C9542,,4.6091757,2.882998,1
C9544,,11.172445,14.048642,2
C9545,,16.913147,5.000592,2
C9547,,5.134648,2.1517613,1
C955,,-1.9472566,8.42456,0
C9550,,11.660932,16.90823,2
C9553,,1.7367432,0.5488203,1
C9555,,9.255061,3.7194412,2
C9558,,11.696006,17.02203,2
C9560,,16.704393,4.884,2
C9562,,2.1486933,0.83702177,1
C9564,,6.041857,4.1526093,0
C9566,,9.472912,4.4430027,2
C9568,,7.0933523,3.1828198,1
C9570,,11.951294,15.033635,2
C9572,,9.129694,2.684758,2
C9574,,14.946472,5.3703527,2
C9578,,6.49352,8.760054,1
C958,,13.686172,0.7379414,2
C9580,,7.503657,4.258499,2
C9582,,8.271224,4.508283,2
C9583,,11.422178,17.134933,2
C9585,,8.70469,4.4993553,2
C9587,,11.762611,9.347861,2
C9589,,7.019725,4.278535,1
C9591,,1.5175227,0.32001093,1
C9595,,11.782118,15.188177,2
C9597,,11.127039,17.126562,2
C9599,,9.170577,3.6085422,2
C96,,2.8012857,4.101431,0
C9605,,6.2191744,-0.17859787,1
C9607,,5.1815243,4.0949845,1
C9608,,4.7202435,4.6493416,1
C961,,11.551671,-4.516406,2
C9610,,10.519134,4.804305,2
C9611,,2.3854852,3.6080236,0
C9615,,16.557913,2.0350716,2
C9617,,6.4024186,3.5338383,1
C962,,13.09137,0.0065127155,2
C9621,,7.6660185,2.8419335,2
C9623,,11.25645,2.998546,2
C9625,,11.07271,15.555496,2
C9627,,8.209175,9.698212,2
C9629,,12.14511,17.02792,2
C9631,,11.6730175,16.659254,2
C9633,,10.944859,17.2544,2
C9635,,16.125002,5.012288,2
C9637,,4.8130026,-0.24244069,1
C9641,,7.2004676,2.8748717,2
C9643,,1.6990358,-0.51998866,1
C9647,,17.177948,4.402541,2
C9649,,8.3476305,2.8544884,2
C9651,,7.9281907,3.0442295,2
C9655,,11.207141,16.467617,2
C9657,,1.8055308,-0.43029967,1
C9659,,10.14549,3.2098267,2
C9661,,6.9082055,4.214601,1
C9663,,6.6981883,3.5241065,1
C9666,,11.758583,9.331554,2
C9668,,6.3685145,-0.12088297,1
C967,,12.276892,-6.895002,1
C9670,,5.022698,2.191239,1
C9671,,4.1003175,1.7040712,1
C9673,,10.905151,17.036852,2
C9676,,15.457423,5.15403,2
C9679,,11.693223,8.716335,2
C9681,,5.39269,1.864602,1
C9683,,11.60289,16.159328,2
C9685,,11.925524,17.13662,2
C9687,,17.082531,5.2414517,2
C9689,,4.5512886,-0.61107355,1
C9691,,5.678049,12.682327,0
C9692,,16.856874,4.5524316,2
C9696,,8.291453,9.827478,2
C9698,,6.2350674,1.3169099,1
C970,,10.823568,1.1369097,2
C9700,,11.093335,14.313384,2
C9702,,5.0317183,-1.432812,1
C9704,,7.3633633,3.6386003,2
C9707,,6.893091,4.3140993,1
C9709,,4.9511557,-0.14487445,1
C9713,,4.735231,3.8746536,1
C9714,,6.0659437,12.810723,2
C9715,,6.4758,8.746191,1
C9717,,3.5326176,3.436595,1
C9718,,7.0575376,2.383526,1
C972,,14.248301,-4.66178,1
C9720,,5.6172853,12.647873,0
C9721,,11.039155,6.7936306,2
C9723,,7.457371,2.2406545,1
C9725,,17.14969,5.0475945,2
C9727,,9.321803,9.117301,2
C9729,,10.669926,5.1045017,2
C9733,,11.145983,14.046769,2
C9735,,7.4608316,4.217681,2
C9737,,4.620739,-1.1668668,1
C9739,,7.622462,2.1502924,1
C9741,,3.4391756,2.8243377,1
C9743,,16.436117,4.8679457,2
C9745,,4.754369,4.3801837,1
C9747,,7.23595,1.947157,1
C9749,,5.463036,3.3025205,1
C9751,,1.9642446,-0.29417098,1
C9753,,2.7300932,3.3065345,0
C9755,,17.425903,4.7478104,2
C9756,,5.3256993,4.212387,1
C9758,,9.953528,3.1671298,2
C976,,-2.2334793,8.011808,0
C9762,,14.639356,6.013292,2
C9764,,5.309229,0.77789015,1
C9766,,9.15877,2.558991,2
C9768,,14.909002,5.2854834,2
C9772,,0.304653,3.154636,0
C9774,,3.978084,3.301005,1
C9776,,17.155064,5.122377,2
C9778,,6.393405,-0.1501448,1
C978,,12.160173,-5.2952123,1
C9780,,11.058846,14.125465,2
C9782,,11.626329,8.665327,2
C9784,,7.8176475,2.4568765,2
C979,,10.742093,1.3334384,2
C9790,,12.309368,16.895432,2
C9793,,14.787568,5.6389847,2
C9797,,14.951486,5.3778524,2
C9799,,1.1296407,-0.5660238,1
C980,,12.995372,0.109932266,2
C9801,,2.6699271,1.143625,1
C9803,,5.505181,12.606351,0
C9804,,11.283632,16.38723,2
C9806,,6.483432,8.7414465,1
C9810,,10.122994,4.275455,2
C9812,,10.950281,17.328869,2
C9814,,4.2712936,2.6165092,1
C9815,,7.668816,3.4883254,2
C9818,,12.015649,14.304931,2
C9820,,17.412157,5.098875,2
C9822,,6.017601,4.368712,1
C9825,,14.883275,5.4318886,2
C9827,,12.460366,16.31676,2
C9829,,12.377749,14.898269,2
C983,,10.093517,-0.14444548,1
C9833,,9.836271,3.9995556,2
C9835,,6.239617,8.621739,0
C9838,,2.9392958,3.773394,0
C984,,12.825322,-6.35319,1
C9840,,16.610544,5.115255,2
C9842,,3.4416394,2.2197073,1
C9845,,11.205417,15.616383,2
C9847,,11.149342,17.317205,2
C9849,,17.352968,4.9987507,2
C985,,12.299243,0.3729309,2
C9851,,11.091556,14.189866,2
C9853,,10.158127,4.5325265,2
C9855,,6.0713964,1.4418658,1
C9857,,17.174795,4.6490307,2
C9859,,5.501054,12.590637,0
C986,,1.0201463,6.1407676,1
C9860,,11.691213,9.2731085,2
C9862,,8.101005,2.6133382,2
C9864,,2.4756653,3.5353777,0
C9866,,7.6389427,2.9195604,1
C9868,,2.0403993,-0.20222396,1
C9870,,5.744331,12.825485,0
C9871,,4.4315796,0.9549693,1
C9873,,6.251909,4.4665484,1
C9875,,14.844578,5.4910593,2
C9877,,12.151978,15.896276,2
C9880,,11.836652,16.287413,2
C9881,,11.05261,17.25424,2
C9883,,0.6328187,4.9044466,0
C9884,,11.197096,2.9545457,2
C9886,,4.9015927,4.468369,1
C989,,11.056801,-5.07825,1
C9890,,11.410596,16.0004,2
C9893,,1.6503372,0.4772767,1
C9895,,11.339469,17.605518,2
C9897,,4.9254546,4.774994,1
C9898,,14.998309,5.3861856,2
C9900,,11.054602,14.160031,2
C9902,,16.481968,4.7835817,2
C9904,,14.1377535,4.6454573,2
C9906,,4.500426,-0.7658381,1
C9908,,17.368801,4.69372,2
C991,,10.304128,0.56692016,1
C9910,,11.374068,16.71658,2
C9912,,1.4933046,0.30108705,1
C9914,,17.158176,4.369678,2
C9916,,11.217519,15.201448,2
C9918,,7.7459364,2.2425072,1
C9919,,4.804753,-1.30102,1
C992,,7.170386,9.857503,2
C9921,,6.455399,8.73579,1
C9925,,16.815807,4.46064,2
C9927,,12.422122,14.713831,2
C9929,,1.9462124,-0.31386575,1
C993,,11.530461,-5.723039,1
C9931,,4.1001678,3.6575546,0
C9933,,11.634985,3.1929648,2
C9935,,14.535154,5.4263997,2
C9937,,16.509867,4.8182335,2
C9939,,5.2682376,4.2278924,1
C994,,12.816661,-6.462992,1
C9941,,17.37081,4.9619727,2
C9943,,12.086095,14.326966,2
C9945,,9.470643,3.8448198,2
C995,,11.192615,-6.607084,1
C9950,,9.425042,9.046767,2
C9953,,4.965296,2.0603971,1
C9954,,11.940843,15.420859,2
C9956,,10.561043,4.9857554,2
C9958,,4.9082217,-1.4349426,1
C996,,-1.9723108,8.537529,0
C9962,,5.4325204,4.3096724,1
C9964,,4.72375,4.643877,1
C9966,,7.366419,3.1876361,1
C997,,11.193997,-5.064694,1
C9970,,4.755113,2.0472846,1
C9972,,12.564958,14.398315,2
C9974,,11.825865,2.969926,2
C9976,,12.2202835,16.329527,2
C9978,,14.913836,5.3537374,2
C998,,10.138008,0.15807717,1
C9982,,4.722446,3.2125938,1
C9984,,11.177829,16.442013,2
C9986,,10.816447,16.778238,2
C9988,,10.725882,16.544209,2
C999,,10.356894,2.3079798,2
C9990,,4.3480864,0.8118345,1
C9992,,3.11915,3.358783,0
C9994,,8.98213,3.5903265,2
C9997,,4.712629,4.630363,1
C17693,1.0,-8.066135,5.424032,0
C18025,1.0,-8.054171,5.4339175,0
C19932,1.0,-8.062966,5.4295406,0
C22409,1.0,-8.045796,5.4426007,0
