host,dns_total_queries,dns_unique_dst,dns_suspicious,auth_failed,auth_total_events,brute_force_suspicious,time_shift_ratio,rare_process_suspicious
C1,6.0,4.0,0.0,0.0,140.0,0.0,0.0,0
C10,0.0,0.0,0.0,0.0,391.0,0.0,365.8656590746432,0
C100,0.0,0.0,0.0,0.0,117.0,0.0,6.573653854249989,0
C1000,0.0,0.0,0.0,0.0,104.0,0.0,22.458636803772155,0
C10001,1.0,1.0,0.0,0.0,0.0,0.0,10.760914410811266,0
C1001,0.0,0.0,0.0,0.0,138.0,0.0,31.901023028670064,0
C10012,8.0,8.0,0.0,0.0,0.0,0.0,24.646823559129373,0
C1002,0.0,0.0,0.0,0.0,89.0,0.0,0.33890455942407277,0
C10029,18.0,5.0,0.0,0.0,0.0,0.0,0.0,0
C1003,0.0,0.0,0.0,0.0,131.0,0.0,295.2084368290321,0
C10031,7.0,6.0,0.0,0.0,0.0,0.0,9.275628341683156,0
C1004,0.0,0.0,0.0,0.0,104.0,0.0,7.370563718267166,0
C10041,1.0,1.0,0.0,0.0,0.0,0.0,0.0,0
C10043,4.0,4.0,0.0,0.0,0.0,0.0,16.06533911505915,0
C1005,0.0,0.0,0.0,0.0,144.0,0.0,3.3906874921062604,0
C10051,29.0,6.0,0.0,0.0,0.0,0.0,0.0,0
C10056,4.0,3.0,0.0,0.0,0.0,0.0,1.752031322359281,0
C1006,194.0,17.0,0.0,0.0,141.0,0.0,0.0,0
C1007,0.0,0.0,0.0,0.0,137.0,0.0,0.0,0
C10077,5.0,5.0,0.0,0.0,0.0,0.0,8.956679156317097,0
C1008,0.0,0.0,0.0,0.0,223.0,0.0,70.5000631499179,0
C10083,1.0,1.0,0.0,0.0,0.0,0.0,1.9524270618448196,0
C1009,6.0,2.0,0.0,0.0,149.0,0.0,0.0,0
C10099,14.0,8.0,0.0,0.0,0.0,0.0,14.446133120026944,0
C101,0.0,0.0,0.0,0.0,15912.0,0.0,0.0,0
C1010,3.0,1.0,0.0,0.0,55.0,0.0,3.4730349850545195,0
C1011,0.0,0.0,0.0,0.0,118.0,0.0,29.46196269944849,0
C10112,11.0,4.0,0.0,0.0,0.0,0.0,0.5699911590114933,0
C10116,127.0,13.0,0.0,0.0,0.0,0.0,298.92464109796657,0
C1012,0.0,0.0,0.0,0.0,166.0,0.0,0.5956721256262367,0
C10121,8.0,5.0,0.0,0.0,0.0,0.0,1.3327158674693722,0
C10125,27.0,17.0,0.0,0.0,0.0,0.0,10.616890498042352,0
C10127,5.0,4.0,0.0,0.0,0.0,0.0,11.783437881530753,0
C1013,0.0,0.0,0.0,0.0,120.0,0.0,0.0,0
C10131,8.0,6.0,0.0,0.0,0.0,0.0,12.247000378899507,0
C10134,2.0,2.0,0.0,0.0,0.0,0.0,0.28337473161284893,0
C1014,0.0,0.0,0.0,0.0,147.0,0.0,4.543341893655538,0
C10140,6.0,4.0,0.0,0.0,0.0,0.0,0.0,0
C10148,8.0,6.0,0.0,0.0,0.0,0.0,60.433587336336466,0
C1015,10.0,10.0,0.0,0.0,1214.0,0.0,7320.055908727319,0
C10152,86.0,19.0,0.0,0.0,0.0,0.0,0.141413716162169,0
C1016,3.0,1.0,0.0,0.0,129.0,0.0,0.0,0
C10165,17.0,9.0,0.0,0.0,0.0,0.0,0.0,0
C1017,0.0,0.0,0.0,0.0,88.0,0.0,3.338525659916642,0
C1018,19.0,11.0,0.0,0.0,162.0,0.0,0.0,0
C10187,2.0,2.0,0.0,0.0,0.0,0.0,0.872773965393845,0
C10189,24.0,2.0,0.0,0.0,0.0,0.0,1.564476066181114,0
C1019,2.0,2.0,0.0,0.0,155.0,0.0,2.7789331873868566,0
C10191,17.0,8.0,0.0,0.0,0.0,0.0,0.0,0
C102,0.0,0.0,0.0,0.0,132.0,0.0,0.0,0
C1020,0.0,0.0,0.0,0.0,151.0,0.0,0.3660169241779986,0
C1021,0.0,0.0,0.0,0.0,115.0,0.0,6.669220730013051,0
C10219,7.0,4.0,0.0,0.0,0.0,0.0,1.7032374857912684,0
C1022,5.0,4.0,0.0,0.0,54.0,0.0,0.0,0
C1023,0.0,0.0,0.0,0.0,77.0,0.0,0.9005599292720919,0
C10239,16.0,11.0,0.0,0.0,0.0,0.0,5.125878836357512,0
C1024,0.0,0.0,0.0,0.0,107.0,0.0,37.77223929608891,0
C1025,1.0,1.0,0.0,0.0,813.0,0.0,2.3650065254915167,0
C1026,0.0,0.0,0.0,0.0,87.0,0.0,0.9715404369974319,0
C10260,5.0,5.0,0.0,0.0,0.0,0.0,16.009977687029007,0
C10267,3.0,3.0,0.0,0.0,0.0,0.0,0.42954574159053593,0
C1027,0.0,0.0,0.0,0.0,118.0,0.0,215.537490001263,0
C10279,34.0,8.0,0.0,0.0,0.0,0.0,1.468656590746432,0
C1028,0.0,0.0,0.0,0.0,494.0,0.0,0.0,0
C10281,10.0,6.0,0.0,0.0,0.0,0.0,1.3920346903549026,0
C1029,0.0,0.0,0.0,0.0,102.0,0.0,0.0,0
C10299,14.0,9.0,0.0,0.0,0.0,0.0,1.5171136277522839,0
C1030,0.0,0.0,0.0,0.0,157.0,0.0,101.27263924556898,0
C1031,0.0,0.0,0.0,0.0,185.0,0.0,0.0,0
C10313,1.0,1.0,0.0,0.0,0.0,0.0,10.758262114259251,0
C1032,0.0,0.0,0.0,0.0,101.0,0.0,0.3660169241779986,0
C10328,5.0,5.0,0.0,0.0,0.0,0.0,94.59916642108365,0
C1033,0.0,0.0,0.0,0.0,205.0,0.0,0.0,0
C10330,7.0,4.0,0.0,0.0,0.0,0.0,0.0,0
C10331,27.0,13.0,0.0,0.0,0.0,0.0,2.9495642655664547,0
C10336,49.0,11.0,0.0,0.0,0.0,0.0,0.0,0
C1034,0.0,0.0,0.0,0.0,4.0,0.0,0.0,0
C10340,2.0,1.0,0.0,0.0,0.0,0.0,0.0,0
C10345,7.0,5.0,0.0,0.0,0.0,0.0,0.8673430724540058,0
C1035,18.0,9.0,0.0,0.0,197.0,0.0,0.0,0
C10355,18.0,9.0,0.0,0.0,0.0,0.0,0.1979960426051446,0
C1036,0.0,0.0,0.0,0.0,160.0,0.0,0.0,0
C10364,6.0,3.0,0.0,0.0,0.0,0.0,1.6034606155012,0
C1037,0.0,0.0,0.0,0.0,88.0,0.0,0.3660169241779986,0
C10378,46.0,15.0,0.0,0.0,0.0,0.0,2073.142171515177,0
C1038,0.0,0.0,0.0,0.0,108.0,0.0,0.0,0
C1039,0.0,0.0,0.0,0.0,183.0,0.0,40.877026059866125,0
C10397,18.0,8.0,0.0,0.0,0.0,0.0,10.904475224182208,0
C10399,1.0,1.0,0.0,0.0,0.0,0.0,0.0,0
C1040,0.0,0.0,0.0,0.0,133.0,0.0,0.3660169241779986,0
C10401,1.0,1.0,0.0,0.0,0.0,0.0,0.0,0
C10407,31.0,18.0,0.0,0.0,0.0,0.0,4.68037721550962,0
C1041,0.0,0.0,0.0,0.0,105.0,0.0,4.243085083989391,0
C10417,16.0,7.0,0.0,0.0,0.0,0.0,1.0569612259504062,0
C1042,0.0,0.0,0.0,0.0,469.0,0.0,0.0,0
C1043,0.0,0.0,0.0,0.0,145.0,0.0,0.0,0
C10430,1075.0,19.0,0.0,0.0,0.0,0.0,99.2888056245527,0
C10438,148.0,15.0,0.0,0.0,0.0,0.0,0.0,0
C1044,0.0,0.0,0.0,0.0,154.0,0.0,0.0,0
C10442,8.0,6.0,0.0,0.0,0.0,0.0,0.0,0
C1045,1.0,1.0,0.0,8.0,142.0,0.0,0.3176019871174168,0
C1046,1.0,1.0,0.0,0.0,70.0,0.0,11.587967835641814,0
C1047,0.0,0.0,0.0,0.0,149.0,0.0,0.0,0
C1048,0.0,0.0,0.0,0.0,182.0,0.0,5.127983833621016,0
C1049,0.0,0.0,0.0,0.0,77.0,0.0,0.0,0
C10490,13.0,8.0,0.0,0.0,0.0,0.0,0.29789921273102343,0
C10495,7.0,3.0,0.0,0.0,0.0,0.0,0.28459563002568095,0
C10497,11.0,5.0,0.0,0.0,0.0,0.0,2.3093082978992125,0
C105,0.0,0.0,0.0,39.0,13260.0,0.0,0.0,0
C1050,0.0,0.0,0.0,0.0,279.0,0.0,0.5683071612006905,0
C1051,2.0,2.0,0.0,0.0,124.0,0.0,1.0734644044962742,0
C10514,19.0,5.0,0.0,0.0,0.0,0.0,16.018818675535723,0
C1052,0.0,0.0,0.0,0.0,70.0,0.0,4.880436155432998,0
C10529,1483.0,27.0,1.0,0.0,0.0,0.0,0.5960510251336674,0
C1053,5.0,4.0,0.0,0.0,158.0,0.0,0.0,0
C10533,1.0,1.0,0.0,0.0,0.0,0.0,0.0,0
C10537,2.0,2.0,0.0,0.0,0.0,0.0,0.0,0
C1054,0.0,0.0,0.0,0.0,78.0,0.0,4.902075527301815,0
C10541,3.0,3.0,0.0,0.0,0.0,0.0,0.0,0
C10545,112.0,13.0,0.0,0.0,0.0,0.0,0.0,0
C1055,0.0,0.0,0.0,0.0,69.0,0.0,0.0,0
C10551,1.0,1.0,0.0,0.0,0.0,0.0,0.0,0
C10554,9.0,6.0,0.0,0.0,0.0,0.0,11.271207847429798,0
C10557,5.0,3.0,0.0,0.0,0.0,0.0,23.551846082600093,0
C1056,0.0,0.0,0.0,0.0,1147.0,0.0,2.2808908348419146,0
C10563,18.0,13.0,0.0,0.0,0.0,0.0,20.832526417715655,0
C10570,4.0,3.0,0.0,0.0,0.0,0.0,1.3256851766092703,0
C10576,4.0,4.0,0.0,0.0,0.0,0.0,0.6163010988085715,0
C1058,0.0,0.0,0.0,0.0,135.0,0.0,1047.201532438008,0
C10585,17.0,9.0,0.0,0.0,0.0,0.0,0.39990738012040583,0
C1059,4.0,3.0,0.0,0.0,128.0,0.0,0.700037889950743,0
C106,1.0,1.0,0.0,0.0,98.0,0.0,258.54624678987915,0
C1060,0.0,0.0,0.0,0.0,92.0,0.0,3.2499473750684125,0
C1061,0.0,0.0,0.0,0.0,92.0,0.0,0.0,0
C10611,73.0,6.0,0.0,0.0,0.0,0.0,0.0,0
C10616,11.0,7.0,0.0,0.0,0.0,0.0,51.81097124573738,0
C1062,0.0,0.0,0.0,0.0,160.0,0.0,1.0440786426977644,0
C10624,90.0,15.0,0.0,0.0,0.0,0.0,0.31410769166000085,0
C1063,0.0,0.0,0.0,0.0,103.0,0.0,0.0,0
C10636,114.0,18.0,0.0,0.0,0.0,0.0,0.1279417336757462,0
C1064,0.0,0.0,0.0,0.0,94.0,0.0,0.15539089799183262,0
C1065,1.0,1.0,0.0,245.0,49847.0,0.0,15075.59920852103,0
C1066,3.0,3.0,0.0,0.0,108.0,0.0,0.0,0
C10660,18.0,11.0,0.0,0.0,0.0,0.0,2.0214709720877364,0
C10664,9.0,8.0,0.0,0.0,0.0,0.0,0.6286784827179724,0
C10668,19.0,11.0,0.0,0.0,0.0,0.0,0.0,0
C1067,11.0,8.0,0.0,0.0,132.0,0.0,0.0,0
C10675,95.0,13.0,0.0,0.0,0.0,0.0,0.5524775817791436,0
C10677,13.0,8.0,0.0,0.0,0.0,0.0,0.48629646781459185,0
C1068,0.0,0.0,0.0,0.0,117.0,0.0,0.0,0
C10682,15.0,6.0,0.0,0.0,0.0,0.0,39.99570580558245,0
C1069,0.0,0.0,0.0,0.0,90.0,0.0,4.710562876268261,0
C10694,282.0,23.0,1.0,0.0,0.0,0.0,104.85488148865406,0
C10695,1.0,1.0,0.0,0.0,0.0,0.0,0.0,0
C107,0.0,0.0,0.0,0.0,66.0,0.0,0.0,0
C1070,0.0,0.0,0.0,0.0,94.0,0.0,0.0,0
C10704,47.0,11.0,0.0,0.0,0.0,0.0,1.6143645013261483,0
C1071,0.0,0.0,0.0,0.0,90.0,0.0,0.0,0
C10713,1096.0,28.0,1.0,0.0,0.0,0.0,0.30488780364585527,0
C10719,1.0,1.0,0.0,0.0,0.0,0.0,0.15640129667831432,0
C1072,1.0,1.0,0.0,0.0,84.0,0.0,3.4736664842335707,0
C1073,0.0,0.0,0.0,0.0,173.0,0.0,0.0,0
C10730,5.0,3.0,0.0,0.0,0.0,0.0,61.46107860059782,0
C10736,1.0,1.0,0.0,0.0,0.0,0.0,6.257525365217025,0
C10738,6.0,4.0,0.0,0.0,0.0,0.0,0.0,0
C1074,20.0,11.0,0.0,0.0,111.0,0.0,7.95284806129752,0
C1075,0.0,0.0,0.0,0.0,89.0,0.0,0.0,0
C10755,3.0,3.0,0.0,0.0,0.0,0.0,0.5867890371742517,0
C1076,0.0,0.0,0.0,0.0,72.0,0.0,0.0,0
C1077,0.0,0.0,0.0,0.0,104.0,0.0,0.0,0
C10772,3.0,3.0,0.0,0.0,0.0,0.0,0.35481833873615964,0
C10774,10.0,4.0,0.0,0.0,0.0,0.0,0.9512482633772577,0
C1078,3.0,2.0,0.0,0.0,74.0,0.0,5.568896560434472,0
C10788,26.0,11.0,0.0,0.0,0.0,0.0,0.0,0
C1079,0.0,0.0,0.0,0.0,84.0,0.0,0.0,0
C10799,73.0,19.0,0.0,0.0,0.0,0.0,93.6854713088873,0
C108,3.0,3.0,0.0,0.0,82.0,0.0,0.0,0
C1080,0.0,0.0,0.0,0.0,75.0,0.0,16.823980128825834,0
C10801,3.0,2.0,0.0,0.0,0.0,0.0,74.69060750221024,0
C10803,8.0,4.0,0.0,0.0,0.0,0.0,1.1747147728707952,0
C10807,11.0,5.0,0.0,0.0,0.0,0.0,0.0,0
C10809,22.0,11.0,0.0,0.0,0.0,0.0,0.0,0
C1081,0.0,0.0,0.0,0.0,120.0,0.0,5.366395823685429,0
C10811,2.0,2.0,0.0,0.0,0.0,0.0,2.352671241527386,0
C1082,20.0,13.0,0.0,0.0,138.0,0.0,2.3238327790173874,0
C10825,1.0,1.0,0.0,0.0,0.0,0.0,0.0,0
C10829,8.0,8.0,0.0,0.0,0.0,0.0,4.5752115522249825,0
C1083,0.0,0.0,0.0,0.0,161.0,0.0,4.227760703911085,0
C1084,0.0,0.0,0.0,0.0,136.0,0.0,0.27588094135477625,0
C1085,0.0,0.0,0.0,30.0,9276.0,0.0,0.0,0
C1086,0.0,0.0,0.0,0.0,177.0,0.0,0.2979834126215636,0
C10860,6.0,5.0,0.0,0.0,0.0,0.0,0.0,0
C1087,1.0,1.0,0.0,0.0,90.0,0.0,6.82814802340757,0
C10870,8.0,4.0,0.0,0.0,0.0,0.0,14.180735065044415,0
C1088,3.0,1.0,0.0,0.0,88.0,0.0,0.0,0
C10886,16.0,5.0,0.0,0.0,0.0,0.0,12.04702563886667,0
C1089,27.0,19.0,0.0,1.0,441.0,0.0,8.719824864227677,0
C109,0.0,0.0,0.0,0.0,94.0,0.0,9.008167389382393,0
C1090,21.0,7.0,0.0,0.0,131.0,0.0,0.3458089504483644,0
C10904,47.0,13.0,0.0,0.0,0.0,0.0,10.417294657516946,0
C1091,0.0,0.0,0.0,0.0,79.0,0.0,0.0,0
C10916,17.0,14.0,0.0,0.0,0.0,0.0,10.620511093335578,0
C10919,2.0,2.0,0.0,0.0,0.0,0.0,12.19429124742138,0
C1092,0.0,0.0,0.0,0.0,136.0,0.0,2.018355576137751,0
C10925,571.0,21.0,1.0,0.0,0.0,0.0,34.058561023870666,0
C1093,0.0,0.0,0.0,0.0,82.0,0.0,16.68172441375826,0
C10931,30.0,12.0,0.0,0.0,0.0,0.0,11.34938744579632,0
C1095,0.0,0.0,0.0,0.0,21.0,0.0,26.01822927630194,0
C10951,769.0,25.0,1.0,0.0,0.0,0.0,1.2028796362564729,0
C10952,120.0,18.0,0.0,0.0,0.0,0.0,11.327621774091694,0
C10957,14.0,8.0,0.0,0.0,0.0,0.0,8.194333347366648,0
C1096,5.0,5.0,0.0,0.0,93.0,0.0,0.0,0
C10962,2.0,2.0,0.0,0.0,0.0,0.0,0.0,0
C10966,4.0,3.0,0.0,0.0,0.0,0.0,13.165284385130299,0
C1097,0.0,0.0,0.0,0.0,66.0,0.0,8.330189870753168,0
C10970,8.0,5.0,0.0,0.0,0.0,0.0,16.819896434134634,0
C1098,2.0,2.0,0.0,0.0,127.0,0.0,69.2350439944428,0
C10984,1.0,1.0,0.0,0.0,0.0,0.0,38.854502589146634,0
C1099,0.0,0.0,0.0,0.0,144.0,0.0,5.179303666905233,0
C10992,20.0,10.0,0.0,0.0,0.0,0.0,127.25272597145624,0
C10999,8.0,7.0,0.0,0.0,0.0,0.0,0.0,0
C11,0.0,0.0,0.0,0.0,102.0,0.0,0.0,0
C110,0.0,0.0,0.0,0.0,65.0,0.0,0.7346440449627415,0
C1100,3.0,3.0,0.0,0.0,123.0,0.0,4.888603544815392,0
C11003,13.0,2.0,0.0,0.0,0.0,0.0,4.512482633772576,0
C11004,1392.0,19.0,0.0,0.0,0.0,0.0,0.0,0
C1101,0.0,0.0,0.0,0.0,107.0,0.0,0.3660169241779986,0
C11011,8.0,8.0,0.0,0.0,0.0,0.0,0.13669852229192103,0
C11015,6.0,5.0,0.0,0.0,0.0,0.0,77.33751526123017,0
C11017,24.0,8.0,0.0,0.0,0.0,0.0,11.722729760451312,0
C1102,321.0,13.0,0.0,0.0,207.0,0.0,0.0,0
C11027,5.0,5.0,0.0,0.0,0.0,0.0,16.26038816149539,0
C1103,0.0,0.0,0.0,0.0,129.0,0.0,0.33890455942407277,0
C11033,11.0,6.0,0.0,0.0,0.0,0.0,9.342272555045678,0
C11037,15.0,13.0,0.0,0.0,0.0,0.0,0.7558624173788574,0
C11039,3.0,3.0,0.0,0.0,0.0,0.0,9.440996926703995,0
C1104,0.0,0.0,0.0,0.0,96.0,0.0,0.2924262198459142,0
C11044,4.0,2.0,0.0,0.0,0.0,0.0,0.0,0
C11049,5.0,4.0,0.0,0.0,0.0,0.0,21.949480065675914,0
C1105,22.0,11.0,0.0,0.0,166.0,0.0,0.7049214836020713,0
C11051,13.0,7.0,0.0,0.0,0.0,0.0,11.38534079905696,0
C11055,22.0,8.0,0.0,0.0,0.0,0.0,0.0,0
C11059,1.0,1.0,0.0,0.0,0.0,0.0,19.50338904559424,0
C1106,34.0,7.0,0.0,0.0,67.0,0.0,0.0,0
C11061,10.0,9.0,0.0,0.0,0.0,0.0,2.0794846966698946,0
C11069,8.0,7.0,0.0,0.0,0.0,0.0,122.42630404580474,0
C1107,20.0,8.0,0.0,0.0,121.0,0.0,811.7357386435398,0
C11077,25.0,12.0,0.0,0.0,0.0,0.0,11.662821538332,0
C1108,1071.0,21.0,1.0,0.0,96.0,0.0,28.051867132572728,0
C11082,6.0,3.0,0.0,0.0,0.0,0.0,1.5419104955163558,0
C1109,0.0,0.0,0.0,0.0,167.0,0.0,0.0,0
C11092,19.0,8.0,0.0,0.0,0.0,0.0,0.0,0
C11094,2.0,2.0,0.0,0.0,0.0,0.0,0.0,0
C111,0.0,0.0,0.0,0.0,86.0,0.0,0.0,0
C1110,0.0,0.0,0.0,0.0,113.0,0.0,0.5646023660169242,0
C11103,14.0,7.0,0.0,0.0,0.0,0.0,4.833663116237949,0
C1111,8.0,7.0,0.0,0.0,122.0,0.0,0.33890455942407277,0
C11114,970.0,25.0,1.0,0.0,0.0,0.0,77.24165368585021,0
C11118,17.0,9.0,0.0,0.0,0.0,0.0,0.1370353218540816,0
C1112,0.0,0.0,0.0,0.0,60.0,0.0,6.684587210036627,0
C11120,7.0,6.0,0.0,0.0,0.0,0.0,25.962825748326527,0
C11124,35.0,4.0,0.0,0.0,0.0,0.0,0.0,0
C11129,13.0,10.0,0.0,0.0,0.0,0.0,175.8058771523597,0
C1113,0.0,0.0,0.0,0.0,78.0,0.0,0.0,0
C11132,36.0,18.0,0.0,0.0,0.0,0.0,76.49109586157537,0
C11138,8.0,7.0,0.0,0.0,0.0,0.0,61.11526965014946,0
C11139,5.0,4.0,0.0,0.0,0.0,0.0,17.576727150254705,0
C11142,1557.0,30.0,1.0,0.0,0.0,0.0,16.12512103734265,0
C11147,5.0,5.0,0.0,0.0,0.0,0.0,1.4455016208478928,0
C1115,0.0,0.0,0.0,96.0,16150.0,0.0,0.0,0
C11157,5.0,5.0,0.0,0.0,0.0,0.0,3.251673472824485,0
C1116,0.0,0.0,0.0,0.0,133.0,0.0,1.0719488064665517,0
C11161,1165.0,24.0,1.0,0.0,0.0,0.0,84.7814170841578,0
C11163,16.0,6.0,0.0,0.0,0.0,0.0,11.02972256136067,0
C11167,6.0,5.0,0.0,0.0,0.0,0.0,3.0275754641518966,0
C1117,0.0,0.0,0.0,0.0,168.0,0.0,0.0,0
C11176,9.0,5.0,0.0,0.0,0.0,0.0,13.144655411947964,0
C1118,0.0,0.0,0.0,0.0,60.0,0.0,0.0,0
C1119,0.0,0.0,0.0,0.0,122.0,0.0,34.803014356081334,0
C112,0.0,0.0,0.0,0.0,118.0,0.0,0.0,0
C1120,0.0,0.0,0.0,0.0,59.0,0.0,4.529659411442765,0
C1121,0.0,0.0,0.0,0.0,11.0,0.0,0.0,0
C11217,1.0,1.0,0.0,0.0,0.0,0.0,0.4700879888856144,0
C1122,30.0,9.0,0.0,0.0,253.0,0.0,4.481833873615964,0
C1123,0.0,0.0,0.0,0.0,82.0,0.0,0.0,0
C11238,20.0,11.0,0.0,0.0,0.0,0.0,60.267292552519685,0
C1124,0.0,0.0,0.0,0.0,81.0,0.0,0.0,0
C1125,0.0,0.0,0.0,0.0,150.0,0.0,0.0,0
C11255,45.0,6.0,0.0,0.0,0.0,0.0,0.9469119690144403,0
C1126,0.0,0.0,0.0,0.0,141.0,0.0,0.0,0
C1127,0.0,0.0,0.0,0.0,166.0,0.0,0.0,0
C11270,6.0,5.0,0.0,0.0,0.0,0.0,2.109123058140024,0
C11272,18.0,8.0,0.0,0.0,0.0,0.0,10.797204563634068,0
C1128,0.0,0.0,0.0,0.0,74.0,0.0,0.0,0
C11281,21.0,6.0,0.0,0.0,0.0,0.0,0.14444491222161412,0
C11288,12.0,5.0,0.0,0.0,0.0,0.0,13.67982991622111,0
C1129,0.0,0.0,0.0,0.0,126.0,0.0,0.0,0
C11290,1.0,1.0,0.0,0.0,0.0,0.0,0.29962531048709634,0
C11298,1.0,1.0,0.0,0.0,0.0,0.0,0.4774133793626068,0
C113,0.0,0.0,0.0,0.0,114.0,0.0,8.524018018776575,0
C1130,17.0,11.0,0.0,0.0,174.0,0.0,43.08697848692797,0
C11303,2.0,2.0,0.0,0.0,0.0,0.0,20.62072159306193,0
C1131,0.0,0.0,0.0,0.0,53.0,0.0,3.9963373047615036,0
C11315,805.0,18.0,0.0,0.0,0.0,0.0,72.98219172315076,0
C11317,6.0,6.0,0.0,0.0,0.0,0.0,2.2719235464993894,0
C1132,0.0,0.0,0.0,0.0,96.0,0.0,0.14617100997768703,0
C11327,4.0,3.0,0.0,0.0,0.0,0.0,0.7750178924767398,0
C1133,0.0,0.0,0.0,0.0,68.0,0.0,7.657474845282701,0
C11332,7.0,6.0,0.0,0.0,0.0,0.0,0.3846671999326401,0
C11334,20.0,13.0,0.0,0.0,0.0,0.0,1.7003325895676336,0
C11336,259.0,19.0,0.0,0.0,0.0,0.0,29.46200479939376,0
C11338,6.0,3.0,0.0,0.0,0.0,0.0,20.021681471814087,0
C1134,37.0,11.0,0.0,0.0,190.0,0.0,0.7169199680040416,0
C11346,1071.0,20.0,0.0,0.0,0.0,0.0,94.66252683871511,0
C11348,23.0,13.0,0.0,0.0,0.0,0.0,0.31393929187892056,0
C1135,0.0,0.0,0.0,0.0,121.0,0.0,30.035827053424832,0
C1136,0.0,0.0,0.0,0.0,186.0,0.0,0.5521407822169832,0
C11366,1.0,1.0,0.0,0.0,0.0,0.0,53.55087778385888,0
C1137,39.0,9.0,0.0,0.0,168.0,0.0,0.33890455942407277,0
C11370,27.0,8.0,0.0,0.0,0.0,0.0,3077.9054856228686,0
C1138,0.0,0.0,0.0,0.0,93.0,0.0,0.0,0
C11388,28.0,12.0,0.0,0.0,0.0,0.0,16.091230581400243,0
C1139,0.0,0.0,0.0,1.0,450.0,0.0,21.158548393887088,0
C11394,44.0,12.0,0.0,0.0,0.0,0.0,0.4007072790805372,0
C114,46.0,15.0,0.0,0.0,113.0,0.0,0.0,0
C1140,0.0,0.0,0.0,0.0,84.0,0.0,0.0,0
C11400,9.0,5.0,0.0,0.0,0.0,0.0,54.512145834210415,0
C11402,3.0,3.0,0.0,0.0,0.0,0.0,42.40845366901023,0
C1141,12.0,9.0,0.0,0.0,60.0,0.0,0.0,0
C11410,9.0,7.0,0.0,0.0,0.0,0.0,0.5955458257904265,0
C1142,2070.0,21.0,1.0,0.0,102.0,0.0,36.80516145329011,0
C11427,2.0,2.0,0.0,0.0,0.0,0.0,0.36151223003410093,0
C1143,0.0,0.0,0.0,0.0,145.0,0.0,0.0,0
C1144,35.0,6.0,0.0,0.0,126.0,0.0,0.0,0
C11445,7.0,3.0,0.0,0.0,0.0,0.0,0.0,0
C1145,7.0,4.0,0.0,0.0,194.0,0.0,0.3660169241779986,0
C11455,3102.0,16.0,0.0,0.0,0.0,0.0,34.848734896644636,0
C11459,9.0,8.0,0.0,0.0,0.0,0.0,16.00530459310403,0
C1146,0.0,0.0,0.0,0.0,177.0,0.0,66.65065465414895,0
C11467,1.0,1.0,0.0,0.0,0.0,0.0,38.71822506630741,0
C1147,1.0,1.0,0.0,0.0,112.0,0.0,0.0,0
C11475,31.0,16.0,0.0,0.0,0.0,0.0,11.909064118216646,0
C11479,4.0,3.0,0.0,0.0,0.0,0.0,0.0,0
C1148,13.0,6.0,0.0,0.0,123.0,0.0,39.46326779775186,0
C11486,4.0,4.0,0.0,0.0,0.0,0.0,0.0,0
C11488,226.0,22.0,1.0,0.0,0.0,0.0,27.896644634361977,0
C1149,1.0,1.0,0.0,18.0,298.0,0.0,16.854965688544606,0
C11491,1.0,1.0,0.0,0.0,0.0,0.0,0.0,0
C115,0.0,0.0,0.0,0.0,65.0,0.0,0.0,0
C1150,0.0,0.0,0.0,0.0,145.0,0.0,4.469330189870753,0
C1151,3.0,3.0,0.0,0.0,138.0,0.0,4.133246326779775,0
C1152,51.0,24.0,0.0,0.0,976.0,0.0,0.0,0
C11525,4.0,3.0,0.0,0.0,0.0,0.0,91.01608217909316,0
C11529,6.0,3.0,0.0,0.0,0.0,0.0,0.0,0
C1153,7.0,7.0,0.0,0.0,64.0,0.0,0.0,0
C11535,60.0,18.0,0.0,0.0,0.0,0.0,12.2007325390477,0
C1154,0.0,0.0,0.0,0.0,97.0,0.0,3.6126805035153455,0
C11547,4.0,4.0,0.0,0.0,0.0,0.0,20.417420957352757,0
C1155,0.0,0.0,0.0,0.0,102.0,0.0,0.0,0
C11551,1.0,1.0,0.0,0.0,0.0,0.0,11.114974950532565,0
C11553,72.0,9.0,0.0,0.0,0.0,0.0,1.2899002231297099,0
C11557,848.0,24.0,1.0,0.0,0.0,0.0,59.866964172946574,0
C1156,0.0,0.0,0.0,0.0,114.0,0.0,111.49791605270913,0
C11564,750.0,20.0,0.0,0.0,0.0,0.0,62.17079947796068,0
C1157,0.0,0.0,0.0,0.0,69.0,0.0,0.0,0
C11571,47.0,18.0,0.0,0.0,0.0,0.0,11.550877783858882,0
C1158,0.0,0.0,0.0,0.0,69.0,0.0,0.0,0
C11589,10.0,8.0,0.0,0.0,0.0,0.0,0.0,0
C1159,12.0,3.0,0.0,0.0,145.0,0.0,0.0,0
C11593,3.0,2.0,0.0,0.0,0.0,0.0,0.0,0
C11594,7.0,6.0,0.0,0.0,0.0,0.0,0.0,0
C11596,25.0,14.0,0.0,0.0,0.0,0.0,74.01999747400329,0
C116,0.0,0.0,0.0,0.0,77.0,0.0,0.0,0
C1160,3.0,3.0,0.0,0.0,152.0,0.0,0.0,0
C11600,13.0,9.0,0.0,0.0,0.0,0.0,0.140234917694607,0
C11605,7.0,6.0,0.0,0.0,0.0,0.0,0.0,0
C1161,0.0,0.0,0.0,0.0,114.0,0.0,6.7678609017808276,0
C1162,0.0,0.0,0.0,0.0,147.0,0.0,0.0,0
C11622,56.0,17.0,0.0,0.0,0.0,0.0,0.8197280343535553,0
C1163,40.0,13.0,0.0,0.0,118.0,0.0,0.0,0
C1164,28.0,16.0,0.0,2.0,162.0,0.0,0.0,0
C11641,5.0,5.0,0.0,0.0,0.0,0.0,15.375868311371196,0
C11643,154.0,21.0,1.0,0.0,0.0,0.0,0.17412537363701427,0
C11646,7.0,4.0,0.0,0.0,0.0,0.0,0.9161790089672883,0
C11648,12.0,7.0,0.0,0.0,0.0,0.0,53.46895129036332,0
C1165,14.0,8.0,0.0,0.0,72.0,0.0,0.0,0
C11650,21.0,11.0,0.0,0.0,0.0,0.0,0.5180398265482254,0
C11654,1.0,1.0,0.0,0.0,0.0,0.0,176.910832315918,0
C11658,717.0,20.0,0.0,0.0,0.0,0.0,59.796025765166505,0
C1166,0.0,0.0,0.0,0.0,98.0,0.0,3.1949648465456995,0
C11663,3.0,2.0,0.0,0.0,0.0,0.0,9.653306950700964,0
C1167,21.0,17.0,0.0,0.0,211.0,0.0,13.312213194122847,0
C1168,36.0,11.0,0.0,0.0,89.0,0.0,0.0,0
C11686,23.0,12.0,0.0,0.0,0.0,0.0,12.796404664673936,0
C11688,9.0,4.0,0.0,0.0,0.0,0.0,87.28598492821959,0
C1169,58.0,22.0,0.0,0.0,87.0,0.0,4.51492443059824,0
C11697,2.0,2.0,0.0,0.0,0.0,0.0,1.2275081042394644,0
C117,0.0,0.0,0.0,0.0,166.0,0.0,52.18852355491938,0
C1170,0.0,0.0,0.0,0.0,164.0,0.0,0.0,0
C1171,0.0,0.0,0.0,0.0,179.0,0.0,5.2658611543805,0
C11714,3.0,2.0,0.0,0.0,0.0,0.0,28.83366311623795,0
C1172,0.0,0.0,0.0,0.0,52.0,0.0,0.0,0
C1173,4.0,4.0,0.0,0.0,117.0,0.0,69.56893866037974,0
C11731,5.0,2.0,0.0,0.0,0.0,0.0,0.0,0
C11738,44.0,17.0,0.0,0.0,0.0,0.0,14.49707405380373,0
C1174,0.0,0.0,0.0,0.0,74.0,0.0,0.0,0
C11741,16.0,8.0,0.0,0.0,0.0,0.0,1.9558792573569654,0
C11743,77.0,10.0,0.0,0.0,0.0,0.0,36.30278280638235,0
C11748,8.0,7.0,0.0,0.0,0.0,0.0,0.3027407064370816,0
C1175,0.0,0.0,0.0,0.0,86.0,0.0,1121.3194543847094,0
C11751,7.0,5.0,0.0,0.0,0.0,0.0,0.1847345598450722,0
C11757,20.0,8.0,0.0,0.0,0.0,0.0,2.6640845366901025,0
C1176,37.0,9.0,0.0,0.0,85.0,0.0,0.0,0
C11768,2535.0,20.0,0.0,0.0,0.0,0.0,34.069212310024,0
C1177,0.0,0.0,0.0,0.0,81.0,0.0,0.3176019871174168,0
C11774,13.0,11.0,0.0,0.0,0.0,0.0,2.6003031196059445,0
C11777,9.0,5.0,0.0,0.0,0.0,0.0,10.30850839893908,0
C1178,0.0,0.0,0.0,0.0,131.0,0.0,0.7049214836020713,0
C11787,4.0,4.0,0.0,0.0,0.0,0.0,14.622279291036921,0
C1179,7.0,4.0,0.0,0.0,85.0,0.0,3.4563634067275713,0
C118,8.0,8.0,0.0,0.0,167.0,0.0,0.0,0
C1180,0.0,0.0,0.0,0.0,109.0,0.0,0.0,0
C11803,16.0,11.0,0.0,0.0,0.0,0.0,51.918410306066605,0
C11806,5.0,3.0,0.0,0.0,0.0,0.0,0.0,0
C1181,0.0,0.0,0.0,0.0,100.0,0.0,0.0,0
C1182,0.0,0.0,0.0,0.0,137.0,0.0,0.0,0
C11821,18.0,11.0,0.0,0.0,0.0,0.0,0.3289268723950659,0
C11827,1533.0,22.0,1.0,0.0,0.0,0.0,263.50911463815095,0
C1183,10.0,6.0,0.0,0.0,770.0,0.0,0.0,0
C1184,0.0,0.0,0.0,0.0,186.0,0.0,4.44958531553909,0
C1185,0.0,0.0,0.0,0.0,173.0,0.0,4.75148402307077,0
C11851,3.0,2.0,0.0,0.0,0.0,0.0,0.13400412579463647,0
C1186,0.0,0.0,0.0,0.0,140.0,0.0,90.81345514250832,0
C1187,0.0,0.0,0.0,0.0,126.0,0.0,1.0072411905864522,0
C11875,3.0,2.0,0.0,0.0,0.0,0.0,0.0,0
C11877,59.0,13.0,0.0,0.0,0.0,0.0,0.33178966867343074,0
C1188,0.0,0.0,0.0,0.0,139.0,0.0,0.0,0
C11885,1251.0,25.0,1.0,0.0,0.0,0.0,3.9100324169578577,0
C1189,0.0,0.0,0.0,0.0,173.0,0.0,0.0,0
C119,0.0,0.0,0.0,0.0,185.0,0.0,0.0,0
C1190,0.0,0.0,0.0,0.0,61.0,0.0,0.0,0
C11900,13.0,9.0,0.0,0.0,0.0,0.0,0.13838252010272387,0
C11908,4.0,3.0,0.0,0.0,0.0,0.0,45.11173325474677,0
C1191,4465.0,35.0,1.0,0.0,126.0,0.0,0.0,0
C11917,97.0,25.0,0.0,0.0,0.0,0.0,28.515850629394183,0
C1192,25.0,9.0,0.0,0.0,69.0,0.0,37.280385635498675,0
C11929,23.0,11.0,0.0,0.0,0.0,0.0,0.9376078811097546,0
C1193,0.0,0.0,0.0,0.0,214.0,0.0,14.137624721087862,0
C11936,12.0,7.0,0.0,0.0,0.0,0.0,0.45619500694649096,0
C1194,3.0,3.0,0.0,0.0,135.0,0.0,0.3660169241779986,0
C1195,0.0,0.0,0.0,0.0,83.0,0.0,0.0,0
C1196,0.0,0.0,0.0,0.0,145.0,0.0,0.0,0
C11961,11.0,7.0,0.0,0.0,0.0,0.0,0.0,0
C11964,9.0,5.0,0.0,0.0,0.0,0.0,0.0,0
C11966,2.0,1.0,0.0,0.0,0.0,0.0,0.0,0
C1197,0.0,0.0,0.0,0.0,154.0,0.0,1207.0492990359112,0
C1198,0.0,0.0,0.0,0.0,94.0,0.0,0.5984507220140614,0
C11985,4.0,2.0,0.0,0.0,0.0,0.0,0.0,0
C1199,0.0,0.0,0.0,0.0,98.0,0.0,3.7493790258072663,0
C11992,37.0,14.0,0.0,0.0,0.0,0.0,0.4646149960005052,0
C11996,1072.0,18.0,0.0,0.0,0.0,0.0,57.037468951290364,0
C11998,15.0,4.0,0.0,0.0,0.0,0.0,0.0,0
C12,0.0,0.0,0.0,0.0,88.0,0.0,38.29558371574117,0
C120,3.0,2.0,0.0,0.0,101.0,0.0,0.0,0
C1200,2.0,1.0,0.0,0.0,84.0,0.0,0.0,0
C12002,18.0,12.0,0.0,0.0,0.0,0.0,0.47501368248221276,0
C12004,5.0,4.0,0.0,0.0,0.0,0.0,0.7740495937355282,0
C1201,0.0,0.0,0.0,0.0,82.0,0.0,0.0,0
C12010,4.0,2.0,0.0,0.0,0.0,0.0,2.9789079274196943,0
C12016,574.0,10.0,0.0,0.0,0.0,0.0,0.0,0
C12019,18.0,9.0,0.0,0.0,0.0,0.0,0.0,0
C1202,0.0,0.0,0.0,0.0,76.0,0.0,9.809413547762388,0
C12024,28.0,12.0,0.0,0.0,0.0,0.0,0.7954784658779943,0
C1203,43.0,13.0,0.0,0.0,107.0,0.0,0.0,0
C12030,9.0,6.0,0.0,0.0,0.0,0.0,0.0,0
C12032,1.0,1.0,0.0,0.0,0.0,0.0,12.807476950279964,0
C12038,442.0,22.0,1.0,0.0,0.0,0.0,47.933439986528015,0
C1204,29.0,9.0,0.0,0.0,82.0,0.0,0.0,0
C12042,7.0,5.0,0.0,0.0,0.0,0.0,9.238748789626573,0
C1205,988.0,21.0,1.0,0.0,117.0,0.0,41.37717340967457,0
C1206,0.0,0.0,0.0,0.0,212.0,0.0,0.0,0
C1207,0.0,0.0,0.0,0.0,77.0,0.0,560.8739527638614,0
C12078,5.0,5.0,0.0,0.0,0.0,0.0,451.41232686397507,0
C1208,0.0,0.0,0.0,0.0,208.0,0.0,0.0,0
C12087,5.0,4.0,0.0,0.0,0.0,0.0,0.2979834126215636,0
C1209,0.0,0.0,0.0,0.0,184.0,0.0,11.92851429293142,0
C12093,12.0,8.0,0.0,0.0,0.0,0.0,11.81715993769208,0
C121,0.0,0.0,0.0,0.0,89.0,0.0,0.0,0
C1210,0.0,0.0,0.0,0.0,84.0,0.0,9.279459436702732,0
C12104,23.0,7.0,0.0,0.0,0.0,0.0,0.1419610154506799,0
C12106,5.0,2.0,0.0,0.0,0.0,0.0,6.361512230034101,0
C1211,0.0,0.0,0.0,0.0,54.0,0.0,5.819433334736665,0
C12111,8.0,3.0,0.0,0.0,0.0,0.0,0.3592388329895171,0
C12113,9.0,3.0,0.0,0.0,0.0,0.0,11.77531259209363,0
C12115,6.0,5.0,0.0,0.0,0.0,0.0,0.0,0
C1212,1.0,1.0,0.0,0.0,69.0,0.0,0.0,0
C12122,35.0,20.0,0.0,0.0,0.0,0.0,0.676335620763693,0
C12129,23.0,17.0,0.0,0.0,0.0,0.0,40.55803477455479,0
C1213,19.0,6.0,0.0,0.0,84.0,0.0,0.0,0
C12135,37.0,17.0,0.0,0.0,0.0,0.0,0.3026986064918116,0
C12139,23.0,11.0,0.0,0.0,0.0,0.0,0.0,0
C1214,0.0,0.0,0.0,0.0,108.0,0.0,45.927335494463854,0
C12141,7.0,4.0,0.0,0.0,0.0,0.0,35.88628804782554,0
C12145,3.0,2.0,0.0,0.0,0.0,0.0,0.0,0
C12147,758.0,16.0,0.0,0.0,0.0,0.0,11.376752410221867,0
C12149,29.0,14.0,0.0,0.0,0.0,0.0,0.0,0
C1215,0.0,0.0,0.0,0.0,107.0,0.0,0.0,0
C12152,1.0,1.0,0.0,0.0,0.0,0.0,9.335410263966656,0
C12154,14.0,10.0,0.0,0.0,0.0,0.0,7.5502462846798295,0
C12159,59.0,6.0,0.0,0.0,0.0,0.0,4.939333978865827,0
C1216,0.0,0.0,0.0,0.0,101.0,0.0,10.795562665768534,0
C12162,76.0,16.0,0.0,0.0,0.0,0.0,185.20414263461458,0
C12168,9.0,6.0,0.0,0.0,0.0,0.0,0.0,0
C1217,0.0,0.0,0.0,0.0,200.0,0.0,4.581316044289142,0
C12172,1857.0,21.0,1.0,0.0,0.0,0.0,12.198080242495685,0
C12177,927.0,11.0,0.0,0.0,0.0,0.0,0.0,0
C12178,23.0,7.0,0.0,0.0,0.0,0.0,0.3240432787437376,0
C1218,0.0,0.0,0.0,0.0,106.0,0.0,5.2883846250999875,0
C12181,6.0,5.0,0.0,0.0,0.0,0.0,1.2120574243253484,0
C12183,5.0,3.0,0.0,0.0,0.0,0.0,2.478044878541658,0
C1219,0.0,0.0,0.0,0.0,77.0,0.0,4.463604597314023,0
C12192,33.0,9.0,0.0,0.0,0.0,0.0,5.510882835852313,0
C12194,4.0,3.0,0.0,0.0,0.0,0.0,0.0,0
C12195,22.0,12.0,0.0,0.0,0.0,0.0,0.0,0
C122,1290.0,21.0,1.0,0.0,77.0,0.0,28.771186797457162,0
C1220,3.0,2.0,0.0,0.0,82.0,0.0,18.175472571885656,0
C12205,3.0,1.0,0.0,0.0,0.0,0.0,0.0,0
C1221,0.0,0.0,0.0,0.0,130.0,0.0,20.625941986275418,0
C1222,0.0,0.0,0.0,0.0,163.0,0.0,3.81055024628468,0
C12222,6.0,5.0,0.0,0.0,0.0,0.0,0.2880057255925567,0
C12228,39.0,16.0,0.0,0.0,0.0,0.0,47.287584726139855,0
C1223,0.0,0.0,0.0,0.0,130.0,0.0,0.0,0
C1224,0.0,0.0,0.0,0.0,103.0,0.0,4.714688670904728,0
C12246,23.0,4.0,0.0,0.0,0.0,0.0,0.0,0
C1225,3.0,2.0,0.0,0.0,100.0,0.0,4.554835178714268,0
C12253,4.0,3.0,0.0,0.0,0.0,0.0,4.318528185913358,0
C12254,1.0,1.0,0.0,0.0,0.0,0.0,0.0,0
C12255,10.0,5.0,0.0,0.0,0.0,0.0,0.0,0
C12257,1079.0,24.0,1.0,0.0,0.0,0.0,41.2654401549278,0
C1226,0.0,0.0,0.0,0.0,78.0,0.0,14.382267503052246,0
C12265,2.0,2.0,0.0,0.0,0.0,0.0,0.0,0
C12267,7.0,4.0,0.0,0.0,0.0,0.0,30.867595672125628,0
C1227,0.0,0.0,0.0,0.0,77.0,0.0,0.0,0
C12277,8.0,4.0,0.0,0.0,0.0,0.0,0.0,0
C1228,5.0,4.0,0.0,0.0,115.0,0.0,0.3660169241779986,0
C12289,31.0,15.0,0.0,0.0,0.0,0.0,0.0,0
C1229,0.0,0.0,0.0,0.0,82.0,0.0,4.605186713257273,0
C12290,6.0,3.0,0.0,0.0,0.0,0.0,0.1313097292973519,0
C1230,0.0,0.0,0.0,0.0,143.0,0.0,41.43190333852566,0
C12300,1.0,1.0,0.0,0.0,0.0,0.0,0.0,0
C1231,0.0,0.0,0.0,0.0,124.0,0.0,5.973561234370395,0
C12313,1.0,1.0,0.0,0.0,0.0,0.0,0.0,0
C12315,14.0,2.0,0.0,0.0,0.0,0.0,0.0,0
C12316,23.0,8.0,0.0,0.0,0.0,0.0,16.66084284090431,0
C12318,1446.0,23.0,1.0,0.0,0.0,0.0,24.129541531596008,0
C1232,0.0,0.0,0.0,0.0,77.0,0.0,0.0,0
C12323,30.0,2.0,0.0,0.0,0.0,0.0,8.25415736959542,0
C1233,0.0,0.0,0.0,0.0,159.0,0.0,7.759062013219383,0
C12330,1.0,1.0,0.0,0.0,0.0,0.0,0.0,0
C1234,1.0,1.0,0.0,0.0,95.0,0.0,0.0,0
C12347,1366.0,23.0,1.0,0.0,0.0,0.0,22.037384751399824,0
C1235,0.0,0.0,0.0,0.0,174.0,0.0,0.0,0
C12352,20.0,9.0,0.0,0.0,0.0,0.0,0.7459268302951206,0
C1236,0.0,0.0,0.0,0.0,108.0,0.0,4.469035490253862,0
C12360,1087.0,18.0,0.0,0.0,0.0,0.0,5.476066181113964,0
C12362,9.0,6.0,0.0,0.0,0.0,0.0,0.7838588809834547,0
C12365,21.0,9.0,0.0,0.0,0.0,0.0,2.1669262829958322,0
C1237,34.0,8.0,0.0,0.0,103.0,0.0,0.0,0
C12375,87.0,1.0,0.0,0.0,0.0,0.0,8.05245653180651,0
C1238,0.0,0.0,0.0,0.0,132.0,0.0,0.0,0
C12384,19.0,6.0,0.0,0.0,0.0,0.0,0.0,0
C1239,0.0,0.0,0.0,0.0,78.0,0.0,0.0,0
C12393,1929.0,22.0,1.0,0.0,0.0,0.0,25.01077758598914,0
C124,0.0,0.0,0.0,0.0,131.0,0.0,0.0,0
C1240,0.0,0.0,0.0,0.0,80.0,0.0,32.13013093082979,0
C12402,5.0,3.0,0.0,0.0,0.0,0.0,4.11834294615417,0
C12406,1896.0,25.0,1.0,0.0,0.0,0.0,33.9760872310866,0
C1241,0.0,0.0,0.0,0.0,60.0,0.0,3.4446175219972215,0
C12414,582.0,16.0,0.0,0.0,0.0,0.0,31.237612091104282,0
C12416,5.0,4.0,0.0,0.0,0.0,0.0,0.746726729255252,0
C1242,0.0,0.0,0.0,0.0,86.0,0.0,0.0,0
C12423,1002.0,29.0,1.0,0.0,0.0,0.0,0.0,0
C12427,868.0,22.0,1.0,0.0,0.0,0.0,12.743653433250536,0
C1243,1762.0,21.0,1.0,0.0,112.0,0.0,41.98080242495685,0
C1244,0.0,0.0,0.0,0.0,71.0,0.0,0.0,0
C12445,14.0,14.0,0.0,0.0,0.0,0.0,0.13417252557571674,0
C1245,0.0,0.0,0.0,0.0,175.0,0.0,0.0,0
C12453,6.0,5.0,0.0,0.0,0.0,0.0,0.800025259967162,0
C1246,7.0,5.0,0.0,0.0,111.0,0.0,2998.9082642192566,0
C12467,1.0,1.0,0.0,0.0,0.0,0.0,0.13956131857028586,0
C1247,0.0,0.0,0.0,0.0,236.0,0.0,0.0,0
C1248,0.0,0.0,0.0,0.0,142.0,0.0,1.244390182292763,0
C12486,10.0,4.0,0.0,0.0,0.0,0.0,0.0,0
C12488,26.0,9.0,0.0,0.0,0.0,0.0,12.067696711994275,0
C1249,0.0,0.0,0.0,0.0,78.0,0.0,0.0,0
C12498,17.0,4.0,0.0,0.0,0.0,0.0,48.69561739569738,0
C125,0.0,0.0,0.0,0.0,54.0,0.0,0.0,0
C1250,0.0,0.0,0.0,0.0,142.0,0.0,0.37873110764956003,0
C12505,17.0,7.0,0.0,0.0,0.0,0.0,0.0,0
C12508,28.0,18.0,0.0,0.0,0.0,0.0,0.0,0
C1251,0.0,0.0,0.0,0.0,88.0,0.0,4.981897023533869,0
C12510,14.0,7.0,0.0,0.0,0.0,0.0,0.5231760198711741,0
C12512,18.0,9.0,0.0,0.0,0.0,0.0,0.0,0
C1252,0.0,0.0,0.0,0.0,120.0,0.0,0.0,0
C12523,20.0,11.0,0.0,0.0,0.0,0.0,0.3303582705342483,0
C1253,0.0,0.0,0.0,0.0,126.0,0.0,0.0,0
C1254,0.0,0.0,0.0,0.0,188.0,0.0,0.0,0
C12541,447.0,18.0,0.0,0.0,0.0,0.0,0.0,0
C12543,2.0,2.0,0.0,0.0,0.0,0.0,0.44238622489790763,0
C12547,891.0,21.0,1.0,0.0,0.0,0.0,46.37439481328674,0
C1255,7.0,4.0,0.0,0.0,166.0,0.0,12.141287416326358,0
C12557,3.0,2.0,0.0,0.0,0.0,0.0,0.0,0
C1256,6.0,5.0,0.0,0.0,206.0,0.0,0.0,0
C12562,8.0,6.0,0.0,0.0,0.0,0.0,0.30610870205868734,0
C12566,16.0,10.0,0.0,0.0,0.0,0.0,5.246284679829916,0
C1257,0.0,0.0,0.0,0.0,94.0,0.0,0.0,0
C1258,2.0,2.0,0.0,0.0,48.0,0.0,0.0,0
C12580,13.0,11.0,0.0,0.0,0.0,0.0,0.0,0
C12585,6.0,6.0,0.0,0.0,0.0,0.0,0.0,0
C1259,0.0,0.0,0.0,0.0,102.0,0.0,5.753883719951164,0
C12594,4.0,4.0,0.0,0.0,0.0,0.0,0.0,0
C12596,5.0,3.0,0.0,0.0,0.0,0.0,0.0,0
C126,0.0,0.0,0.0,0.0,214.0,0.0,15.860312381593904,0
C1260,0.0,0.0,0.0,0.0,91.0,0.0,16.85845998400202,0
C12602,15.0,6.0,0.0,0.0,0.0,0.0,0.0,0
C1261,9.0,6.0,0.0,0.0,171.0,0.0,9.789963373047614,0
C12611,6.0,4.0,0.0,0.0,0.0,0.0,0.0,0
C12613,61.0,16.0,0.0,0.0,0.0,0.0,1.2712920473203384,0
C1262,0.0,0.0,0.0,0.0,98.0,0.0,124.97196143645013,0
C12622,4.0,3.0,0.0,0.0,0.0,0.0,0.16216898918031405,0
C12628,2.0,2.0,0.0,0.0,0.0,0.0,14.040331747568729,0
C1263,0.0,0.0,0.0,0.0,76.0,0.0,0.0,0
C12630,683.0,23.0,1.0,0.0,0.0,0.0,0.5416999957900055,0
C12632,1.0,1.0,0.0,0.0,0.0,0.0,0.46730939249778974,0
C12634,1.0,1.0,0.0,0.0,0.0,0.0,0.0,0
C1264,0.0,0.0,0.0,0.0,168.0,0.0,0.33890455942407277,0
C12640,8.0,5.0,0.0,0.0,0.0,0.0,0.15968509240937986,0
C1265,153.0,15.0,0.0,0.0,80.0,0.0,0.0,0
C12651,214.0,25.0,1.0,0.0,0.0,0.0,0.17833536816402137,0
C12652,8.0,6.0,0.0,0.0,0.0,0.0,0.0,0
C12654,814.0,22.0,1.0,0.0,0.0,0.0,0.3927082894792237,0
C12657,32.0,13.0,0.0,0.0,0.0,0.0,0.0,0
C12659,7.0,3.0,0.0,0.0,0.0,0.0,0.0,0
C1266,0.0,0.0,0.0,0.0,111.0,0.0,0.0,0
C1267,1.0,1.0,0.0,0.0,80.0,0.0,0.0,0
C1268,0.0,0.0,0.0,0.0,266.0,0.0,326.7072369805919,0
C12682,1296.0,25.0,1.0,0.0,0.0,0.0,0.0,0
C12686,2.0,2.0,0.0,0.0,0.0,0.0,0.0,0
C12689,89.0,14.0,0.0,0.0,0.0,0.0,0.0,0
C1269,0.0,0.0,0.0,0.0,85.0,0.0,0.19719614364501326,0
C12691,318.0,17.0,0.0,0.0,0.0,0.0,0.0,0
C12699,8.0,7.0,0.0,0.0,0.0,0.0,0.0,0
C127,0.0,0.0,0.0,0.0,56.0,0.0,0.5784111480655075,0
C1270,4.0,4.0,0.0,0.0,94.0,0.0,0.0,0
C12704,31.0,6.0,0.0,0.0,0.0,0.0,0.0,0
C12705,3.0,3.0,0.0,0.0,0.0,0.0,0.0,0
C12707,1182.0,20.0,0.0,0.0,0.0,0.0,0.0,0
C1271,0.0,0.0,0.0,0.0,67.0,0.0,0.0,0
C12716,680.0,14.0,0.0,0.0,0.0,0.0,0.0,0
C1272,0.0,0.0,0.0,0.0,72.0,0.0,0.0,0
C12724,7.0,5.0,0.0,0.0,0.0,0.0,0.0,0
C1273,0.0,0.0,0.0,0.0,105.0,0.0,5.506167641982065,0
C12735,17.0,11.0,0.0,0.0,0.0,0.0,0.0,0
C12737,14.0,8.0,0.0,0.0,0.0,0.0,0.0,0
C1274,0.0,0.0,0.0,0.0,75.0,0.0,0.0,0
C12741,3.0,2.0,0.0,0.0,0.0,0.0,0.0,0
C12744,33.0,12.0,0.0,0.0,0.0,0.0,0.0,0
C12745,805.0,17.0,0.0,0.0,0.0,0.0,0.0,0
C1275,0.0,0.0,0.0,0.0,84.0,0.0,0.0,0
C12753,5.0,3.0,0.0,0.0,0.0,0.0,0.0,0
C12755,2.0,2.0,0.0,0.0,0.0,0.0,0.0,0
C1276,0.0,0.0,0.0,0.0,216.0,0.0,45.8582073843304,0
C12766,1695.0,34.0,1.0,0.0,0.0,0.0,0.0,0
C1277,0.0,0.0,0.0,0.0,78.0,0.0,53.433629436281734,0
C12777,2.0,2.0,0.0,0.0,0.0,0.0,0.0,0
C1278,0.0,0.0,0.0,0.0,95.0,0.0,0.0,0
C1279,0.0,0.0,0.0,0.0,124.0,0.0,26.84646149960005,0
C128,0.0,0.0,0.0,0.0,88.0,0.0,4.625352587041637,0
C1280,0.0,0.0,0.0,0.0,136.0,0.0,0.0,0
C12800,3.0,2.0,0.0,0.0,0.0,0.0,0.0,0
C12802,26.0,11.0,0.0,0.0,0.0,0.0,0.0,0
C12808,4.0,2.0,0.0,0.0,0.0,0.0,0.0,0
C1281,0.0,0.0,0.0,0.0,79.0,0.0,0.0,0
C12810,83.0,14.0,0.0,0.0,0.0,0.0,0.0,0
C12816,1.0,1.0,0.0,0.0,0.0,0.0,0.0,0
C12818,5.0,4.0,0.0,0.0,0.0,0.0,0.0,0
C1282,0.0,0.0,0.0,0.0,94.0,0.0,0.0,0
C12820,9.0,7.0,0.0,0.0,0.0,0.0,0.0,0
C12826,9.0,7.0,0.0,0.0,0.0,0.0,0.0,0
C12828,15.0,8.0,0.0,0.0,0.0,0.0,4.926577695448996,0
C1283,0.0,0.0,0.0,0.0,195.0,0.0,4.712288974024334,0
C1284,0.0,0.0,0.0,0.0,144.0,0.0,0.33890455942407277,0
C12841,94.0,15.0,0.0,0.0,0.0,0.0,0.0,0
C12845,1102.0,18.0,0.0,0.0,0.0,0.0,0.0,0
C12849,2.0,2.0,0.0,0.0,0.0,0.0,9.360249231675999,0
C1285,0.0,0.0,0.0,0.0,193.0,0.0,0.0,0
C12852,21.0,17.0,0.0,0.0,0.0,0.0,0.0,0
C12856,4.0,4.0,0.0,0.0,0.0,0.0,0.0,0
C12859,6.0,4.0,0.0,0.0,0.0,0.0,0.0,0
C1286,13.0,5.0,0.0,0.0,121.0,0.0,4.270660548141287,0
C12860,1.0,1.0,0.0,0.0,0.0,0.0,0.0,0
C12862,15.0,10.0,0.0,0.0,0.0,0.0,0.0,0
C1287,35.0,13.0,0.0,0.0,76.0,0.0,0.0,0
C1288,0.0,0.0,0.0,0.0,65.0,0.0,0.0,0
C12882,7.0,5.0,0.0,0.0,0.0,0.0,0.0,0
C1289,0.0,0.0,0.0,0.0,127.0,0.0,43.73346524649518,0
C129,48.0,12.0,0.0,0.0,198.0,0.0,0.0,0
C1290,127.0,10.0,0.0,0.0,678.0,0.0,0.33890455942407277,0
C1291,0.0,0.0,0.0,0.0,170.0,0.0,0.33890455942407277,0
C1292,0.0,0.0,0.0,0.0,72.0,0.0,3.457373805414053,0
C1293,1.0,1.0,0.0,0.0,74.0,0.0,0.0,0
C12939,7.0,6.0,0.0,0.0,0.0,0.0,0.0,0
C1294,0.0,0.0,0.0,1.0,255.0,0.0,7.984128320633183,0
C12943,840.0,23.0,1.0,0.0,0.0,0.0,0.0,0
C12945,16.0,10.0,0.0,0.0,0.0,0.0,0.0,0
C1295,1468.0,21.0,1.0,0.0,154.0,0.0,15626.344124952637,0
C12951,10.0,9.0,0.0,0.0,0.0,0.0,0.0,0
C12958,7.0,4.0,0.0,0.0,0.0,0.0,0.0,0
C1296,0.0,0.0,0.0,0.0,182.0,0.0,4.526165115985349,0
C12962,6.0,3.0,0.0,0.0,0.0,0.0,0.0,0
C1297,0.0,0.0,0.0,0.0,67.0,0.0,0.0,0
C12970,2.0,2.0,0.0,0.0,0.0,0.0,0.0,0
C12973,3.0,2.0,0.0,0.0,0.0,0.0,0.0,0
C12975,12.0,5.0,0.0,0.0,0.0,0.0,0.0,0
C12979,6.0,5.0,0.0,0.0,0.0,0.0,0.0,0
C1298,0.0,0.0,0.0,0.0,95.0,0.0,0.0,0
C12981,6.0,5.0,0.0,0.0,0.0,0.0,0.0,0
C12989,12.0,7.0,0.0,0.0,0.0,0.0,0.0,0
C1299,111.0,14.0,0.0,0.0,194.0,0.0,0.0,0
C12996,1.0,1.0,0.0,0.0,0.0,0.0,0.0,0
C13,0.0,0.0,0.0,0.0,86.0,0.0,0.0,0
C130,0.0,0.0,0.0,0.0,79.0,0.0,0.0,0
C1300,1288.0,21.0,1.0,0.0,146.0,0.0,72.32349597945523,0
C1301,0.0,0.0,0.0,0.0,121.0,0.0,0.0,0
C13014,2.0,2.0,0.0,0.0,0.0,0.0,0.0,0
C13016,10.0,8.0,0.0,0.0,0.0,0.0,0.0,0
C13018,732.0,25.0,1.0,0.0,0.0,0.0,0.0,0
C1302,0.0,0.0,0.0,0.0,66.0,0.0,0.0,0
C13020,2.0,2.0,0.0,0.0,0.0,0.0,0.0,0
C13023,735.0,11.0,0.0,0.0,0.0,0.0,6.602281817033638,0
C13024,5.0,4.0,0.0,0.0,0.0,0.0,0.0,0
C13026,562.0,17.0,0.0,0.0,0.0,0.0,0.0,0
C1303,0.0,0.0,0.0,0.0,201.0,0.0,0.06744411232265399,0
C1304,0.0,0.0,0.0,0.0,85.0,0.0,0.7380962404748874,0
C13041,13.0,8.0,0.0,0.0,0.0,0.0,0.0,0
C13046,18.0,9.0,0.0,0.0,0.0,0.0,0.0,0
C1305,0.0,0.0,0.0,0.0,78.0,0.0,6.556940175977771,0
C13053,64.0,3.0,0.0,0.0,0.0,0.0,0.0,0
C13054,18.0,5.0,0.0,0.0,0.0,0.0,0.0,0
C1306,23.0,10.0,0.0,0.0,115.0,0.0,0.0,0
C1307,0.0,0.0,0.0,0.0,156.0,0.0,0.3660169241779986,0
C13070,7.0,5.0,0.0,0.0,0.0,0.0,0.0,0
C1308,40.0,8.0,0.0,0.0,73.0,0.0,10.382856902286028,0
C1309,20.0,7.0,0.0,0.0,78.0,0.0,0.0,0
C13099,15.0,7.0,0.0,0.0,0.0,0.0,0.0,0
C131,12.0,7.0,0.0,0.0,71.0,0.0,0.0,0
C1310,13.0,6.0,0.0,0.0,102.0,0.0,5.151644002862796,0
C13101,24.0,12.0,0.0,0.0,0.0,0.0,0.0,0
C13109,9.0,5.0,0.0,0.0,0.0,0.0,0.0,0
C1311,0.0,0.0,0.0,0.0,78.0,0.0,7.01145118511346,0
C13111,1.0,1.0,0.0,0.0,0.0,0.0,0.0,0
C1312,3.0,2.0,0.0,0.0,142.0,0.0,0.0,0
C13124,787.0,24.0,1.0,0.0,0.0,0.0,0.0,0
C1313,90.0,14.0,0.0,0.0,122.0,0.0,1.8220435313434094,0
C13130,9.0,6.0,0.0,0.0,0.0,0.0,0.0,0
C13138,44.0,18.0,0.0,0.0,0.0,0.0,0.0,0
C1314,8.0,7.0,0.0,0.0,87.0,0.0,0.0,0
C1315,1.0,1.0,0.0,0.0,88.0,0.0,0.3660169241779986,0
C13154,7.0,5.0,0.0,0.0,0.0,0.0,0.0,0
C13156,30.0,15.0,0.0,0.0,0.0,0.0,0.0,0
C1316,0.0,0.0,0.0,0.0,138.0,0.0,0.0,0
C1317,73.0,14.0,0.0,0.0,107.0,0.0,0.0,0
C13171,6.0,4.0,0.0,0.0,0.0,0.0,0.0,0
C13175,38.0,17.0,0.0,0.0,0.0,0.0,0.0,0
C13177,13.0,3.0,0.0,0.0,0.0,0.0,0.0,0
C1318,0.0,0.0,0.0,0.0,180.0,0.0,0.0,0
C13181,16.0,7.0,0.0,0.0,0.0,0.0,0.0,0
C13183,556.0,19.0,0.0,0.0,0.0,0.0,0.0,0
C1319,6.0,6.0,0.0,0.0,407.0,0.0,706.2159727192354,0
C13190,212.0,7.0,0.0,0.0,0.0,0.0,0.0,0
C132,0.0,0.0,0.0,0.0,167.0,0.0,4.079274196943544,0
C1320,39.0,9.0,0.0,0.0,162.0,0.0,0.0,0
C13204,6.0,4.0,0.0,0.0,0.0,0.0,0.0,0
C13209,14.0,8.0,0.0,0.0,0.0,0.0,0.0,0
C1321,0.0,0.0,0.0,0.0,76.0,0.0,5.171009977687029,0
C13218,651.0,23.0,1.0,0.0,0.0,0.0,0.0,0
C1322,0.0,0.0,0.0,0.0,140.0,0.0,42.25259967162043,0
C13221,4.0,3.0,0.0,0.0,0.0,0.0,0.0,0
C1323,0.0,0.0,0.0,0.0,128.0,0.0,4.46747779227887,0
C13238,1.0,1.0,0.0,0.0,0.0,0.0,0.0,0
C1324,0.0,0.0,0.0,0.0,73.0,0.0,4.451816612638404,0
C13243,652.0,10.0,0.0,0.0,0.0,0.0,0.0,0
C13246,18.0,11.0,0.0,0.0,0.0,0.0,0.0,0
C1325,0.0,0.0,0.0,0.0,108.0,0.0,0.33890455942407277,0
C1326,18.0,12.0,0.0,0.0,108.0,0.0,0.0,0
C1327,3680.0,13.0,0.0,0.0,180.0,0.0,0.0,0
C13270,11.0,10.0,0.0,0.0,0.0,0.0,0.0,0
C13277,9.0,7.0,0.0,0.0,0.0,0.0,0.0,0
C1328,0.0,0.0,0.0,0.0,76.0,0.0,0.0,0
C13283,4.0,3.0,0.0,0.0,0.0,0.0,0.0,0
C13285,1227.0,23.0,1.0,0.0,0.0,0.0,0.0,0
C13287,893.0,16.0,0.0,0.0,0.0,0.0,0.0,0
C1329,0.0,0.0,0.0,0.0,96.0,0.0,0.0,0
C13290,1075.0,18.0,0.0,0.0,0.0,0.0,0.0,0
C13292,8.0,7.0,0.0,0.0,0.0,0.0,0.0,0
C133,0.0,0.0,0.0,0.0,133.0,0.0,6.785879678356418,0
C1330,2.0,2.0,0.0,0.0,83.0,0.0,0.0,0
C13303,1150.0,22.0,1.0,0.0,0.0,0.0,0.0,0
C13309,2.0,1.0,0.0,0.0,0.0,0.0,0.0,0
C1331,0.0,0.0,0.0,0.0,148.0,0.0,0.0,0
C13311,643.0,22.0,1.0,0.0,0.0,0.0,0.0,0
C13314,10.0,7.0,0.0,0.0,0.0,0.0,0.0,0
C13316,1372.0,18.0,0.0,0.0,0.0,0.0,0.0,0
C1332,0.0,0.0,0.0,0.0,179.0,0.0,4.588725634656675,0
C13323,4.0,4.0,0.0,0.0,0.0,0.0,0.0,0
C1333,3.0,3.0,0.0,0.0,99.0,0.0,0.0,0
C13333,7.0,4.0,0.0,0.0,0.0,0.0,0.0,0
C13337,973.0,9.0,0.0,0.0,0.0,0.0,0.0,0
C1334,0.0,0.0,0.0,0.0,121.0,0.0,0.0,0
C13340,8.0,4.0,0.0,0.0,0.0,0.0,0.0,0
C1335,0.0,0.0,0.0,0.0,80.0,0.0,6.9645518460826,0
C1336,0.0,0.0,0.0,0.0,171.0,0.0,6.955668757630615,0
C13360,1988.0,29.0,1.0,0.0,0.0,0.0,0.0,0
C13367,2.0,2.0,0.0,0.0,0.0,0.0,0.0,0
C1337,0.0,0.0,0.0,0.0,96.0,0.0,0.0,0
C13378,724.0,22.0,1.0,0.0,0.0,0.0,0.0,0
C1338,0.0,0.0,0.0,0.0,207.0,0.0,4.576221950911464,0
C13382,26.0,10.0,0.0,0.0,0.0,0.0,0.0,0
C1339,0.0,0.0,0.0,0.0,68.0,0.0,0.0,0
C13391,4.0,4.0,0.0,0.0,0.0,0.0,0.0,0
C13393,41.0,12.0,0.0,0.0,0.0,0.0,0.0,0
C134,0.0,0.0,0.0,0.0,124.0,0.0,1.6685050309434597,0
C1340,0.0,0.0,0.0,0.0,138.0,0.0,11.003241695785796,0
C13401,9.0,6.0,0.0,0.0,0.0,0.0,0.0,0
C1341,0.0,0.0,0.0,0.0,68.0,0.0,6.730518250326274,0
C13416,7.0,3.0,0.0,0.0,0.0,0.0,0.0,0
C13417,27.0,3.0,0.0,0.0,0.0,0.0,0.0,0
C13419,9.0,6.0,0.0,0.0,0.0,0.0,0.0,0
C1342,0.0,0.0,0.0,0.0,95.0,0.0,5.641645265861154,0
C13421,1.0,1.0,0.0,0.0,0.0,0.0,0.020207973729634152,0
C1343,0.0,0.0,0.0,0.0,42.0,0.0,3.2800067359912433,0
C13431,1437.0,21.0,1.0,0.0,0.0,0.0,0.0,0
C13439,12.0,5.0,0.0,0.0,0.0,0.0,0.0,0
C1344,0.0,0.0,0.0,0.0,210.0,0.0,21.684418810255547,0
C13448,15.0,9.0,0.0,0.0,0.0,0.0,0.0,0
C1345,0.0,0.0,0.0,0.0,149.0,0.0,0.0,0
C13454,1.0,1.0,0.0,0.0,0.0,0.0,0.0,0
C13457,2068.0,22.0,1.0,0.0,0.0,0.0,0.0,0
C1346,25.0,9.0,0.0,0.0,250.0,0.0,7.345430050940934,0
C13460,26.0,12.0,0.0,0.0,0.0,0.0,0.0,0
C13462,1.0,1.0,0.0,0.0,0.0,0.0,0.0,0
C1347,0.0,0.0,0.0,0.0,176.0,0.0,0.33890455942407277,0
C13471,6.0,4.0,0.0,0.0,0.0,0.0,0.0,0
C13473,4.0,4.0,0.0,0.0,0.0,0.0,0.0,0
C13477,10.0,6.0,0.0,0.0,0.0,0.0,0.0,0
C1348,6.0,4.0,0.0,0.0,63.0,0.0,0.0,0
C13488,797.0,10.0,0.0,0.0,0.0,0.0,17.021597271923547,0
C1349,0.0,0.0,0.0,0.0,82.0,0.0,14.533364206626532,0
C13492,661.0,16.0,0.0,0.0,0.0,0.0,0.0,0
C13496,4.0,4.0,0.0,0.0,0.0,0.0,0.0,0
C135,183.0,17.0,0.0,2.0,220.0,0.0,0.0,0
C1350,0.0,0.0,0.0,0.0,111.0,0.0,0.33890455942407277,0
C13502,20.0,8.0,0.0,0.0,0.0,0.0,0.0,0
C13503,2.0,2.0,0.0,0.0,0.0,0.0,0.0,0
C1351,0.0,0.0,0.0,0.0,90.0,0.0,5.541657895844735,0
C13511,3.0,3.0,0.0,0.0,0.0,0.0,0.0,0
C13519,2158.0,27.0,1.0,0.0,0.0,0.0,0.0,0
C1352,0.0,0.0,0.0,0.0,115.0,0.0,0.0,0
C13521,13.0,11.0,0.0,0.0,0.0,0.0,0.0,0
C13523,3.0,2.0,0.0,0.0,0.0,0.0,0.0,0
C1353,0.0,0.0,0.0,0.0,120.0,0.0,0.0,0
C13530,6.0,5.0,0.0,0.0,0.0,0.0,0.0,0
C13534,773.0,6.0,0.0,0.0,0.0,0.0,0.0,0
C13536,7.0,4.0,0.0,0.0,0.0,0.0,0.0,0
C13537,3.0,3.0,0.0,0.0,0.0,0.0,0.0,0
C13539,1137.0,19.0,0.0,0.0,0.0,0.0,0.0,0
C1354,0.0,0.0,0.0,0.0,166.0,0.0,5.244432282238033,0
C13544,2.0,2.0,0.0,0.0,0.0,0.0,0.0,0
C1355,0.0,0.0,0.0,0.0,108.0,0.0,0.0,0
C1356,0.0,0.0,0.0,0.0,57.0,0.0,20.382099103271166,0
C13566,5.0,4.0,0.0,0.0,0.0,0.0,0.0,0
C13568,881.0,22.0,1.0,0.0,0.0,0.0,0.0,0
C1357,2113.0,19.0,0.0,0.0,138.0,0.0,43.91415821159433,0
C13574,470.0,32.0,1.0,0.0,0.0,0.0,0.0,0
C1358,3.0,3.0,0.0,0.0,75.0,0.0,5.766303203805835,0
C13581,3.0,3.0,0.0,0.0,0.0,0.0,0.0,0
C13583,1281.0,24.0,1.0,0.0,0.0,0.0,0.0,0
C13585,14.0,9.0,0.0,0.0,0.0,0.0,0.0,0
C13589,3.0,3.0,0.0,0.0,0.0,0.0,0.0,0
C1359,5.0,3.0,0.0,0.0,83.0,0.0,0.0,0
C136,12.0,9.0,0.0,0.0,70.0,0.0,4.717761966909443,0
C1360,0.0,0.0,0.0,0.0,77.0,0.0,0.0,0
C13602,20.0,12.0,0.0,0.0,0.0,0.0,0.0,0
C13608,3.0,1.0,0.0,0.0,0.0,0.0,0.0,0
C1361,17.0,12.0,0.0,0.0,61.0,0.0,0.0,0
C13612,10.0,6.0,0.0,0.0,0.0,0.0,0.0,0
C1362,0.0,0.0,0.0,0.0,97.0,0.0,0.0,0
C13629,630.0,23.0,1.0,0.0,0.0,0.0,0.0,0
C1363,11.0,3.0,0.0,0.0,80.0,0.0,5.613859301982908,0
C13631,1130.0,23.0,1.0,0.0,0.0,0.0,0.0,0
C13638,830.0,24.0,1.0,0.0,0.0,0.0,0.0,0
C1364,0.0,0.0,0.0,0.0,122.0,0.0,1.3101502968046141,0
C13642,3.0,1.0,0.0,0.0,0.0,0.0,0.0,0
C13646,9.0,5.0,0.0,0.0,0.0,0.0,0.0,0
C13648,9.0,6.0,0.0,0.0,0.0,0.0,0.0,0
C1365,0.0,0.0,0.0,0.0,169.0,0.0,0.5110933355786638,0
C13656,2.0,2.0,0.0,0.0,0.0,0.0,4.62728918452406,0
C13657,5.0,4.0,0.0,0.0,0.0,0.0,0.0,0
C1366,0.0,0.0,0.0,0.0,110.0,0.0,0.3660169241779986,0
C13661,1983.0,21.0,1.0,0.0,0.0,0.0,0.0,0
C13665,16.0,10.0,0.0,0.0,0.0,0.0,0.0,0
C13667,1083.0,19.0,0.0,0.0,0.0,0.0,0.0,0
C13669,759.0,18.0,0.0,0.0,0.0,0.0,0.0,0
C1367,0.0,0.0,0.0,0.0,90.0,0.0,3.6648002357596936,0
C13675,383.0,16.0,0.0,0.0,0.0,0.0,0.0,0
C1368,20.0,12.0,0.0,0.0,95.0,0.0,0.3660169241779986,0
C13680,12.0,6.0,0.0,0.0,0.0,0.0,0.0,0
C1369,5.0,5.0,0.0,4.0,322.0,0.0,18.72167726181956,0
C137,0.0,0.0,0.0,0.0,77.0,0.0,0.0,0
C1370,3.0,3.0,0.0,0.0,79.0,0.0,0.0,0
C13703,31.0,2.0,0.0,0.0,0.0,0.0,0.0,0
C13704,20.0,2.0,0.0,0.0,0.0,0.0,0.0,0
C1371,0.0,0.0,0.0,0.0,87.0,0.0,12.341430556140278,0
C13715,9.0,8.0,0.0,0.0,0.0,0.0,0.0,0
C13717,1312.0,20.0,0.0,0.0,0.0,0.0,0.0,0
C13719,13.0,9.0,0.0,0.0,0.0,0.0,0.0,0
C1372,0.0,0.0,0.0,0.0,39.0,0.0,0.0,0
C13726,557.0,22.0,1.0,0.0,0.0,0.0,0.0,0
C1373,0.0,0.0,0.0,0.0,87.0,0.0,0.0,0
C13736,1.0,1.0,0.0,0.0,0.0,0.0,0.0,0
C1374,0.0,0.0,0.0,0.0,168.0,0.0,0.0,0
C13740,8.0,8.0,0.0,0.0,0.0,0.0,0.0,0
C13742,10.0,6.0,0.0,0.0,0.0,0.0,0.0,0
C1375,0.0,0.0,0.0,0.0,93.0,0.0,0.3660169241779986,0
C13754,827.0,24.0,1.0,0.0,0.0,0.0,0.0,0
C13759,10.0,2.0,0.0,0.0,0.0,0.0,0.0,0
C1376,0.0,0.0,0.0,0.0,102.0,0.0,4.569233359996632,0
C1377,0.0,0.0,0.0,0.0,77.0,0.0,0.0,0
C13774,2.0,2.0,0.0,0.0,0.0,0.0,0.0,0
C13776,8.0,5.0,0.0,0.0,0.0,0.0,0.0,0
C13778,191.0,12.0,0.0,0.0,0.0,0.0,0.0,0
C1378,0.0,0.0,0.0,0.0,122.0,0.0,0.0,0
C13781,7.0,4.0,0.0,0.0,0.0,0.0,0.0,0
C13789,5.0,3.0,0.0,0.0,0.0,0.0,0.0,0
C1379,0.0,0.0,0.0,0.0,146.0,0.0,0.0,0
C13795,793.0,21.0,1.0,0.0,0.0,0.0,0.0,0
C138,0.0,0.0,0.0,0.0,64.0,0.0,6.6754094219677516,0
C1380,0.0,0.0,0.0,0.0,90.0,0.0,0.0,0
C1381,0.0,0.0,0.0,0.0,154.0,0.0,39.22165621184693,0
C13813,5.0,2.0,0.0,0.0,0.0,0.0,0.0,0
C13815,3.0,2.0,0.0,0.0,0.0,0.0,0.0,0
C1382,0.0,0.0,0.0,1.0,482.0,0.0,0.0,0
C13823,8.0,6.0,0.0,0.0,0.0,0.0,0.0,0
C13827,44.0,12.0,0.0,0.0,0.0,0.0,0.0,0
C1383,0.0,0.0,0.0,0.0,74.0,0.0,0.0,0
C13836,15.0,9.0,0.0,0.0,0.0,0.0,0.0,0
C1384,0.0,0.0,0.0,0.0,51.0,0.0,3.432661137540521,0
C13844,11.0,6.0,0.0,0.0,0.0,0.0,0.0,0
C13849,27.0,16.0,0.0,0.0,0.0,0.0,0.0,0
C1385,32.0,9.0,0.0,0.0,132.0,0.0,0.0,0
C13855,18.0,10.0,0.0,0.0,0.0,0.0,0.0,0
C13859,22.0,8.0,0.0,0.0,0.0,0.0,0.0,0
C1386,0.0,0.0,0.0,0.0,145.0,0.0,4.967961941649476,0
C13861,3.0,1.0,0.0,0.0,0.0,0.0,0.0,0
C13868,10.0,8.0,0.0,0.0,0.0,0.0,0.0,0
C1387,0.0,0.0,0.0,0.0,104.0,0.0,33.104197364543424,0
C13870,1.0,1.0,0.0,0.0,0.0,0.0,0.0,0
C13871,3.0,2.0,0.0,0.0,0.0,0.0,0.0,0
C1388,0.0,0.0,0.0,0.0,107.0,0.0,0.0,0
C13883,39.0,15.0,0.0,0.0,0.0,0.0,0.0,0
C13888,18.0,8.0,0.0,0.0,0.0,0.0,0.0,0
C1389,0.0,0.0,0.0,0.0,89.0,0.0,22.80448785416579,0
C13894,10.0,7.0,0.0,0.0,0.0,0.0,0.0,0
C13898,1415.0,25.0,1.0,0.0,0.0,0.0,0.0,0
C139,0.0,0.0,0.0,0.0,112.0,0.0,0.0,0
C1390,1.0,1.0,0.0,0.0,68.0,0.0,0.0,0
C13907,946.0,23.0,1.0,0.0,0.0,0.0,0.0,0
C1391,0.0,0.0,0.0,0.0,61.0,0.0,0.0,0
C13911,339.0,14.0,0.0,0.0,0.0,0.0,0.0,0
C1392,0.0,0.0,0.0,0.0,330.0,0.0,1035.7117416747358,0
C13920,342.0,16.0,0.0,0.0,0.0,0.0,0.0,0
C1393,0.0,0.0,0.0,0.0,158.0,0.0,4.554708878878458,0
C13933,11.0,5.0,0.0,0.0,0.0,0.0,0.0,0
C13937,659.0,23.0,1.0,0.0,0.0,0.0,0.0,0
C1394,0.0,0.0,0.0,0.0,80.0,0.0,0.0,0
C13945,2.0,1.0,0.0,0.0,0.0,0.0,0.0,0
C13948,1363.0,21.0,1.0,0.0,0.0,0.0,0.0,0
C1395,5.0,5.0,0.0,0.0,142.0,0.0,0.0,0
C13950,6.0,6.0,0.0,0.0,0.0,0.0,0.0,0
C13958,24.0,12.0,0.0,0.0,0.0,0.0,0.0,0
C1396,0.0,0.0,0.0,0.0,117.0,0.0,4.7611249105376166,0
C13960,1082.0,19.0,0.0,0.0,0.0,0.0,0.0,0
C13962,1.0,1.0,0.0,0.0,0.0,0.0,0.0,0
C13968,1256.0,19.0,0.0,0.0,0.0,0.0,0.0,0
C1397,0.0,0.0,0.0,0.0,74.0,0.0,0.0,0
C13979,17.0,9.0,0.0,0.0,0.0,0.0,0.0,0
C1398,0.0,0.0,0.0,0.0,141.0,0.0,84.17694606997011,0
C13988,622.0,22.0,1.0,0.0,0.0,0.0,0.0,0
C1399,0.0,0.0,0.0,0.0,81.0,0.0,3.7804066854713088,0
C13994,43.0,11.0,0.0,0.0,0.0,0.0,0.0,0
C13998,213.0,24.0,1.0,0.0,0.0,0.0,0.0,0
C14,0.0,0.0,0.0,0.0,104.0,0.0,0.0,0
C140,0.0,0.0,0.0,0.0,136.0,0.0,6.829621521492022,0
C1400,0.0,0.0,0.0,0.0,74.0,0.0,0.0,0
C14007,16.0,12.0,0.0,0.0,0.0,0.0,0.0,0
C1401,0.0,0.0,0.0,0.0,101.0,0.0,3.6310781795983664,0
C14014,1351.0,7.0,0.0,0.0,0.0,0.0,9.18974445333221,0
C1402,7.0,3.0,0.0,0.0,120.0,0.0,0.0,0
C14025,2028.0,23.0,1.0,0.0,0.0,0.0,0.0,0
C1403,0.0,0.0,0.0,0.0,119.0,0.0,1.0438260430261441,0
C14030,5.0,3.0,0.0,0.0,0.0,0.0,0.0,0
C14032,18.0,8.0,0.0,0.0,0.0,0.0,0.0,0
C14036,5.0,4.0,0.0,0.0,0.0,0.0,0.0,0
C1404,0.0,0.0,0.0,0.0,156.0,0.0,0.0,0
C14040,985.0,21.0,1.0,0.0,0.0,0.0,0.0,0
C14044,3.0,3.0,0.0,0.0,0.0,0.0,0.0,0
C14047,4.0,4.0,0.0,0.0,0.0,0.0,0.0,0
C14049,1156.0,16.0,0.0,0.0,0.0,0.0,0.0,0
C1405,0.0,0.0,0.0,0.0,78.0,0.0,0.0,0
C14053,1945.0,23.0,1.0,0.0,0.0,0.0,0.0,0
C14057,1.0,1.0,0.0,0.0,0.0,0.0,0.0,0
C1406,0.0,0.0,0.0,0.0,80.0,0.0,0.0,0
C14066,1043.0,19.0,0.0,0.0,0.0,0.0,0.0,0
C14068,3.0,2.0,0.0,0.0,0.0,0.0,0.0,0
C14069,8.0,6.0,0.0,0.0,0.0,0.0,0.0,0
C1407,0.0,0.0,0.0,0.0,77.0,0.0,3.4385551298783312,0
C14071,11.0,3.0,0.0,0.0,0.0,0.0,0.0,0
C1408,107.0,11.0,0.0,0.0,100.0,0.0,0.0,0
C14081,12.0,8.0,0.0,0.0,0.0,0.0,0.0,0
C1409,0.0,0.0,0.0,0.0,61.0,0.0,0.4152738601439818,0
C14090,1075.0,23.0,1.0,0.0,0.0,0.0,0.0,0
C14095,12.0,9.0,0.0,0.0,0.0,0.0,0.0,0
C14099,37.0,10.0,0.0,0.0,0.0,0.0,0.0,0
C141,0.0,0.0,0.0,0.0,80.0,0.0,21.63288847724498,0
C1410,0.0,0.0,0.0,0.0,131.0,0.0,30.78137498421252,0
C14104,14.0,9.0,0.0,0.0,0.0,0.0,0.0,0
C1411,2.0,2.0,0.0,0.0,125.0,0.0,42.091314781290784,0
C14112,4.0,3.0,0.0,0.0,0.0,0.0,0.0,0
C14119,1.0,1.0,0.0,0.0,0.0,0.0,0.0,0
C1412,0.0,0.0,0.0,9.0,102.0,0.0,4.76920810002947,0
C14121,143.0,22.0,1.0,0.0,0.0,0.0,0.0,0
C14122,1439.0,18.0,0.0,0.0,0.0,0.0,0.0,0
C1413,0.0,0.0,0.0,0.0,162.0,0.0,0.0,0
C14136,31.0,12.0,0.0,0.0,0.0,0.0,0.0,0
C14139,147.0,15.0,0.0,0.0,0.0,0.0,0.0,0
C1414,0.0,0.0,0.0,0.0,110.0,0.0,0.0,0
C14149,2.0,2.0,0.0,0.0,0.0,0.0,0.0,0
C1415,0.0,0.0,0.0,0.0,90.0,0.0,0.0,0
C14156,7.0,6.0,0.0,0.0,0.0,0.0,0.0,0
C14157,6.0,3.0,0.0,0.0,0.0,0.0,0.0,0
C1416,0.0,0.0,0.0,0.0,72.0,0.0,5.353723740159138,0
C14166,6.0,5.0,0.0,0.0,0.0,0.0,0.0,0
C1417,13.0,6.0,0.0,0.0,74.0,0.0,3.4793920767903,0
C14179,675.0,16.0,0.0,0.0,0.0,0.0,0.0,0
C1418,0.0,0.0,0.0,0.0,130.0,0.0,4.327327074474804,0
C14181,4.0,3.0,0.0,0.0,0.0,0.0,0.0,0
C14186,673.0,16.0,0.0,0.0,0.0,0.0,0.0,0
C1419,0.0,0.0,0.0,0.0,123.0,0.0,0.0,0
C14190,4.0,3.0,0.0,0.0,0.0,0.0,0.0,0
C142,0.0,0.0,0.0,0.0,80.0,0.0,4.382814802340757,0
C1420,1124.0,21.0,1.0,0.0,173.0,0.0,56.81236054393129,0
C14202,2655.0,28.0,1.0,0.0,0.0,0.0,0.0,0
C14204,591.0,16.0,0.0,0.0,0.0,0.0,0.0,0
C1421,1.0,1.0,0.0,0.0,62.0,0.0,50.61032290658022,0
C14216,848.0,19.0,0.0,0.0,0.0,0.0,0.0,0
C14218,206.0,20.0,0.0,0.0,0.0,0.0,0.0,0
C1422,0.0,0.0,0.0,0.0,160.0,0.0,0.0,0
C14222,405.0,12.0,0.0,0.0,0.0,0.0,0.0,0
C14223,3.0,1.0,0.0,0.0,0.0,0.0,0.0,0
C14225,776.0,20.0,0.0,0.0,0.0,0.0,0.0,0
C14229,1471.0,37.0,1.0,0.0,0.0,0.0,0.0,0
C1423,2147.0,27.0,1.0,0.0,102.0,0.0,34.3243800783059,0
C1424,0.0,0.0,0.0,0.0,200.0,0.0,0.0,0
C14244,1463.0,4.0,0.0,0.0,0.0,0.0,0.0,0
C14245,7.0,4.0,0.0,0.0,0.0,0.0,0.0,0
C14247,1827.0,20.0,0.0,0.0,0.0,0.0,0.0,0
C1425,0.0,0.0,0.0,0.0,169.0,0.0,0.33890455942407277,0
C14253,749.0,11.0,0.0,0.0,0.0,0.0,0.0,0
C14256,11.0,4.0,0.0,0.0,0.0,0.0,0.0,0
C1426,0.0,0.0,0.0,0.0,75.0,0.0,0.0,0
C14264,21.0,14.0,0.0,0.0,0.0,0.0,0.0,0
C14266,1120.0,24.0,1.0,0.0,0.0,0.0,0.0,0
C1427,0.0,0.0,0.0,0.0,71.0,0.0,20.1550119984844,0
C14270,661.0,11.0,0.0,0.0,0.0,0.0,4.352797541363196,0
C14274,2.0,2.0,0.0,0.0,0.0,0.0,0.0,0
C14278,55.0,12.0,0.0,0.0,0.0,0.0,0.0,0
C1428,0.0,0.0,0.0,0.0,60.0,0.0,11.604765713804571,0
C14280,386.0,11.0,0.0,0.0,0.0,0.0,0.0,0
C1429,0.0,0.0,0.0,0.0,100.0,0.0,0.33890455942407277,0
C14292,3.0,3.0,0.0,0.0,0.0,0.0,0.0,0
C14296,2394.0,23.0,1.0,0.0,0.0,0.0,0.0,0
C143,0.0,0.0,0.0,0.0,139.0,0.0,0.0,0
C1430,0.0,0.0,0.0,0.0,111.0,0.0,0.0,0
C14301,45.0,4.0,0.0,0.0,0.0,0.0,0.0,0
C1431,0.0,0.0,0.0,0.0,92.0,0.0,0.0,0
C14313,1.0,1.0,0.0,0.0,0.0,0.0,0.0,0
C1432,20.0,3.0,0.0,6.0,286.0,0.0,11.228560602871216,0
C1433,26.0,6.0,0.0,0.0,172.0,0.0,4.5463309897697135,0
C14336,7.0,3.0,0.0,0.0,0.0,0.0,0.0,0
C14337,23.0,8.0,0.0,0.0,0.0,0.0,0.0,0
C1434,0.0,0.0,0.0,0.0,163.0,0.0,0.0,0
C14343,731.0,6.0,0.0,0.0,0.0,0.0,7.08272639245569,0
C1435,1113.0,15.0,0.0,0.0,111.0,0.0,40.602702816486335,0
C14351,107.0,14.0,0.0,0.0,0.0,0.0,0.0,0
C14358,2.0,2.0,0.0,0.0,0.0,0.0,0.0,0
C1436,0.0,0.0,0.0,0.0,59.0,0.0,0.0,0
C1437,0.0,0.0,0.0,0.0,170.0,0.0,0.0,0
C14377,10.0,8.0,0.0,0.0,0.0,0.0,0.0,0
C1438,1.0,1.0,0.0,0.0,80.0,0.0,0.0,0
C14385,26.0,11.0,0.0,0.0,0.0,0.0,0.0,0
C1439,0.0,0.0,0.0,0.0,114.0,0.0,7.003831095019576,0
C14391,1.0,1.0,0.0,0.0,0.0,0.0,0.0,0
C14393,3.0,3.0,0.0,0.0,0.0,0.0,0.0,0
C14395,6.0,2.0,0.0,0.0,0.0,0.0,0.0,0
C144,0.0,0.0,0.0,0.0,140.0,0.0,0.8198122342440954,0
C1440,0.0,0.0,0.0,0.0,178.0,0.0,36.74230623500189,0
C14407,140.0,8.0,0.0,0.0,0.0,0.0,0.0,0
C14409,21.0,11.0,0.0,0.0,0.0,0.0,0.0,0
C1441,0.0,0.0,0.0,0.0,177.0,0.0,4.396202584936639,0
C14411,1.0,1.0,0.0,0.0,0.0,0.0,0.0,0
C14418,1.0,1.0,0.0,0.0,0.0,0.0,0.0,0
C1442,0.0,0.0,0.0,0.0,173.0,0.0,2.7602829116322147,0
C14425,633.0,9.0,0.0,0.0,0.0,0.0,0.0,0
C1443,9.0,6.0,0.0,0.0,329.0,0.0,88.78356418136656,0
C14431,11.0,6.0,0.0,0.0,0.0,0.0,0.0,0
C14439,1170.0,22.0,1.0,0.0,0.0,0.0,0.0,0
C1444,0.0,0.0,0.0,0.0,118.0,0.0,7.859301982907422,0
C14445,1996.0,23.0,1.0,0.0,0.0,0.0,0.0,0
C14447,18.0,12.0,0.0,0.0,0.0,0.0,0.0,0
C1445,0.0,0.0,0.0,0.0,126.0,0.0,0.33890455942407277,0
C1446,0.0,0.0,0.0,0.0,93.0,0.0,0.0,0
C14464,1.0,1.0,0.0,0.0,0.0,0.0,0.0,0
C1447,16.0,5.0,0.0,0.0,70.0,0.0,10.52010272386646,0
C14471,5.0,3.0,0.0,0.0,0.0,0.0,0.0,0
C14476,405.0,22.0,1.0,0.0,0.0,0.0,0.0,0
C14477,1390.0,21.0,1.0,0.0,0.0,0.0,0.0,0
C1448,1.0,1.0,0.0,0.0,52.0,0.0,0.0,0
C14483,900.0,16.0,0.0,0.0,0.0,0.0,0.0,0
C14488,1802.0,27.0,1.0,0.0,0.0,0.0,0.0,0
C1449,0.0,0.0,0.0,0.0,94.0,0.0,3.456195006946491,0
C14494,1464.0,22.0,1.0,0.0,0.0,0.0,0.0,0
C14498,13.0,6.0,0.0,0.0,0.0,0.0,0.0,0
C145,0.0,0.0,0.0,0.0,154.0,0.0,0.0,0
C1450,6.0,5.0,0.0,0.0,205.0,0.0,120.07784279880435,0
C14500,667.0,22.0,1.0,0.0,0.0,0.0,0.0,0
C14504,5.0,3.0,0.0,0.0,0.0,0.0,0.0,0
C14506,19.0,13.0,0.0,0.0,0.0,0.0,0.0,0
C1451,0.0,0.0,0.0,0.0,85.0,0.0,0.0,0
C14510,1527.0,29.0,1.0,0.0,0.0,0.0,0.0,0
C14519,902.0,22.0,1.0,0.0,0.0,0.0,0.0,0
C1452,0.0,0.0,0.0,0.0,117.0,0.0,0.0,0
C14521,1444.0,22.0,1.0,0.0,0.0,0.0,0.0,0
C14527,853.0,19.0,0.0,0.0,0.0,0.0,0.0,0
C14529,1002.0,21.0,1.0,0.0,0.0,0.0,0.0,0
C1453,2619.0,23.0,1.0,0.0,222.0,0.0,56.46162589988633,0
C14534,25.0,4.0,0.0,0.0,0.0,0.0,0.0,0
C14539,289.0,21.0,1.0,0.0,0.0,0.0,0.0,0
C1454,0.0,0.0,0.0,0.0,205.0,0.0,0.0,0
C14540,1184.0,20.0,0.0,0.0,0.0,0.0,0.0,0
C1455,0.0,0.0,0.0,0.0,74.0,0.0,0.0,0
C14551,555.0,19.0,0.0,0.0,0.0,0.0,0.0,0
C14557,1374.0,21.0,1.0,0.0,0.0,0.0,0.0,0
C1456,0.0,0.0,0.0,0.0,82.0,0.0,0.0,0
C14561,16.0,12.0,0.0,0.0,0.0,0.0,0.0,0
C14566,11.0,3.0,0.0,0.0,0.0,0.0,0.0,0
C1457,0.0,0.0,0.0,0.0,67.0,0.0,0.0,0
C14578,10.0,9.0,0.0,0.0,0.0,0.0,0.0,0
C1458,0.0,0.0,0.0,0.0,83.0,0.0,3.524396918284006,0
C14589,464.0,21.0,1.0,0.0,0.0,0.0,0.0,0
C1459,8.0,6.0,0.0,0.0,60.0,0.0,0.0,0
C14592,923.0,14.0,0.0,0.0,0.0,0.0,0.0,0
C146,0.0,0.0,0.0,0.0,60.0,0.0,0.0,0
C1460,0.0,0.0,0.0,0.0,126.0,0.0,0.0,0
C1461,32.0,14.0,0.0,0.0,112.0,0.0,0.0,0
C14619,3202.0,24.0,1.0,0.0,0.0,0.0,0.0,0
C1462,0.0,0.0,0.0,0.0,120.0,0.0,0.0,0
C14621,35.0,11.0,0.0,0.0,0.0,0.0,0.0,0
C1463,0.0,0.0,0.0,0.0,95.0,0.0,34.64897065633814,0
C14638,20.0,14.0,0.0,0.0,0.0,0.0,0.0,0
C1464,0.0,0.0,0.0,0.0,106.0,0.0,0.0,0
C14640,805.0,20.0,0.0,0.0,0.0,0.0,0.0,0
C14646,717.0,8.0,0.0,0.0,0.0,0.0,5.439818128236434,0
C1465,0.0,0.0,0.0,0.0,119.0,0.0,0.0,0
C14655,3.0,1.0,0.0,0.0,0.0,0.0,0.0,0
C14657,1130.0,17.0,0.0,0.0,0.0,0.0,0.0,0
C1466,0.0,0.0,0.0,0.0,94.0,0.0,0.0,0
C14660,2.0,2.0,0.0,0.0,0.0,0.0,0.0,0
C14663,63.0,10.0,0.0,0.0,0.0,0.0,0.0,0
C14667,4.0,4.0,0.0,0.0,0.0,0.0,0.0,0
C1467,0.0,0.0,0.0,0.0,161.0,0.0,286.8825411526965,0
C14678,452.0,17.0,0.0,0.0,0.0,0.0,0.41624215888519345,0
C1468,0.0,0.0,0.0,0.0,193.0,0.0,0.6701469288089925,0
C14689,7.0,3.0,0.0,0.0,0.0,0.0,0.0,0
C1469,8.0,7.0,0.0,0.0,84.0,0.0,0.0,0
C14692,795.0,23.0,1.0,0.0,0.0,0.0,0.0,0
C14696,4.0,3.0,0.0,0.0,0.0,0.0,0.0,0
C147,0.0,0.0,0.0,0.0,78.0,0.0,0.0,0
C1470,0.0,0.0,0.0,0.0,102.0,0.0,0.0,0
C14700,1051.0,20.0,0.0,0.0,0.0,0.0,0.0,0
C1471,0.0,0.0,0.0,0.0,139.0,0.0,0.0,0
C14713,49.0,5.0,0.0,0.0,0.0,0.0,0.0,0
C14717,23.0,4.0,0.0,0.0,0.0,0.0,0.0,0
C14718,3.0,2.0,0.0,0.0,0.0,0.0,0.0,0
C1472,0.0,0.0,0.0,0.0,173.0,0.0,6.857575885151349,0
C14726,6.0,3.0,0.0,0.0,0.0,0.0,0.0,0
C1473,27.0,3.0,0.0,0.0,80.0,0.0,0.0,0
C14734,4.0,3.0,0.0,0.0,0.0,0.0,0.0,0
C1474,0.0,0.0,0.0,0.0,100.0,0.0,4.478129078432198,0
C14741,1.0,1.0,0.0,0.0,0.0,0.0,0.0,0
C14744,641.0,18.0,0.0,0.0,0.0,0.0,0.0,0
C1475,0.0,0.0,0.0,0.0,67.0,0.0,4.314781290784322,0
C14751,93.0,6.0,0.0,0.0,0.0,0.0,0.0,0
C14754,407.0,5.0,0.0,0.0,0.0,0.0,0.0,0
C1476,9.0,6.0,0.0,0.0,98.0,0.0,0.0,0
C14760,37.0,1.0,0.0,0.0,0.0,0.0,0.0,0
C14763,139.0,9.0,0.0,0.0,0.0,0.0,0.0,0
C14766,29.0,3.0,0.0,0.0,0.0,0.0,0.0,0
C1477,10.0,10.0,0.0,0.0,126.0,0.0,18.88056245526881,0
C14777,1376.0,21.0,1.0,0.0,0.0,0.0,0.0,0
C1478,1.0,1.0,0.0,0.0,145.0,0.0,0.0,0
C14783,35.0,5.0,0.0,0.0,0.0,0.0,0.002525996716204269,0
C14784,80.0,5.0,0.0,0.0,0.0,0.0,0.0,0
C14787,17.0,8.0,0.0,0.0,0.0,0.0,0.0,0
C1479,0.0,0.0,0.0,0.0,43.0,0.0,0.0,0
C14794,59.0,12.0,0.0,0.0,0.0,0.0,0.0,0
C148,0.0,0.0,0.0,0.0,115.0,0.0,1107.9833705216183,0
C1480,6.0,4.0,0.0,0.0,81.0,0.0,6.0371742516734725,0
C14804,774.0,18.0,0.0,0.0,0.0,0.0,0.0,0
C14806,7.0,6.0,0.0,0.0,0.0,0.0,0.0,0
C14809,1263.0,24.0,1.0,0.0,0.0,0.0,0.0,0
C1481,0.0,0.0,0.0,0.0,87.0,0.0,0.0,0
C14810,7.0,5.0,0.0,0.0,0.0,0.0,0.0,0
C14818,780.0,16.0,0.0,0.0,0.0,0.0,0.0,0
C1482,7.0,4.0,0.0,0.0,57.0,0.0,0.0,0
C14823,2.0,2.0,0.0,0.0,0.0,0.0,0.0,0
C14825,41.0,7.0,0.0,0.0,0.0,0.0,0.0,0
C14827,10.0,8.0,0.0,0.0,0.0,0.0,0.0,0
C14829,2.0,2.0,0.0,0.0,0.0,0.0,0.0,0
C1483,15.0,9.0,0.0,0.0,79.0,0.0,4.65688544604892,0
C1484,1.0,1.0,0.0,0.0,409.0,0.0,8530.431903338525,0
C14845,3.0,3.0,0.0,0.0,0.0,0.0,0.0,0
C1485,0.0,0.0,0.0,0.0,44.0,0.0,27.17698816991538,0
C14856,865.0,22.0,1.0,0.0,0.0,0.0,0.0,0
C14858,49.0,18.0,0.0,0.0,0.0,0.0,0.0,0
C1486,0.0,0.0,0.0,0.0,86.0,0.0,0.0,0
C14860,29.0,15.0,0.0,0.0,0.0,0.0,0.0,0
C14862,9.0,7.0,0.0,0.0,0.0,0.0,0.0,0
C14864,1036.0,14.0,0.0,0.0,0.0,0.0,0.0,0
C14866,471.0,12.0,0.0,0.0,0.0,0.0,0.0,0
C14868,686.0,14.0,0.0,0.0,0.0,0.0,0.0,0
C1487,0.0,0.0,0.0,0.0,1546.0,0.0,16.990359112533152,0
C14870,787.0,19.0,0.0,0.0,0.0,0.0,0.0,0
C1488,0.0,0.0,0.0,0.0,111.0,0.0,0.33890455942407277,0
C14880,17.0,12.0,0.0,0.0,0.0,0.0,0.0,0
C14889,3.0,3.0,0.0,0.0,0.0,0.0,0.0,0
C1489,0.0,0.0,0.0,0.0,135.0,0.0,0.0,0
C14897,19.0,16.0,0.0,0.0,0.0,0.0,0.0,0
C149,0.0,0.0,0.0,0.0,138.0,0.0,29.151812402643877,0
C1490,0.0,0.0,0.0,0.0,78.0,0.0,13.402728076453501,0
C14903,995.0,24.0,1.0,0.0,0.0,0.0,0.0,0
C14905,18.0,7.0,0.0,0.0,0.0,0.0,0.0,0
C14907,1814.0,21.0,1.0,0.0,0.0,0.0,0.0,0
C1491,0.0,0.0,0.0,0.0,87.0,0.0,0.0,0
C14917,1458.0,18.0,0.0,0.0,0.0,0.0,0.0,0
C1492,0.0,0.0,0.0,0.0,136.0,0.0,0.0,0
C14921,246.0,12.0,0.0,0.0,0.0,0.0,0.0,0
C1493,3.0,1.0,0.0,0.0,135.0,0.0,0.0,0
C14938,644.0,21.0,1.0,0.0,0.0,0.0,0.0,0
C1494,4.0,3.0,0.0,0.0,121.0,0.0,6.7451269313349895,0
C14940,1961.0,22.0,1.0,0.0,0.0,0.0,0.0,0
C14949,1.0,1.0,0.0,0.0,0.0,0.0,0.0,0
C1495,0.0,0.0,0.0,0.0,118.0,0.0,0.0,0
C14954,9.0,5.0,0.0,0.0,0.0,0.0,0.0,0
C1496,20.0,5.0,0.0,0.0,140.0,0.0,6.12975203132236,0
C14967,32.0,14.0,0.0,0.0,0.0,0.0,0.0,0
C14969,25.0,11.0,0.0,0.0,0.0,0.0,0.0,0
C1497,7.0,6.0,0.0,0.0,212.0,0.0,0.0,0
C1498,0.0,0.0,0.0,0.0,94.0,0.0,0.0,0
C14984,2313.0,21.0,1.0,0.0,0.0,0.0,0.0,0
C14986,57.0,19.0,0.0,0.0,0.0,0.0,0.0,0
C1499,0.0,0.0,0.0,0.0,147.0,0.0,0.0,0
C14992,3.0,3.0,0.0,0.0,0.0,0.0,0.0,0
C14993,1662.0,25.0,1.0,0.0,0.0,0.0,0.0,0
C14994,43.0,5.0,0.0,0.0,0.0,0.0,0.0,0
C15,0.0,0.0,0.0,0.0,138.0,0.0,1.445627920683703,0
C150,0.0,0.0,0.0,0.0,166.0,0.0,48.31153959499853,0
C1500,0.0,0.0,0.0,0.0,116.0,0.0,0.0,0
C15001,2021.0,21.0,1.0,0.0,0.0,0.0,0.0,0
C15003,1154.0,23.0,1.0,0.0,0.0,0.0,0.0,0
C15005,311.0,21.0,1.0,0.0,0.0,0.0,0.0,0
C15007,1164.0,24.0,1.0,0.0,0.0,0.0,0.0,0
C1501,0.0,0.0,0.0,0.0,54.0,0.0,0.5348377047109839,0
C15010,2.0,2.0,0.0,0.0,0.0,0.0,0.0,0
C15012,1655.0,22.0,1.0,0.0,0.0,0.0,0.0,0
C15015,18.0,3.0,0.0,0.0,0.0,0.0,0.0,0
C15016,2.0,2.0,0.0,0.0,0.0,0.0,0.0,0
C1502,0.0,0.0,0.0,0.0,84.0,0.0,0.0,0
C15022,4.0,3.0,0.0,0.0,0.0,0.0,0.0,0
C15028,11.0,8.0,0.0,0.0,0.0,0.0,0.0,0
C1503,0.0,0.0,0.0,1.0,455.0,0.0,0.0,0
C15030,13.0,5.0,0.0,0.0,0.0,0.0,0.0,0
C15032,2.0,1.0,0.0,0.0,0.0,0.0,0.0,0
C1504,28.0,10.0,0.0,0.0,102.0,0.0,0.0,0
C1505,0.0,0.0,0.0,0.0,150.0,0.0,0.0,0
C1506,2244.0,21.0,1.0,0.0,64.0,0.0,29.868269271249947,0
C15064,5.0,2.0,0.0,0.0,0.0,0.0,0.0,0
C15068,1.0,1.0,0.0,0.0,0.0,0.0,0.0,0
C1507,0.0,0.0,0.0,0.0,88.0,0.0,6.679998316002189,0
C1508,0.0,0.0,0.0,0.0,184.0,0.0,41.35460783900981,0
C1509,0.0,0.0,0.0,0.0,616.0,0.0,0.0,0
C15091,138.0,14.0,0.0,0.0,0.0,0.0,0.0,0
C15093,7.0,7.0,0.0,0.0,0.0,0.0,0.0,0
C15095,595.0,18.0,0.0,0.0,0.0,0.0,0.0,0
C151,4.0,4.0,0.0,0.0,48.0,0.0,0.43977602829116325,0
C15104,5.0,4.0,0.0,0.0,0.0,0.0,0.0,0
C15106,10.0,6.0,0.0,0.0,0.0,0.0,0.0,0
C15108,24.0,4.0,0.0,0.0,0.0,0.0,0.0,0
C1511,0.0,0.0,0.0,0.0,174.0,0.0,0.0,0
C15111,83.0,4.0,0.0,0.0,0.0,0.0,0.0,0
C15112,1.0,1.0,0.0,0.0,0.0,0.0,0.0,0
C15114,1140.0,21.0,1.0,0.0,0.0,0.0,0.0,0
C1512,0.0,0.0,0.0,0.0,97.0,0.0,4.541826295625816,0
C15122,648.0,21.0,1.0,0.0,0.0,0.0,0.0,0
C15128,55.0,15.0,0.0,0.0,0.0,0.0,0.0,0
C15129,534.0,21.0,1.0,0.0,0.0,0.0,0.0,0
C1513,0.0,0.0,0.0,0.0,136.0,0.0,3.443101923967499,0
C15133,3.0,3.0,0.0,0.0,0.0,0.0,0.0,0
C15139,50.0,16.0,0.0,0.0,0.0,0.0,0.0,0
C1514,0.0,0.0,0.0,0.0,75.0,0.0,15.280932934787185,0
C15141,23.0,7.0,0.0,0.0,0.0,0.0,0.0,0
C1515,1678.0,22.0,1.0,0.0,114.0,0.0,58.53306950700964,0
C15154,1.0,1.0,0.0,0.0,0.0,0.0,0.0,0
C15158,441.0,21.0,1.0,0.0,0.0,0.0,0.0,0
C1516,0.0,0.0,0.0,0.0,144.0,0.0,7.998568601860818,0
C15160,1113.0,23.0,1.0,0.0,0.0,0.0,0.0,0
C15165,379.0,22.0,1.0,0.0,0.0,0.0,0.0,0
C1517,0.0,0.0,0.0,0.0,98.0,0.0,0.33890455942407277,0
C15171,1.0,1.0,0.0,0.0,0.0,0.0,0.0,0
C1518,0.0,0.0,0.0,0.0,158.0,0.0,0.0,0
C15180,2080.0,31.0,1.0,0.0,0.0,0.0,0.0,0
C15182,52.0,3.0,0.0,0.0,0.0,0.0,6.631162379488907,0
C15187,534.0,21.0,1.0,0.0,0.0,0.0,0.0,0
C1519,15.0,9.0,0.0,0.0,76.0,0.0,5.5801372458215805,0
C152,8.0,6.0,0.0,0.0,118.0,0.0,41.6747779227887,0
C1520,0.0,0.0,0.0,0.0,96.0,0.0,2.553151180903465,0
C15207,1356.0,21.0,1.0,0.0,0.0,0.0,0.0,0
C1521,0.0,0.0,0.0,8.0,4172.0,0.0,0.0,0
C15210,1.0,1.0,0.0,0.0,0.0,0.0,0.0,0
C15214,349.0,15.0,0.0,0.0,0.0,0.0,0.0,0
C15218,897.0,17.0,0.0,0.0,0.0,0.0,0.0,0
C1522,7.0,3.0,0.0,0.0,79.0,0.0,0.0,0
C15222,289.0,24.0,1.0,0.0,0.0,0.0,0.0,0
C1523,10.0,2.0,0.0,0.0,91.0,0.0,0.0,0
C15235,509.0,15.0,0.0,0.0,0.0,0.0,0.0,0
C1524,2.0,2.0,0.0,0.0,85.0,0.0,0.33890455942407277,0
C1525,0.0,0.0,0.0,0.0,144.0,0.0,0.0,0
C15255,12.0,6.0,0.0,0.0,0.0,0.0,0.0,0
C1526,25.0,9.0,0.0,0.0,83.0,0.0,12.657306445501622,0
C15266,1957.0,24.0,1.0,0.0,0.0,0.0,0.0,0
C15268,582.0,23.0,1.0,0.0,0.0,0.0,0.0,0
C1527,0.0,0.0,0.0,175.0,175.0,1.0,0.0,0
C15270,1.0,1.0,0.0,0.0,0.0,0.0,0.0,0
C15274,1.0,1.0,0.0,0.0,0.0,0.0,0.0,0
C1528,0.0,0.0,0.0,0.0,69.0,0.0,5.606323411779565,0
C15285,1133.0,18.0,0.0,0.0,0.0,0.0,0.0,0
C15288,9.0,8.0,0.0,0.0,0.0,0.0,0.0,0
C1529,0.0,0.0,0.0,0.0,195.0,0.0,0.0,0
C15292,5.0,5.0,0.0,0.0,0.0,0.0,0.0,0
C15293,129.0,9.0,0.0,0.0,0.0,0.0,0.0,0
C153,0.0,0.0,0.0,0.0,81.0,0.0,0.33890455942407277,0
C15303,780.0,17.0,0.0,0.0,0.0,0.0,0.0,0
C1531,0.0,0.0,0.0,0.0,119.0,0.0,0.0,0
C15312,5.0,5.0,0.0,0.0,0.0,0.0,0.0,0
C15317,45.0,15.0,0.0,0.0,0.0,0.0,0.0,0
C1532,0.0,0.0,0.0,0.0,185.0,0.0,0.0,0
C15320,9.0,4.0,0.0,0.0,0.0,0.0,0.0,0
C15323,376.0,8.0,0.0,0.0,0.0,0.0,0.0,0
C15328,24.0,16.0,0.0,0.0,0.0,0.0,0.0,0
C1533,0.0,0.0,0.0,0.0,74.0,0.0,0.0,0
C15342,3.0,3.0,0.0,0.0,0.0,0.0,0.0,0
C1535,0.0,0.0,0.0,0.0,66.0,0.0,0.0,0
C15355,546.0,6.0,0.0,0.0,0.0,0.0,0.0,0
C1536,0.0,0.0,0.0,0.0,56.0,0.0,0.0,0
C15365,40.0,15.0,0.0,0.0,0.0,0.0,6.619542794594367,0
C1537,0.0,0.0,0.0,0.0,90.0,0.0,53.84465120195344,0
C15370,1127.0,19.0,0.0,0.0,0.0,0.0,0.0,0
C15376,20.0,11.0,0.0,0.0,0.0,0.0,0.0,0
C1538,0.0,0.0,0.0,0.0,104.0,0.0,4.866458973603335,0
C15380,73.0,17.0,0.0,0.0,0.0,0.0,0.0,0
C15382,3.0,3.0,0.0,0.0,0.0,0.0,0.0,0
C15384,34.0,14.0,0.0,0.0,0.0,0.0,0.0,0
C15386,2.0,2.0,0.0,0.0,0.0,0.0,0.0,0
C1539,0.0,0.0,0.0,0.0,115.0,0.0,0.3660169241779986,0
C15394,919.0,15.0,0.0,0.0,0.0,0.0,0.0,0
C15397,502.0,22.0,1.0,0.0,0.0,0.0,0.0,0
C15399,9.0,7.0,0.0,0.0,0.0,0.0,0.0,0
C154,1386.0,16.0,0.0,0.0,80.0,0.0,23.478844777501788,0
C1540,0.0,0.0,0.0,0.0,125.0,0.0,2.820570033258957,0
C15403,1195.0,21.0,1.0,0.0,0.0,0.0,0.0,0
C15405,6.0,3.0,0.0,0.0,0.0,0.0,0.0,0
C1541,0.0,0.0,0.0,0.0,88.0,0.0,0.0,0
C15412,11.0,7.0,0.0,0.0,0.0,0.0,0.0,0
C15418,16.0,10.0,0.0,0.0,0.0,0.0,0.0,0
C1542,0.0,0.0,0.0,0.0,69.0,0.0,0.0,0
C15423,435.0,21.0,1.0,0.0,0.0,0.0,0.0,0
C1543,0.0,0.0,0.0,0.0,167.0,0.0,36.36833242116785,0
C1544,0.0,0.0,0.0,0.0,126.0,0.0,0.3660169241779986,0
C15440,65.0,3.0,0.0,0.0,0.0,0.0,0.0,0
C15445,1555.0,22.0,1.0,0.0,0.0,0.0,0.0,0
C15449,4.0,3.0,0.0,0.0,0.0,0.0,0.0,0
C1545,0.0,0.0,0.0,0.0,105.0,0.0,0.0,0
C15450,907.0,19.0,0.0,0.0,0.0,0.0,0.0,0
C15453,2.0,2.0,0.0,0.0,0.0,0.0,0.0,0
C1546,0.0,0.0,0.0,0.0,71.0,0.0,0.0,0
C15464,38.0,12.0,0.0,0.0,0.0,0.0,0.0,0
C1547,0.0,0.0,0.0,0.0,210.0,0.0,7.008714688670905,0
C15475,8.0,7.0,0.0,0.0,0.0,0.0,0.0,0
C15476,39.0,3.0,0.0,0.0,0.0,0.0,0.16385298699111692,0
C15477,463.0,19.0,0.0,0.0,0.0,0.0,0.0,0
C1548,0.0,0.0,0.0,0.0,93.0,0.0,0.0,0
C15480,57.0,10.0,0.0,0.0,0.0,0.0,0.0,0
C15482,18.0,9.0,0.0,0.0,0.0,0.0,0.0,0
C15485,25.0,3.0,0.0,0.0,0.0,0.0,0.0,0
C1549,4.0,3.0,0.0,0.0,63.0,0.0,2.971750936723782,0
C15493,101.0,14.0,0.0,0.0,0.0,0.0,0.0,0
C15495,37.0,18.0,0.0,0.0,0.0,0.0,0.0,0
C15498,2205.0,21.0,1.0,0.0,0.0,0.0,0.0,0
C155,2.0,2.0,0.0,0.0,79.0,0.0,0.0,0
C1550,0.0,0.0,0.0,0.0,91.0,0.0,45.74798972761335,0
C1551,22.0,5.0,0.0,0.0,52.0,0.0,0.0,0
C15516,8.0,5.0,0.0,0.0,0.0,0.0,0.0,0
C1552,2.0,2.0,0.0,0.0,86.0,0.0,0.0,0
C15520,13.0,4.0,0.0,0.0,0.0,0.0,0.0,0
C15525,17.0,5.0,0.0,0.0,0.0,0.0,0.0,0
C15526,89.0,7.0,0.0,0.0,0.0,0.0,0.0,0
C15527,11.0,6.0,0.0,0.0,0.0,0.0,0.0,0
C15529,1.0,1.0,0.0,0.0,0.0,0.0,0.0,0
C1553,0.0,0.0,0.0,0.0,190.0,0.0,0.7049214836020713,0
C15533,12.0,7.0,0.0,0.0,0.0,0.0,0.0,0
C1554,0.0,0.0,0.0,0.0,162.0,0.0,24.024838967709343,0
C15546,6.0,6.0,0.0,0.0,0.0,0.0,0.0,0
C1555,5.0,3.0,0.0,0.0,61.0,0.0,11.061087020586873,0
C15550,97.0,20.0,0.0,0.0,0.0,0.0,0.0,0
C15555,32.0,3.0,0.0,0.0,0.0,0.0,0.0,0
C15556,1266.0,32.0,1.0,0.0,0.0,0.0,0.0,0
C15558,1.0,1.0,0.0,0.0,0.0,0.0,0.0,0
C1556,0.0,0.0,0.0,0.0,96.0,0.0,38.48591756830716,0
C15563,4.0,4.0,0.0,0.0,0.0,0.0,0.0,0
C1557,0.0,0.0,0.0,0.0,160.0,0.0,0.0,0
C15575,12.0,7.0,0.0,0.0,0.0,0.0,0.0,0
C1558,191.0,14.0,0.0,0.0,140.0,0.0,0.0,0
C15580,3.0,1.0,0.0,0.0,0.0,0.0,0.0,0
C15586,20.0,11.0,0.0,0.0,0.0,0.0,0.0,0
C1559,0.0,0.0,0.0,0.0,155.0,0.0,0.0,0
C15591,1.0,1.0,0.0,0.0,0.0,0.0,0.0,0
C15593,5.0,1.0,0.0,0.0,0.0,0.0,0.0,0
C15595,5.0,4.0,0.0,0.0,0.0,0.0,0.0,0
C156,7.0,5.0,0.0,0.0,57.0,0.0,0.13547762387908896,0
C1560,0.0,0.0,0.0,0.0,105.0,0.0,0.0,0
C15604,300.0,18.0,0.0,0.0,0.0,0.0,0.0,0
C15607,4.0,4.0,0.0,0.0,0.0,0.0,0.0,0
C15609,1036.0,18.0,0.0,0.0,0.0,0.0,0.0,0
C1561,0.0,0.0,0.0,0.0,115.0,0.0,1.2706605481412874,0
C15615,1031.0,20.0,0.0,0.0,0.0,0.0,0.0,0
C15616,1.0,1.0,0.0,0.0,0.0,0.0,0.0,0
C15618,1040.0,18.0,0.0,0.0,0.0,0.0,0.0,0
C1562,0.0,0.0,0.0,0.0,123.0,0.0,6.827263924556898,0
C15624,4.0,3.0,0.0,0.0,0.0,0.0,0.0,0
C15626,1387.0,19.0,0.0,0.0,0.0,0.0,0.0,0
C15628,1017.0,22.0,1.0,0.0,0.0,0.0,0.0,0
C1563,0.0,0.0,0.0,0.0,107.0,0.0,0.0,0
C15632,1.0,1.0,0.0,0.0,0.0,0.0,0.0,0
C1564,0.0,0.0,0.0,0.0,86.0,0.0,0.0,0
C15640,1053.0,29.0,1.0,0.0,0.0,0.0,0.0,0
C15642,1.0,1.0,0.0,0.0,0.0,0.0,0.0,0
C15644,1026.0,13.0,0.0,0.0,0.0,0.0,0.0,0
C15646,42.0,16.0,0.0,0.0,0.0,0.0,0.0,0
C1565,0.0,0.0,0.0,0.0,95.0,0.0,4.553109080958195,0
C15656,21.0,16.0,0.0,0.0,0.0,0.0,0.0,0
C1566,13.0,5.0,0.0,0.0,81.0,0.0,0.0,0
C15667,17.0,9.0,0.0,0.0,0.0,0.0,0.0,0
C1567,0.0,0.0,0.0,1.0,434.0,0.0,132.86149118006148,0
C15678,961.0,21.0,1.0,0.0,0.0,0.0,0.0,0
C1568,0.0,0.0,0.0,0.0,125.0,0.0,11.215846419399655,0
C1569,0.0,0.0,0.0,0.0,90.0,0.0,0.0,0
C15699,531.0,17.0,0.0,0.0,0.0,0.0,0.0,0
C157,0.0,0.0,0.0,0.0,82.0,0.0,4.075148402307077,0
C1570,0.0,0.0,0.0,0.0,361.0,0.0,22.812823643329263,0
C15701,11.0,5.0,0.0,0.0,0.0,0.0,0.0,0
C15708,2.0,1.0,0.0,0.0,0.0,0.0,0.0,0
C15709,18.0,2.0,0.0,0.0,0.0,0.0,0.0,0
C1571,0.0,0.0,0.0,0.0,95.0,0.0,0.0,0
C1572,5.0,5.0,0.0,0.0,65.0,0.0,1.0581400244179682,0
C15720,1.0,1.0,0.0,0.0,0.0,0.0,0.0,0
C15722,5597.0,19.0,0.0,0.0,0.0,0.0,0.0,0
C1573,0.0,0.0,0.0,0.0,150.0,0.0,0.0,0
C15731,6.0,3.0,0.0,0.0,0.0,0.0,0.0,0
C15733,859.0,11.0,0.0,0.0,0.0,0.0,0.0,0
C1574,0.0,0.0,0.0,0.0,109.0,0.0,0.7049214836020713,0
C15746,78.0,16.0,0.0,0.0,0.0,0.0,0.0,0
C15748,84.0,15.0,0.0,0.0,0.0,0.0,0.0,0
C1575,11.0,4.0,0.0,0.0,98.0,0.0,0.0,0
C15751,2.0,2.0,0.0,0.0,0.0,0.0,0.0,0
C15753,1479.0,24.0,1.0,0.0,0.0,0.0,0.0,0
C1576,4.0,4.0,0.0,0.0,397.0,0.0,0.0,0
C15763,54.0,19.0,0.0,0.0,0.0,0.0,0.0,0
C15767,1940.0,22.0,1.0,0.0,0.0,0.0,0.0,0
C1577,0.0,0.0,0.0,0.0,137.0,0.0,4.394729086852187,0
C15770,4.0,2.0,0.0,0.0,0.0,0.0,6.636551172483475,0
C1578,0.0,0.0,0.0,0.0,93.0,0.0,0.3660169241779986,0
C15780,4.0,2.0,0.0,0.0,0.0,0.0,0.0,0
C15782,379.0,16.0,0.0,0.0,0.0,0.0,0.0,0
C15787,2.0,2.0,0.0,0.0,0.0,0.0,0.0,0
C1579,0.0,0.0,0.0,0.0,103.0,0.0,0.0,0
C15792,19.0,12.0,0.0,0.0,0.0,0.0,0.0,0
C15794,9.0,3.0,0.0,0.0,0.0,0.0,0.0,0
C158,0.0,0.0,0.0,0.0,111.0,0.0,0.0,0
C1580,0.0,0.0,0.0,0.0,65.0,0.0,0.5217867216772618,0
C15802,1106.0,22.0,1.0,0.0,0.0,0.0,0.0,0
C15804,28.0,6.0,0.0,0.0,0.0,0.0,0.0,0
C15806,140.0,14.0,0.0,0.0,0.0,0.0,0.0,0
C15809,13.0,8.0,0.0,0.0,0.0,0.0,0.0,0
C1581,5.0,4.0,0.0,8.0,3096.0,0.0,175.39186629057383,0
C15812,25.0,9.0,0.0,0.0,0.0,0.0,0.0,0
C1582,0.0,0.0,0.0,0.0,140.0,0.0,0.0,0
C15828,2.0,2.0,0.0,0.0,0.0,0.0,0.0,0
C1583,0.0,0.0,0.0,0.0,88.0,0.0,6.91108491558961,0
C15832,6.0,6.0,0.0,0.0,0.0,0.0,0.0,0
C15838,1122.0,22.0,1.0,0.0,0.0,0.0,0.0,0
C15839,123.0,17.0,0.0,0.0,0.0,0.0,0.0,0
C1584,1.0,1.0,0.0,0.0,173.0,0.0,27.65524354818339,0
C15843,327.0,18.0,0.0,0.0,0.0,0.0,0.0,0
C1585,15.0,9.0,0.0,1.0,123.0,0.0,0.0,0
C15855,581.0,17.0,0.0,0.0,0.0,0.0,0.0,0
C1586,0.0,0.0,0.0,1.0,608.0,0.0,0.0,0
C15865,6.0,3.0,0.0,0.0,0.0,0.0,0.0,0
C1587,0.0,0.0,0.0,0.0,92.0,0.0,5.835178714267672,0
C1588,0.0,0.0,0.0,0.0,96.0,0.0,0.0,0
C15880,2.0,2.0,0.0,0.0,0.0,0.0,0.0,0
C15882,10.0,7.0,0.0,0.0,0.0,0.0,0.0,0
C1589,95.0,12.0,0.0,0.0,144.0,0.0,0.0,0
C15897,31.0,12.0,0.0,0.0,0.0,0.0,0.0,0
C15899,6.0,5.0,0.0,0.0,0.0,0.0,0.0,0
C159,1611.0,22.0,1.0,0.0,63.0,0.0,24.82229613101503,0
C1590,30.0,17.0,0.0,0.0,313.0,0.0,1.205910832315918,0
C15906,17.0,10.0,0.0,0.0,0.0,0.0,0.0,0
C15908,181.0,7.0,0.0,0.0,0.0,0.0,0.0,0
C1591,90.0,10.0,0.0,0.0,94.0,0.0,6.145160611291205,0
C15911,1.0,1.0,0.0,0.0,0.0,0.0,0.0,0
C15913,61.0,5.0,0.0,0.0,0.0,0.0,0.0,0
C15914,1222.0,21.0,1.0,0.0,0.0,0.0,0.0,0
C1592,0.0,0.0,0.0,0.0,179.0,0.0,1.644423862248979,0
C1593,0.0,0.0,0.0,0.0,66.0,0.0,3.4007914789710774,0
C15937,7.0,4.0,0.0,0.0,0.0,0.0,0.0,0
C15948,4.0,4.0,0.0,0.0,0.0,0.0,0.0,0
C1595,0.0,0.0,0.0,0.0,1306.0,0.0,0.0,0
C15950,6.0,6.0,0.0,0.0,0.0,0.0,0.0,0
C15954,5.0,5.0,0.0,0.0,0.0,0.0,0.0,0
C1596,0.0,0.0,0.0,32.0,90.0,0.0,0.0,0
C15964,1.0,1.0,0.0,0.0,0.0,0.0,0.0,0
C1597,0.0,0.0,0.0,0.0,280.0,0.0,0.0,0
C15984,17.0,5.0,0.0,0.0,0.0,0.0,0.0,0
C1599,9.0,7.0,0.0,0.0,62.0,0.0,0.0,0
C15993,3.0,3.0,0.0,0.0,0.0,0.0,0.0,0
C16,0.0,0.0,0.0,0.0,71.0,0.0,0.8277691239001389,0
C160,0.0,0.0,0.0,0.0,83.0,0.0,3.9315875889361345,0
C16001,12.0,8.0,0.0,0.0,0.0,0.0,0.0,0
C16008,1.0,1.0,0.0,0.0,0.0,0.0,0.0,0
C1601,4.0,3.0,0.0,0.0,198.0,0.0,0.06778091188481455,0
C1602,0.0,0.0,0.0,0.0,114.0,0.0,35.25643076664,0
C16026,4.0,3.0,0.0,0.0,0.0,0.0,0.0,0
C16029,1.0,1.0,0.0,0.0,0.0,0.0,0.03772155096198375,0
C1603,0.0,0.0,0.0,0.0,120.0,0.0,0.0,0
C16032,143.0,15.0,0.0,0.0,0.0,0.0,0.0,0
C16033,666.0,23.0,1.0,0.0,0.0,0.0,0.0,0
C16036,5.0,4.0,0.0,0.0,0.0,0.0,0.0,0
C1604,1.0,1.0,0.0,0.0,100.0,0.0,0.0,0
C16045,21.0,6.0,0.0,0.0,0.0,0.0,0.0,0
C16054,1175.0,22.0,1.0,0.0,0.0,0.0,3.3890455942407276,0
C16055,331.0,22.0,1.0,0.0,0.0,0.0,0.0,0
C16060,2.0,2.0,0.0,0.0,0.0,0.0,0.0,0
C16061,2.0,2.0,0.0,0.0,0.0,0.0,0.0,0
C16062,551.0,27.0,1.0,0.0,0.0,0.0,0.0,0
C16065,364.0,25.0,1.0,0.0,0.0,0.0,0.0,0
C16067,1148.0,21.0,1.0,0.0,0.0,0.0,0.0,0
C16069,236.0,23.0,1.0,0.0,0.0,0.0,0.0,0
C1607,0.0,0.0,0.0,0.0,179.0,0.0,7.6323411779564685,0
C16070,602.0,19.0,0.0,0.0,0.0,0.0,0.0,0
C16071,229.0,19.0,0.0,0.0,0.0,0.0,0.0,0
C16072,113.0,17.0,0.0,0.0,0.0,0.0,0.0,0
C16073,9587.0,17.0,0.0,0.0,0.0,0.0,0.0,0
C16076,13.0,10.0,0.0,0.0,0.0,0.0,0.0,0
C16079,2244.0,25.0,1.0,0.0,0.0,0.0,0.0,0
C1608,0.0,0.0,0.0,0.0,67.0,0.0,0.0,0
C16080,28.0,1.0,0.0,0.0,0.0,0.0,0.0,0
C16085,111.0,15.0,0.0,0.0,0.0,0.0,0.0,0
C16087,168.0,19.0,0.0,0.0,0.0,0.0,0.0,0
C16088,30.0,14.0,0.0,0.0,0.0,0.0,0.0,0
C1609,0.0,0.0,0.0,0.0,123.0,0.0,129.65562244769083,0
C16096,681.0,15.0,0.0,0.0,0.0,0.0,0.0,0
C161,1118.0,24.0,1.0,0.0,231.0,0.0,53.79754136319623,0
C1610,15.0,8.0,0.0,0.0,95.0,0.0,0.0,0
C16103,2356.0,26.0,1.0,0.0,0.0,0.0,0.0,0
C1611,0.0,0.0,0.0,1.0,444.0,0.0,250.77855428787942,0
C1613,1.0,1.0,0.0,0.0,66.0,0.0,0.0,0
C16130,579.0,19.0,0.0,0.0,0.0,0.0,0.0,0
C16137,196.0,22.0,1.0,0.0,0.0,0.0,3.368164021386772,0
C16146,139.0,13.0,0.0,0.0,0.0,0.0,0.0,0
C16148,54.0,12.0,0.0,0.0,0.0,0.0,0.0,0
C1615,0.0,0.0,0.0,0.0,79.0,0.0,0.0,0
C16152,21.0,10.0,0.0,0.0,0.0,0.0,0.0,0
C16156,9.0,3.0,0.0,0.0,0.0,0.0,0.0,0
C16158,6.0,2.0,0.0,0.0,0.0,0.0,0.0,0
C1616,0.0,0.0,0.0,0.0,61.0,0.0,13.676293520818422,0
C16168,257.0,23.0,1.0,0.0,0.0,0.0,0.0,0
C16169,3.0,2.0,0.0,0.0,0.0,0.0,0.0,0
C16177,4.0,4.0,0.0,0.0,0.0,0.0,0.0,0
C16179,608.0,22.0,1.0,0.0,0.0,0.0,0.0,0
C1618,0.0,0.0,0.0,6.0,8434.0,0.0,0.0,0
C16182,13.0,9.0,0.0,0.0,0.0,0.0,0.0,0
C16184,27.0,14.0,0.0,0.0,0.0,0.0,0.0,0
C1619,0.0,0.0,0.0,12.0,19340.0,0.0,0.0,0
C16191,27.0,14.0,0.0,0.0,0.0,0.0,0.0,0
C162,0.0,0.0,0.0,0.0,55.0,0.0,0.0,0
C16204,2.0,2.0,0.0,0.0,0.0,0.0,0.0,0
C1621,1.0,1.0,0.0,0.0,1519.0,0.0,0.0,0
C1622,3.0,3.0,0.0,0.0,312.0,0.0,0.38660379741506334,0
C16226,48.0,15.0,0.0,0.0,0.0,0.0,0.0,0
C16228,40.0,5.0,0.0,0.0,0.0,0.0,0.0,0
C1623,105.0,19.0,0.0,0.0,102.0,0.0,0.0,0
C16230,32.0,2.0,0.0,0.0,0.0,0.0,0.0,0
C1624,1042.0,17.0,0.0,0.0,192.0,0.0,4.435439733928346,0
C16242,486.0,8.0,0.0,0.0,0.0,0.0,0.0,0
C16247,678.0,25.0,1.0,0.0,0.0,0.0,0.0,0
C1625,200.0,15.0,0.0,0.0,89.0,0.0,0.0,0
C1626,0.0,0.0,0.0,0.0,126.0,0.0,0.0,0
C16266,3.0,2.0,0.0,0.0,0.0,0.0,0.0,0
C16268,3.0,1.0,0.0,0.0,0.0,0.0,0.0,0
C1627,0.0,0.0,0.0,0.0,149.0,0.0,84.91739990738012,0
C16277,10.0,6.0,0.0,0.0,0.0,0.0,0.0,0
C1628,6.0,6.0,0.0,0.0,411.0,0.0,322.5881783353682,0
C16289,10.0,7.0,0.0,0.0,0.0,0.0,0.0,0
C16291,8.0,5.0,0.0,0.0,0.0,0.0,0.0,0
C163,3.0,3.0,0.0,0.0,99.0,0.0,0.0,0
C1630,6.0,3.0,0.0,0.0,123.0,0.0,19.412874163263588,0
C16307,13.0,3.0,0.0,0.0,0.0,0.0,0.0,0
C16312,19.0,14.0,0.0,0.0,0.0,0.0,0.0,0
C16316,7.0,5.0,0.0,0.0,0.0,0.0,0.0,0
C1632,0.0,0.0,0.0,0.0,67.0,0.0,0.0,0
C1633,91.0,14.0,0.0,0.0,630.0,0.0,0.0,0
C16334,42.0,11.0,0.0,0.0,0.0,0.0,0.0,0
C1634,2.0,1.0,0.0,0.0,1425.0,0.0,0.0,0
C16341,5.0,4.0,0.0,0.0,0.0,0.0,0.0,0
C16351,1.0,1.0,0.0,0.0,0.0,0.0,0.0,0
C1636,0.0,0.0,0.0,0.0,1453.0,0.0,0.0,0
C16363,1151.0,21.0,1.0,0.0,0.0,0.0,0.0,0
C16366,4.0,1.0,0.0,0.0,0.0,0.0,0.0,0
C1637,4.0,3.0,0.0,0.0,127.0,0.0,0.0,0
C16377,17.0,10.0,0.0,0.0,0.0,0.0,0.0,0
C1638,1.0,1.0,0.0,0.0,59.0,0.0,32.738601439818126,0
C16383,10.0,6.0,0.0,0.0,0.0,0.0,0.0,0
C16387,2.0,2.0,0.0,0.0,0.0,0.0,0.0,0
C16397,5156.0,39.0,1.0,0.0,0.0,0.0,2.341514756030817,0
C164,3.0,3.0,0.0,0.0,112.0,0.0,8.001178798467562,0
C16403,28.0,14.0,0.0,0.0,0.0,0.0,0.0,0
C16407,18.0,10.0,0.0,0.0,0.0,0.0,0.0,0
C1641,28.0,9.0,0.0,0.0,145.0,0.0,0.0,0
C16414,2.0,2.0,0.0,0.0,0.0,0.0,0.0,0
C1643,0.0,0.0,0.0,0.0,442.0,0.0,6.565486464867596,0
C16432,1.0,1.0,0.0,0.0,0.0,0.0,0.0,0
C1644,4.0,2.0,0.0,0.0,555.0,0.0,0.0,0
C16440,2.0,2.0,0.0,0.0,0.0,0.0,0.0,0
C16447,39.0,14.0,0.0,0.0,0.0,0.0,0.0,0
C16449,54.0,4.0,0.0,0.0,0.0,0.0,0.0,0
C1645,1931.0,22.0,1.0,0.0,177.0,0.0,48.575043152443904,0
C16451,6.0,3.0,0.0,0.0,0.0,0.0,0.0,0
C16459,1.0,1.0,0.0,0.0,0.0,0.0,0.0,0
C1646,6.0,3.0,0.0,3.0,903.0,0.0,4.518923925398897,0
C16467,5.0,5.0,0.0,0.0,0.0,0.0,0.0,0
C1647,99.0,15.0,0.0,0.0,98.0,0.0,0.0,0
C16478,12.0,9.0,0.0,0.0,0.0,0.0,0.0,0
C1648,38.0,9.0,0.0,0.0,115.0,0.0,0.0,0
C16484,8.0,6.0,0.0,0.0,0.0,0.0,0.0,0
C1649,95.0,15.0,0.0,0.0,666.0,0.0,0.33890455942407277,0
C16490,1564.0,27.0,1.0,0.0,0.0,0.0,0.0,0
C16492,6.0,5.0,0.0,0.0,0.0,0.0,0.0,0
C16496,31.0,5.0,0.0,0.0,0.0,0.0,0.0,0
C165,0.0,0.0,0.0,0.0,119.0,0.0,5.827221824611628,0
C1650,0.0,0.0,0.0,0.0,133.0,0.0,0.7049214836020713,0
C16502,5.0,5.0,0.0,0.0,0.0,0.0,0.0,0
C16507,840.0,25.0,1.0,0.0,0.0,0.0,1.8276007241190586,0
C16508,8.0,6.0,0.0,0.0,0.0,0.0,0.0,0
C1651,0.0,0.0,0.0,0.0,121.0,0.0,0.0,0
C16510,28.0,14.0,0.0,0.0,0.0,0.0,0.0,0
C16518,11.0,9.0,0.0,0.0,0.0,0.0,0.0,0
C1652,51.0,14.0,0.0,0.0,135.0,0.0,0.0,0
C16520,1184.0,28.0,1.0,0.0,0.0,0.0,0.0,0
C16526,8.0,4.0,0.0,0.0,0.0,0.0,0.0,0
C1653,2265.0,23.0,1.0,0.0,105.0,0.0,0.0,0
C16535,2.0,2.0,0.0,0.0,0.0,0.0,0.0,0
C16539,96.0,15.0,0.0,0.0,0.0,0.0,0.0,0
C1654,2.0,2.0,0.0,2.0,66.0,0.0,63.77539679198417,0
C1655,0.0,0.0,0.0,0.0,212.0,0.0,0.33890455942407277,0
C16555,10.0,8.0,0.0,0.0,0.0,0.0,0.0,0
C16557,414.0,30.0,1.0,0.0,0.0,0.0,0.0,0
C1656,36.0,13.0,0.0,0.0,102.0,0.0,0.0,0
C16561,2.0,2.0,0.0,0.0,0.0,0.0,0.0,0
C16569,46.0,14.0,0.0,0.0,0.0,0.0,0.0,0
C1657,3.0,2.0,0.0,0.0,107.0,0.0,0.0,0
C16578,2.0,2.0,0.0,0.0,0.0,0.0,0.0,0
C1658,0.0,0.0,0.0,0.0,8.0,0.0,0.0,0
C16580,8.0,7.0,0.0,0.0,0.0,0.0,0.0,0
C16583,24.0,10.0,0.0,0.0,0.0,0.0,0.0,0
C16587,12.0,6.0,0.0,0.0,0.0,0.0,0.0,0
C1659,0.0,0.0,0.0,0.0,94.0,0.0,0.0,0
C16590,39.0,16.0,0.0,0.0,0.0,0.0,0.0,0
C16598,1.0,1.0,0.0,0.0,0.0,0.0,0.0,0
C166,0.0,0.0,0.0,0.0,122.0,0.0,0.0,0
C1660,1.0,1.0,0.0,0.0,115.0,0.0,0.0,0
C1661,0.0,0.0,0.0,0.0,107.0,0.0,0.0,0
C16614,2.0,2.0,0.0,0.0,0.0,0.0,0.0,0
C16616,32.0,11.0,0.0,0.0,0.0,0.0,0.0,0
C16618,1.0,1.0,0.0,0.0,0.0,0.0,0.0,0
C16627,26.0,12.0,0.0,0.0,0.0,0.0,0.0,0
C1663,0.0,0.0,0.0,0.0,217.0,0.0,79.72294026017767,0
C16633,14.0,11.0,0.0,0.0,0.0,0.0,0.0,0
C1664,1.0,1.0,0.0,1.0,7.0,0.0,0.0,0
C16640,44.0,3.0,0.0,0.0,0.0,0.0,6.6101124068538715,0
C16645,2.0,2.0,0.0,0.0,0.0,0.0,0.0,0
C1665,0.0,0.0,0.0,0.0,83.0,0.0,0.031743358733633646,0
C16653,93.0,16.0,0.0,0.0,0.0,0.0,0.0,0
C1666,10.0,6.0,0.0,0.0,1286.0,0.0,0.0,0
C1667,9.0,3.0,0.0,0.0,98.0,0.0,0.0,0
C16671,52.0,16.0,0.0,0.0,0.0,0.0,0.0,0
C16675,1309.0,19.0,0.0,0.0,0.0,0.0,0.0,0
C1668,0.0,0.0,0.0,0.0,111.0,0.0,0.0,0
C1669,4.0,3.0,0.0,0.0,1355.0,0.0,0.0,0
C16694,133.0,13.0,0.0,0.0,0.0,0.0,0.0,0
C16698,111.0,16.0,0.0,0.0,0.0,0.0,0.0,0
C167,85.0,11.0,0.0,0.0,71.0,0.0,0.0,0
C1670,0.0,0.0,0.0,0.0,126.0,0.0,8.820780532985307,0
C16700,99.0,15.0,0.0,0.0,0.0,0.0,0.0,0
C16706,1.0,1.0,0.0,0.0,0.0,0.0,0.0,0
C1671,0.0,0.0,0.0,0.0,178.0,0.0,7.13610912305814,0
C16711,30.0,4.0,0.0,0.0,0.0,0.0,0.0,0
C16714,1.0,1.0,0.0,0.0,0.0,0.0,0.0,0
C1672,0.0,0.0,0.0,0.0,289.0,0.0,4.489327663874037,0
C16724,3.0,3.0,0.0,0.0,0.0,0.0,0.0,0
C16727,60.0,18.0,0.0,0.0,0.0,0.0,0.0,0
C1673,1.0,1.0,0.0,0.0,405.0,0.0,0.0,0
C16739,15.0,8.0,0.0,0.0,0.0,0.0,0.0,0
C1674,0.0,0.0,0.0,0.0,130.0,0.0,0.0,0
C16744,5.0,4.0,0.0,0.0,0.0,0.0,0.0,0
C1675,0.0,0.0,0.0,0.0,93.0,0.0,0.0,0
C16756,5.0,4.0,0.0,0.0,0.0,0.0,0.0,0
C16758,14.0,7.0,0.0,0.0,0.0,0.0,0.0,0
C16760,1.0,1.0,0.0,0.0,0.0,0.0,0.0,0
C1677,0.0,0.0,0.0,0.0,148.0,0.0,0.0,0
C16775,1.0,1.0,0.0,0.0,0.0,0.0,0.0,0
C16777,8.0,6.0,0.0,0.0,0.0,0.0,0.0,0
C1678,3.0,3.0,0.0,0.0,317.0,0.0,0.0,0
C16787,25.0,7.0,0.0,0.0,0.0,0.0,0.0,0
C1679,4.0,2.0,0.0,2.0,2582.0,0.0,0.0,0
C16796,15.0,11.0,0.0,0.0,0.0,0.0,0.0,0
C168,0.0,0.0,0.0,0.0,97.0,0.0,0.0,0
C1680,0.0,0.0,0.0,0.0,57.0,0.0,0.2746600429419442,0
C16809,2.0,2.0,0.0,0.0,0.0,0.0,0.0,0
C1681,6.0,4.0,0.0,0.0,3194.0,0.0,0.0,0
C16811,1070.0,23.0,1.0,0.0,0.0,0.0,0.0,0
C16814,11.0,11.0,0.0,0.0,0.0,0.0,0.0,0
C1682,0.0,0.0,0.0,0.0,86.0,0.0,0.0,0
C16825,412.0,24.0,1.0,0.0,0.0,0.0,0.0,0
C16828,39.0,20.0,0.0,0.0,0.0,0.0,0.0,0
C16839,182.0,22.0,1.0,0.0,0.0,0.0,0.0,0
C1684,28.0,8.0,0.0,0.0,95.0,0.0,0.0,0
C1685,0.0,0.0,0.0,0.0,99.0,0.0,3552171.903254326,0
C16852,47.0,13.0,0.0,0.0,0.0,0.0,0.0,0
C1686,0.0,0.0,0.0,0.0,124.0,0.0,0.0,0
C16860,2.0,2.0,0.0,0.0,0.0,0.0,0.0,0
C16888,8.0,6.0,0.0,0.0,0.0,0.0,0.0,0
C1689,0.0,0.0,0.0,0.0,1526.0,0.0,0.0,0
C16896,6.0,2.0,0.0,0.0,0.0,0.0,0.0,0
C16897,8.0,3.0,0.0,0.0,0.0,0.0,0.0,0
C169,0.0,0.0,0.0,0.0,132.0,0.0,4.68597650823054,0
C1690,0.0,0.0,0.0,0.0,99.0,0.0,0.0,0
C16907,4.0,2.0,0.0,0.0,0.0,0.0,0.0,0
C1691,25.0,5.0,0.0,0.0,6182.0,0.0,0.0,0
C16916,17.0,11.0,0.0,0.0,0.0,0.0,0.0,0
C1692,662.0,14.0,0.0,284.0,337.0,1.0,0.0,0
C16921,5.0,3.0,0.0,0.0,0.0,0.0,0.0,0
C16924,27.0,14.0,0.0,0.0,0.0,0.0,0.0,0
C1693,0.0,0.0,0.0,0.0,4.0,0.0,0.0,0
C16933,4.0,3.0,0.0,0.0,0.0,0.0,0.0,0
C16936,3.0,3.0,0.0,0.0,0.0,0.0,0.0,0
C16937,1.0,1.0,0.0,0.0,0.0,0.0,0.0,0
C16939,62.0,10.0,0.0,0.0,0.0,0.0,0.0,0
C1694,106.0,14.0,0.0,0.0,97.0,0.0,0.0,0
C16945,1027.0,19.0,0.0,0.0,0.0,0.0,0.0,0
C16947,20.0,15.0,0.0,0.0,0.0,0.0,0.0,0
C1695,6.0,5.0,0.0,0.0,103.0,0.0,0.0,0
C16953,23.0,14.0,0.0,0.0,0.0,0.0,0.0,0
C16957,663.0,7.0,0.0,0.0,0.0,0.0,0.0,0
C16963,6.0,6.0,0.0,0.0,0.0,0.0,0.0,0
C16969,802.0,23.0,1.0,0.0,0.0,0.0,0.0,0
C1697,3.0,2.0,0.0,0.0,1587.0,0.0,309.00959878752155,0
C16972,2.0,2.0,0.0,0.0,0.0,0.0,0.0,0
C1698,0.0,0.0,0.0,0.0,62.0,0.0,3.4430177240769586,0
C16989,7.0,6.0,0.0,0.0,0.0,0.0,0.0,0
C16993,7.0,3.0,0.0,0.0,0.0,0.0,0.0,0
C17,21.0,11.0,0.0,0.0,204.0,0.0,6.881951753462721,0
C170,0.0,0.0,0.0,0.0,88.0,0.0,0.0,0
C1700,16.0,13.0,0.0,0.0,164.0,0.0,35.61520650023155,0
C17003,1.0,1.0,0.0,0.0,0.0,0.0,0.0,0
C17009,645.0,7.0,0.0,0.0,0.0,0.0,0.0,0
C1701,0.0,0.0,0.0,0.0,118.0,0.0,4.70997347703448,0
C17013,56.0,17.0,0.0,0.0,0.0,0.0,0.0,0
C17019,13.0,9.0,0.0,0.0,0.0,0.0,0.0,0
C1702,3.0,3.0,0.0,0.0,54.0,0.0,0.8901612427903843,0
C17023,989.0,7.0,0.0,0.0,0.0,0.0,0.0,0
C1703,0.0,0.0,0.0,1.0,3392.0,0.0,0.0,0
C17033,74.0,13.0,0.0,0.0,0.0,0.0,0.0,0
C1704,41.0,9.0,0.0,0.0,123.0,0.0,0.0,0
C17043,349.0,16.0,0.0,0.0,0.0,0.0,0.0,0
C1705,137.0,16.0,0.0,0.0,609.0,0.0,0.18233486296467816,0
C17050,6.0,3.0,0.0,0.0,0.0,0.0,0.0,0
C17055,1106.0,23.0,1.0,0.0,0.0,0.0,0.0,0
C1706,0.0,0.0,0.0,0.0,107.0,0.0,0.0,0
C17060,4.0,4.0,0.0,0.0,0.0,0.0,0.0,0
C17065,652.0,27.0,1.0,0.0,0.0,0.0,0.0,0
C1707,3.0,1.0,0.0,0.0,62.0,0.0,3538832.12305814,0
C17070,18.0,2.0,0.0,0.0,0.0,0.0,0.0,0
C17076,640.0,18.0,0.0,0.0,0.0,0.0,0.0,0
C17078,3.0,1.0,0.0,0.0,0.0,0.0,0.0,0
C17080,12.0,3.0,0.0,0.0,0.0,0.0,0.0,0
C17082,1269.0,22.0,1.0,0.0,0.0,0.0,0.0,0
C17083,1004.0,23.0,1.0,0.0,0.0,0.0,0.0,0
C1709,0.0,0.0,0.0,0.0,2755.0,0.0,0.0,0
C17090,276.0,22.0,1.0,0.0,0.0,0.0,0.0,0
C17094,8.0,8.0,0.0,0.0,0.0,0.0,0.0,0
C171,0.0,0.0,0.0,0.0,89.0,0.0,0.0,0
C1710,3.0,1.0,0.0,72.0,19354.0,0.0,0.0,0
C1711,0.0,0.0,0.0,0.0,117.0,0.0,0.0,0
C17113,1.0,1.0,0.0,0.0,0.0,0.0,0.0,0
C17117,24.0,14.0,0.0,0.0,0.0,0.0,0.0,0
C17119,3.0,2.0,0.0,0.0,0.0,0.0,0.0,0
C1712,92.0,17.0,0.0,0.0,200.0,0.0,0.33890455942407277,0
C1713,0.0,0.0,0.0,0.0,730.0,0.0,0.0,0
C17135,7.0,5.0,0.0,0.0,0.0,0.0,0.0,0
C1714,44.0,11.0,0.0,0.0,138.0,0.0,0.0,0
C17144,43.0,11.0,0.0,0.0,0.0,0.0,0.0,0
C1715,0.0,0.0,0.0,0.0,210.0,0.0,0.0,0
C17151,7.0,4.0,0.0,0.0,0.0,0.0,0.0,0
C17155,2.0,2.0,0.0,0.0,0.0,0.0,0.0,0
C17157,451.0,26.0,1.0,0.0,0.0,0.0,0.0,0
C1716,0.0,0.0,0.0,0.0,99.0,0.0,5.059445122721341,0
C17167,26.0,10.0,0.0,0.0,0.0,0.0,0.0,0
C1717,35.0,11.0,0.0,0.0,189.0,0.0,0.33890455942407277,0
C17178,615.0,20.0,0.0,0.0,0.0,0.0,0.0,0
C1718,72.0,14.0,0.0,0.0,117.0,0.0,0.0,0
C17181,58.0,6.0,0.0,0.0,0.0,0.0,0.0,0
C1719,4.0,3.0,0.0,0.0,178.0,0.0,0.06357091735780744,0
C17192,11.0,8.0,0.0,0.0,0.0,0.0,0.0,0
C172,8.0,4.0,0.0,0.0,147.0,0.0,8.48528606912811,0
C1720,0.0,0.0,0.0,0.0,158.0,0.0,0.0,0
C17205,165.0,17.0,0.0,0.0,0.0,0.0,0.0,0
C17206,87.0,12.0,0.0,0.0,0.0,0.0,0.0,0
C17208,43.0,5.0,0.0,0.0,0.0,0.0,0.0,0
C1721,0.0,0.0,0.0,0.0,199.0,0.0,0.5707489580263546,0
C17219,679.0,6.0,0.0,0.0,0.0,0.0,0.0,0
C1722,52.0,14.0,0.0,0.0,331.0,0.0,0.0,0
C17225,1.0,1.0,0.0,0.0,0.0,0.0,0.0,0
C1723,0.0,0.0,0.0,0.0,99.0,0.0,1.4009177788068876,0
C17232,38.0,4.0,0.0,0.0,0.0,0.0,0.0,0
C17238,1.0,1.0,0.0,0.0,0.0,0.0,0.0,0
C1724,21.0,7.0,0.0,0.0,88.0,0.0,0.0,0
C17240,6.0,5.0,0.0,0.0,0.0,0.0,0.0,0
C17246,599.0,19.0,0.0,0.0,0.0,0.0,0.0,0
C1725,0.0,0.0,0.0,0.0,111.0,0.0,0.0,0
C1726,127.0,18.0,0.0,0.0,175.0,0.0,0.33890455942407277,0
C17262,31.0,10.0,0.0,0.0,0.0,0.0,0.0,0
C17269,947.0,18.0,0.0,0.0,0.0,0.0,0.0,0
C1727,0.0,0.0,0.0,0.0,4979.0,0.0,0.0,0
C17276,72.0,5.0,0.0,0.0,0.0,0.0,4.3214751820822634,0
C17277,704.0,20.0,0.0,0.0,0.0,0.0,0.0,0
C17279,1049.0,18.0,0.0,0.0,0.0,0.0,0.0,0
C1728,46.0,14.0,0.0,0.0,122.0,0.0,0.0,0
C17286,385.0,22.0,1.0,0.0,0.0,0.0,0.0,0
C1729,48.0,8.0,0.0,0.0,104.0,0.0,0.0,0
C17291,988.0,25.0,1.0,0.0,0.0,0.0,0.0,0
C173,0.0,0.0,0.0,0.0,119.0,0.0,7.002525996716204,0
C1730,0.0,0.0,0.0,4.0,68.0,0.0,20.42070475308382,0
C17300,1.0,1.0,0.0,0.0,0.0,0.0,0.0,0
C1731,3.0,3.0,0.0,0.0,878.0,0.0,0.0,0
C17310,3.0,2.0,0.0,0.0,0.0,0.0,0.0,0
C1732,1.0,1.0,0.0,0.0,867.0,0.0,0.0,0
C17322,1.0,1.0,0.0,0.0,0.0,0.0,0.0,0
C1733,98.0,15.0,0.0,0.0,98.0,0.0,0.0,0
C17332,9.0,6.0,0.0,0.0,0.0,0.0,0.0,0
C17334,6.0,5.0,0.0,0.0,0.0,0.0,0.0,0
C17338,645.0,22.0,1.0,0.0,0.0,0.0,0.0,0
C1734,0.0,0.0,0.0,0.0,80.0,0.0,0.3660169241779986,0
C17345,334.0,9.0,0.0,0.0,0.0,0.0,0.0,0
C1736,0.0,0.0,0.0,0.0,118.0,0.0,0.0,0
C17360,5.0,3.0,0.0,0.0,0.0,0.0,0.0,0
C17365,428.0,14.0,0.0,0.0,0.0,0.0,0.0,0
C17366,2.0,2.0,0.0,0.0,0.0,0.0,0.0,0
C1737,0.0,0.0,0.0,0.0,1291.0,0.0,0.0,0
C17385,9.0,5.0,0.0,0.0,0.0,0.0,0.0,0
C17387,69.0,8.0,0.0,0.0,0.0,0.0,0.0,0
C17392,2.0,2.0,0.0,0.0,0.0,0.0,0.0,0
C174,0.0,0.0,0.0,0.0,172.0,0.0,5.225782006483391,0
C1740,47.0,12.0,0.0,0.0,136.0,0.0,0.0,0
C17400,1573.0,26.0,1.0,0.0,0.0,0.0,0.0,0
C17402,5.0,5.0,0.0,0.0,0.0,0.0,0.0,0
C17404,26.0,8.0,0.0,0.0,0.0,0.0,0.0,0
C17406,1.0,1.0,0.0,0.0,0.0,0.0,7.2008588388835095,0
C17407,887.0,15.0,0.0,0.0,0.0,0.0,0.0,0
C1741,2.0,2.0,0.0,0.0,116.0,0.0,0.0,0
C17410,8.0,5.0,0.0,0.0,0.0,0.0,0.0,0
C17412,546.0,19.0,0.0,0.0,0.0,0.0,0.0,0
C1742,52.0,11.0,0.0,0.0,112.0,0.0,0.0,0
C17429,3.0,2.0,0.0,0.0,0.0,0.0,0.0,0
C1743,0.0,0.0,0.0,0.0,63.0,0.0,0.0,0
C17437,132.0,8.0,0.0,0.0,0.0,0.0,0.0,0
C1744,0.0,0.0,0.0,2.0,246.0,0.0,10.299499010651287,0
C17443,41.0,4.0,0.0,0.0,0.0,0.0,0.0,0
C1745,0.0,0.0,0.0,0.0,48.0,0.0,0.0,0
C17451,7.0,7.0,0.0,0.0,0.0,0.0,0.0,0
C17456,19.0,12.0,0.0,0.0,0.0,0.0,0.0,0
C1746,82.0,11.0,0.0,0.0,621.0,0.0,0.0,0
C17465,1052.0,20.0,0.0,0.0,0.0,0.0,0.0,0
C1747,6.0,5.0,0.0,0.0,1448.0,0.0,0.0,0
C17476,75.0,4.0,0.0,0.0,0.0,0.0,0.0,0
C1748,643.0,17.0,0.0,0.0,100.0,0.0,0.0,0
C175,0.0,0.0,0.0,0.0,99.0,0.0,7.312044794341768,0
C1750,1222.0,16.0,0.0,3.0,709.0,0.0,0.0,0
C17500,1186.0,23.0,1.0,0.0,0.0,0.0,0.0,0
C17504,14.0,11.0,0.0,0.0,0.0,0.0,0.0,0
C1751,0.0,0.0,0.0,0.0,112.0,0.0,0.0,0
C1752,0.0,0.0,0.0,0.0,69.0,0.0,0.0,0
C17536,1053.0,18.0,0.0,0.0,0.0,0.0,0.0,0
C1754,1121.0,21.0,1.0,0.0,151.0,0.0,41.58110554456279,0
C17544,1.0,1.0,0.0,0.0,0.0,0.0,0.0,0
C1755,1.0,1.0,0.0,0.0,5379.0,0.0,0.0,0
C17552,7388.0,27.0,1.0,0.0,0.0,0.0,0.0,0
C17553,149.0,8.0,0.0,0.0,0.0,0.0,0.0,0
C17562,7.0,2.0,0.0,0.0,0.0,0.0,0.0,0
C17564,1.0,1.0,0.0,0.0,0.0,0.0,0.0,0
C17568,21.0,3.0,0.0,0.0,0.0,0.0,0.0,0
C1757,0.0,0.0,0.0,0.0,162.0,0.0,0.0,0
C17586,5.0,2.0,0.0,0.0,0.0,0.0,0.0,0
C1759,0.0,0.0,0.0,0.0,236.0,0.0,0.31457079105797164,0
C176,0.0,0.0,0.0,0.0,74.0,0.0,0.0,0
C1760,13.0,12.0,0.0,0.0,125.0,0.0,0.0,0
C17602,25.0,14.0,0.0,0.0,0.0,0.0,0.0,0
C17605,6.0,4.0,0.0,0.0,0.0,0.0,0.0,0
C1761,2.0,2.0,0.0,0.0,98.0,0.0,7.123942238875089,0
C17610,2.0,1.0,0.0,0.0,0.0,0.0,0.0,0
C17611,561.0,21.0,1.0,0.0,0.0,0.0,0.0,0
C17614,200.0,21.0,1.0,0.0,0.0,0.0,0.0,0
C1763,14.0,9.0,0.0,0.0,702.0,0.0,8.558539973898034,0
C17636,8.0,5.0,0.0,0.0,0.0,0.0,0.0,0
C17640,0.0,0.0,0.0,0.0,79.0,0.0,8.416747358228434,0
C17644,0.0,0.0,0.0,0.0,117.0,0.0,7.221740411737465,0
C17660,432.0,7.0,0.0,0.0,0.0,0.0,0.0,0
C1767,1.0,1.0,0.0,0.0,217.0,0.0,1.9108323159179894,0
C17676,92.0,16.0,0.0,0.0,0.0,0.0,0.0,0
C1768,2.0,2.0,0.0,0.0,65.0,0.0,0.0,0
C17680,677.0,22.0,1.0,0.0,0.0,0.0,0.0,0
C17682,1570.0,19.0,0.0,0.0,0.0,0.0,0.0,0
C17686,2.0,1.0,0.0,0.0,0.0,0.0,0.0,0
C17691,3.0,1.0,0.0,0.0,0.0,0.0,0.0,0
C177,0.0,0.0,0.0,0.0,82.0,0.0,0.1974487433166337,0
C1770,8.0,4.0,0.0,0.0,772.0,0.0,23.594577527049214,0
C1771,1.0,1.0,0.0,0.0,391.0,0.0,0.0,0
C1772,0.0,0.0,0.0,0.0,2646.0,0.0,0.0,0
C17725,4.0,4.0,0.0,0.0,0.0,0.0,0.0,0
C17729,37.0,3.0,0.0,0.0,0.0,0.0,0.0,0
C17731,155.0,22.0,1.0,0.0,0.0,0.0,42.80684545110091,0
C17733,297.0,11.0,0.0,0.0,0.0,0.0,1.5976929229992,0
C17736,708.0,27.0,1.0,0.0,0.0,0.0,0.0,0
C17738,452.0,23.0,1.0,0.0,0.0,0.0,0.0,0
C1774,7.0,1.0,0.0,0.0,105.0,0.0,0.0,0
C17744,161.0,21.0,1.0,0.0,0.0,0.0,0.0,0
C17746,1.0,1.0,0.0,0.0,0.0,0.0,0.0,0
C1775,0.0,0.0,0.0,0.0,111.0,0.0,0.0,0
C17757,26.0,11.0,0.0,0.0,0.0,0.0,0.0,0
C17759,8.0,7.0,0.0,0.0,0.0,0.0,0.0,0
C1776,0.0,0.0,0.0,0.0,95.0,0.0,40.22860270281649,0
C17763,1.0,1.0,0.0,0.0,0.0,0.0,0.0,0
C17772,1.0,1.0,0.0,0.0,0.0,0.0,0.0,0
C1778,0.0,0.0,0.0,0.0,1468.0,0.0,0.0,0
C17783,13.0,8.0,0.0,0.0,0.0,0.0,0.0,0
C1779,34.0,5.0,0.0,0.0,76.0,0.0,0.0,0
C17794,18.0,11.0,0.0,0.0,0.0,0.0,0.0,0
C178,7.0,6.0,0.0,0.0,175.0,0.0,41.02412326863975,0
C17806,8.0,7.0,0.0,0.0,0.0,0.0,0.0,0
C1781,0.0,0.0,0.0,0.0,116.0,0.0,0.0,0
C17815,273.0,19.0,0.0,0.0,0.0,0.0,0.0,0
C1782,0.0,0.0,0.0,15.0,181.0,0.0,0.0,0
C17823,359.0,23.0,1.0,0.0,0.0,0.0,0.0,0
C17824,172.0,17.0,0.0,0.0,0.0,0.0,0.0,0
C17825,22.0,12.0,0.0,0.0,0.0,0.0,0.0,0
C17835,1373.0,26.0,1.0,0.0,0.0,0.0,0.0,0
C17837,236.0,19.0,0.0,0.0,0.0,0.0,0.0,0
C17839,223.0,12.0,0.0,0.0,0.0,0.0,0.0,0
C1784,4.0,2.0,0.0,0.0,86.0,0.0,2.868100871468867,0
C17845,4.0,4.0,0.0,0.0,0.0,0.0,0.0,0
C17849,11.0,9.0,0.0,0.0,0.0,0.0,0.0,0
C1785,4.0,3.0,0.0,0.0,673.0,0.0,0.0,0
C17853,2.0,2.0,0.0,0.0,0.0,0.0,0.0,0
C17855,6.0,3.0,0.0,0.0,0.0,0.0,0.0,0
C17859,81.0,25.0,0.0,0.0,0.0,0.0,0.0,0
C1786,2.0,2.0,0.0,0.0,902.0,0.0,66.51500863048878,0
C17866,12.0,10.0,0.0,0.0,0.0,0.0,0.0,0
C17869,6.0,6.0,0.0,0.0,0.0,0.0,0.0,0
C1787,31.0,8.0,0.0,0.0,425.0,0.0,3.983833621016293,0
C17872,201.0,12.0,0.0,0.0,0.0,0.0,0.0,0
C1788,187.0,19.0,0.0,0.0,602.0,0.0,1.53850039994948,0
C17881,22.0,10.0,0.0,0.0,0.0,0.0,0.0,0
C17887,240.0,19.0,0.0,0.0,0.0,0.0,0.0,0
C1789,0.0,0.0,0.0,0.0,100.0,0.0,0.0,0
C17890,129.0,22.0,1.0,0.0,0.0,0.0,0.0,0
C17891,70.0,5.0,0.0,0.0,0.0,0.0,0.0,0
C17897,3.0,2.0,0.0,0.0,0.0,0.0,0.0,0
C17899,12.0,5.0,0.0,0.0,0.0,0.0,0.0,0
C179,0.0,0.0,0.0,0.0,60.0,0.0,0.0,0
C1790,0.0,0.0,0.0,0.0,419.0,0.0,11.073885403948974,0
C17905,91.0,19.0,0.0,0.0,0.0,0.0,0.0,0
C17909,3.0,1.0,0.0,0.0,0.0,0.0,0.0,0
C17913,3.0,3.0,0.0,0.0,0.0,0.0,0.0,0
C1792,4.0,1.0,0.0,2.0,145.0,0.0,0.9478381678103819,0
C17922,86.0,13.0,0.0,0.0,0.0,0.0,0.0,0
C17924,37.0,15.0,0.0,0.0,0.0,0.0,0.0,0
C17926,402.0,21.0,1.0,0.0,0.0,0.0,2.3878246958278955,0
C17928,2.0,2.0,0.0,0.0,0.0,0.0,0.0,0
C1793,0.0,0.0,0.0,0.0,131.0,0.0,0.0,0
C17931,4.0,4.0,0.0,0.0,0.0,0.0,0.0,0
C17945,188.0,21.0,1.0,0.0,0.0,0.0,0.0,0
C17948,2.0,2.0,0.0,0.0,0.0,0.0,0.0,0
C1795,0.0,0.0,0.0,7.0,7805.0,0.0,0.0,0
C17950,21.0,3.0,0.0,0.0,0.0,0.0,0.0,0
C17952,45.0,16.0,0.0,0.0,0.0,0.0,0.0,0
C17956,11.0,6.0,0.0,0.0,0.0,0.0,0.0,0
C1796,1676.0,21.0,1.0,0.0,93.0,0.0,29.152149202206036,0
C17968,405.0,16.0,0.0,0.0,0.0,0.0,0.0,0
C17969,927.0,23.0,1.0,0.0,0.0,0.0,0.0,0
C1797,0.0,0.0,0.0,29.0,371.0,0.0,0.0,0
C17978,814.0,19.0,0.0,0.0,0.0,0.0,0.0,0
C1798,0.0,0.0,0.0,0.0,6730.0,0.0,0.0,0
C17986,37.0,13.0,0.0,0.0,0.0,0.0,0.0,0
C1799,0.0,0.0,0.0,0.0,143.0,0.0,4.882120153243801,0
C18,108.0,15.0,0.0,0.0,696.0,0.0,0.33890455942407277,0
C180,0.0,0.0,0.0,0.0,78.0,0.0,0.7219719614364501,0
C1800,690.0,20.0,0.0,0.0,73.0,0.0,0.5470045888940345,0
C18002,2024.0,22.0,1.0,0.0,0.0,0.0,0.0,0
C18004,1.0,1.0,0.0,0.0,0.0,0.0,0.0,0
C1801,32.0,10.0,0.0,0.0,166.0,0.0,0.33890455942407277,0
C18012,455.0,7.0,0.0,0.0,0.0,0.0,0.0,0
C18013,120.0,20.0,0.0,0.0,0.0,0.0,0.0,0
C1802,103.0,17.0,0.0,0.0,616.0,0.0,0.0,0
C18020,1.0,1.0,0.0,0.0,0.0,0.0,0.0,0
C1803,0.0,0.0,0.0,0.0,55.0,0.0,0.0,0
C18031,17.0,3.0,0.0,0.0,0.0,0.0,0.0,0
C18035,12.0,3.0,0.0,0.0,0.0,0.0,0.0,0
C18039,6.0,6.0,0.0,0.0,0.0,0.0,0.0,0
C1804,1094.0,15.0,0.0,0.0,132.0,0.0,107.92960889150844,0
C18041,2.0,2.0,0.0,0.0,0.0,0.0,0.0,0
C18046,1.0,1.0,0.0,0.0,0.0,0.0,0.0,0
C18048,10.0,3.0,0.0,0.0,0.0,0.0,0.0,0
C18054,252.0,16.0,0.0,0.0,0.0,0.0,0.0,0
C1806,0.0,0.0,0.0,0.0,150.0,0.0,0.0,0
C18068,493.0,17.0,0.0,0.0,0.0,0.0,0.0,0
C1807,0.0,0.0,0.0,0.0,92.0,0.0,0.0,0
C18071,77.0,16.0,0.0,0.0,0.0,0.0,0.0,0
C18074,650.0,17.0,0.0,0.0,0.0,0.0,0.0,0
C1808,0.0,0.0,0.0,0.0,104.0,0.0,0.0,0
C18080,1.0,1.0,0.0,0.0,0.0,0.0,0.0,0
C18082,4.0,4.0,0.0,0.0,0.0,0.0,0.0,0
C18090,19.0,4.0,0.0,0.0,0.0,0.0,25.157706394981687,0
C18091,437.0,18.0,0.0,0.0,0.0,0.0,0.0,0
C18097,53.0,17.0,0.0,0.0,0.0,0.0,0.0,0
C181,0.0,0.0,0.0,0.0,109.0,0.0,0.0,0
C1810,1.0,1.0,0.0,0.0,172.0,0.0,0.0,0
C18104,163.0,23.0,1.0,0.0,0.0,0.0,0.0,0
C1812,0.0,0.0,0.0,0.0,53.0,0.0,1.4537532101208268,0
C18121,6.0,6.0,0.0,0.0,0.0,0.0,0.0,0
C1813,60.0,20.0,0.0,0.0,202.0,0.0,0.33890455942407277,0
C18131,17.0,1.0,0.0,0.0,0.0,0.0,0.0,0
C18135,4.0,3.0,0.0,0.0,0.0,0.0,0.0,0
C1814,5.0,3.0,0.0,0.0,65.0,0.0,9.147097208773628,0
C18141,2.0,1.0,0.0,0.0,0.0,0.0,0.0,0
C18147,8.0,6.0,0.0,0.0,0.0,0.0,0.0,0
C1815,14.0,7.0,0.0,0.0,80.0,0.0,5.0119563844567,0
C18150,11.0,6.0,0.0,0.0,0.0,0.0,0.0,0
C18151,7.0,6.0,0.0,0.0,0.0,0.0,0.0,0
C18155,39.0,15.0,0.0,0.0,0.0,0.0,0.0,0
C18157,3.0,1.0,0.0,0.0,0.0,0.0,0.0,0
C18159,1.0,1.0,0.0,0.0,0.0,0.0,0.0,0
C1816,0.0,0.0,0.0,0.0,64.0,0.0,0.0,0
C18163,1005.0,16.0,0.0,0.0,0.0,0.0,0.0,0
C18167,33.0,9.0,0.0,0.0,0.0,0.0,0.0,0
C18169,107.0,16.0,0.0,0.0,0.0,0.0,0.0,0
C1817,0.0,0.0,0.0,0.0,136.0,0.0,0.0,0
C18170,54.0,15.0,0.0,0.0,0.0,0.0,0.0,0
C18174,1460.0,21.0,1.0,0.0,0.0,0.0,0.0,0
C18179,1071.0,21.0,1.0,0.0,0.0,0.0,0.0,0
C1818,1.0,1.0,0.0,0.0,121.0,0.0,7.057634825074728,0
C18180,5.0,4.0,0.0,0.0,0.0,0.0,0.0,0
C18182,1.0,1.0,0.0,0.0,0.0,0.0,0.0,0
C18184,980.0,30.0,1.0,0.0,0.0,0.0,0.040415947459268305,0
C18185,2.0,2.0,0.0,0.0,0.0,0.0,0.0,0
C1819,0.0,0.0,0.0,0.0,357.0,0.0,0.0,0
C18190,14.0,10.0,0.0,0.0,0.0,0.0,0.0,0
C18191,861.0,17.0,0.0,0.0,0.0,0.0,0.0,0
C18197,5.0,4.0,0.0,0.0,0.0,0.0,0.0,0
C182,0.0,0.0,0.0,0.0,164.0,0.0,0.0,0
C1821,2.0,2.0,0.0,0.0,85.0,0.0,3.580389845493201,0
C18215,1.0,1.0,0.0,0.0,0.0,0.0,0.0,0
C18217,472.0,12.0,0.0,0.0,0.0,0.0,0.0,0
C18218,160.0,8.0,0.0,0.0,0.0,0.0,0.0,0
C1822,0.0,0.0,0.0,0.0,95.0,0.0,3.2009430387740494,0
C18224,82.0,21.0,0.0,0.0,0.0,0.0,0.0,0
C18228,109.0,17.0,0.0,0.0,0.0,0.0,0.0,0
C1823,9874.0,185.0,1.0,0.0,3124.0,0.0,498.0076621900391,0
C18234,429.0,28.0,1.0,0.0,0.0,0.0,0.0,0
C18239,9.0,6.0,0.0,0.0,0.0,0.0,0.0,0
C1824,0.0,0.0,0.0,0.0,103.0,0.0,0.0,0
C18246,1.0,1.0,0.0,0.0,0.0,0.0,0.0,0
C1825,0.0,0.0,0.0,0.0,126.0,0.0,5.236096493074559,0
C18250,525.0,25.0,1.0,0.0,0.0,0.0,0.0,0
C18251,454.0,22.0,1.0,0.0,0.0,0.0,0.0,0
C18252,3.0,3.0,0.0,0.0,0.0,0.0,0.0,0
C18254,959.0,18.0,0.0,0.0,0.0,0.0,0.0,0
C18255,676.0,10.0,0.0,0.0,0.0,0.0,0.0,0
C1826,0.0,0.0,0.0,0.0,60.0,0.0,0.0,0
C18270,50.0,17.0,0.0,0.0,0.0,0.0,0.0,0
C18275,661.0,26.0,1.0,0.0,0.0,0.0,0.0,0
C18279,1.0,1.0,0.0,0.0,0.0,0.0,0.0,0
C1828,0.0,0.0,0.0,0.0,1531.0,0.0,0.0,0
C18281,119.0,19.0,0.0,0.0,0.0,0.0,0.0,0
C18282,1455.0,25.0,1.0,0.0,0.0,0.0,0.0,0
C18288,332.0,20.0,0.0,0.0,0.0,0.0,0.0,0
C18289,134.0,14.0,0.0,0.0,0.0,0.0,0.0,0
C1829,0.0,0.0,0.0,0.0,108.0,0.0,0.0,0
C18291,28.0,4.0,0.0,0.0,0.0,0.0,0.0,0
C18294,20.0,4.0,0.0,0.0,0.0,0.0,0.0,0
C183,0.0,0.0,0.0,0.0,97.0,0.0,0.0,0
C1830,0.0,0.0,0.0,0.0,57.0,0.0,0.0,0
C18304,109.0,26.0,1.0,0.0,0.0,0.0,0.0,0
C18309,133.0,9.0,0.0,0.0,0.0,0.0,0.444996421504652,0
C18310,350.0,17.0,0.0,0.0,0.0,0.0,0.0,0
C18312,555.0,18.0,0.0,0.0,0.0,0.0,0.0,0
C1832,9.0,8.0,0.0,0.0,594.0,0.0,0.0,0
C18325,204.0,17.0,0.0,0.0,0.0,0.0,0.0,0
C1833,0.0,0.0,0.0,0.0,734.0,0.0,0.0,0
C1834,0.0,0.0,0.0,0.0,143.0,0.0,4.9075906201321935,0
C18343,54.0,21.0,0.0,0.0,0.0,0.0,0.0,0
C18345,1672.0,12.0,0.0,0.0,0.0,0.0,6.949690565402265,0
C18348,4.0,4.0,0.0,0.0,0.0,0.0,0.0,0
C18349,1.0,1.0,0.0,0.0,0.0,0.0,0.0,0
C1835,3.0,3.0,0.0,0.0,179.0,0.0,7.314360291331622,0
C1836,0.0,0.0,0.0,0.0,112.0,0.0,0.0,0
C18367,639.0,22.0,1.0,0.0,0.0,0.0,0.0,0
C18369,3.0,3.0,0.0,0.0,0.0,0.0,0.0,0
C1837,0.0,0.0,0.0,0.0,194.0,0.0,0.33890455942407277,0
C18371,32.0,12.0,0.0,0.0,0.0,0.0,0.0,0
C18373,13.0,6.0,0.0,0.0,0.0,0.0,0.0,0
C18377,32.0,4.0,0.0,0.0,0.0,0.0,0.0,0
C18383,2.0,2.0,0.0,0.0,0.0,0.0,0.0,0
C18384,110.0,21.0,1.0,0.0,0.0,0.0,0.0,0
C1839,0.0,0.0,0.0,1.0,230.0,0.0,7.480528775312592,0
C184,0.0,0.0,0.0,0.0,85.0,0.0,3.4460910200816737,0
C1840,0.0,0.0,0.0,0.0,160.0,0.0,583.4948006567591,0
C18409,1.0,1.0,0.0,0.0,0.0,0.0,0.0,0
C1841,25.0,6.0,0.0,0.0,277.0,0.0,3.246116280048836,0
C18412,3.0,3.0,0.0,0.0,0.0,0.0,0.0,0
C18420,5.0,4.0,0.0,0.0,0.0,0.0,0.0,0
C1843,11.0,11.0,0.0,0.0,145.0,0.0,32.75960931250789,0
C18432,7.0,4.0,0.0,0.0,0.0,0.0,0.0,0
C18444,6.0,5.0,0.0,0.0,0.0,0.0,0.0,0
C1845,0.0,0.0,0.0,0.0,153.0,0.0,51.824906327621775,0
C18450,2.0,1.0,0.0,0.0,0.0,0.0,0.0,0
C1846,1.0,1.0,0.0,2.0,100.0,0.0,0.0,0
C18466,2.0,1.0,0.0,0.0,0.0,0.0,0.0,0
C18469,5.0,4.0,0.0,0.0,0.0,0.0,0.0,0
C1847,1.0,1.0,0.0,0.0,926.0,0.0,0.0,0
C18471,3.0,2.0,0.0,0.0,0.0,0.0,0.0,0
C18479,5.0,4.0,0.0,0.0,0.0,0.0,0.0,0
C1848,0.0,0.0,0.0,0.0,562.0,0.0,0.8172441375826212,0
C1849,52.0,15.0,0.0,0.0,213.0,0.0,0.33890455942407277,0
C18491,31.0,14.0,0.0,0.0,0.0,0.0,0.0,0
C185,0.0,0.0,0.0,0.0,152.0,0.0,21.682945312171093,0
C18508,10.0,7.0,0.0,0.0,0.0,0.0,0.0,0
C1851,0.0,0.0,0.0,0.0,1465.0,0.0,0.0,0
C18512,16.0,9.0,0.0,0.0,0.0,0.0,0.0,0
C18514,50.0,10.0,0.0,0.0,0.0,0.0,0.0,0
C1853,0.0,0.0,0.0,0.0,1452.0,0.0,0.0,0
C1854,0.0,0.0,0.0,0.0,62.0,0.0,0.0,0
C18542,7.0,7.0,0.0,0.0,0.0,0.0,0.0,0
C18544,13.0,6.0,0.0,0.0,0.0,0.0,0.0,0
C18548,80.0,12.0,0.0,0.0,0.0,0.0,0.0,0
C18558,2.0,2.0,0.0,0.0,0.0,0.0,0.0,0
C1856,11.0,8.0,0.0,0.0,102.0,0.0,0.41826295625815685,0
C18562,28.0,11.0,0.0,0.0,0.0,0.0,0.0,0
C1857,0.0,0.0,0.0,0.0,82.0,0.0,18.79909906117122,0
C18570,8.0,7.0,0.0,0.0,0.0,0.0,0.0,0
C18574,4.0,3.0,0.0,0.0,0.0,0.0,0.0,0
C18580,7.0,6.0,0.0,0.0,0.0,0.0,0.0,0
C18586,13.0,9.0,0.0,0.0,0.0,0.0,0.0,0
C18588,32.0,18.0,0.0,0.0,0.0,0.0,0.0,0
C1859,0.0,0.0,0.0,0.0,185.0,0.0,6.153328000673599,0
C18591,5.0,4.0,0.0,0.0,0.0,0.0,0.0,0
C18599,5.0,4.0,0.0,0.0,0.0,0.0,0.0,0
C186,28.0,8.0,0.0,0.0,113.0,0.0,0.0,0
C18603,7.0,2.0,0.0,0.0,0.0,0.0,0.0,0
C1861,0.0,0.0,0.0,0.0,157.0,0.0,0.0,0
C18615,10.0,4.0,0.0,0.0,0.0,0.0,0.0,0
C1862,0.0,0.0,0.0,0.0,110.0,0.0,0.0,0
C1863,0.0,0.0,0.0,0.0,70.0,0.0,78.39380288805624,0
C18634,21.0,11.0,0.0,0.0,0.0,0.0,0.0,0
C18636,848.0,9.0,0.0,0.0,0.0,0.0,0.0,0
C18639,12.0,2.0,0.0,0.0,0.0,0.0,0.0,0
C1864,0.0,0.0,0.0,0.0,68.0,0.0,0.0,0
C18640,7.0,5.0,0.0,0.0,0.0,0.0,0.0,0
C18646,28.0,10.0,0.0,0.0,0.0,0.0,0.0,0
C18648,9.0,5.0,0.0,0.0,0.0,0.0,0.0,0
C1865,0.0,0.0,0.0,0.0,198.0,0.0,0.33890455942407277,0
C18652,1.0,1.0,0.0,0.0,0.0,0.0,0.0,0
C1866,0.0,0.0,0.0,0.0,228.0,0.0,6.654148949606365,0
C18660,410.0,22.0,1.0,0.0,0.0,0.0,0.0,0
C18661,4.0,2.0,0.0,0.0,0.0,0.0,0.0,0
C18666,7.0,6.0,0.0,0.0,0.0,0.0,0.0,0
C1867,2.0,1.0,0.0,0.0,76.0,0.0,4.194459647202459,0
C1868,3.0,3.0,0.0,0.0,662.0,0.0,0.0,0
C18684,4.0,4.0,0.0,0.0,0.0,0.0,0.0,0
C18688,6.0,1.0,0.0,0.0,0.0,0.0,0.0,0
C1869,0.0,0.0,0.0,78.0,78.0,1.0,0.0,0
C18690,32.0,13.0,0.0,0.0,0.0,0.0,0.0,0
C187,0.0,0.0,0.0,0.0,100.0,0.0,0.0,0
C1870,0.0,0.0,0.0,0.0,505.0,0.0,0.0,0
C18700,797.0,22.0,1.0,0.0,0.0,0.0,0.0,0
C18704,1.0,1.0,0.0,0.0,0.0,0.0,0.0,0
C18708,12.0,2.0,0.0,0.0,0.0,0.0,0.0,0
C1871,0.0,0.0,0.0,0.0,80.0,0.0,0.0,0
C18713,14.0,7.0,0.0,0.0,0.0,0.0,0.0,0
C18715,445.0,20.0,0.0,0.0,0.0,0.0,0.0,0
C18716,911.0,27.0,1.0,0.0,0.0,0.0,0.0,0
C18718,1.0,1.0,0.0,0.0,0.0,0.0,0.0,0
C18731,16.0,13.0,0.0,0.0,0.0,0.0,0.0,0
C1874,4.0,1.0,0.0,0.0,782.0,0.0,0.0,0
C18745,1.0,1.0,0.0,0.0,0.0,0.0,0.0,0
C18747,6.0,6.0,0.0,0.0,0.0,0.0,0.0,0
C1875,10.0,6.0,0.0,11.0,175.0,0.0,12.618321896181534,0
C18773,4.0,4.0,0.0,0.0,0.0,0.0,0.0,0
C1878,0.0,0.0,0.0,0.0,232.0,0.0,8.403317475687281,0
C18789,37.0,3.0,0.0,0.0,0.0,0.0,0.0,0
C1879,0.0,0.0,0.0,0.0,366.0,0.0,0.14831810718646066,0
C18791,5.0,3.0,0.0,0.0,0.0,0.0,0.0,0
C188,0.0,0.0,0.0,0.0,109.0,0.0,4.432408537868901,0
C1880,3.0,2.0,0.0,0.0,99.0,0.0,0.0,0
C18804,24.0,11.0,0.0,0.0,0.0,0.0,0.0,0
C1881,1.0,1.0,0.0,0.0,519.0,0.0,0.0,0
C18813,6.0,5.0,0.0,0.0,0.0,0.0,0.0,0
C1882,0.0,0.0,0.0,0.0,153.0,0.0,0.3660169241779986,0
C18823,33.0,6.0,0.0,0.0,0.0,0.0,0.0,0
C18825,2.0,2.0,0.0,0.0,0.0,0.0,0.0,0
C18829,1.0,1.0,0.0,0.0,0.0,0.0,0.0,0
C1883,0.0,0.0,0.0,0.0,78.0,0.0,69865.14532901107,0
C18835,2.0,2.0,0.0,0.0,0.0,0.0,0.0,0
C1884,0.0,0.0,0.0,0.0,212.0,0.0,5.461752199722141,0
C18841,8.0,4.0,0.0,0.0,0.0,0.0,0.0,0
C18848,16.0,10.0,0.0,0.0,0.0,0.0,0.0,0
C18850,2.0,2.0,0.0,0.0,0.0,0.0,0.0,0
C18854,3.0,3.0,0.0,0.0,0.0,0.0,0.0,0
C18859,1.0,1.0,0.0,0.0,0.0,0.0,0.0,0
C1886,0.0,0.0,0.0,0.0,79.0,0.0,0.0,0
C18863,43.0,14.0,0.0,0.0,0.0,0.0,0.0,0
C1887,7.0,6.0,0.0,0.0,74.0,0.0,0.0,0
C18872,32.0,17.0,0.0,0.0,0.0,0.0,0.0,0
C1888,1.0,1.0,0.0,0.0,441.0,0.0,0.0,0
C18882,3.0,3.0,0.0,0.0,0.0,0.0,0.0,0
C189,0.0,0.0,0.0,0.0,74.0,0.0,21.972803435355534,0
C1890,0.0,0.0,0.0,0.0,104.0,0.0,0.0,0
C18904,20.0,14.0,0.0,0.0,0.0,0.0,0.0,0
C1891,0.0,0.0,0.0,0.0,69.0,0.0,0.0,0
C18910,9.0,8.0,0.0,0.0,0.0,0.0,0.0,0
C18916,83.0,12.0,0.0,0.0,0.0,0.0,0.0,0
C18921,13.0,5.0,0.0,0.0,0.0,0.0,0.0,0
C1893,2.0,2.0,0.0,0.0,46.0,0.0,0.0,0
C18931,3.0,2.0,0.0,0.0,0.0,0.0,0.0,0
C18949,101.0,8.0,0.0,0.0,0.0,0.0,0.0,0
C1895,1.0,1.0,0.0,0.0,58.0,0.0,0.0,0
C18951,11.0,7.0,0.0,0.0,0.0,0.0,0.0,0
C18959,28.0,10.0,0.0,0.0,0.0,0.0,0.0,0
C1896,4.0,3.0,0.0,0.0,99.0,0.0,0.0,0
C18961,29.0,10.0,0.0,0.0,0.0,0.0,0.0,0
C18965,21.0,10.0,0.0,0.0,0.0,0.0,0.0,0
C18973,7.0,5.0,0.0,0.0,0.0,0.0,0.0,0
C1898,63.0,19.0,0.0,0.0,185.0,0.0,0.17450427314444492,0
C18982,2.0,2.0,0.0,0.0,0.0,0.0,0.0,0
C18986,8.0,7.0,0.0,0.0,0.0,0.0,0.0,0
C1899,24.0,13.0,0.0,0.0,178.0,0.0,4.284679829916221,0
C18994,11.0,6.0,0.0,0.0,0.0,0.0,0.0,0
C18996,23.0,5.0,0.0,0.0,0.0,0.0,0.0,0
C19,1258.0,18.0,0.0,0.0,168.0,0.0,45.94539637098472,0
C190,0.0,0.0,0.0,0.0,153.0,0.0,0.0,0
C1900,0.0,0.0,0.0,0.0,132.0,0.0,0.746726729255252,0
C19002,550.0,23.0,1.0,0.0,0.0,0.0,0.0,0
C1901,6.0,5.0,0.0,0.0,106.0,0.0,0.7787647876057762,0
C19018,2.0,2.0,0.0,0.0,0.0,0.0,0.0,0
C19022,18.0,3.0,0.0,0.0,0.0,0.0,0.0,0
C19025,28.0,11.0,0.0,0.0,0.0,0.0,0.0,0
C1903,0.0,0.0,0.0,0.0,112.0,0.0,5.010651286153328,0
C19033,5.0,4.0,0.0,0.0,0.0,0.0,0.0,0
C19040,2.0,2.0,0.0,0.0,0.0,0.0,0.0,0
C1905,744.0,15.0,0.0,0.0,59.0,0.0,83.28152233402096,0
C1906,5.0,3.0,0.0,0.0,81.0,0.0,8.07662190039153,0
C19063,20.0,13.0,0.0,0.0,0.0,0.0,0.0,0
C19067,4.0,3.0,0.0,0.0,0.0,0.0,0.0,0
C19073,15.0,6.0,0.0,0.0,0.0,0.0,0.0,0
C19075,3.0,2.0,0.0,0.0,0.0,0.0,0.0,0
C19076,2.0,2.0,0.0,0.0,0.0,0.0,0.0,0
C19080,6.0,2.0,0.0,0.0,0.0,0.0,0.0,0
C1909,0.0,0.0,0.0,0.0,1428.0,0.0,0.0,0
C19096,6.0,5.0,0.0,0.0,0.0,0.0,0.0,0
C191,0.0,0.0,0.0,0.0,198.0,0.0,4.782595882625353,0
C19102,33.0,15.0,0.0,0.0,0.0,0.0,0.0,0
C19109,7.0,3.0,0.0,0.0,0.0,0.0,0.0,0
C1911,0.0,0.0,0.0,0.0,1468.0,0.0,0.0,0
C19114,407.0,20.0,0.0,0.0,0.0,0.0,0.0,0
C19129,4.0,3.0,0.0,0.0,0.0,0.0,0.0,0
C1913,0.0,0.0,0.0,0.0,1454.0,0.0,0.0,0
C19131,886.0,10.0,0.0,0.0,0.0,0.0,6.667705131983328,0
C1915,0.0,0.0,0.0,2.0,238.0,0.0,0.0,0
C19153,2.0,2.0,0.0,0.0,0.0,0.0,0.0,0
C19160,127.0,18.0,0.0,0.0,0.0,0.0,0.0,0
C1917,0.0,0.0,0.0,0.0,1438.0,0.0,0.0,0
C19172,12.0,9.0,0.0,0.0,0.0,0.0,0.0,0
C19181,11.0,4.0,0.0,0.0,0.0,0.0,0.0,0
C19184,4.0,3.0,0.0,0.0,0.0,0.0,0.0,0
C192,0.0,0.0,0.0,0.0,104.0,0.0,0.0,0
C1920,0.0,0.0,0.0,0.0,56.0,0.0,0.0,0
C19201,32.0,13.0,0.0,0.0,0.0,0.0,0.0,0
C1922,40.0,20.0,0.0,0.0,1188.0,0.0,106.25592556729676,0
C1923,0.0,0.0,0.0,0.0,116.0,0.0,328.93874457963204,0
C19238,4.0,3.0,0.0,0.0,0.0,0.0,0.0,0
C19240,21.0,10.0,0.0,0.0,0.0,0.0,0.0,0
C1925,19.0,4.0,0.0,0.0,97.0,0.0,37.78625857786385,0
C19268,1.0,1.0,0.0,0.0,0.0,0.0,0.0,0
C1927,0.0,0.0,0.0,0.0,887.0,0.0,0.0,0
C1928,1150.0,20.0,0.0,0.0,182.0,0.0,0.0,0
C19284,1.0,1.0,0.0,0.0,0.0,0.0,0.0,0
C1929,0.0,0.0,0.0,595.0,3552.0,0.0,0.0,0
C193,0.0,0.0,0.0,0.0,174.0,0.0,0.0,0
C1930,0.0,0.0,0.0,0.0,61.0,0.0,0.0,0
C19302,15.0,8.0,0.0,0.0,0.0,0.0,0.0,0
C19308,927.0,19.0,0.0,0.0,0.0,0.0,0.0,0
C19310,9.0,4.0,0.0,0.0,0.0,0.0,0.0,0
C19314,2.0,2.0,0.0,0.0,0.0,0.0,0.0,0
C1932,0.0,0.0,0.0,0.0,1936.0,0.0,0.0,0
C19326,4.0,4.0,0.0,0.0,0.0,0.0,0.0,0
C1933,0.0,0.0,0.0,0.0,475.0,0.0,0.0,0
C1934,5.0,4.0,0.0,0.0,632.0,0.0,0.0,0
C1935,0.0,0.0,0.0,0.0,142.0,0.0,6.529743611333306,0
C19356,3.0,3.0,0.0,0.0,0.0,0.0,0.0,0
C19358,9.0,5.0,0.0,0.0,0.0,0.0,0.0,0
C1936,4697.0,26.0,1.0,0.0,254.0,0.0,0.0,0
C19361,6.0,5.0,0.0,0.0,0.0,0.0,0.0,0
C19380,5.0,3.0,0.0,0.0,0.0,0.0,0.0,0
C19388,6.0,5.0,0.0,0.0,0.0,0.0,0.0,0
C1939,0.0,0.0,0.0,0.0,1461.0,0.0,0.0,0
C19393,1004.0,23.0,1.0,0.0,0.0,0.0,0.0,0
C194,1590.0,21.0,1.0,0.0,65.0,0.0,49.14326611375405,0
C1940,2.0,2.0,0.0,0.0,365.0,0.0,0.0,0
C19402,1.0,1.0,0.0,0.0,0.0,0.0,0.0,0
C19408,1.0,1.0,0.0,0.0,0.0,0.0,0.0,0
C19416,4.0,3.0,0.0,0.0,0.0,0.0,0.0,0
C1942,0.0,0.0,0.0,0.0,105.0,0.0,0.0,0
C19430,1.0,1.0,0.0,0.0,0.0,0.0,0.0,0
C19436,17.0,13.0,0.0,0.0,0.0,0.0,0.0,0
C1944,0.0,0.0,0.0,0.0,549.0,0.0,0.0,0
C19440,12.0,4.0,0.0,0.0,0.0,0.0,0.0,0
C1945,0.0,0.0,0.0,0.0,69.0,0.0,0.0,0
C1946,0.0,0.0,0.0,0.0,68.0,0.0,0.0,0
C19466,20.0,12.0,0.0,0.0,0.0,0.0,0.0,0
C1947,1190.0,15.0,0.0,0.0,111.0,0.0,42.697427693344,0
C19472,7.0,3.0,0.0,0.0,0.0,0.0,0.0,0
C19485,1.0,1.0,0.0,0.0,0.0,0.0,0.0,0
C19487,29.0,13.0,0.0,0.0,0.0,0.0,0.0,0
C1949,0.0,0.0,0.0,0.0,50.0,0.0,0.0,0
C19497,2.0,2.0,0.0,0.0,0.0,0.0,0.0,0
C195,0.0,0.0,0.0,0.0,325.0,0.0,2199.7020165873782,0
C1950,8.0,5.0,0.0,0.0,68.0,0.0,0.0,0
C19509,439.0,21.0,1.0,0.0,0.0,0.0,0.0,0
C1951,0.0,0.0,0.0,0.0,63.0,0.0,0.0,0
C19515,999.0,23.0,1.0,0.0,0.0,0.0,0.0,0
C19517,697.0,7.0,0.0,0.0,0.0,0.0,0.0,0
C19518,1.0,1.0,0.0,0.0,0.0,0.0,0.0,0
C1952,0.0,0.0,0.0,0.0,1097.0,0.0,0.0,0
C19524,15.0,9.0,0.0,0.0,0.0,0.0,0.0,0
C1953,0.0,0.0,0.0,0.0,87.0,0.0,5.320843682903212,0
C1954,1031.0,18.0,0.0,0.0,91.0,0.0,97.07476950279964,0
C19547,6.0,3.0,0.0,0.0,0.0,0.0,0.0,0
C19554,6.0,3.0,0.0,0.0,0.0,0.0,0.0,0
C19558,15.0,7.0,0.0,0.0,0.0,0.0,0.0,0
C1957,0.0,0.0,0.0,0.0,69.0,0.0,0.0,0
C19574,6.0,2.0,0.0,0.0,0.0,0.0,0.0,0
C1958,0.0,0.0,0.0,0.0,193.0,0.0,5.5827474424283245,0
C19582,268.0,9.0,0.0,0.0,0.0,0.0,0.0,0
C19587,8.0,4.0,0.0,0.0,0.0,0.0,0.0,0
C1959,58.0,13.0,0.0,0.0,122.0,0.0,0.0,0
C19599,101.0,17.0,0.0,0.0,0.0,0.0,0.0,0
C196,0.0,0.0,0.0,0.0,99.0,0.0,4.564265566454764,0
C19609,22.0,3.0,0.0,0.0,0.0,0.0,0.0,0
C1961,0.0,0.0,0.0,0.0,417.0,0.0,0.0,0
C19610,4.0,3.0,0.0,0.0,0.0,0.0,0.0,0
C19612,11.0,5.0,0.0,0.0,0.0,0.0,0.0,0
C19614,13.0,7.0,0.0,0.0,0.0,0.0,0.0,0
C19618,2.0,2.0,0.0,0.0,0.0,0.0,0.0,0
C19620,2.0,2.0,0.0,0.0,0.0,0.0,0.0,0
C19622,1124.0,26.0,1.0,0.0,0.0,0.0,0.0,0
C19630,3.0,3.0,0.0,0.0,0.0,0.0,0.0,0
C19634,4.0,4.0,0.0,0.0,0.0,0.0,0.0,0
C1964,0.0,0.0,0.0,0.0,3728.0,0.0,0.0,0
C19646,2.0,2.0,0.0,0.0,0.0,0.0,0.0,0
C1965,0.0,0.0,0.0,0.0,146.0,0.0,0.0,0
C1966,0.0,0.0,0.0,0.0,147.0,0.0,0.0,0
C1968,0.0,0.0,0.0,0.0,7284.0,0.0,1018.3228223803309,0
C19681,5.0,2.0,0.0,0.0,0.0,0.0,0.0,0
C19682,1.0,1.0,0.0,0.0,0.0,0.0,0.0,0
C1969,2.0,2.0,0.0,0.0,92.0,0.0,0.0,0
C19694,4.0,3.0,0.0,0.0,0.0,0.0,0.0,0
C197,0.0,0.0,0.0,0.0,183.0,0.0,7.55622447690818,0
C1970,18.0,5.0,0.0,0.0,307.0,0.0,1332.8825832526418,0
C19707,14.0,11.0,0.0,0.0,0.0,0.0,0.0,0
C1971,4.0,2.0,0.0,0.0,1380.0,0.0,52.55912937313182,0
C19715,8.0,7.0,0.0,0.0,0.0,0.0,0.0,0
C19717,4.0,3.0,0.0,0.0,0.0,0.0,0.0,0
C1972,0.0,0.0,0.0,0.0,832.0,0.0,0.0,0
C19728,3.0,2.0,0.0,0.0,0.0,0.0,0.0,0
C1973,0.0,0.0,0.0,0.0,154.0,0.0,238.69949059066224,0
C19730,853.0,18.0,0.0,0.0,0.0,0.0,0.0,0
C19748,727.0,23.0,1.0,0.0,0.0,0.0,0.0,0
C1975,0.0,0.0,0.0,0.0,202.0,0.0,0.0,0
C19750,15.0,7.0,0.0,0.0,0.0,0.0,0.0,0
C19754,1.0,1.0,0.0,0.0,0.0,0.0,0.0,0
C19757,2.0,2.0,0.0,0.0,0.0,0.0,0.0,0
C19758,485.0,20.0,0.0,0.0,0.0,0.0,0.0,0
C1976,0.0,0.0,0.0,0.0,86.0,0.0,0.0,0
C19769,8.0,8.0,0.0,0.0,0.0,0.0,0.0,0
C19772,13.0,10.0,0.0,0.0,0.0,0.0,0.0,0
C1978,2.0,1.0,0.0,0.0,68.0,0.0,0.0,0
C19780,24.0,6.0,0.0,0.0,0.0,0.0,0.0,0
C19782,394.0,18.0,0.0,0.0,0.0,0.0,0.0,0
C19784,1.0,1.0,0.0,0.0,0.0,0.0,0.0,0
C19787,4.0,3.0,0.0,0.0,0.0,0.0,0.0,0
C1979,71.0,3.0,0.0,0.0,84.0,0.0,0.0,0
C19793,8.0,8.0,0.0,0.0,0.0,0.0,0.0,0
C19795,846.0,23.0,1.0,0.0,0.0,0.0,0.0,0
C19799,2.0,2.0,0.0,0.0,0.0,0.0,0.0,0
C198,0.0,0.0,0.0,0.0,66.0,0.0,0.0,0
C1980,0.0,0.0,0.0,0.0,181.0,0.0,0.0,0
C19803,21.0,13.0,0.0,0.0,0.0,0.0,0.0,0
C19807,2.0,2.0,0.0,0.0,0.0,0.0,0.0,0
C19814,7.0,7.0,0.0,0.0,0.0,0.0,0.0,0
C1983,0.0,0.0,0.0,0.0,1462.0,0.0,0.0,0
C19831,15.0,9.0,0.0,0.0,0.0,0.0,0.0,0
C19836,1.0,1.0,0.0,0.0,0.0,0.0,0.0,0
C1984,2.0,2.0,0.0,0.0,169.0,0.0,0.0,0
C19852,60.0,13.0,0.0,0.0,0.0,0.0,0.0,0
C19859,8.0,4.0,0.0,0.0,0.0,0.0,0.0,0
C1986,0.0,0.0,0.0,0.0,173.0,0.0,0.0,0
C19867,6.0,5.0,0.0,0.0,0.0,0.0,0.0,0
C1987,0.0,0.0,0.0,0.0,75.0,0.0,17.505451942912476,0
C19877,7.0,3.0,0.0,0.0,0.0,0.0,0.0,0
C1988,0.0,0.0,0.0,0.0,71.0,0.0,3.4606155011998485,0
C19883,5.0,4.0,0.0,0.0,0.0,0.0,0.0,0
C19893,4.0,2.0,0.0,0.0,0.0,0.0,0.0,0
C19895,3.0,3.0,0.0,0.0,0.0,0.0,0.0,0
C19897,170.0,15.0,0.0,0.0,0.0,0.0,0.0,0
C199,0.0,0.0,0.0,0.0,64.0,0.0,0.0,0
C1990,0.0,0.0,0.0,0.0,1528.0,0.0,0.0,0
C1991,0.0,0.0,0.0,0.0,104.0,0.0,37.25520986822717,0
C19918,2.0,1.0,0.0,0.0,0.0,0.0,0.0,0
C1992,0.0,0.0,0.0,0.0,416.0,0.0,3.3464825495726855,0
C19920,2.0,2.0,0.0,0.0,0.0,0.0,0.0,0
C19925,2.0,2.0,0.0,0.0,0.0,0.0,0.0,0
C1993,60.0,26.0,0.0,1.0,502.0,0.0,48.19614364501326,0
C19936,8.0,4.0,0.0,0.0,0.0,0.0,0.0,0
C1994,3.0,3.0,0.0,0.0,98.0,0.0,0.0,0
C19942,4.0,1.0,0.0,0.0,0.0,0.0,0.0,0
C19945,547.0,23.0,1.0,0.0,0.0,0.0,0.0,0
C19946,5.0,2.0,0.0,0.0,0.0,0.0,0.0,0
C19950,3.0,3.0,0.0,0.0,0.0,0.0,0.0,0
C19952,1081.0,21.0,1.0,0.0,0.0,0.0,0.0,0
C19954,5.0,4.0,0.0,0.0,0.0,0.0,0.0,0
C19963,1.0,1.0,0.0,0.0,0.0,0.0,0.0,0
C1997,0.0,0.0,0.0,0.0,1521.0,0.0,0.0,0
C19976,4.0,4.0,0.0,0.0,0.0,0.0,0.0,0
C19978,10.0,6.0,0.0,0.0,0.0,0.0,0.0,0
C1998,1.0,1.0,0.0,0.0,629.0,0.0,0.0,0
C1999,0.0,0.0,0.0,0.0,113.0,0.0,0.0,0
C19990,12.0,6.0,0.0,0.0,0.0,0.0,0.0,0
C19996,637.0,21.0,1.0,0.0,0.0,0.0,0.023239169789079275,0
C19997,2.0,2.0,0.0,0.0,0.0,0.0,0.0,0
C19999,1.0,1.0,0.0,0.0,0.0,0.0,0.0,0
C2,0.0,0.0,0.0,0.0,120.0,0.0,0.5297857112785753,0
C20,0.0,0.0,0.0,0.0,121.0,0.0,0.0,0
C200,0.0,0.0,0.0,0.0,103.0,0.0,57.14684460910201,0
C20000,1680.0,23.0,1.0,0.0,0.0,0.0,0.0,0
C20002,38.0,16.0,0.0,0.0,0.0,0.0,0.0,0
C20005,5.0,5.0,0.0,0.0,0.0,0.0,0.0,0
C20009,2.0,2.0,0.0,0.0,0.0,0.0,0.0,0
C2001,93.0,10.0,0.0,0.0,89.0,0.0,6.992169410179767,0
C20013,37.0,18.0,0.0,0.0,0.0,0.0,0.0,0
C20015,4.0,4.0,0.0,0.0,0.0,0.0,0.0,0
C20021,7.0,2.0,0.0,0.0,0.0,0.0,0.0,0
C2003,39.0,6.0,0.0,0.0,88.0,0.0,0.0,0
C2004,13.0,5.0,0.0,0.0,110.0,0.0,0.0,0
C20041,1.0,1.0,0.0,0.0,0.0,0.0,0.0,0
C20048,17.0,4.0,0.0,0.0,0.0,0.0,0.0,0
C2005,3.0,1.0,0.0,0.0,77.0,0.0,6.758641013766682,0
C20050,6.0,2.0,0.0,0.0,0.0,0.0,0.0,0
C20051,2.0,2.0,0.0,0.0,0.0,0.0,0.0,0
C20053,2.0,2.0,0.0,0.0,0.0,0.0,0.0,0
C20059,4.0,3.0,0.0,0.0,0.0,0.0,0.0,0
C20069,65.0,13.0,0.0,0.0,0.0,0.0,0.0,0
C2007,0.0,0.0,0.0,0.0,95.0,0.0,4.688418305056204,0
C2008,0.0,0.0,0.0,0.0,183.0,0.0,10.518923925398896,0
C20080,22.0,7.0,0.0,0.0,0.0,0.0,0.0,0
C20084,9851.0,20.0,0.0,0.0,0.0,0.0,0.0,0
C20087,1.0,1.0,0.0,0.0,0.0,0.0,0.0,0
C20091,864.0,22.0,1.0,0.0,0.0,0.0,0.0,0
C20097,1684.0,28.0,1.0,0.0,0.0,0.0,0.0,0
C201,0.0,0.0,0.0,0.0,129.0,0.0,4.486128068033511,0
C2010,0.0,0.0,0.0,0.0,696.0,0.0,0.0,0
C20101,44.0,3.0,0.0,0.0,0.0,0.0,45704.1433082137,0
C20102,2.0,2.0,0.0,0.0,0.0,0.0,0.0,0
C2011,0.0,0.0,0.0,0.0,156.0,0.0,0.0,0
C2012,0.0,0.0,0.0,0.0,85.0,0.0,0.0,0
C20120,1.0,1.0,0.0,0.0,0.0,0.0,0.0,0
C20122,874.0,13.0,0.0,0.0,0.0,0.0,0.0,0
C2013,0.0,0.0,0.0,0.0,112.0,0.0,0.0,0
C20130,3.0,2.0,0.0,0.0,0.0,0.0,0.0,0
C2014,0.0,0.0,0.0,0.0,101.0,0.0,0.0,0
C20145,26.0,13.0,0.0,0.0,0.0,0.0,0.0,0
C20153,87.0,6.0,0.0,0.0,0.0,0.0,0.0,0
C20155,7.0,5.0,0.0,0.0,0.0,0.0,0.0,0
C2016,0.0,0.0,0.0,0.0,65.0,0.0,4.753757420115354,0
C20165,1366.0,11.0,0.0,0.0,0.0,0.0,0.0,0
C20170,798.0,20.0,0.0,0.0,0.0,0.0,0.0,0
C20172,169.0,2.0,0.0,0.0,0.0,0.0,0.0,0
C20177,76.0,11.0,0.0,0.0,0.0,0.0,0.0,0
C2018,0.0,0.0,0.0,0.0,91.0,0.0,8.077632299078012,0
C20185,14.0,11.0,0.0,0.0,0.0,0.0,0.0,0
C20193,3.0,2.0,0.0,0.0,0.0,0.0,0.0,0
C202,0.0,0.0,0.0,0.0,267.0,0.0,276.1028501662948,0
C2020,0.0,0.0,0.0,0.0,4.0,0.0,0.020207973729634152,0
C2021,1162.0,17.0,0.0,0.0,214.0,0.0,4.286616427398644,0
C20215,234.0,10.0,0.0,0.0,0.0,0.0,0.0,0
C20217,7.0,3.0,0.0,0.0,0.0,0.0,0.0,0
C2022,1.0,1.0,0.0,0.0,1569.0,0.0,8.245905780322486,0
C20220,2.0,2.0,0.0,0.0,0.0,0.0,0.0,0
C2023,0.0,0.0,0.0,0.0,80.0,0.0,5.734644044962741,0
C20235,103.0,6.0,0.0,0.0,0.0,0.0,0.0,0
C20239,452.0,15.0,0.0,0.0,0.0,0.0,0.0,0
C2024,0.0,0.0,0.0,0.0,174.0,0.0,0.0,0
C20248,3.0,3.0,0.0,0.0,0.0,0.0,0.0,0
C20250,204.0,17.0,0.0,0.0,0.0,0.0,0.0,0
C2026,0.0,0.0,0.0,0.0,322.0,0.0,15752.026607165411,0
C20265,5.0,5.0,0.0,0.0,0.0,0.0,0.0,0
C2027,0.0,0.0,0.0,0.0,61.0,0.0,6.0908937818380835,0
C20285,1564.0,21.0,1.0,0.0,0.0,0.0,0.0,0
C2029,0.0,0.0,0.0,0.0,118.0,0.0,946.3296425714647,0
C20295,2.0,2.0,0.0,0.0,0.0,0.0,0.0,0
C203,9.0,6.0,0.0,0.0,173.0,0.0,0.33890455942407277,0
C20300,2.0,1.0,0.0,0.0,0.0,0.0,0.0,0
C20305,25.0,12.0,0.0,0.0,0.0,0.0,0.0,0
C20312,785.0,7.0,0.0,0.0,0.0,0.0,6.484065170715278,0
C2032,967.0,13.0,0.0,0.0,69.0,0.0,0.0,0
C20320,28.0,10.0,0.0,0.0,0.0,0.0,0.0,0
C20331,21.0,13.0,0.0,0.0,0.0,0.0,0.0,0
C20335,1.0,1.0,0.0,0.0,0.0,0.0,0.0,0
C20336,471.0,21.0,1.0,0.0,0.0,0.0,0.0,0
C20338,565.0,21.0,1.0,0.0,0.0,0.0,0.0,0
C20345,542.0,17.0,0.0,0.0,0.0,0.0,0.0,0
C20347,2.0,2.0,0.0,0.0,0.0,0.0,0.0,0
C2035,2.0,2.0,0.0,0.0,110.0,0.0,3.9920010103986865,0
C20353,3.0,2.0,0.0,0.0,0.0,0.0,0.0,0
C20356,58.0,11.0,0.0,0.0,0.0,0.0,0.0,0
C20358,315.0,25.0,1.0,0.0,0.0,0.0,0.0,0
C20363,14.0,8.0,0.0,0.0,0.0,0.0,0.0,0
C20371,556.0,14.0,0.0,0.0,0.0,0.0,0.0,0
C20377,750.0,16.0,0.0,0.0,0.0,0.0,0.0,0
C2038,277.0,5.0,0.0,0.0,190.0,0.0,0.33414726560855473,0
C20381,6.0,2.0,0.0,0.0,0.0,0.0,0.0,0
C2039,0.0,0.0,0.0,1.0,543.0,0.0,16344.22552940681,0
C20391,8.0,5.0,0.0,0.0,0.0,0.0,0.0,0
C20393,7.0,2.0,0.0,0.0,0.0,0.0,0.0,0
C204,0.0,0.0,0.0,0.0,142.0,0.0,1.0167136782722181,0
C2040,0.0,0.0,0.0,0.0,118.0,0.0,4.229402601776617,0
C20403,39.0,3.0,0.0,0.0,0.0,0.0,0.0,0
C20413,1.0,1.0,0.0,0.0,0.0,0.0,0.0,0
C20416,2.0,1.0,0.0,0.0,0.0,0.0,0.0,0
C20418,1.0,1.0,0.0,0.0,0.0,0.0,0.0,0
C2042,1.0,1.0,0.0,0.0,57.0,0.0,0.0,0
C20420,17.0,11.0,0.0,0.0,0.0,0.0,0.0,0
C20427,1.0,1.0,0.0,0.0,0.0,0.0,0.0,0
C2043,0.0,0.0,0.0,0.0,66.0,0.0,0.0,0
C20431,46.0,14.0,0.0,0.0,0.0,0.0,0.0,0
C2044,0.0,0.0,0.0,0.0,118.0,0.0,28.092746179429966,0
C20440,3.0,1.0,0.0,0.0,0.0,0.0,0.0,0
C20448,1.0,1.0,0.0,0.0,0.0,0.0,0.0,0
C20453,15.0,12.0,0.0,0.0,0.0,0.0,0.0,0
C20455,0.0,0.0,0.0,0.0,60.0,0.0,0.0,0
C2046,7.0,2.0,0.0,0.0,368.0,0.0,0.0,0
C2047,0.0,0.0,0.0,0.0,116.0,0.0,0.734307245400581,0
C20472,17.0,4.0,0.0,0.0,0.0,0.0,0.0,0
C2048,0.0,0.0,0.0,0.0,72.0,0.0,1.1187639456068708,0
C20488,284.0,15.0,0.0,0.0,0.0,0.0,0.0,0
C2049,0.0,0.0,0.0,0.0,70.0,0.0,81.75897781332884,0
C205,0.0,0.0,0.0,0.0,122.0,0.0,38.61731149749505,0
C20503,14.0,7.0,0.0,0.0,0.0,0.0,0.0,0
C20505,6.0,6.0,0.0,0.0,0.0,0.0,0.0,0
C20507,2.0,2.0,0.0,0.0,0.0,0.0,0.0,0
C2051,4.0,3.0,0.0,0.0,54.0,0.0,0.0,0
C20511,82.0,19.0,0.0,0.0,0.0,0.0,0.0,0
C20513,6.0,5.0,0.0,0.0,0.0,0.0,0.0,0
C20515,259.0,15.0,0.0,0.0,0.0,0.0,0.0,0
C20518,48.0,2.0,0.0,0.0,0.0,0.0,0.0,0
C2052,0.0,0.0,0.0,0.0,743.0,0.0,0.0,0
C20527,23.0,12.0,0.0,0.0,0.0,0.0,0.0,0
C2053,0.0,0.0,0.0,0.0,86.0,0.0,65.30076200900939,0
C20539,1.0,1.0,0.0,0.0,0.0,0.0,0.0,0
C20546,98.0,21.0,0.0,0.0,0.0,0.0,0.0,0
C2055,1.0,1.0,0.0,0.0,273.0,0.0,0.0,0
C2056,0.0,0.0,0.0,0.0,175.0,0.0,8.56784406180272,0
C20569,12.0,4.0,0.0,0.0,0.0,0.0,0.0,0
C2057,21.0,15.0,0.0,1.0,504.0,0.0,1.9845914200311539,0
C2058,2.0,2.0,0.0,0.0,68.0,0.0,0.2748705426682945,0
C20591,2.0,2.0,0.0,0.0,0.0,0.0,0.0,0
C20593,1.0,1.0,0.0,0.0,0.0,0.0,0.007746389929693091,0
C20599,584.0,11.0,0.0,0.0,0.0,0.0,0.0,0
C206,0.0,0.0,0.0,0.0,91.0,0.0,0.18258746263629858,0
C2060,0.0,0.0,0.0,0.0,90.0,0.0,0.0,0
C20604,26.0,2.0,0.0,0.0,0.0,0.0,0.0,0
C20613,36.0,5.0,0.0,0.0,0.0,0.0,0.0,0
C20614,24.0,5.0,0.0,0.0,0.0,0.0,0.0,0
C20621,131.0,18.0,0.0,0.0,0.0,0.0,0.0,0
C20622,648.0,19.0,0.0,0.0,0.0,0.0,0.0,0
C20624,1.0,1.0,0.0,0.0,0.0,0.0,0.0,0
C2063,1.0,1.0,0.0,0.0,60.0,0.0,0.0,0
C20632,366.0,18.0,0.0,0.0,0.0,0.0,0.0,0
C20636,44.0,15.0,0.0,0.0,0.0,0.0,0.0,0
C20638,49.0,8.0,0.0,0.0,0.0,0.0,0.0,0
C2064,1.0,1.0,0.0,0.0,45.0,0.0,0.0,0
C20646,5.0,4.0,0.0,0.0,0.0,0.0,0.0,0
C20657,1.0,1.0,0.0,0.0,0.0,0.0,0.0,0
C20664,2.0,1.0,0.0,0.0,0.0,0.0,0.0,0
C20666,3.0,1.0,0.0,0.0,0.0,0.0,0.0,0
C2067,0.0,0.0,0.0,0.0,192.0,0.0,0.0,0
C20681,1506.0,21.0,1.0,0.0,0.0,0.0,0.0,0
C2069,0.0,0.0,0.0,0.0,59.0,0.0,0.3706058182124363,0
C207,0.0,0.0,0.0,0.0,69.0,0.0,0.6526333515766429,0
C20704,10.0,3.0,0.0,0.0,0.0,0.0,0.0,0
C2071,0.0,0.0,0.0,0.0,1451.0,0.0,0.0,0
C20718,81.0,9.0,0.0,0.0,0.0,0.0,0.0,0
C20722,603.0,17.0,0.0,0.0,0.0,0.0,0.0,0
C20727,3.0,3.0,0.0,0.0,0.0,0.0,0.0,0
C20730,265.0,19.0,0.0,0.0,0.0,0.0,0.0,0
C20731,183.0,12.0,0.0,0.0,0.0,0.0,0.0,0
C20735,226.0,15.0,0.0,0.0,0.0,0.0,0.0,0
C20736,575.0,24.0,1.0,0.0,0.0,0.0,0.0,0
C20738,919.0,23.0,1.0,0.0,0.0,0.0,0.0,0
C2074,0.0,0.0,0.0,0.0,1527.0,0.0,0.0,0
C20748,4.0,3.0,0.0,0.0,0.0,0.0,0.0,0
C20754,662.0,19.0,0.0,0.0,0.0,0.0,0.0,0
C20758,5.0,5.0,0.0,0.0,0.0,0.0,0.0,0
C2076,281.0,23.0,1.0,0.0,0.0,0.0,0.0,0
C20760,2.0,2.0,0.0,0.0,0.0,0.0,0.0,0
C20762,5.0,5.0,0.0,0.0,0.0,0.0,0.0,0
C2077,466.0,14.0,0.0,0.0,73.0,0.0,0.0,0
C20779,1.0,1.0,0.0,0.0,0.0,0.0,0.0,0
C20783,79.0,12.0,0.0,0.0,0.0,0.0,0.0,0
C20787,5.0,4.0,0.0,0.0,0.0,0.0,0.0,0
C2079,4.0,3.0,0.0,0.0,442.0,0.0,0.0,0
C208,0.0,0.0,0.0,0.0,130.0,0.0,0.0,0
C20800,10.0,8.0,0.0,0.0,0.0,0.0,0.0,0
C2081,0.0,0.0,0.0,0.0,76.0,0.0,0.0,0
C20810,4.0,2.0,0.0,0.0,0.0,0.0,0.0,0
C2082,0.0,0.0,0.0,0.0,97.0,0.0,0.0,0
C2083,17.0,15.0,0.0,0.0,222.0,0.0,0.0,0
C2084,0.0,0.0,0.0,0.0,661.0,0.0,0.0,0
C2085,0.0,0.0,0.0,0.0,60.0,0.0,0.0,0
C20856,7.0,6.0,0.0,0.0,0.0,0.0,0.0,0
C2086,0.0,0.0,0.0,0.0,256.0,0.0,113.2498210752326,0
C2087,442.0,16.0,0.0,0.0,317.0,0.0,0.0,0
C20877,1.0,1.0,0.0,0.0,0.0,0.0,0.0,0
C20880,8.0,6.0,0.0,0.0,0.0,0.0,0.0,0
C2089,20.0,10.0,0.0,0.0,628.0,0.0,1.580474045383741,0
C209,0.0,0.0,0.0,0.0,85.0,0.0,0.0,0
C2090,62.0,13.0,0.0,0.0,298.0,0.0,0.0,0
C20906,6.0,5.0,0.0,0.0,0.0,0.0,0.0,0
C2091,2.0,2.0,0.0,0.0,73.0,0.0,125.80608765208605,0
C20918,4.0,4.0,0.0,0.0,0.0,0.0,0.0,0
C2093,0.0,0.0,0.0,0.0,1851.0,0.0,0.0,0
C20931,2.0,2.0,0.0,0.0,0.0,0.0,0.0,0
C20936,8.0,8.0,0.0,0.0,0.0,0.0,0.0,0
C2095,0.0,0.0,0.0,0.0,221.0,0.0,52.467604092114684,0
C20950,10.0,4.0,0.0,0.0,0.0,0.0,0.0,0
C20952,495.0,22.0,1.0,0.0,0.0,0.0,0.0,0
C20961,2.0,2.0,0.0,0.0,0.0,0.0,0.0,0
C2097,0.0,0.0,0.0,0.0,1456.0,0.0,0.0,0
C20971,286.0,19.0,0.0,0.0,0.0,0.0,0.0,0
C20973,13.0,10.0,0.0,0.0,0.0,0.0,0.0,0
C20975,299.0,18.0,0.0,0.0,0.0,0.0,0.0,0
C2098,16.0,10.0,0.0,0.0,173.0,0.0,6.82827432324338,0
C20980,6.0,6.0,0.0,0.0,0.0,0.0,0.0,0
C20984,3.0,3.0,0.0,0.0,0.0,0.0,0.0,0
C20987,1.0,1.0,0.0,0.0,0.0,0.0,0.0,0
C20995,1.0,1.0,0.0,0.0,0.0,0.0,0.0,0
C21,88.0,13.0,0.0,0.0,97.0,0.0,0.0,0
C210,0.0,0.0,0.0,0.0,122.0,0.0,0.0,0
C21001,36.0,1.0,0.0,0.0,0.0,0.0,0.0,0
C21003,231.0,17.0,0.0,0.0,0.0,0.0,0.0,0
C2101,0.0,0.0,0.0,0.0,1487.0,0.0,0.0,0
C21011,31.0,18.0,0.0,0.0,0.0,0.0,0.0,0
C21017,21.0,3.0,0.0,0.0,0.0,0.0,0.0,0
C2102,0.0,0.0,0.0,0.0,127.0,0.0,0.0,0
C2103,9.0,9.0,0.0,0.0,281.0,0.0,0.0,0
C21030,2.0,2.0,0.0,0.0,0.0,0.0,0.0,0
C21036,1526.0,23.0,1.0,0.0,0.0,0.0,0.0,0
C21043,231.0,12.0,0.0,0.0,0.0,0.0,0.0,0
C21044,106.0,13.0,0.0,0.0,0.0,0.0,0.0,0
C21049,2.0,1.0,0.0,0.0,0.0,0.0,0.0,0
C2106,0.0,0.0,0.0,0.0,21371.0,0.0,0.0,0
C21061,3.0,3.0,0.0,0.0,0.0,0.0,0.0,0
C21063,22.0,11.0,0.0,0.0,0.0,0.0,0.0,0
C21068,8.0,6.0,0.0,0.0,0.0,0.0,0.0,0
C2107,12.0,3.0,0.0,0.0,79.0,0.0,9.131436029133162,0
C21073,22.0,11.0,0.0,0.0,0.0,0.0,0.0,0
C21075,30.0,11.0,0.0,0.0,0.0,0.0,0.0,0
C21078,89.0,12.0,0.0,0.0,0.0,0.0,0.0,0
C2109,2.0,2.0,0.0,103.0,1654.0,0.0,9998.740664337136,0
C21095,3.0,3.0,0.0,0.0,0.0,0.0,0.0,0
C211,1.0,1.0,0.0,0.0,55.0,0.0,0.2723445459520903,0
C2110,0.0,0.0,0.0,0.0,441.0,0.0,0.0,0
C21108,2.0,2.0,0.0,0.0,0.0,0.0,0.0,0
C21118,1.0,1.0,0.0,0.0,0.0,0.0,0.0,0
C21119,6.0,2.0,0.0,0.0,0.0,0.0,0.0,0
C2112,0.0,0.0,0.0,0.0,1591.0,0.0,0.0,0
C21120,84.0,15.0,0.0,0.0,0.0,0.0,0.0,0
C2113,0.0,0.0,0.0,0.0,63.0,0.0,0.0,0
C21132,8.0,3.0,0.0,0.0,0.0,0.0,0.0,0
C21139,524.0,17.0,0.0,0.0,0.0,0.0,0.0,0
C21144,1.0,1.0,0.0,0.0,0.0,0.0,0.0,0
C2115,0.0,0.0,0.0,0.0,99.0,0.0,0.0,0
C2116,0.0,0.0,0.0,0.0,78.0,0.0,0.0,0
C21161,2.0,1.0,0.0,0.0,0.0,0.0,0.0,0
C2117,0.0,0.0,0.0,0.0,130.0,0.0,1.7996884604050014,0
C21171,50.0,9.0,0.0,0.0,0.0,0.0,0.0,0
C21176,1001.0,21.0,1.0,0.0,0.0,0.0,0.0,0
C21179,727.0,23.0,1.0,0.0,0.0,0.0,0.0,0
C21190,4.0,4.0,0.0,0.0,0.0,0.0,0.0,0
C21192,4.0,4.0,0.0,0.0,0.0,0.0,0.0,0
C21193,10.0,6.0,0.0,0.0,0.0,0.0,0.0,0
C21197,3.0,3.0,0.0,0.0,0.0,0.0,0.0,0
C212,0.0,0.0,0.0,0.0,8.0,0.0,0.0,0
C2120,0.0,0.0,0.0,0.0,779.0,0.0,0.0,0
C21202,1023.0,23.0,1.0,0.0,0.0,0.0,0.0,0
C2121,0.0,0.0,0.0,3.0,96.0,0.0,0.0,0
C21212,63.0,13.0,0.0,0.0,0.0,0.0,0.0,0
C21220,1.0,1.0,0.0,0.0,0.0,0.0,0.0,0
C21224,650.0,19.0,0.0,0.0,0.0,0.0,0.0,0
C2123,0.0,0.0,0.0,0.0,1537.0,0.0,0.0,0
C21231,37.0,11.0,0.0,0.0,0.0,0.0,0.0,0
C21232,122.0,12.0,0.0,0.0,0.0,0.0,0.0,0
C21233,13.0,7.0,0.0,0.0,0.0,0.0,0.0,0
C21235,805.0,26.0,1.0,0.0,0.0,0.0,0.0,0
C21247,17.0,9.0,0.0,0.0,0.0,0.0,0.0,0
C2125,0.0,0.0,0.0,0.0,57.0,0.0,0.0,0
C21258,2.0,2.0,0.0,0.0,0.0,0.0,0.0,0
C2126,34.0,3.0,0.0,0.0,87.0,0.0,1.4835599713720373,0
C21262,16.0,11.0,0.0,0.0,0.0,0.0,0.0,0
C21266,5.0,4.0,0.0,0.0,0.0,0.0,0.0,0
C21269,1.0,1.0,0.0,0.0,0.0,0.0,0.0,0
C2127,4.0,2.0,0.0,0.0,1486.0,0.0,43.092367279922534,0
C21271,2.0,2.0,0.0,0.0,0.0,0.0,0.0,0
C2128,0.0,0.0,0.0,0.0,65.0,0.0,18.529406811771146,0
C21286,8.0,3.0,0.0,0.0,0.0,0.0,0.0,0
C21295,100.0,5.0,0.0,0.0,0.0,0.0,0.0,0
C21297,8.0,2.0,0.0,0.0,0.0,0.0,0.0,0
C213,0.0,0.0,0.0,0.0,170.0,0.0,0.0,0
C2130,0.0,0.0,0.0,0.0,1461.0,0.0,0.0,0
C21300,780.0,20.0,0.0,0.0,0.0,0.0,0.0,0
C21302,642.0,25.0,1.0,0.0,0.0,0.0,0.0,0
C2131,0.0,0.0,0.0,0.0,61.0,0.0,134.36466972592936,0
C21311,438.0,20.0,0.0,0.0,0.0,0.0,0.0,0
C21318,1.0,1.0,0.0,0.0,0.0,0.0,0.0,0
C21322,13.0,11.0,0.0,0.0,0.0,0.0,0.0,0
C21336,27.0,3.0,0.0,0.0,0.0,0.0,0.0,0
C21337,94.0,14.0,0.0,0.0,0.0,0.0,0.0,0
C2134,0.0,0.0,0.0,0.0,1379.0,0.0,0.0,0
C21345,1.0,1.0,0.0,0.0,0.0,0.0,0.0,0
C21357,3.0,3.0,0.0,0.0,0.0,0.0,0.0,0
C2136,6.0,2.0,0.0,0.0,68.0,0.0,0.0,0
C2137,0.0,0.0,0.0,0.0,61.0,0.0,0.0,0
C21370,15.0,8.0,0.0,0.0,0.0,0.0,0.0,0
C21373,95.0,14.0,0.0,0.0,0.0,0.0,0.0,0
C21374,36.0,15.0,0.0,0.0,0.0,0.0,0.0,0
C21380,23.0,12.0,0.0,0.0,0.0,0.0,0.0,0
C21382,6.0,3.0,0.0,0.0,0.0,0.0,0.0,0
C214,0.0,0.0,0.0,0.0,72.0,0.0,6.401633477876479,0
C2140,0.0,0.0,0.0,0.0,69.0,0.0,0.0,0
C21405,836.0,23.0,1.0,0.0,0.0,0.0,0.0,0
C21409,1.0,1.0,0.0,0.0,0.0,0.0,0.0,0
C21423,212.0,14.0,0.0,0.0,0.0,0.0,0.0,0
C21428,1451.0,21.0,1.0,0.0,0.0,0.0,0.0,0
C21429,24.0,2.0,0.0,0.0,0.0,0.0,0.0,0
C2143,4.0,2.0,0.0,0.0,85.0,0.0,0.0,0
C2144,5.0,5.0,0.0,0.0,126.0,0.0,61.67431482339073,0
C2146,0.0,0.0,0.0,0.0,79.0,0.0,3.4018439776028293,0
C21474,2.0,2.0,0.0,0.0,0.0,0.0,0.0,0
C21478,5.0,4.0,0.0,0.0,0.0,0.0,0.0,0
C2148,0.0,0.0,0.0,0.0,72.0,0.0,7.281817033637856,0
C21482,3.0,3.0,0.0,0.0,0.0,0.0,0.0,0
C21485,18.0,3.0,0.0,0.0,0.0,0.0,0.005051993432408538,0
C21488,3.0,2.0,0.0,0.0,0.0,0.0,0.0,0
C2149,0.0,0.0,0.0,5.0,560.0,0.0,0.0,0
C21495,1.0,1.0,0.0,0.0,0.0,0.0,0.0,0
C215,0.0,0.0,0.0,0.0,90.0,0.0,5.876394560687071,0
C2150,5.0,2.0,0.0,0.0,84.0,0.0,13854.554919378605,0
C2151,0.0,0.0,0.0,0.0,88.0,0.0,0.0,0
C21518,234.0,20.0,0.0,0.0,0.0,0.0,0.0,0
C21521,262.0,20.0,0.0,0.0,0.0,0.0,0.0,0
C21524,1118.0,22.0,1.0,0.0,0.0,0.0,0.0,0
C21527,726.0,30.0,1.0,0.0,0.0,0.0,0.0,0
C21529,5.0,5.0,0.0,0.0,0.0,0.0,0.0,0
C2153,0.0,0.0,0.0,0.0,61.0,0.0,0.0,0
C21535,528.0,18.0,0.0,0.0,0.0,0.0,0.0,0
C2155,25.0,10.0,0.0,0.0,111.0,0.0,0.0,0
C21556,4.0,2.0,0.0,0.0,0.0,0.0,0.0,0
C21561,146.0,8.0,0.0,0.0,0.0,0.0,0.0,0
C21564,1.0,1.0,0.0,0.0,0.0,0.0,0.0,0
C21566,1.0,1.0,0.0,0.0,0.0,0.0,0.0,0
C21577,10.0,4.0,0.0,0.0,0.0,0.0,0.0,0
C2158,0.0,0.0,0.0,0.0,754.0,0.0,0.0,0
C21582,826.0,23.0,1.0,0.0,0.0,0.0,0.0,0
C21583,1.0,1.0,0.0,0.0,0.0,0.0,0.0,0
C21589,1.0,1.0,0.0,0.0,0.0,0.0,0.0,0
C2159,1915.0,15.0,0.0,53.0,398.0,0.0,153.0599082221193,0
C216,0.0,0.0,0.0,0.0,113.0,0.0,17.4142634614575,0
C21601,483.0,16.0,0.0,0.0,0.0,0.0,0.0,0
C21603,20.0,3.0,0.0,0.0,0.0,0.0,0.0,0
C21605,4.0,2.0,0.0,0.0,0.0,0.0,0.3854670988927714,0
C2161,5.0,5.0,0.0,0.0,67.0,0.0,0.3660169241779986,0
C21612,130.0,14.0,0.0,0.0,0.0,0.0,0.0,0
C2162,0.0,0.0,0.0,0.0,407.0,0.0,91.54700458889404,0
C21626,1.0,1.0,0.0,0.0,0.0,0.0,0.0,0
C21628,759.0,21.0,1.0,0.0,0.0,0.0,0.0,0
C21631,29.0,5.0,0.0,0.0,0.0,0.0,0.0,0
C21635,199.0,16.0,0.0,0.0,0.0,0.0,0.0,0
C2164,0.0,0.0,0.0,0.0,121.0,0.0,0.0,0
C21642,2.0,2.0,0.0,0.0,0.0,0.0,0.0,0
C21643,18.0,8.0,0.0,0.0,0.0,0.0,0.0,0
C21649,406.0,7.0,0.0,0.0,0.0,0.0,0.0,0
C2166,6.0,4.0,0.0,0.0,102.0,0.0,0.0,0
C21661,855.0,21.0,1.0,0.0,0.0,0.0,0.0,0
C21676,661.0,16.0,0.0,0.0,0.0,0.0,0.0,0
C21678,203.0,12.0,0.0,0.0,0.0,0.0,0.0,0
C2168,0.0,0.0,0.0,0.0,1226.0,0.0,0.0,0
C21686,1.0,1.0,0.0,0.0,0.0,0.0,0.0,0
C21698,4.0,1.0,0.0,0.0,0.0,0.0,0.0,0
C217,0.0,0.0,0.0,0.0,59.0,0.0,4.52675451521913,0
C2170,0.0,0.0,0.0,0.0,64.0,0.0,0.0,0
C21711,368.0,14.0,0.0,0.0,0.0,0.0,0.0,0
C21712,13.0,5.0,0.0,0.0,0.0,0.0,0.0,0
C2172,1.0,1.0,0.0,0.0,91.0,0.0,24.979118427146044,0
C21734,1.0,1.0,0.0,0.0,0.0,0.0,0.0,0
C21739,627.0,20.0,0.0,0.0,0.0,0.0,0.0,0
C2174,4.0,3.0,0.0,0.0,84.0,0.0,54.16882078053298,0
C21746,690.0,22.0,1.0,0.0,0.0,0.0,0.0,0
C21748,183.0,19.0,0.0,0.0,0.0,0.0,0.0,0
C21753,26.0,10.0,0.0,0.0,0.0,0.0,0.0,0
C21755,3.0,3.0,0.0,0.0,0.0,0.0,0.0,0
C2176,0.0,0.0,0.0,0.0,1455.0,0.0,0.0,0
C21763,23.0,3.0,0.0,0.0,0.0,0.0,0.020207973729634152,0
C21765,2.0,2.0,0.0,0.0,0.0,0.0,0.0,0
C2178,0.0,0.0,0.0,0.0,1461.0,0.0,0.0,0
C21780,5.0,5.0,0.0,0.0,0.0,0.0,0.0,0
C21782,925.0,21.0,1.0,0.0,0.0,0.0,0.0,0
C21790,167.0,16.0,0.0,0.0,0.0,0.0,0.0,0
C21792,628.0,30.0,1.0,0.0,0.0,0.0,0.0,0
C218,0.0,0.0,0.0,0.0,126.0,0.0,0.7049214836020713,0
C2180,0.0,0.0,0.0,0.0,1484.0,0.0,0.0,0
C21801,14.0,8.0,0.0,0.0,0.0,0.0,0.0,0
C21807,25.0,5.0,0.0,0.0,0.0,0.0,0.0,0
C21808,2.0,1.0,0.0,0.0,0.0,0.0,0.0,0
C2181,0.0,0.0,0.0,0.0,59.0,0.0,0.0,0
C21814,23.0,11.0,0.0,0.0,0.0,0.0,0.0,0
C21815,238.0,13.0,0.0,0.0,0.0,0.0,0.0,0
C21818,381.0,6.0,0.0,0.0,0.0,0.0,0.0,0
C21819,8.0,5.0,0.0,0.0,0.0,0.0,0.0,0
C21823,13.0,11.0,0.0,0.0,0.0,0.0,0.0,0
C2183,0.0,0.0,0.0,0.0,88.0,0.0,112.58367364122427,0
C21830,5.0,2.0,0.0,0.0,0.0,0.0,0.0,0
C21835,5.0,3.0,0.0,0.0,0.0,0.0,0.0,0
C2186,0.0,0.0,0.0,0.0,395.0,0.0,30.101881867553573,0
C21868,5.0,3.0,0.0,0.0,0.0,0.0,0.0,0
C21871,2.0,1.0,0.0,0.0,0.0,0.0,0.0,0
C21877,11.0,2.0,0.0,0.0,0.0,0.0,0.0,0
C2188,0.0,0.0,0.0,0.0,13.0,0.0,5.083694691196902,0
C2189,0.0,0.0,0.0,0.0,47.0,0.0,3.811939544478592,0
C219,0.0,0.0,0.0,0.0,121.0,0.0,0.33890455942407277,0
C2191,0.0,0.0,0.0,0.0,527.0,0.0,0.0,0
C21915,779.0,21.0,1.0,0.0,0.0,0.0,0.0,0
C2193,0.0,0.0,0.0,6.0,80.0,0.0,93.93061929019493,0
C21931,549.0,20.0,0.0,0.0,0.0,0.0,0.0,0
C21935,1.0,1.0,0.0,0.0,0.0,0.0,0.0,0
C21949,13.0,13.0,0.0,0.0,0.0,0.0,0.0,0
C2195,0.0,0.0,0.0,0.0,3.0,0.0,0.0,0
C21950,4.0,3.0,0.0,0.0,0.0,0.0,0.0,0
C2196,0.0,0.0,0.0,0.0,68.0,0.0,0.0,0
C21963,1.0,1.0,0.0,0.0,0.0,0.0,0.0,0
C21970,1.0,1.0,0.0,0.0,0.0,0.0,0.0,0
C21978,810.0,15.0,0.0,0.0,0.0,0.0,0.0,0
C2198,0.0,0.0,0.0,0.0,73.0,0.0,2.1073548604386816,0
C21983,1.0,1.0,0.0,0.0,0.0,0.0,0.0,0
C21984,11.0,8.0,0.0,0.0,0.0,0.0,0.0,0
C22,2.0,2.0,0.0,0.0,143.0,0.0,0.0,0
C220,0.0,0.0,0.0,0.0,88.0,0.0,0.0,0
C2201,138.0,9.0,0.0,0.0,9.0,0.0,0.0,0
C22010,14.0,8.0,0.0,0.0,0.0,0.0,0.0,0
C22014,5.0,4.0,0.0,0.0,0.0,0.0,0.0,0
C2202,0.0,0.0,0.0,0.0,82.0,0.0,6.699574790552773,0
C22023,615.0,21.0,1.0,0.0,0.0,0.0,0.0,0
C22024,25.0,7.0,0.0,0.0,0.0,0.0,0.0,0
C22027,805.0,24.0,1.0,0.0,0.0,0.0,0.0,0
C22029,217.0,15.0,0.0,0.0,0.0,0.0,0.0,0
C2203,0.0,0.0,0.0,0.0,124.0,0.0,6.632930577190249,0
C2204,0.0,0.0,0.0,0.0,158.0,0.0,6.049677935418684,0
C22040,4.0,4.0,0.0,0.0,0.0,0.0,0.0,0
C22047,41.0,13.0,0.0,0.0,0.0,0.0,0.0,0
C2205,20.0,3.0,0.0,0.0,96.0,0.0,0.0,0
C22052,2081.0,15.0,0.0,0.0,0.0,0.0,0.0,0
C22054,2.0,2.0,0.0,0.0,0.0,0.0,0.0,0
C22055,1.0,1.0,0.0,0.0,0.0,0.0,0.0,0
C22066,1.0,1.0,0.0,0.0,0.0,0.0,0.0,0
C2207,4.0,4.0,0.0,0.0,79.0,0.0,0.0,0
C22076,5.0,5.0,0.0,0.0,0.0,0.0,0.0,0
C2209,0.0,0.0,0.0,0.0,158.0,0.0,0.7348124447438218,0
C22096,59.0,16.0,0.0,0.0,0.0,0.0,0.0,0
C22097,24.0,2.0,0.0,0.0,0.0,0.0,0.0,0
C221,0.0,0.0,0.0,0.0,77.0,0.0,0.0,0
C22102,1.0,1.0,0.0,0.0,0.0,0.0,0.0,0
C2211,0.0,0.0,0.0,0.0,133.0,0.0,0.0,0
C22113,2.0,2.0,0.0,0.0,0.0,0.0,9.389256093967077,0
C2212,8.0,7.0,0.0,0.0,68.0,0.0,0.0,0
C22144,8.0,8.0,0.0,0.0,0.0,0.0,0.0,0
C2215,0.0,0.0,0.0,0.0,11.0,0.0,0.0,0
C22166,264.0,21.0,1.0,0.0,0.0,0.0,0.0,0
C2217,4.0,2.0,0.0,0.0,51.0,0.0,0.048499136951121964,0
C22181,10.0,10.0,0.0,0.0,0.0,0.0,0.0,0
C2219,0.0,0.0,0.0,0.0,60.0,0.0,0.0,0
C22191,1.0,1.0,0.0,0.0,0.0,0.0,0.0,0
C22192,12.0,3.0,0.0,0.0,0.0,0.0,1.5235970193238748,0
C22195,3.0,3.0,0.0,0.0,0.0,0.0,0.0,0
C222,80.0,10.0,0.0,0.0,120.0,0.0,0.0,0
C22204,319.0,12.0,0.0,0.0,0.0,0.0,0.0,0
C22206,14.0,6.0,0.0,0.0,0.0,0.0,0.0,0
C2221,8.0,4.0,0.0,0.0,471.0,0.0,0.0,0
C22224,17.0,16.0,0.0,0.0,0.0,0.0,0.0,0
C22226,64.0,9.0,0.0,0.0,0.0,0.0,0.0,0
C22228,226.0,15.0,0.0,0.0,0.0,0.0,0.0,0
C22230,22.0,2.0,0.0,0.0,0.0,0.0,0.0,0
C22233,5.0,5.0,0.0,0.0,0.0,0.0,0.0,0
C2224,0.0,0.0,0.0,0.0,1582.0,0.0,0.0,0
C22244,514.0,17.0,0.0,0.0,0.0,0.0,0.0,0
C22245,31.0,3.0,0.0,0.0,0.0,0.0,0.0,0
C22246,410.0,8.0,0.0,0.0,0.0,0.0,0.0,0
C2225,3.0,1.0,0.0,2.0,490.0,0.0,307.0193659748242,0
C22250,2.0,1.0,0.0,0.0,0.0,0.0,0.5901149328505872,0
C22251,1.0,1.0,0.0,0.0,0.0,0.0,0.0,0
C22253,529.0,20.0,0.0,0.0,0.0,0.0,0.0,0
C22256,53.0,2.0,0.0,0.0,0.0,0.0,0.0,0
C22258,187.0,19.0,0.0,0.0,0.0,0.0,0.0,0
C2226,0.0,0.0,0.0,0.0,83.0,0.0,6.18359786132278,0
C22263,378.0,18.0,0.0,0.0,0.0,0.0,0.0,0
C22269,673.0,29.0,1.0,0.0,0.0,0.0,22.32640087567886,0
C22270,151.0,21.0,1.0,0.0,0.0,0.0,0.0,0
C22275,276.0,18.0,0.0,0.0,0.0,0.0,0.0,0
C2229,922.0,15.0,0.0,0.0,65.0,0.0,27.536521702521785,0
C22294,126.0,15.0,0.0,0.0,0.0,0.0,0.0,0
C22298,4.0,1.0,0.0,0.0,0.0,0.0,0.0,0
C223,0.0,0.0,0.0,0.0,226.0,0.0,0.0,0
C2230,5.0,4.0,0.0,3.0,248.0,0.0,0.32442217825116826,0
C22300,4.0,4.0,0.0,0.0,0.0,0.0,0.0,0
C22305,4.0,4.0,0.0,0.0,0.0,0.0,0.0,0
C2232,0.0,0.0,0.0,0.0,189.0,0.0,0.0,0
C22327,1.0,1.0,0.0,0.0,0.0,0.0,0.0,0
C2233,0.0,0.0,0.0,0.0,657.0,0.0,0.0,0
C2234,0.0,0.0,0.0,0.0,95.0,0.0,0.0,0
C22343,126.0,17.0,0.0,0.0,0.0,0.0,0.0,0
C2235,26.0,6.0,0.0,0.0,306.0,0.0,0.0,0
C22358,3.0,2.0,0.0,0.0,0.0,0.0,0.0,0
C2236,0.0,0.0,0.0,0.0,54.0,0.0,3.369805919252305,0
C22368,6.0,1.0,0.0,0.0,0.0,0.0,0.0,0
C2237,2.0,2.0,0.0,0.0,78.0,0.0,0.0,0
C22375,129.0,22.0,1.0,0.0,0.0,0.0,0.0,0
C2238,2.0,2.0,0.0,0.0,64.0,0.0,0.0,0
C22384,414.0,19.0,0.0,0.0,0.0,0.0,0.0,0
C22386,437.0,19.0,0.0,0.0,0.0,0.0,0.0,0
C22389,1.0,1.0,0.0,0.0,0.0,0.0,0.0,0
C22391,189.0,19.0,0.0,0.0,0.0,0.0,0.0,0
C22394,22.0,2.0,0.0,0.0,0.0,0.0,0.0,0
C22395,76.0,3.0,0.0,0.0,0.0,0.0,10.25950406264472,0
C224,0.0,0.0,0.0,0.0,94.0,0.0,0.0,0
C2240,25.0,13.0,0.0,0.0,172.0,0.0,5.618448196017345,0
C22419,10.0,4.0,0.0,0.0,0.0,0.0,0.0,0
C2242,0.0,0.0,0.0,0.0,61.0,0.0,4028.572517155728,0
C22432,121.0,14.0,0.0,0.0,0.0,0.0,0.0,0
C2244,5.0,4.0,0.0,0.0,49.0,0.0,0.0,0
C22442,502.0,18.0,0.0,0.0,0.0,0.0,1.9353344840651707,0
C2245,1.0,1.0,0.0,0.0,139.0,0.0,0.0,0
C22462,446.0,23.0,1.0,0.0,0.0,0.0,0.0,0
C22467,660.0,10.0,0.0,0.0,0.0,0.0,0.0,0
C2247,0.0,0.0,0.0,0.0,1460.0,0.0,0.0,0
C22474,1.0,1.0,0.0,0.0,0.0,0.0,0.0,0
C22479,80.0,4.0,0.0,0.0,0.0,0.0,7.129162632088578,0
C22483,382.0,19.0,0.0,0.0,0.0,0.0,0.0,0
C2249,0.0,0.0,0.0,0.0,1467.0,0.0,0.0,0
C22492,2.0,2.0,0.0,0.0,0.0,0.0,0.0,0
C22494,402.0,3.0,0.0,0.0,0.0,0.0,1.1092072580305645,0
C2250,0.0,0.0,0.0,0.0,489.0,0.0,6.56767566202164,0
C2252,0.0,0.0,0.0,0.0,1511.0,0.0,0.0,0
C22521,511.0,16.0,0.0,0.0,0.0,0.0,0.0,0
C22523,6.0,4.0,0.0,0.0,0.0,0.0,15.891129541531596,0
C22526,365.0,21.0,1.0,0.0,0.0,0.0,0.0,0
C2253,0.0,0.0,0.0,0.0,94.0,0.0,0.0,0
C22532,15.0,11.0,0.0,0.0,0.0,0.0,0.0,0
C22539,5.0,1.0,0.0,0.0,0.0,0.0,0.0,0
C2254,4.0,4.0,0.0,1.0,425.0,0.0,134.09034648254956,0
C2255,0.0,0.0,0.0,0.0,155.0,0.0,29.333852565991663,0
C22563,1.0,1.0,0.0,0.0,0.0,0.0,0.0,0
C2257,4.0,3.0,0.0,0.0,498.0,0.0,1.5148402307077,0
C22571,504.0,21.0,1.0,0.0,0.0,0.0,0.0,0
C22577,4.0,4.0,0.0,0.0,0.0,0.0,0.0,0
C2259,16.0,6.0,0.0,0.0,150.0,0.0,0.0,0
C22594,6.0,5.0,0.0,0.0,0.0,0.0,1.0776743990232813,0
C22596,38.0,5.0,0.0,0.0,0.0,0.0,0.0,0
C226,0.0,0.0,0.0,0.0,144.0,0.0,0.0,0
C2260,0.0,0.0,0.0,4.0,46.0,0.0,0.0,0
C22608,248.0,23.0,1.0,0.0,0.0,0.0,0.0,0
C22609,74.0,19.0,0.0,0.0,0.0,0.0,0.0,0
C2261,0.0,0.0,0.0,0.0,69.0,0.0,0.0,0
C22610,3.0,2.0,0.0,0.0,0.0,0.0,0.03772155096198375,0
C22620,7.0,5.0,0.0,0.0,0.0,0.0,0.0,0
C22623,2.0,2.0,0.0,0.0,0.0,0.0,0.0,0
C2263,0.0,0.0,0.0,0.0,125.0,0.0,0.46512019534374605,0
C22631,4.0,4.0,0.0,0.0,0.0,0.0,0.0,0
C22636,3.0,3.0,0.0,0.0,0.0,0.0,0.0,0
C22638,1.0,1.0,0.0,0.0,0.0,0.0,0.0,0
C2264,0.0,0.0,0.0,5.0,55.0,0.0,0.0,0
C22641,142.0,18.0,0.0,0.0,0.0,0.0,0.0,0
C22644,4.0,4.0,0.0,0.0,0.0,0.0,0.0,0
C22656,5.0,5.0,0.0,0.0,0.0,0.0,0.0,0
C2266,1.0,1.0,0.0,0.0,118.0,0.0,0.0,0
C22666,430.0,25.0,1.0,0.0,0.0,0.0,0.0,0
C22668,128.0,20.0,0.0,0.0,0.0,0.0,0.0,0
C2267,0.0,0.0,0.0,0.0,65.0,0.0,0.0,0
C22677,10.0,10.0,0.0,0.0,0.0,0.0,0.0,0
C22679,1.0,1.0,0.0,0.0,0.0,0.0,0.0,0
C22681,8.0,8.0,0.0,0.0,0.0,0.0,0.0,0
C2269,0.0,0.0,0.0,0.0,125.0,0.0,4.620595293226119,0
C22692,3.0,3.0,0.0,0.0,0.0,0.0,0.0,0
C22696,312.0,20.0,0.0,0.0,0.0,0.0,0.0,0
C22698,578.0,21.0,1.0,0.0,0.0,0.0,0.0,0
C227,0.0,0.0,0.0,0.0,152.0,0.0,0.0,0
C2270,0.0,0.0,0.0,0.0,8.0,0.0,507.22447690818,0
C22704,1.0,1.0,0.0,0.0,0.0,0.0,0.0,0
C22707,89.0,15.0,0.0,0.0,0.0,0.0,0.0,0
C2271,0.0,0.0,0.0,0.0,129.0,0.0,0.0,0
C22710,337.0,13.0,0.0,0.0,0.0,0.0,0.0,0
C22715,276.0,17.0,0.0,0.0,0.0,0.0,0.0,0
C22717,30.0,3.0,0.0,0.0,0.0,0.0,0.0,0
C22721,238.0,10.0,0.0,0.0,0.0,0.0,0.0,0
C22723,414.0,21.0,1.0,0.0,0.0,0.0,0.0,0
C22724,1018.0,16.0,0.0,0.0,0.0,0.0,0.0,0
C22727,168.0,14.0,0.0,0.0,0.0,0.0,0.0,0
C22729,386.0,20.0,0.0,0.0,0.0,0.0,0.0,0
C22731,75.0,13.0,0.0,0.0,0.0,0.0,0.0,0
C2274,0.0,0.0,0.0,0.0,1545.0,0.0,0.0,0
C22741,114.0,16.0,0.0,0.0,0.0,0.0,0.0,0
C22752,64.0,14.0,0.0,0.0,0.0,0.0,0.0,0
C22756,540.0,26.0,1.0,0.0,0.0,0.0,0.0,0
C22758,1.0,1.0,0.0,0.0,0.0,0.0,0.0,0
C22759,1.0,1.0,0.0,0.0,0.0,0.0,0.0,0
C2276,0.0,0.0,0.0,0.0,1544.0,0.0,0.0,0
C2277,0.0,0.0,0.0,0.0,67.0,0.0,5.961857449585316,0
C2278,1114.0,18.0,0.0,0.0,73.0,0.0,0.0,0
C22786,946.0,8.0,0.0,0.0,0.0,0.0,0.0,0
C22789,16.0,9.0,0.0,0.0,0.0,0.0,0.0,0
C22795,13.0,2.0,0.0,0.0,0.0,0.0,0.0,0
C22796,2045.0,14.0,0.0,0.0,0.0,0.0,0.0,0
C22798,2047.0,12.0,0.0,0.0,0.0,0.0,0.0,0
C228,0.0,0.0,0.0,0.0,137.0,0.0,0.33890455942407277,0
C2280,0.0,0.0,0.0,0.0,1474.0,0.0,0.0,0
C22805,274.0,15.0,0.0,0.0,0.0,0.0,0.0,0
C2283,14.0,6.0,0.0,0.0,72.0,0.0,0.0,0
C22849,63.0,16.0,0.0,0.0,0.0,0.0,0.0,0
C2285,0.0,0.0,0.0,0.0,758.0,0.0,0.0,0
C22851,59.0,14.0,0.0,0.0,0.0,0.0,0.0,0
C22852,1.0,1.0,0.0,0.0,0.0,0.0,0.0,0
C22858,21.0,12.0,0.0,0.0,0.0,0.0,0.0,0
C2286,0.0,0.0,0.0,0.0,78.0,0.0,158.1505073043405,0
C22863,8.0,7.0,0.0,0.0,0.0,0.0,0.0,0
C22867,63.0,6.0,0.0,0.0,0.0,0.0,0.0,0
C2287,3.0,2.0,0.0,0.0,70.0,0.0,0.0,0
C22870,3.0,3.0,0.0,0.0,0.0,0.0,0.0,0
C2288,0.0,0.0,0.0,0.0,85.0,0.0,0.0,0
C22887,14.0,2.0,0.0,0.0,0.0,0.0,0.0,0
C22890,26.0,4.0,0.0,0.0,0.0,0.0,0.0,0
C22892,2.0,2.0,0.0,0.0,0.0,0.0,0.0,0
C22897,217.0,16.0,0.0,0.0,0.0,0.0,0.0,0
C229,0.0,0.0,0.0,0.0,15760.0,0.0,0.0,0
C2290,10.0,6.0,0.0,0.0,95.0,0.0,4.975329432071739,0
C22901,353.0,16.0,0.0,0.0,0.0,0.0,0.0,0
C22902,151.0,16.0,0.0,0.0,0.0,0.0,0.0,0
C22903,188.0,19.0,0.0,0.0,0.0,0.0,0.0,0
C22907,159.0,16.0,0.0,0.0,0.0,0.0,0.0,0
C22908,272.0,22.0,1.0,0.0,0.0,0.0,0.0,0
C2291,0.0,0.0,0.0,0.0,153.0,0.0,2.8838041510546035,0
C22912,5.0,4.0,0.0,0.0,0.0,0.0,0.0,0
C2292,7.0,3.0,0.0,0.0,83.0,0.0,6.675367322022481,0
C22927,177.0,13.0,0.0,0.0,0.0,0.0,0.0,0
C2293,0.0,0.0,0.0,0.0,103.0,0.0,7.410937565781165,0
C22933,5.0,3.0,0.0,0.0,0.0,0.0,0.0,0
C22938,36.0,18.0,0.0,0.0,0.0,0.0,0.0,0
C2295,0.0,0.0,0.0,0.0,67.0,0.0,0.0,0
C22950,2.0,1.0,0.0,0.0,0.0,0.0,0.0,0
C22956,91.0,6.0,0.0,0.0,0.0,0.0,0.0,0
C22960,12.0,8.0,0.0,0.0,0.0,0.0,0.0,0
C22961,270.0,21.0,1.0,0.0,0.0,0.0,0.0,0
C22963,1.0,1.0,0.0,0.0,0.0,0.0,0.0,0
C22965,26.0,8.0,0.0,0.0,0.0,0.0,0.0,0
C22967,33.0,3.0,0.0,0.0,0.0,0.0,6.495011156485496,0
C22976,677.0,6.0,0.0,0.0,0.0,0.0,14.336883762051109,0
C22979,2.0,1.0,0.0,0.0,0.0,0.0,0.0,0
C2298,2.0,2.0,0.0,0.0,157.0,0.0,0.0,0
C22984,2.0,1.0,0.0,0.0,0.0,0.0,0.0,0
C22987,5.0,5.0,0.0,0.0,0.0,0.0,0.0,0
C2299,580.0,19.0,0.0,0.0,57.0,0.0,28.192186250157874,0
C23,0.0,0.0,0.0,0.0,101.0,0.0,0.0,0
C230,0.0,0.0,0.0,0.0,100.0,0.0,0.9038437250031575,0
C2300,0.0,0.0,0.0,0.0,517.0,0.0,1820.7806171851976,0
C23009,1.0,1.0,0.0,0.0,0.0,0.0,0.0,0
C2301,0.0,0.0,0.0,0.0,70.0,0.0,157.533280006736,0
C23016,129.0,18.0,0.0,0.0,0.0,0.0,0.0,0
C2303,1273.0,42.0,1.0,0.0,116.0,0.0,8.124952637561572,0
C23030,64.0,17.0,0.0,0.0,0.0,0.0,0.0,0
C23033,27.0,15.0,0.0,0.0,0.0,0.0,0.0,0
C2304,0.0,0.0,0.0,0.0,92.0,0.0,0.0,0
C23040,14.0,2.0,0.0,0.0,0.0,0.0,0.0,0
C23042,5.0,4.0,0.0,0.0,0.0,0.0,0.0,0
C23048,2.0,2.0,0.0,0.0,0.0,0.0,0.0,0
C2306,125.0,17.0,0.0,0.0,697.0,0.0,0.33890455942407277,0
C2307,0.0,0.0,0.0,0.0,93.0,0.0,0.28665852734391445,0
C2308,0.0,0.0,0.0,0.0,60.0,0.0,0.0,0
C23092,279.0,10.0,0.0,0.0,0.0,0.0,0.0,0
C23098,18.0,2.0,0.0,0.0,0.0,0.0,24.35624973687534,0
C231,1.0,1.0,0.0,0.0,1323.0,0.0,109430.24649517956,0
C2312,0.0,0.0,0.0,0.0,1472.0,0.0,0.0,0
C23123,23.0,13.0,0.0,0.0,0.0,0.0,0.0,0
C2313,10.0,5.0,0.0,0.0,297.0,0.0,0.0,0
C23133,357.0,21.0,1.0,0.0,0.0,0.0,0.0,0
C2314,0.0,0.0,0.0,0.0,149.0,0.0,0.0,0
C23142,2.0,2.0,0.0,0.0,0.0,0.0,0.0,0
C2315,0.0,0.0,0.0,0.0,95.0,0.0,0.0,0
C23168,3.0,3.0,0.0,0.0,0.0,0.0,0.0,0
C2317,0.0,0.0,0.0,0.0,68.0,0.0,0.0,0
C23176,7.0,6.0,0.0,0.0,0.0,0.0,0.0,0
C23194,15.0,6.0,0.0,0.0,0.0,0.0,0.0,0
C23199,56.0,7.0,0.0,0.0,0.0,0.0,0.0,0
C232,0.0,0.0,0.0,0.0,144.0,0.0,0.33890455942407277,0
C2320,4312.0,7.0,0.0,0.0,3000.0,0.0,316.548562286869,0
C23204,1189.0,17.0,0.0,0.0,0.0,0.0,0.0,0
C23205,14.0,11.0,0.0,0.0,0.0,0.0,0.0,0
C2321,1259.0,21.0,1.0,0.0,92.0,0.0,18061.987959415652,0
C23214,2.0,2.0,0.0,0.0,0.0,0.0,0.0,0
C23218,1.0,1.0,0.0,0.0,0.0,0.0,0.0,0
C23226,1.0,1.0,0.0,0.0,0.0,0.0,0.0,0
C2323,0.0,0.0,0.0,0.0,1514.0,0.0,0.0,0
C23230,19.0,12.0,0.0,0.0,0.0,0.0,0.0,0
C2324,0.0,0.0,0.0,0.0,81.0,0.0,0.0,0
C2325,0.0,0.0,0.0,0.0,59.0,0.0,0.0,0
C23256,13.0,2.0,0.0,0.0,0.0,0.0,0.0,0
C23261,1.0,1.0,0.0,0.0,0.0,0.0,0.0,0
C23278,1.0,1.0,0.0,0.0,0.0,0.0,0.0,0
C2328,0.0,0.0,0.0,0.0,131.0,0.0,20.269187050056836,0
C2329,19.0,13.0,0.0,0.0,103.0,0.0,12.205868732370648,0
C23290,1.0,1.0,0.0,0.0,0.0,0.0,0.0,0
C23297,107.0,14.0,0.0,0.0,0.0,0.0,0.0,0
C23299,3.0,3.0,0.0,0.0,0.0,0.0,0.0,0
C233,17.0,6.0,0.0,0.0,62.0,0.0,3.3524186418557655,0
C2331,83.0,12.0,0.0,0.0,165.0,0.0,0.0,0
C23315,207.0,19.0,0.0,0.0,0.0,0.0,0.0,0
C2332,0.0,0.0,0.0,0.0,76.0,0.0,0.0,0
C23322,5.0,3.0,0.0,0.0,0.0,0.0,0.0,0
C23327,46.0,9.0,0.0,0.0,0.0,0.0,0.0,0
C23329,12.0,4.0,0.0,0.0,0.0,0.0,5.404496274154844,0
C23330,124.0,17.0,0.0,0.0,0.0,0.0,0.0,0
C23337,1.0,1.0,0.0,0.0,0.0,0.0,0.0,0
C2334,0.0,0.0,0.0,0.0,112.0,0.0,0.0,0
C2335,0.0,0.0,0.0,0.0,84.0,0.0,0.5194712246874079,0
C2337,0.0,0.0,0.0,0.0,1468.0,0.0,0.0,0
C23373,1.0,1.0,0.0,0.0,0.0,0.0,0.0,0
C23383,7.0,2.0,0.0,0.0,0.0,0.0,0.0,0
C23385,50.0,15.0,0.0,0.0,0.0,0.0,0.0,0
C2339,3.0,2.0,0.0,0.0,69.0,0.0,0.0,0
C23396,297.0,8.0,0.0,0.0,0.0,0.0,4.512272134046226,0
C234,0.0,0.0,0.0,0.0,91.0,0.0,0.0,0
C2341,4.0,4.0,0.0,0.0,141.0,0.0,28.274912642613565,0
C23412,221.0,11.0,0.0,0.0,0.0,0.0,0.0,0
C2342,0.0,0.0,0.0,0.0,82.0,0.0,0.0,0
C2344,1.0,1.0,0.0,2.0,266.0,0.0,0.0,0
C23458,1.0,1.0,0.0,0.0,0.0,0.0,0.0,0
C2346,2.0,2.0,0.0,0.0,1459.0,0.0,0.0,0
C2347,5.0,2.0,0.0,0.0,54.0,0.0,9.022649770555299,0
C2348,6.0,4.0,0.0,0.0,72.0,0.0,212.4527849113796,0
C23497,38.0,4.0,0.0,0.0,0.0,0.0,0.0,0
C235,12.0,6.0,0.0,0.0,120.0,0.0,1.195848945396371,0
C2351,0.0,0.0,0.0,0.0,1227.0,0.0,0.0,0
C2352,0.0,0.0,0.0,0.0,46.0,0.0,0.0,0
C2354,0.0,0.0,0.0,0.0,61.0,0.0,0.0,0
C2356,0.0,0.0,0.0,0.0,115.0,0.0,0.0,0
C2358,0.0,0.0,0.0,0.0,459.0,0.0,0.0,0
C2359,1.0,1.0,0.0,0.0,380.0,0.0,0.0,0
C236,0.0,0.0,0.0,0.0,54.0,0.0,5.893823938028881,0
C2361,1.0,1.0,0.0,0.0,170.0,0.0,0.0,0
C2363,0.0,0.0,0.0,0.0,135.0,0.0,0.0,0
C23640,769.0,12.0,0.0,0.0,0.0,0.0,10.62669978529028,0
C2366,0.0,0.0,0.0,0.0,1453.0,0.0,0.0,0
C2367,0.0,0.0,0.0,0.0,205.0,0.0,0.08525238917189408,0
C23671,18.0,2.0,0.0,0.0,0.0,0.0,0.0,0
C23679,259.0,8.0,0.0,0.0,0.0,0.0,197.72340335957563,0
C2368,1.0,1.0,0.0,0.0,305.0,0.0,0.0,0
C2369,0.0,0.0,0.0,0.0,52.0,0.0,0.0,0
C237,0.0,0.0,0.0,0.0,86.0,0.0,0.0,0
C2370,0.0,0.0,0.0,0.0,80.0,0.0,0.0,0
C23708,1.0,1.0,0.0,0.0,0.0,0.0,0.0,0
C23716,849.0,2.0,0.0,0.0,0.0,0.0,0.0,0
C2372,0.0,0.0,0.0,0.0,339.0,0.0,183.22738180440365,0
C23722,419.0,14.0,0.0,0.0,0.0,0.0,0.0,0
C23724,699.0,4.0,0.0,0.0,0.0,0.0,6.650612554203679,0
C23726,42.0,6.0,0.0,0.0,0.0,0.0,0.0,0
C23728,104.0,16.0,0.0,0.0,0.0,0.0,0.0,0
C23736,111.0,9.0,0.0,0.0,0.0,0.0,0.0,0
C2375,0.0,0.0,0.0,0.0,1326.0,0.0,0.0,0
C23769,6.0,6.0,0.0,0.0,142.0,0.0,16.55769797499263,0
C2377,0.0,0.0,0.0,0.0,164.0,0.0,0.0,0
C23777,12.0,5.0,0.0,0.0,0.0,0.0,0.0,0
C2378,0.0,0.0,0.0,0.0,66.0,0.0,0.0,0
C2379,0.0,0.0,0.0,0.0,405.0,0.0,0.0,0
C23794,18.0,15.0,0.0,0.0,0.0,0.0,14.936807982149624,0
C238,0.0,0.0,0.0,0.0,50.0,0.0,0.0,0
C23804,152.0,4.0,0.0,0.0,0.0,0.0,7.672546625689386,0
C2381,0.0,0.0,0.0,0.0,1495.0,0.0,0.0,0
C23815,93.0,3.0,0.0,0.0,0.0,0.0,0.0,0
C2382,10.0,8.0,0.0,0.0,226.0,0.0,0.0,0
C23828,71.0,4.0,0.0,0.0,0.0,0.0,0.0,0
C2384,0.0,0.0,0.0,0.0,1473.0,0.0,0.0,0
C2385,0.0,0.0,0.0,0.0,362.0,0.0,12.081631793878667,0
C23867,5.0,5.0,0.0,0.0,0.0,0.0,0.0,0
C2387,93.0,7.0,0.0,0.0,49.0,0.0,6.570706858081085,0
C2388,0.0,0.0,0.0,0.0,128.0,0.0,0.0,0
C2389,0.0,0.0,0.0,0.0,79.0,0.0,6.340756957015956,0
C239,0.0,0.0,0.0,0.0,67.0,0.0,0.0,0
C2390,0.0,0.0,0.0,0.0,376.0,0.0,190.35831263419357,0
C23900,3.0,3.0,0.0,0.0,0.0,0.0,0.0,0
C2392,0.0,0.0,0.0,0.0,1462.0,0.0,0.0,0
C2393,0.0,0.0,0.0,0.0,91.0,0.0,175.9405127773334,0
C23931,1176.0,7.0,0.0,0.0,0.0,0.0,0.0,0
C23935,8.0,2.0,0.0,0.0,0.0,0.0,0.0,0
C2394,0.0,0.0,0.0,0.0,75.0,0.0,6.143266113754052,0
C23942,339.0,5.0,0.0,0.0,0.0,0.0,0.0,0
C2395,66.0,4.0,0.0,0.0,97.0,0.0,0.0,0
C23957,77.0,18.0,0.0,0.0,86.0,0.0,18.309055698227592,0
C2396,23.0,12.0,0.0,0.0,82.0,0.0,0.0,0
C2398,0.0,0.0,0.0,0.0,1455.0,0.0,0.0,0
C2399,0.0,0.0,0.0,0.0,83.0,0.0,0.0,0
C23990,29.0,9.0,0.0,0.0,0.0,0.0,0.0,0
C24,58.0,15.0,0.0,0.0,166.0,0.0,0.33890455942407277,0
C240,0.0,0.0,0.0,0.0,84.0,0.0,4.40857996884604,0
C2402,0.0,0.0,0.0,0.0,1470.0,0.0,0.0,0
C24027,44.0,10.0,0.0,0.0,0.0,0.0,0.0,0
C2404,0.0,0.0,0.0,0.0,1517.0,0.0,0.0,0
C2405,0.0,0.0,0.0,0.0,120.0,0.0,0.0,0
C24055,0.0,0.0,0.0,0.0,152.0,0.0,200.16856818086137,0
C24057,755.0,4.0,0.0,0.0,0.0,0.0,9.798088662484739,0
C2406,0.0,0.0,0.0,0.0,36.0,0.0,0.0,0
C24078,6.0,2.0,0.0,0.0,0.0,0.0,0.0,0
C2408,25.0,9.0,0.0,0.0,81.0,0.0,5.901191428451143,0
C241,0.0,0.0,0.0,1.0,433.0,0.0,0.0,0
C2410,3.0,1.0,0.0,0.0,125.0,0.0,0.0,0
C24113,3.0,2.0,0.0,0.0,0.0,0.0,1.7371279417336758,0
C2412,0.0,0.0,0.0,0.0,1474.0,0.0,0.0,0
C2413,0.0,0.0,0.0,8.0,379.0,0.0,160.12987833115818,0
C2415,0.0,0.0,0.0,0.0,44.0,0.0,6.75725171557277,0
C24171,1.0,1.0,0.0,0.0,0.0,0.0,0.0,0
C2418,0.0,0.0,0.0,0.0,70.0,0.0,0.0,0
C242,0.0,0.0,0.0,0.0,104.0,0.0,31.88906664421336,0
C2420,0.0,0.0,0.0,0.0,78.0,0.0,0.0,0
C2422,252.0,13.0,0.0,0.0,102.0,0.0,15.740790636972172,0
C2424,0.0,0.0,0.0,0.0,96.0,0.0,0.0,0
C2426,0.0,0.0,0.0,0.0,1560.0,0.0,0.0,0
C24265,2.0,2.0,0.0,0.0,0.0,0.0,0.0,0
C2427,0.0,0.0,0.0,0.0,137.0,0.0,0.0,0
C24270,14.0,11.0,0.0,0.0,0.0,0.0,0.0,0
C2428,1160.0,22.0,1.0,0.0,106.0,0.0,27.268345051151435,0
C243,0.0,0.0,0.0,0.0,3.0,0.0,0.0,0
C2430,4.0,3.0,0.0,0.0,64.0,0.0,0.0,0
C2431,28.0,8.0,0.0,0.0,129.0,0.0,0.0,0
C2433,0.0,0.0,0.0,0.0,77.0,0.0,0.0,0
C2434,0.0,0.0,0.0,0.0,93.0,0.0,31.754094219677516,0
C24340,1.0,1.0,0.0,0.0,147.0,0.0,3.9740243337683663,0
C2436,1124.0,20.0,0.0,0.0,148.0,0.0,890.5584557740075,0
C2438,1832.0,20.0,0.0,0.0,81.0,0.0,4.661390140192818,0
C24386,4.0,4.0,0.0,0.0,0.0,0.0,0.0,0
C244,0.0,0.0,0.0,0.0,83.0,0.0,20.468698690691703,0
C2440,0.0,0.0,0.0,0.0,64.0,0.0,0.0,0
C2442,0.0,0.0,0.0,0.0,1546.0,0.0,0.0,0
C24436,825.0,2.0,0.0,0.0,0.0,0.0,1.3488822464530796,0
C2444,0.0,0.0,0.0,0.0,1527.0,0.0,0.0,0
C2446,0.0,0.0,0.0,0.0,1519.0,0.0,0.0,0
C24464,518.0,27.0,1.0,0.0,0.0,0.0,13.860607081210794,0
C24468,3.0,3.0,0.0,0.0,0.0,0.0,0.0,0
C2447,11.0,5.0,0.0,0.0,87.0,0.0,0.0,0
C2448,6.0,4.0,0.0,0.0,367.0,0.0,0.0,0
C245,2.0,2.0,0.0,0.0,576.0,0.0,0.0,0
C2450,0.0,0.0,0.0,0.0,1500.0,0.0,0.0,0
C2451,0.0,0.0,0.0,0.0,137.0,0.0,12.835810213446722,0
C2454,0.0,0.0,0.0,0.0,75.0,0.0,6.710226076706101,0
C24541,19.0,5.0,0.0,0.0,0.0,0.0,0.0,0
C2456,0.0,0.0,0.0,0.0,1461.0,0.0,0.0,0
C2457,0.0,0.0,0.0,0.0,153.0,0.0,0.0,0
C2459,1045.0,22.0,1.0,0.0,74.0,0.0,0.0,0
C24595,762.0,9.0,0.0,0.0,0.0,0.0,6.785079779396287,0
C246,0.0,0.0,0.0,487.0,2731.0,0.0,0.0,0
C24607,18.0,2.0,0.0,0.0,0.0,0.0,0.0,0
C24608,26.0,6.0,0.0,0.0,0.0,0.0,0.0,0
C2461,0.0,0.0,0.0,0.0,94.0,0.0,33.323453879509955,0
C2462,15.0,8.0,0.0,0.0,74.0,0.0,8.390434892434639,0
C24620,21.0,6.0,0.0,0.0,0.0,0.0,0.0,0
C24626,9.0,7.0,0.0,0.0,0.0,0.0,20.463394097587674,0
C2463,1.0,1.0,0.0,3.0,699.0,0.0,0.0,0
C24637,252.0,10.0,0.0,0.0,0.0,0.0,0.0,0
C2464,1087.0,17.0,0.0,0.0,226.0,0.0,146.17475687281606,0
C24641,1.0,1.0,0.0,0.0,0.0,0.0,0.0,0
C2465,0.0,0.0,0.0,0.0,131.0,0.0,7.629604681513914,0
C2466,0.0,0.0,0.0,0.0,132.0,0.0,3.278575337852061,0
C24662,35.0,3.0,0.0,0.0,0.0,0.0,0.0,0
C2468,0.0,0.0,0.0,0.0,69.0,0.0,0.0,0
C24689,554.0,5.0,0.0,0.0,0.0,0.0,0.0,0
C247,0.0,0.0,0.0,0.0,1617.0,0.0,608.0212604723614,0
C2470,0.0,0.0,0.0,0.0,67.0,0.0,5.34324085378689,0
C2471,5.0,3.0,0.0,0.0,53.0,0.0,3.267671452027112,0
C24710,433.0,11.0,0.0,0.0,0.0,0.0,0.0,0
C2472,1111.0,22.0,1.0,0.0,245.0,0.0,0.0,0
C24721,247.0,7.0,0.0,0.0,0.0,0.0,0.0,0
C24722,4.0,3.0,0.0,0.0,0.0,0.0,0.0,0
C2473,0.0,0.0,0.0,0.0,83.0,0.0,0.0,0
C24749,200.0,7.0,0.0,0.0,0.0,0.0,0.0,0
C2475,1165.0,17.0,0.0,0.0,515.0,0.0,144.1915547509788,0
C2478,0.0,0.0,0.0,0.0,1501.0,0.0,0.0,0
C2479,0.0,0.0,0.0,346.0,453.0,1.0,7.381593903927925,0
C248,221.0,23.0,1.0,0.0,0.0,0.0,0.0,0
C2480,2393.0,129.0,1.0,0.0,47.0,0.0,0.0,0
C24806,567.0,6.0,0.0,0.0,0.0,0.0,6.718225066307414,0
C24807,14.0,6.0,0.0,0.0,0.0,0.0,0.0,0
C24808,1.0,1.0,0.0,0.0,0.0,0.0,4.608681008714688,0
C2481,0.0,0.0,0.0,0.0,366.0,0.0,0.0,0
C2482,0.0,0.0,0.0,0.0,95.0,0.0,0.0,0
C2483,2.0,2.0,0.0,0.0,310.0,0.0,0.0,0
C24839,372.0,10.0,0.0,0.0,0.0,0.0,0.0,0
C2484,0.0,0.0,0.0,0.0,172.0,0.0,0.0,0
C2485,3.0,1.0,0.0,0.0,189.0,0.0,1.0518671325727276,0
C24851,159.0,8.0,0.0,0.0,0.0,0.0,0.0,0
C24853,182.0,4.0,0.0,0.0,0.0,0.0,0.8920978402728077,0
C24854,216.0,9.0,0.0,0.0,0.0,0.0,5.310571296257315,0
C2486,0.0,0.0,0.0,0.0,62.0,0.0,8.620637393171389,0
C24873,22.0,4.0,0.0,0.0,0.0,0.0,5.469077590199133,0
C24885,610.0,13.0,0.0,0.0,0.0,0.0,0.0,0
C2489,2.0,2.0,0.0,0.0,371.0,0.0,0.0,0
C249,0.0,0.0,0.0,0.0,52.0,0.0,0.0,0
C2490,0.0,0.0,0.0,0.0,358.0,0.0,0.0,0
C2492,27364.0,9.0,0.0,0.0,1460.0,0.0,0.0,0
C2493,1322.0,17.0,0.0,0.0,224.0,0.0,132.88679324716878,0
C24944,33.0,3.0,0.0,0.0,0.0,0.0,0.0,0
C24954,58.0,3.0,0.0,0.0,0.0,0.0,46.16435818633436,0
C2496,1419.0,16.0,0.0,0.0,148.0,0.0,6.835852313391992,0
C24973,2.0,2.0,0.0,0.0,0.0,0.0,0.0,0
C2498,0.0,0.0,0.0,0.0,64.0,0.0,0.0,0
C24994,2.0,2.0,0.0,0.0,0.0,0.0,0.0,0
C25,0.0,0.0,0.0,0.0,78.0,0.0,22.552224982107525,0
C250,0.0,0.0,0.0,0.0,107.0,0.0,0.0,0
C2500,0.0,0.0,0.0,0.0,1483.0,0.0,0.0,0
C2501,0.0,0.0,0.0,0.0,51.0,0.0,0.0,0
C25019,19.0,4.0,0.0,0.0,0.0,0.0,7.027070264808656,0
C25022,1120.0,20.0,0.0,0.0,0.0,0.0,0.0,0
C2503,0.0,0.0,0.0,0.0,70.0,0.0,0.0,0
C25033,7.0,4.0,0.0,0.0,0.0,0.0,0.0,0
C2504,2.0,1.0,0.0,0.0,118.0,0.0,0.0,0
C25044,328.0,8.0,0.0,0.0,0.0,0.0,0.0,0
C2505,0.0,0.0,0.0,0.0,173.0,0.0,0.0,0
C25059,717.0,7.0,0.0,0.0,0.0,0.0,6.7247926577695445,0
C2506,7.0,6.0,0.0,0.0,99.0,0.0,0.0,0
C25068,17.0,3.0,0.0,0.0,0.0,0.0,0.0,0
C2507,0.0,0.0,0.0,0.0,125.0,0.0,0.0,0
C2508,2.0,2.0,0.0,0.0,162.0,0.0,0.0,0
C25090,2.0,2.0,0.0,0.0,0.0,0.0,0.0,0
C251,0.0,0.0,0.0,0.0,70.0,0.0,0.0,0
C2510,0.0,0.0,0.0,0.0,69.0,0.0,0.0,0
C2511,0.0,0.0,0.0,0.0,217.0,0.0,13.640971666736833,0
C25121,3.0,3.0,0.0,0.0,0.0,0.0,0.0,0
C25122,271.0,13.0,0.0,0.0,0.0,0.0,0.0,0
C25129,598.0,6.0,0.0,0.0,0.0,0.0,0.0,0
C25133,744.0,12.0,0.0,0.0,0.0,0.0,0.0,0
C2514,787.0,19.0,0.0,0.0,78.0,0.0,72.41527386014398,0
C25147,15.0,4.0,0.0,0.0,0.0,0.0,6.482886372247716,0
C25161,30.0,3.0,0.0,0.0,0.0,0.0,0.0,0
C2517,1294.0,18.0,0.0,0.0,122.0,0.0,0.0,0
C2519,0.0,0.0,0.0,0.0,214.0,0.0,5.565696964593946,0
C25192,0.0,0.0,0.0,0.0,77.0,0.0,3.464699195891045,0
C252,9.0,8.0,0.0,0.0,115.0,0.0,0.0,0
C2521,0.0,0.0,0.0,1.0,518.0,0.0,123.73969603839515,0
C2524,0.0,0.0,0.0,0.0,1488.0,0.0,0.0,0
C25240,0.0,0.0,0.0,521.0,521.0,1.0,0.0,0
C2526,0.0,0.0,0.0,0.0,120.0,0.0,0.0,0
C2527,0.0,0.0,0.0,0.0,90.0,0.0,0.0,0
C2529,2.0,2.0,0.0,0.0,114.0,0.0,0.0,0
C253,660.0,15.0,0.0,0.0,70.0,0.0,20.298362312128994,0
C2530,0.0,0.0,0.0,0.0,78.0,0.0,0.0,0
C25308,14.0,2.0,0.0,0.0,0.0,0.0,0.0,0
C2532,0.0,0.0,0.0,0.0,150.0,0.0,0.618279796236265,0
C2533,860.0,19.0,0.0,0.0,90.0,0.0,87.45846840399108,0
C25343,31.0,14.0,0.0,0.0,0.0,0.0,10.843388203595335,0
C2535,0.0,0.0,0.0,0.0,65.0,0.0,4.474382183303161,0
C2536,0.0,0.0,0.0,0.0,69.0,0.0,0.4395234286195428,0
C2537,0.0,0.0,0.0,0.0,65.0,0.0,0.0,0
C2538,3.0,3.0,0.0,0.0,77.0,0.0,5.731949648465457,0
C25394,236.0,4.0,0.0,0.0,0.0,0.0,0.0,0
C254,0.0,0.0,0.0,0.0,125.0,0.0,0.0,0
C2540,0.0,0.0,0.0,0.0,86.0,0.0,0.0,0
C2542,0.0,0.0,0.0,0.0,129.0,0.0,0.0,0
C25439,20.0,2.0,0.0,0.0,0.0,0.0,0.0,0
C25444,30.0,5.0,0.0,0.0,0.0,0.0,0.0,0
C25445,3.0,3.0,0.0,0.0,0.0,0.0,0.0,0
C2545,28.0,15.0,0.0,0.0,392.0,0.0,0.0,0
C2547,0.0,0.0,0.0,0.0,62.0,0.0,0.0,0
C2548,1178.0,29.0,1.0,0.0,196.0,0.0,61.51799772660296,0
C2549,0.0,0.0,0.0,0.0,68.0,0.0,0.0,0
C255,0.0,0.0,0.0,0.0,83.0,0.0,4.566412663663537,0
C2551,7.0,4.0,0.0,0.0,163.0,0.0,9.350818843935503,0
C25536,0.0,0.0,0.0,0.0,100.0,0.0,3.5423735949143267,0
C2554,2.0,2.0,0.0,0.0,85.0,0.0,0.0,0
C25545,1.0,1.0,0.0,0.0,0.0,0.0,0.0,0
C25553,65.0,6.0,0.0,0.0,0.0,0.0,0.0,0
C25559,446.0,5.0,0.0,0.0,0.0,0.0,0.0,0
C2556,6.0,4.0,0.0,0.0,90.0,0.0,4.339536058603124,0
C2557,0.0,0.0,0.0,0.0,80.0,0.0,13.886751147223508,0
C2558,0.0,0.0,0.0,0.0,79.0,0.0,0.0,0
C2559,0.0,0.0,0.0,0.0,193.0,0.0,5.506167641982065,0
C256,0.0,0.0,0.0,0.0,102.0,0.0,0.3660169241779986,0
C2560,38.0,10.0,0.0,0.0,109.0,0.0,0.33890455942407277,0
C2562,0.0,0.0,0.0,0.0,89.0,0.0,0.0,0
C2564,0.0,0.0,0.0,0.0,55.0,0.0,0.0,0
C2565,0.0,0.0,0.0,0.0,108.0,0.0,0.0,0
C2567,0.0,0.0,0.0,0.0,104.0,0.0,15.28366943122974,0
C2568,8.0,3.0,0.0,0.0,61.0,0.0,8.430724540058097,0
C25687,25.0,6.0,0.0,0.0,0.0,0.0,0.0,0
C257,10.0,3.0,0.0,0.0,133.0,0.0,7.794341767355703,0
C2570,0.0,0.0,0.0,0.0,72.0,0.0,0.12655243548183387,0
C25708,3.0,3.0,0.0,0.0,0.0,0.0,0.0,0
C25715,62.0,6.0,0.0,0.0,0.0,0.0,0.0,0
C2573,86.0,10.0,0.0,0.0,0.0,0.0,0.0,0
C25750,23.0,6.0,0.0,0.0,0.0,0.0,0.0,0
C25759,48.0,4.0,0.0,0.0,0.0,0.0,7.100324169578579,0
C2576,0.0,0.0,0.0,0.0,174.0,0.0,4.36681682313813,0
C25760,0.0,0.0,0.0,15.0,121.0,0.0,660.2273397044584,0
C2577,0.0,0.0,0.0,0.0,120.0,0.0,3.3192859849282197,0
C2578,0.0,0.0,0.0,0.0,138.0,0.0,0.0,0
C2579,0.0,0.0,0.0,2.0,169.0,0.0,0.0,0
C258,12.0,6.0,0.0,0.0,158.0,0.0,7.977981728623753,0
C2580,0.0,0.0,0.0,0.0,68.0,0.0,0.0,0
C25818,43.0,4.0,0.0,0.0,0.0,0.0,0.0,0
C2582,0.0,0.0,0.0,0.0,97.0,0.0,0.0,0
C2583,1.0,1.0,0.0,0.0,64.0,0.0,0.0,0
C25830,3.0,3.0,0.0,0.0,0.0,0.0,0.0,0
C2584,720.0,16.0,0.0,0.0,97.0,0.0,113.0136403822675,0
C25841,76.0,3.0,0.0,0.0,0.0,0.0,9.31414979160527,0
C25845,0.0,0.0,0.0,0.0,111.0,0.0,1.0447522418220856,0
C2586,0.0,0.0,0.0,0.0,32.0,0.0,0.13333052667031534,0
C25879,1.0,1.0,0.0,0.0,182.0,0.0,0.0,0
C2588,4.0,3.0,0.0,0.0,225.0,0.0,448.69309139898115,0
C2589,0.0,0.0,0.0,0.0,4.0,0.0,0.0,0
C259,0.0,0.0,0.0,0.0,86.0,0.0,0.0,0
C25907,1.0,1.0,0.0,0.0,94.0,0.0,0.0,0
C2591,7.0,4.0,0.0,0.0,82.0,0.0,128.23184439860228,0
C2593,0.0,0.0,0.0,0.0,140.0,0.0,0.0,0
C25938,412.0,22.0,1.0,0.0,0.0,0.0,0.0,0
C2594,0.0,0.0,0.0,0.0,122.0,0.0,0.0,0
C2596,0.0,0.0,0.0,0.0,80.0,0.0,4.5618237696290995,0
C25964,31.0,1.0,0.0,0.0,0.0,0.0,0.0,0
C2597,3.0,3.0,0.0,0.0,63.0,0.0,0.0,0
C2598,0.0,0.0,0.0,0.0,96.0,0.0,1.2409379867806172,0
C26,0.0,0.0,0.0,0.0,121.0,0.0,0.0,0
C260,0.0,0.0,0.0,0.0,124.0,0.0,5.620595293226119,0
C2600,0.0,0.0,0.0,0.0,74.0,0.0,0.0,0
C26006,449.0,8.0,0.0,0.0,0.0,0.0,0.0,0
C26019,106.0,2.0,0.0,0.0,0.0,0.0,0.0,0
C2602,0.0,0.0,0.0,0.0,127.0,0.0,0.3660169241779986,0
C2603,0.0,0.0,0.0,0.0,70.0,0.0,0.0,0
C2604,1222.0,23.0,1.0,0.0,89.0,0.0,0.0,0
C2606,1.0,1.0,0.0,0.0,1051.0,0.0,0.0,0
C26069,4.0,3.0,0.0,0.0,0.0,0.0,0.0,0
C2607,16.0,5.0,0.0,0.0,74.0,0.0,0.0,0
C2608,0.0,0.0,0.0,0.0,401.0,0.0,34.8041931545489,0
C2609,0.0,0.0,0.0,0.0,86.0,0.0,0.0,0
C261,0.0,0.0,0.0,0.0,89.0,0.0,0.0,0
C2610,3.0,2.0,0.0,0.0,79.0,0.0,0.0,0
C2612,1.0,1.0,0.0,0.0,80.0,0.0,0.0,0
C26138,36.0,4.0,0.0,0.0,0.0,0.0,1.6341093756578116,0
C2614,1.0,1.0,0.0,0.0,413.0,0.0,213.9189576053551,0
C26140,6.0,3.0,0.0,0.0,0.0,0.0,0.0,0
C2616,0.0,0.0,0.0,0.0,167.0,0.0,39.86637477371279,0
C26164,21.0,7.0,0.0,0.0,0.0,0.0,0.0,0
C2618,0.0,0.0,0.0,16.0,131.0,0.0,0.0,0
C2619,0.0,0.0,0.0,0.0,66.0,0.0,8.56712836273313,0
C262,10.0,6.0,0.0,0.0,80.0,0.0,4.90565402264977,0
C2621,0.0,0.0,0.0,0.0,96.0,0.0,0.0,0
C2622,0.0,0.0,0.0,0.0,79.0,0.0,0.0,0
C26221,25.0,2.0,0.0,0.0,0.0,0.0,0.0,0
C26224,23.0,6.0,0.0,0.0,0.0,0.0,0.0,0
C26227,4.0,2.0,0.0,0.0,0.0,0.0,0.0,0
C2623,0.0,0.0,0.0,0.0,142.0,0.0,4.9888856144487015,0
C2624,0.0,0.0,0.0,0.0,62.0,0.0,5.8734896644634365,0
C2625,0.0,0.0,0.0,6.0,1305.0,0.0,0.0,0
C2626,2191.0,27.0,1.0,0.0,358.0,0.0,211.87542626194585,0
C2627,0.0,0.0,0.0,127.0,256.0,1.0,2.891129541531596,0
C2629,3.0,3.0,0.0,0.0,78.0,0.0,3.653938449880015,0
C263,2.0,1.0,0.0,0.0,98.0,0.0,7.174125373637014,0
C2631,0.0,0.0,0.0,3.0,461.0,0.0,0.0,0
C2633,0.0,0.0,0.0,0.0,98.0,0.0,0.7752283922030901,0
C2634,2.0,2.0,0.0,0.0,200.0,0.0,0.0,0
C26347,15.0,11.0,0.0,0.0,0.0,0.0,0.0,0
C2635,0.0,0.0,0.0,0.0,96.0,0.0,1.527849113796152,0
C2637,2.0,2.0,0.0,0.0,99.0,0.0,0.0,0
C2639,4.0,2.0,0.0,0.0,54.0,0.0,0.0,0
C264,0.0,0.0,0.0,0.0,86.0,0.0,0.0,0
C2640,1018.0,18.0,0.0,0.0,77.0,0.0,0.0,0
C2641,1.0,1.0,0.0,0.0,64.0,0.0,0.0,0
C26428,206.0,8.0,0.0,0.0,0.0,0.0,0.0,0
C2643,0.0,0.0,0.0,0.0,80.0,0.0,0.0,0
C2644,0.0,0.0,0.0,0.0,90.0,0.0,0.0,0
C2645,0.0,0.0,0.0,0.0,237.0,0.0,1984.0369216520019,0
C2646,0.0,0.0,0.0,5.0,75.0,0.0,27.694606997010904,0
C2647,0.0,0.0,0.0,0.0,109.0,0.0,8.225571506757042,0
C2648,0.0,0.0,0.0,0.0,163.0,0.0,4.4766134804024755,0
C2649,1.0,1.0,0.0,223.0,223.0,1.0,0.0,0
C265,0.0,0.0,0.0,0.0,145.0,0.0,4.528101713467772,0
C2650,0.0,0.0,0.0,0.0,1477.0,0.0,5.226960804950954,0
C2651,0.0,0.0,0.0,0.0,417.0,0.0,2798.1860817580937,0
C2652,1.0,1.0,0.0,0.0,72.0,0.0,0.0,0
C26521,113.0,8.0,0.0,0.0,0.0,0.0,0.0,0
C26527,16.0,2.0,0.0,0.0,0.0,0.0,0.0,0
C2653,0.0,0.0,0.0,521.0,555.0,1.0,0.0,0
C2654,0.0,0.0,0.0,1.0,212.0,0.0,7.8047825537826805,0
C2655,2.0,1.0,0.0,0.0,88.0,0.0,16.685597608723107,0
C2656,0.0,0.0,0.0,0.0,155.0,0.0,0.0,0
C2657,0.0,0.0,0.0,0.0,166.0,0.0,5.6648423357049635,0
C2658,0.0,0.0,0.0,0.0,217.0,0.0,17.02197617143098,0
C2659,0.0,0.0,0.0,0.0,56.0,0.0,3.743863932976887,0
C26599,1.0,1.0,0.0,0.0,0.0,0.0,0.0,0
C266,3.0,3.0,0.0,0.0,96.0,0.0,0.0,0
C2660,0.0,0.0,0.0,0.0,138.0,0.0,0.0,0
C2661,0.0,0.0,0.0,0.0,86.0,0.0,4.167641982065423,0
C26612,13.0,6.0,0.0,0.0,0.0,0.0,0.0,0
C2662,59.0,13.0,0.0,0.0,97.0,0.0,0.0,0
C2663,0.0,0.0,0.0,0.0,57.0,0.0,0.0,0
C26652,30.0,2.0,0.0,0.0,0.0,0.0,0.0,0
C2666,0.0,0.0,0.0,0.0,67.0,0.0,0.0,0
C26663,26.0,3.0,0.0,0.0,0.0,0.0,0.0,0
C26666,14.0,4.0,0.0,0.0,0.0,0.0,0.0,0
C2667,4.0,4.0,0.0,0.0,103.0,0.0,0.0,0
C26671,110.0,11.0,0.0,0.0,0.0,0.0,0.0,0
C2668,1638.0,26.0,1.0,0.0,97.0,0.0,23.677893318738686,0
C2669,0.0,0.0,0.0,0.0,78.0,0.0,0.0,0
C2670,5.0,5.0,0.0,0.0,169.0,0.0,7.36702732286448,0
C2671,11.0,6.0,0.0,0.0,84.0,0.0,0.0,0
C26717,184.0,8.0,0.0,0.0,0.0,0.0,0.0,0
C2672,32.0,12.0,0.0,0.0,68.0,0.0,9.687913105712962,0
C26743,866.0,2.0,0.0,0.0,0.0,0.0,0.1562749968425041,0
C2675,0.0,0.0,0.0,0.0,65.0,0.0,0.0,0
C2676,8.0,7.0,0.0,153.0,228.0,1.0,0.0,0
C2677,116.0,6.0,0.0,0.0,80.0,0.0,0.0,0
C2679,0.0,0.0,0.0,11.0,339.0,0.0,2.592472529785711,0
C26796,6.0,5.0,0.0,0.0,0.0,0.0,109.69734349345346,0
C268,13.0,6.0,0.0,0.0,118.0,0.0,0.7049214836020713,0
C2681,4.0,2.0,0.0,0.0,169.0,0.0,0.0,0
C2683,1907.0,22.0,1.0,0.0,234.0,0.0,60.54873068665011,0
C26833,36.0,2.0,0.0,0.0,0.0,0.0,0.0,0
C2685,0.0,0.0,0.0,0.0,145.0,0.0,0.020207973729634152,0
C2686,0.0,0.0,0.0,0.0,161.0,0.0,0.0,0
C2687,1.0,1.0,0.0,0.0,48.0,0.0,0.0,0
C2688,0.0,0.0,0.0,0.0,131.0,0.0,0.0,0
C26889,0.0,0.0,0.0,0.0,128.0,0.0,0.0,0
C2689,0.0,0.0,0.0,0.0,105.0,0.0,5.504609944007073,0
C26896,1.0,1.0,0.0,0.0,0.0,0.0,0.0,0
C269,5.0,3.0,0.0,0.0,113.0,0.0,0.3660169241779986,0
C2690,0.0,0.0,0.0,0.0,91.0,0.0,0.0,0
C2693,0.0,0.0,0.0,0.0,76.0,0.0,0.0,0
C2695,0.0,0.0,0.0,0.0,88.0,0.0,11.300256809666147,0
C2696,0.0,0.0,0.0,0.0,222.0,0.0,0.5297857112785753,0
C26969,13.0,9.0,0.0,0.0,0.0,0.0,0.0,0
C2697,0.0,0.0,0.0,0.0,120.0,0.0,99.8483559971372,0
C2699,0.0,0.0,0.0,0.0,130.0,0.0,0.0,0
C27,5.0,4.0,0.0,0.0,61.0,0.0,3.348419147055109,0
C270,0.0,0.0,0.0,0.0,133.0,0.0,3.3872773965393845,0
C2700,0.0,0.0,0.0,0.0,6.0,0.0,0.0,0
C2701,0.0,0.0,0.0,0.0,72.0,0.0,0.0,0
C2702,16.0,7.0,0.0,0.0,62.0,0.0,3.23062350018945,0
C27039,2.0,2.0,0.0,0.0,0.0,0.0,0.0,0
C2704,0.0,0.0,0.0,0.0,130.0,0.0,6.908727318654486,0
C27041,2.0,2.0,0.0,0.0,0.0,0.0,0.0,0
C27047,26.0,3.0,0.0,0.0,0.0,0.0,0.020207973729634152,0
C27059,13.0,2.0,0.0,0.0,0.0,0.0,0.0,0
C2706,0.0,0.0,0.0,0.0,393.0,0.0,0.0,0
C2707,4.0,3.0,0.0,0.0,563.0,0.0,14.643371363617227,0
C2708,6.0,5.0,0.0,0.0,95.0,0.0,0.0,0
C27086,644.0,8.0,0.0,0.0,0.0,0.0,6.694143897612933,0
C271,0.0,0.0,0.0,0.0,107.0,0.0,0.0,0
C2710,0.0,0.0,0.0,0.0,82.0,0.0,0.0,0
C2711,14.0,4.0,0.0,0.0,43.0,0.0,0.0,0
C2712,0.0,0.0,0.0,0.0,61.0,0.0,0.0,0
C27128,23.0,4.0,0.0,0.0,0.0,0.0,0.0,0
C27137,2.0,1.0,0.0,0.0,199.0,0.0,0.3660169241779986,0
C2714,0.0,0.0,0.0,0.0,74.0,0.0,0.0,0
C27149,17.0,5.0,0.0,0.0,0.0,0.0,0.0,0
C27159,2.0,1.0,0.0,0.0,0.0,0.0,0.0,0
C2716,19.0,8.0,0.0,0.0,80.0,0.0,8.41443186123858,0
C27171,69.0,22.0,0.0,0.0,0.0,0.0,12.607628510082938,0
C2719,0.0,0.0,0.0,1.0,177.0,0.0,8.267839851808192,0
C27192,0.0,0.0,0.0,0.0,56.0,0.0,5.777164989685513,0
C272,5.0,2.0,0.0,0.0,156.0,0.0,6.975118932345388,0
C2720,0.0,0.0,0.0,0.0,68.0,0.0,0.0,0
C2721,0.0,0.0,0.0,0.0,100.0,0.0,0.0,0
C2723,0.0,0.0,0.0,0.0,112.0,0.0,0.0,0
C2724,0.0,0.0,0.0,0.0,119.0,0.0,3853.936134383025,0
C2725,0.0,0.0,0.0,0.0,85.0,0.0,0.0,0
C2727,0.0,0.0,0.0,0.0,93.0,0.0,0.0,0
C2729,1.0,1.0,0.0,0.0,153.0,0.0,0.0,0
C273,11.0,8.0,0.0,0.0,94.0,0.0,6.786300677809119,0
C2731,5.0,5.0,0.0,0.0,61.0,0.0,0.0,0
C2732,5.0,4.0,0.0,0.0,547.0,0.0,0.0,0
C2733,0.0,0.0,0.0,0.0,67.0,0.0,0.0,0
C2734,0.0,0.0,0.0,0.0,134.0,0.0,0.2806382351702943,0
C2735,1377.0,26.0,1.0,0.0,65.0,0.0,6.989811813244643,0
C2737,0.0,0.0,0.0,0.0,415.0,0.0,0.0,0
C2738,0.0,0.0,0.0,0.0,94.0,0.0,0.0,0
C274,706.0,19.0,0.0,0.0,97.0,0.0,27.48469666989433,0
C2740,1.0,1.0,0.0,0.0,69.0,0.0,0.0,0
C2742,52.0,13.0,0.0,4.0,324.0,0.0,0.0,0
C2743,1.0,1.0,0.0,0.0,379.0,0.0,0.0,0
C2744,0.0,0.0,0.0,0.0,179.0,0.0,0.0,0
C2746,5.0,4.0,0.0,0.0,85.0,0.0,0.0,0
C2748,0.0,0.0,0.0,0.0,90.0,0.0,0.3660169241779986,0
C2749,1049.0,14.0,0.0,0.0,36.0,0.0,0.0,0
C275,0.0,0.0,0.0,0.0,87.0,0.0,4.834841914705511,0
C2751,0.0,0.0,0.0,0.0,84.0,0.0,27.126762935208184,0
C2752,12.0,8.0,0.0,315.0,434.0,1.0,8.682903212225824,0
C2754,0.0,0.0,0.0,0.0,148.0,0.0,0.0,0
C2755,37.0,3.0,0.0,0.0,73.0,0.0,0.0,0
C2757,5.0,3.0,0.0,0.0,184.0,0.0,0.0,0
C2758,29.0,12.0,0.0,0.0,100.0,0.0,16.23053930029891,0
C2759,1.0,1.0,0.0,0.0,183.0,0.0,4.675830421420452,0
C276,0.0,0.0,0.0,0.0,85.0,0.0,3.368542920894203,0
C2760,1949.0,17.0,0.0,0.0,74.0,0.0,0.0,0
C2761,0.0,0.0,0.0,0.0,160.0,0.0,0.0,0
C2762,1.0,1.0,0.0,5.0,144.0,0.0,0.0,0
C2765,2.0,2.0,0.0,0.0,336.0,0.0,0.0,0
C2766,3.0,3.0,0.0,0.0,197.0,0.0,0.0,0
C2767,10.0,7.0,0.0,0.0,140.0,0.0,34.4608260009262,0
C2768,0.0,0.0,0.0,0.0,75.0,0.0,0.0,0
C2769,3142.0,29.0,1.0,0.0,306.0,0.0,0.0,0
C277,18.0,4.0,0.0,0.0,86.0,0.0,0.0,0
C2770,0.0,0.0,0.0,0.0,83.0,0.0,201.37856270786847,0
C2772,836.0,15.0,0.0,0.0,130.0,0.0,0.0,0
C2774,0.0,0.0,0.0,0.0,127.0,0.0,0.0,0
C2775,0.0,0.0,0.0,0.0,315.0,0.0,8.439565528564813,0
C2777,0.0,0.0,0.0,0.0,82.0,0.0,0.0,0
C2778,1.0,1.0,0.0,0.0,98.0,0.0,0.0,0
C278,6.0,4.0,0.0,0.0,91.0,0.0,5.077421799351661,0
C2780,6.0,4.0,0.0,0.0,119.0,0.0,83.5345430050941,0
C2782,0.0,0.0,0.0,0.0,72.0,0.0,0.0,0
C2783,17.0,13.0,0.0,0.0,245.0,0.0,10.733002147097208,0
C2784,0.0,0.0,0.0,0.0,176.0,0.0,176.06474971582537,0
C2786,0.0,0.0,0.0,0.0,160.0,0.0,0.0,0
C279,0.0,0.0,0.0,0.0,183.0,0.0,0.0,0
C2790,0.0,0.0,0.0,0.0,30.0,0.0,0.0,0
C2792,0.0,0.0,0.0,0.0,100.0,0.0,0.0,0
C2794,0.0,0.0,0.0,0.0,54.0,0.0,0.0,0
C2796,0.0,0.0,0.0,0.0,109.0,0.0,0.0,0
C2798,2009.0,23.0,1.0,0.0,119.0,0.0,34.442091525281015,0
C28,0.0,0.0,0.0,0.0,148.0,0.0,0.0,0
C280,0.0,0.0,0.0,0.0,200.0,0.0,0.0,0
C2800,6.0,5.0,0.0,1.0,75.0,0.0,138.18191386351197,0
C2802,0.0,0.0,0.0,0.0,140.0,0.0,6.2254031069759606,0
C2803,1.0,1.0,0.0,0.0,52.0,0.0,0.0,0
C2804,37.0,10.0,0.0,0.0,73.0,0.0,0.0,0
C2805,4.0,3.0,0.0,0.0,381.0,0.0,0.0,0
C2807,3.0,3.0,0.0,0.0,47.0,0.0,0.0,0
C2809,0.0,0.0,0.0,0.0,84.0,0.0,0.0,0
C281,0.0,0.0,0.0,0.0,127.0,0.0,34.47964467646192,0
C2811,0.0,0.0,0.0,0.0,179.0,0.0,0.9553319580684545,0
C2812,0.0,0.0,0.0,0.0,71.0,0.0,0.0,0
C2813,0.0,0.0,0.0,0.0,72.0,0.0,0.0,0
C2814,0.0,0.0,0.0,0.0,84.0,0.0,6.23681219214415,0
C2815,0.0,0.0,0.0,0.0,49.0,0.0,0.0,0
C2816,0.0,0.0,0.0,0.0,173.0,0.0,0.0,0
C2817,2.0,2.0,0.0,0.0,75.0,0.0,6.3900980928724795,0
C2819,0.0,0.0,0.0,0.0,87.0,0.0,0.0,0
C282,923.0,15.0,0.0,0.0,185.0,0.0,53.18662905738223,0
C2820,0.0,0.0,0.0,0.0,86.0,0.0,0.0,0
C2821,0.0,0.0,0.0,0.0,65.0,0.0,6.882246453079611,0
C2823,37.0,15.0,0.0,0.0,72.0,0.0,8.595630025680967,0
C2825,3.0,2.0,0.0,0.0,57.0,0.0,6.675956721256262,0
C2826,0.0,0.0,0.0,0.0,69.0,0.0,0.0,0
C2827,2005.0,24.0,1.0,0.0,244.0,0.0,78.12150044204942,0
C2829,0.0,0.0,0.0,0.0,85.0,0.0,0.0,0
C283,0.0,0.0,0.0,0.0,109.0,0.0,1.8808150549404286,0
C2831,0.0,0.0,0.0,0.0,75.0,0.0,0.7386435397633984,0
C2833,0.0,0.0,0.0,0.0,87.0,0.0,0.0,0
C2835,4.0,3.0,0.0,0.0,94.0,0.0,4.02366016924178,0
C2836,0.0,0.0,0.0,0.0,69.0,0.0,6.704921483602071,0
C2837,0.0,0.0,0.0,0.0,92.0,0.0,1.6255209868227172,0
C2839,4.0,3.0,0.0,0.0,64.0,0.0,0.0,0
C284,0.0,0.0,0.0,0.0,135.0,0.0,0.0,0
C2841,1.0,1.0,0.0,0.0,422.0,0.0,0.0,0
C2842,0.0,0.0,0.0,0.0,154.0,0.0,0.0,0
C2844,3.0,3.0,0.0,0.0,100.0,0.0,0.0,0
C2846,0.0,0.0,0.0,0.0,70.0,0.0,0.0,0
C2848,0.0,0.0,0.0,0.0,108.0,0.0,0.29604681513914033,0
C2849,11.0,6.0,0.0,0.0,67.0,0.0,0.0,0
C285,0.0,0.0,0.0,0.0,73.0,0.0,207.79775186292258,0
C2850,1675.0,27.0,1.0,0.0,135.0,0.0,34.49917905106723,0
C2851,10.0,5.0,0.0,0.0,77.0,0.0,4.674146423609649,0
C2852,1171.0,17.0,0.0,0.0,68.0,0.0,144.81758093714478,0
C2854,0.0,0.0,0.0,0.0,77.0,0.0,0.0,0
C2855,0.0,0.0,0.0,0.0,1516.0,0.0,11.83484191470551,0
C2857,0.0,0.0,0.0,0.0,84.0,0.0,8.108238959289354,0
C2859,0.0,0.0,0.0,0.0,84.0,0.0,66.62867848271797,0
C286,1.0,1.0,0.0,0.0,145.0,0.0,3.987033216856818,0
C2861,0.0,0.0,0.0,0.0,54.0,0.0,7.131478129078432,0
C2863,57.0,6.0,0.0,0.0,65.0,0.0,0.0,0
C2864,21.0,9.0,0.0,0.0,75.0,0.0,0.0,0
C2865,0.0,0.0,0.0,0.0,64.0,0.0,0.0,0
C2866,8.0,4.0,0.0,0.0,63.0,0.0,0.0,0
C2868,3.0,2.0,0.0,0.0,110.0,0.0,0.0,0
C2869,0.0,0.0,0.0,0.0,88.0,0.0,0.0,0
C287,43.0,11.0,0.0,0.0,111.0,0.0,0.0,0
C2870,0.0,0.0,0.0,0.0,68.0,0.0,3.4682355912937313,0
C2871,756.0,12.0,0.0,0.0,58.0,0.0,36.66745253231171,0
C2873,7.0,3.0,0.0,0.0,211.0,0.0,7.730855049888435,0
C2875,14.0,11.0,0.0,0.0,75.0,0.0,0.0,0
C2877,2.0,2.0,0.0,0.0,62.0,0.0,2.6321727781753883,0
C2879,0.0,0.0,0.0,0.0,111.0,0.0,0.0,0
C288,0.0,0.0,0.0,0.0,0.0,0.0,0.0,0
C2881,1.0,1.0,0.0,0.0,201.0,0.0,27.085673388624596,0
C2882,4.0,3.0,0.0,0.0,118.0,0.0,21.300172609775608,0
C2883,0.0,0.0,0.0,0.0,157.0,0.0,5.138382520102724,0
C2885,0.0,0.0,0.0,0.0,119.0,0.0,150.27150254704668,0
C2886,10.0,4.0,0.0,0.0,152.0,0.0,0.0,0
C2888,22.0,1.0,0.0,0.0,87.0,0.0,12.359112533153708,0
C289,0.0,0.0,0.0,0.0,134.0,0.0,2.6942701974487435,0
C2890,3.0,3.0,0.0,0.0,520.0,0.0,0.3660169241779986,0
C2891,0.0,0.0,0.0,0.0,83.0,0.0,0.0,0
C2892,1.0,1.0,0.0,0.0,419.0,0.0,0.0,0
C2893,671.0,15.0,0.0,0.0,97.0,0.0,12886.585441838926,0
C2895,0.0,0.0,0.0,0.0,97.0,0.0,0.0,0
C2897,0.0,0.0,0.0,0.0,81.0,0.0,0.0,0
C2899,0.0,0.0,0.0,0.0,127.0,0.0,3.711910074516903,0
C29,0.0,0.0,0.0,0.0,78.0,0.0,4.748158127394435,0
C290,0.0,0.0,0.0,0.0,179.0,0.0,37.50966193743948,0
C2901,7.0,6.0,0.0,0.0,54.0,0.0,10.89378183808361,0
C2902,0.0,0.0,0.0,0.0,85.0,0.0,96.41236896392034,0
C2904,0.0,0.0,0.0,0.0,100.0,0.0,4.548520186923757,0
C2905,0.0,0.0,0.0,0.0,91.0,0.0,2.0531301309308296,0
C2908,1082.0,14.0,0.0,0.0,149.0,0.0,50.877068159811394,0
C2909,34.0,13.0,0.0,0.0,72.0,0.0,6.6503599545320595,0
C291,21.0,17.0,0.0,2.0,484.0,0.0,45.658990443312426,0
C2911,71.0,4.0,0.0,0.0,130.0,0.0,0.0,0
C2912,13.0,4.0,0.0,0.0,109.0,0.0,5.819180735065045,0
C2913,2.0,1.0,0.0,0.0,311.0,0.0,0.0,0
C2914,0.0,0.0,0.0,0.0,176.0,0.0,0.0,0
C2915,0.0,0.0,0.0,0.0,70.0,0.0,24.472529785711277,0
C2916,1.0,1.0,0.0,0.0,122.0,0.0,0.0,0
C2918,0.0,0.0,0.0,0.0,228.0,0.0,0.0,0
C292,0.0,0.0,0.0,0.0,57.0,0.0,0.0,0
C2920,6.0,6.0,0.0,0.0,107.0,0.0,1.352671241527386,0
C2922,0.0,0.0,0.0,0.0,18.0,0.0,0.0,0
C2923,0.0,0.0,0.0,0.0,100.0,0.0,0.0,0
C2925,3.0,3.0,0.0,0.0,120.0,0.0,0.0,0
C2927,0.0,0.0,0.0,0.0,151.0,0.0,0.0,0
C2928,0.0,0.0,0.0,0.0,0.0,0.0,0.0,0
C2929,0.0,0.0,0.0,0.0,108.0,0.0,0.0,0
C293,0.0,0.0,0.0,0.0,70.0,0.0,0.0,0
C2931,0.0,0.0,0.0,0.0,67.0,0.0,0.0,0
C2933,0.0,0.0,0.0,0.0,67.0,0.0,5.447101418768155,0
C2934,0.0,0.0,0.0,0.0,109.0,0.0,10.524270618448195,0
C2935,0.0,0.0,0.0,0.0,98.0,0.0,9.306319201785037,0
C2936,0.0,0.0,0.0,0.0,152.0,0.0,0.0,0
C2938,0.0,0.0,0.0,0.0,72.0,0.0,3.5010735486043867,0
C294,33.0,13.0,0.0,0.0,203.0,0.0,0.0,0
C2940,4.0,3.0,0.0,2.0,68.0,0.0,0.0,0
C2941,0.0,0.0,0.0,0.0,168.0,0.0,0.0,0
C2943,6.0,4.0,0.0,0.0,79.0,0.0,4.664758135814424,0
C2944,0.0,0.0,0.0,0.0,155.0,0.0,0.0,0
C2945,0.0,0.0,0.0,0.0,212.0,0.0,4.406853871089967,0
C2947,1.0,1.0,0.0,0.0,45.0,0.0,92.18818675535722,0
C2949,12.0,9.0,0.0,0.0,86.0,0.0,0.0,0
C295,19.0,6.0,0.0,0.0,76.0,0.0,0.0,0
C2951,2.0,2.0,0.0,0.0,63.0,0.0,4.056498126552436,0
C2952,0.0,0.0,0.0,0.0,118.0,0.0,0.0,0
C2954,0.0,0.0,0.0,0.0,190.0,0.0,0.0,0
C2955,0.0,0.0,0.0,0.0,144.0,0.0,0.33890455942407277,0
C2956,1.0,1.0,0.0,0.0,124.0,0.0,0.5107986359617732,0
C2957,0.0,0.0,0.0,0.0,216.0,0.0,1.0987243716583168,0
C2958,0.0,0.0,0.0,0.0,50.0,0.0,5.731149749505326,0
C296,0.0,0.0,0.0,0.0,72.0,0.0,0.0,0
C2961,0.0,0.0,0.0,0.0,64.0,0.0,56.29057382225403,0
C2962,0.0,0.0,0.0,0.0,76.0,0.0,0.0,0
C2963,0.0,0.0,0.0,0.0,70.0,0.0,0.0,0
C2964,0.0,0.0,0.0,0.0,69.0,0.0,7.461878499557951,0
C2966,4.0,2.0,0.0,0.0,60.0,0.0,6.890666442133625,0
C2968,0.0,0.0,0.0,0.0,106.0,0.0,0.3660169241779986,0
C2969,0.0,0.0,0.0,0.0,45.0,0.0,0.0,0
C297,2.0,2.0,0.0,0.0,110.0,0.0,4.925440996926704,0
C2970,5.0,5.0,0.0,0.0,50.0,0.0,0.0,0
C2971,0.0,0.0,0.0,0.0,53.0,0.0,3.7304340504357345,0
C2972,0.0,0.0,0.0,0.0,77.0,0.0,1.662105839262409,0
C2976,0.0,0.0,0.0,0.0,299.0,0.0,3.1318570285858627,0
C2978,1.0,1.0,0.0,0.0,99.0,0.0,0.0,0
C298,7.0,3.0,0.0,0.0,153.0,0.0,4.603923714899171,0
C2980,13.0,4.0,0.0,0.0,66.0,0.0,4.049720035363954,0
C2981,0.0,0.0,0.0,0.0,51.0,0.0,0.0,0
C2982,0.0,0.0,0.0,0.0,766.0,0.0,0.2788700374689513,0
C2983,3.0,2.0,0.0,0.0,179.0,0.0,5.247084578790048,0
C2984,45.0,10.0,0.0,0.0,97.0,0.0,0.0,0
C2986,0.0,0.0,0.0,0.0,96.0,0.0,14.282995832105419,0
C2987,0.0,0.0,0.0,0.0,81.0,0.0,0.0,0
C2989,845.0,21.0,1.0,0.0,90.0,0.0,59.65696964593946,0
C299,18.0,5.0,0.0,0.0,87.0,0.0,0.0,0
C2991,0.0,0.0,0.0,0.0,82.0,0.0,0.0,0
C2992,0.0,0.0,0.0,0.0,81.0,0.0,0.0,0
C2993,0.0,0.0,0.0,0.0,115.0,0.0,8.5680124615838,0
C2996,0.0,0.0,0.0,0.0,12.0,0.0,0.0,0
C2997,0.0,0.0,0.0,0.0,123.0,0.0,91.09064118216646,0
C3,0.0,0.0,0.0,0.0,75.0,0.0,0.0,0
C30,0.0,0.0,0.0,0.0,164.0,0.0,0.0,0
C300,0.0,0.0,0.0,0.0,76.0,0.0,5.74007493790258,0
C3000,0.0,0.0,0.0,0.0,99.0,0.0,0.0,0
C3001,6.0,4.0,0.0,0.0,85.0,0.0,144.94438597229825,0
C3003,0.0,0.0,0.0,0.0,77.0,0.0,0.0,0
C3006,0.0,0.0,0.0,0.0,66.0,0.0,0.0,0
C3007,15.0,10.0,0.0,0.0,283.0,0.0,48.53037511051236,0
C3008,0.0,0.0,0.0,0.0,57.0,0.0,0.0,0
C301,0.0,0.0,0.0,0.0,84.0,0.0,0.0,0
C3011,0.0,0.0,0.0,0.0,125.0,0.0,0.0,0
C3012,3.0,2.0,0.0,0.0,53.0,0.0,0.0,0
C3013,0.0,0.0,0.0,0.0,61.0,0.0,0.0,0
C3015,0.0,0.0,0.0,0.0,313.0,0.0,0.0,0
C3017,16.0,7.0,0.0,0.0,299.0,0.0,0.0,0
C3019,4.0,3.0,0.0,3.0,53.0,0.0,0.0,0
C302,0.0,0.0,0.0,0.0,78.0,0.0,0.0,0
C3021,1358.0,16.0,0.0,0.0,217.0,0.0,147.90093882877952,0
C3022,0.0,0.0,0.0,0.0,132.0,0.0,0.0,0
C3024,29.0,8.0,0.0,0.0,87.0,0.0,4.507135940723277,0
C3025,5.0,4.0,0.0,0.0,194.0,0.0,118.00597819222835,0
C3026,1485.0,19.0,0.0,0.0,84.0,0.0,0.29234201995537407,0
C3028,91.0,14.0,0.0,5.0,360.0,0.0,9.004757293815517,0
C3029,0.0,0.0,0.0,0.0,74.0,0.0,51.766640003367996,0
C303,2.0,2.0,0.0,0.0,60.0,0.0,0.0,0
C3030,1085.0,21.0,1.0,0.0,70.0,0.0,0.0,0
C3031,5.0,3.0,0.0,0.0,103.0,0.0,21.732960047151938,0
C3032,0.0,0.0,0.0,0.0,118.0,0.0,0.0,0
C3033,0.0,0.0,0.0,0.0,146.0,0.0,0.0,0
C3034,0.0,0.0,0.0,0.0,206.0,0.0,0.0,0
C3035,0.0,0.0,0.0,0.0,124.0,0.0,0.33890455942407277,0
C3036,17.0,8.0,0.0,0.0,212.0,0.0,0.6780617185197659,0
C3037,0.0,0.0,0.0,77.0,342.0,0.0,0.0,0
C3038,0.0,0.0,0.0,0.0,74.0,0.0,0.0,0
C3039,0.0,0.0,0.0,0.0,141.0,0.0,4.8046141540016,0
C304,0.0,0.0,0.0,0.0,107.0,0.0,35.227802803856356,0
C3040,36.0,13.0,0.0,0.0,185.0,0.0,3.7490001262998356,0
C3042,16.0,5.0,0.0,8.0,244.0,0.0,7.14768660800741,0
C3044,1021.0,15.0,0.0,0.0,45.0,0.0,106.35498673851724,0
C3046,0.0,0.0,0.0,0.0,148.0,0.0,0.0,0
C3049,1173.0,18.0,0.0,0.0,103.0,0.0,99.98657011745885,0
C305,1.0,1.0,0.0,0.0,74.0,0.0,0.0,0
C3050,2.0,2.0,0.0,20.0,131.0,0.0,1.53260640761167,0
C3052,69.0,7.0,0.0,0.0,82.0,0.0,0.0,0
C3054,1.0,1.0,0.0,0.0,92.0,0.0,0.0,0
C3055,3.0,3.0,0.0,0.0,434.0,0.0,0.0,0
C3056,1.0,1.0,0.0,0.0,273.0,0.0,0.0,0
C3057,1.0,1.0,0.0,0.0,320.0,0.0,0.0,0
C3058,4.0,3.0,0.0,0.0,407.0,0.0,6.328968972340336,0
C3059,0.0,0.0,0.0,0.0,181.0,0.0,45.90775901991327,0
C306,4.0,4.0,0.0,0.0,748.0,0.0,0.0,0
C3060,0.0,0.0,0.0,0.0,64.0,0.0,0.0,0
C3061,0.0,0.0,0.0,0.0,6.0,0.0,0.0,0
C3062,0.0,0.0,0.0,0.0,112.0,0.0,0.0,0
C3063,2.0,2.0,0.0,0.0,64.0,0.0,0.0,0
C3065,0.0,0.0,0.0,0.0,142.0,0.0,12734.396328884772,0
C3066,0.0,0.0,0.0,0.0,834.0,0.0,0.0,0
C3067,0.0,0.0,0.0,0.0,173.0,0.0,0.0,0
C3068,2.0,2.0,0.0,0.0,68.0,0.0,6.770176398770682,0
C307,2.0,1.0,0.0,1.0,455.0,0.0,0.0,0
C3070,3.0,3.0,0.0,0.0,154.0,0.0,5.014861280680335,0
C3071,0.0,0.0,0.0,0.0,138.0,0.0,0.0,0
C3072,0.0,0.0,0.0,0.0,202.0,0.0,0.0,0
C3073,0.0,0.0,0.0,159.0,198.0,1.0,0.0,0
C3074,0.0,0.0,0.0,0.0,54.0,0.0,0.0,0
C3075,2.0,2.0,0.0,0.0,319.0,0.0,0.0,0
C3076,2.0,2.0,0.0,0.0,138.0,0.0,0.0,0
C3077,5.0,3.0,0.0,0.0,307.0,0.0,0.15690649602155518,0
C3078,0.0,0.0,0.0,0.0,290.0,0.0,0.0,0
C3079,0.0,0.0,0.0,0.0,119.0,0.0,0.0,0
C308,8.0,7.0,0.0,0.0,110.0,0.0,0.0,0
C3081,0.0,0.0,0.0,0.0,62.0,0.0,4.902370226918705,0
C3083,73.0,5.0,0.0,0.0,479.0,0.0,5.863006778091188,0
C3084,0.0,0.0,0.0,0.0,82.0,0.0,0.33684166210583927,0
C3086,1.0,1.0,0.0,0.0,58.0,0.0,0.0,0
C3088,6.0,4.0,0.0,0.0,291.0,0.0,5.580810844945901,0
C3089,0.0,0.0,0.0,1.0,96.0,0.0,0.0,0
C309,0.0,0.0,0.0,0.0,117.0,0.0,3458.1737464741295,0
C3090,1.0,1.0,0.0,0.0,84.0,0.0,3.807182250663074,0
C3091,0.0,0.0,0.0,0.0,81.0,0.0,98.0613396202585,0
C3093,18.0,10.0,0.0,0.0,91.0,0.0,261.83311581694943,0
C3094,0.0,0.0,0.0,0.0,97.0,0.0,0.0,0
C3096,0.0,0.0,0.0,0.0,70.0,0.0,0.0,0
C3097,0.0,0.0,0.0,0.0,170.0,0.0,35.24350608344209,0
C3098,0.0,0.0,0.0,0.0,129.0,0.0,0.5466256893866038,0
C31,0.0,0.0,0.0,0.0,98.0,0.0,0.0,0
C310,3.0,3.0,0.0,0.0,207.0,0.0,7.282069633309477,0
C3100,0.0,0.0,0.0,0.0,67.0,0.0,13.512693133498926,0
C3101,0.0,0.0,0.0,0.0,131.0,0.0,85.82920052203932,0
C3103,0.0,0.0,0.0,0.0,92.0,0.0,0.0,0
C3105,2.0,2.0,0.0,0.0,77.0,0.0,10.963499347450849,0
C3108,1.0,1.0,0.0,0.0,144.0,0.0,0.0,0
C311,0.0,0.0,0.0,0.0,95.0,0.0,2.288174125373637,0
C3110,0.0,0.0,0.0,0.0,107.0,0.0,0.0,0
C3112,0.0,0.0,0.0,0.0,127.0,0.0,51.636003873194966,0
C3114,0.0,0.0,0.0,0.0,74.0,0.0,74.81118174546373,0
C3116,10.0,2.0,0.0,0.0,167.0,0.0,2.4777501789247673,0
C3117,6.0,3.0,0.0,0.0,83.0,0.0,0.0,0
C312,0.0,0.0,0.0,0.0,200.0,0.0,0.0,0
C3120,0.0,0.0,0.0,0.0,72.0,0.0,56.345640550667284,0
C3122,1329.0,23.0,1.0,0.0,97.0,0.0,115.26514545531091,0
C3124,0.0,0.0,0.0,0.0,117.0,0.0,0.0,0
C3126,0.0,0.0,0.0,0.0,83.0,0.0,0.0,0
C3127,0.0,0.0,0.0,0.0,58.0,0.0,0.0,0
C3128,0.0,0.0,0.0,0.0,39.0,0.0,10.34909274617943,0
C313,0.0,0.0,0.0,0.0,96.0,0.0,0.0,0
C3130,0.0,0.0,0.0,0.0,144.0,0.0,0.0,0
C3131,494.0,10.0,0.0,555.0,594.0,1.0,0.0,0
C3132,0.0,0.0,0.0,0.0,65.0,0.0,0.0,0
C3134,1.0,1.0,0.0,0.0,79.0,0.0,0.0,0
C3137,0.0,0.0,0.0,0.0,88.0,0.0,7.181492864059277,0
C3139,0.0,0.0,0.0,0.0,143.0,0.0,12.741169536479603,0
C314,0.0,0.0,0.0,0.0,79.0,0.0,96.79682566412664,0
C3140,2.0,2.0,0.0,0.0,307.0,0.0,0.0,0
C3141,0.0,0.0,0.0,0.0,107.0,0.0,0.0,0
C3143,1785.0,21.0,1.0,0.0,141.0,0.0,38.66063234117796,0
C3144,0.0,0.0,0.0,0.0,146.0,0.0,3.6805456152907,0
C3145,0.0,0.0,0.0,0.0,151.0,0.0,52.86027028164863,0
C3147,0.0,0.0,0.0,0.0,292.0,0.0,0.0,0
C3148,0.0,0.0,0.0,0.0,194.0,0.0,5.952974361133331,0
C3149,0.0,0.0,0.0,0.0,65.0,0.0,0.0,0
C315,1939.0,22.0,1.0,0.0,112.0,0.0,37.647244558582074,0
C3150,0.0,0.0,0.0,0.0,55.0,0.0,0.0,0
C3151,0.0,0.0,0.0,0.0,108.0,0.0,0.4193154548899086,0
C3153,1.0,1.0,0.0,0.0,68.0,0.0,0.0,0
C3155,15.0,7.0,0.0,0.0,92.0,0.0,6.324337978360628,0
C3156,1.0,1.0,0.0,0.0,61.0,0.0,0.0,0
C3157,0.0,0.0,0.0,0.0,75.0,0.0,3.772618195596346,0
C3159,0.0,0.0,0.0,0.0,71.0,0.0,3.107691660000842,0
C316,5.0,4.0,0.0,0.0,111.0,0.0,0.14318191386351198,0
C3161,0.0,0.0,0.0,0.0,101.0,0.0,8.121163642487264,0
C3163,1085.0,18.0,0.0,0.0,72.0,0.0,52.02782806382352,0
C3165,3201.0,12.0,0.0,82.0,206.0,1.0,0.0,0
C3167,0.0,0.0,0.0,0.0,70.0,0.0,96.75901991327412,0
C3169,7.0,2.0,0.0,58.0,58.0,1.0,0.0,0
C317,0.0,0.0,0.0,0.0,179.0,0.0,7.441586325937776,0
C3170,0.0,0.0,0.0,0.0,70.0,0.0,0.0,0
C3171,0.0,0.0,0.0,0.0,102.0,0.0,96.19429124742138,0
C3173,4.0,3.0,0.0,0.0,178.0,0.0,10162.852102892266,0
C3174,0.0,0.0,0.0,0.0,101.0,0.0,39.54414179261567,0
C3176,12.0,5.0,0.0,6.0,80.0,0.0,6.936050183134762,0
C3178,3.0,2.0,0.0,0.0,64.0,0.0,5.762556308676799,0
C3179,0.0,0.0,0.0,0.0,70.0,0.0,88.72622405590873,0
C318,0.0,0.0,0.0,0.0,200.0,0.0,0.0,0
C3181,0.0,0.0,0.0,0.0,122.0,0.0,0.0,0
C3183,0.0,0.0,0.0,0.0,56.0,0.0,0.0,0
C3185,2.0,2.0,0.0,2.0,47.0,0.0,5.73380204605734,0
C3186,16.0,5.0,0.0,0.0,72.0,0.0,6.474003283795731,0
C3188,2.0,2.0,0.0,1.0,246.0,0.0,0.0,0
C3189,7.0,7.0,0.0,0.0,59.0,0.0,0.9424493748158127,0
C319,12.0,7.0,0.0,0.0,89.0,0.0,4.8050772533995705,0
C3193,0.0,0.0,0.0,0.0,117.0,0.0,5.006441291626321,0
C3194,0.0,0.0,0.0,0.0,49.0,0.0,4.464278196438345,0
C3196,0.0,0.0,0.0,0.0,94.0,0.0,0.20506883341051657,0
C3198,1985.0,21.0,1.0,0.0,117.0,0.0,36.070180608765206,0
C3199,2.0,2.0,0.0,0.0,45.0,0.0,0.5837157411695365,0
C32,38.0,12.0,0.0,0.0,90.0,0.0,0.0,0
C320,0.0,0.0,0.0,0.0,444.0,0.0,4.6576011451185115,0
C3200,0.0,0.0,0.0,0.0,106.0,0.0,0.0,0
C3202,0.0,0.0,0.0,0.0,66.0,0.0,9.787268976550331,0
C3204,1255.0,18.0,0.0,0.0,107.0,0.0,80.0295541615796,0
C3206,19.0,8.0,0.0,0.0,175.0,0.0,7.6914916010609184,0
C3208,0.0,0.0,0.0,0.0,68.0,0.0,0.0,0
C321,0.0,0.0,0.0,0.0,93.0,0.0,0.0,0
C3210,0.0,0.0,0.0,0.0,104.0,0.0,36.521197322443484,0
C3211,11.0,3.0,0.0,0.0,88.0,0.0,4.456531806508652,0
C3214,0.0,0.0,0.0,0.0,69.0,0.0,4.8440197027743865,0
C3215,0.0,0.0,0.0,0.0,179.0,0.0,7.435776533490507,0
C3218,0.0,0.0,0.0,0.0,66.0,0.0,0.0,0
C3219,0.0,0.0,0.0,0.0,147.0,0.0,0.0,0
C322,0.0,0.0,0.0,0.0,119.0,0.0,4.516229528901612,0
C3221,0.0,0.0,0.0,0.0,51.0,0.0,0.0,0
C3223,0.0,0.0,0.0,0.0,112.0,0.0,0.3660169241779986,0
C3224,0.0,0.0,0.0,0.0,103.0,0.0,4.612470003788995,0
C3226,30.0,11.0,0.0,0.0,123.0,0.0,0.0,0
C3227,0.0,0.0,0.0,10.0,132.0,0.0,96.5041468446091,0
C3229,0.0,0.0,0.0,0.0,175.0,0.0,0.0,0
C323,0.0,0.0,0.0,0.0,103.0,0.0,4.750431524439018,0
C3230,0.0,0.0,0.0,0.0,86.0,0.0,0.0,0
C3232,0.0,0.0,0.0,0.0,78.0,0.0,1.9720035363954027,0
C3235,1066.0,17.0,0.0,0.0,86.0,0.0,99.97911842714605,0
C3236,0.0,0.0,0.0,0.0,137.0,0.0,0.0,0
C3237,0.0,0.0,0.0,0.0,68.0,0.0,3.426556645476361,0
C3238,759.0,23.0,1.0,0.0,86.0,0.0,45.83913610912306,0
C3239,0.0,0.0,0.0,0.0,121.0,0.0,10.364417126257736,0
C324,4.0,4.0,0.0,0.0,139.0,0.0,4.553866879973056,0
C3241,8.0,2.0,0.0,0.0,153.0,0.0,2.932934787184777,0
C3242,14.0,2.0,0.0,0.0,157.0,0.0,20.774133793626067,0
C3244,0.0,0.0,0.0,0.0,215.0,0.0,0.0,0
C3245,0.0,0.0,0.0,0.0,165.0,0.0,3.7870584768239803,0
C3247,0.0,0.0,0.0,4.0,100.0,0.0,0.0,0
C3249,0.0,0.0,0.0,0.0,106.0,0.0,0.0,0
C325,0.0,0.0,0.0,0.0,125.0,0.0,4.564981265524355,0
C3250,0.0,0.0,0.0,0.0,54.0,0.0,0.0,0
C3252,0.0,0.0,0.0,0.0,82.0,0.0,58.03624805287753,0
C3254,74.0,8.0,0.0,0.0,104.0,0.0,0.0,0
C3256,33.0,13.0,0.0,0.0,122.0,0.0,62.35709173578074,0
C3258,41.0,9.0,0.0,0.0,85.0,0.0,0.0,0
C326,0.0,0.0,0.0,0.0,64.0,0.0,34.830842419904855,0
C3260,1314.0,12.0,0.0,0.0,62.0,0.0,0.0,0
C3261,10.0,8.0,0.0,0.0,84.0,0.0,0.0,0
C3263,0.0,0.0,0.0,0.0,219.0,0.0,0.0,0
C3264,0.0,0.0,0.0,0.0,86.0,0.0,21.52140782216983,0
C3265,0.0,0.0,0.0,0.0,173.0,0.0,0.0,0
C3266,0.0,0.0,0.0,0.0,14.0,0.0,0.020207973729634152,0
C3268,0.0,0.0,0.0,0.0,78.0,0.0,18.613943501873447,0
C3269,1.0,1.0,0.0,0.0,45.0,0.0,0.0,0
C327,0.0,0.0,0.0,0.0,75.0,0.0,0.0,0
C3271,14.0,11.0,0.0,0.0,74.0,0.0,0.0,0
C3273,2.0,2.0,0.0,0.0,103.0,0.0,0.5184608260009262,0
C3274,0.0,0.0,0.0,0.0,67.0,0.0,0.0,0
C3276,0.0,0.0,0.0,0.0,189.0,0.0,0.0,0
C3277,0.0,0.0,0.0,0.0,272.0,0.0,6.114259251462973,0
C3279,0.0,0.0,0.0,0.0,131.0,0.0,0.3660169241779986,0
C328,0.0,0.0,0.0,0.0,65.0,0.0,0.0,0
C3280,0.0,0.0,0.0,0.0,67.0,0.0,0.0,0
C3281,0.0,0.0,0.0,0.0,132.0,0.0,0.0,0
C3282,0.0,0.0,0.0,0.0,97.0,0.0,25.832989517113628,0
C3283,1.0,1.0,0.0,0.0,96.0,0.0,7.65069675409422,0
C3284,12.0,1.0,0.0,0.0,59.0,0.0,0.0,0
C3286,0.0,0.0,0.0,0.0,59.0,0.0,0.0,0
C3287,2.0,2.0,0.0,0.0,303.0,0.0,0.0,0
C3288,0.0,0.0,0.0,0.0,118.0,0.0,0.0,0
C329,0.0,0.0,0.0,0.0,87.0,0.0,0.0,0
C3290,0.0,0.0,0.0,0.0,30.0,0.0,0.0,0
C3292,0.0,0.0,0.0,0.0,115.0,0.0,0.0,0
C3293,32.0,5.0,0.0,0.0,76.0,0.0,0.5854839388708795,0
C3295,0.0,0.0,0.0,0.0,334.0,0.0,204.84027280764536,0
C3297,0.0,0.0,0.0,0.0,56.0,0.0,0.0,0
C3299,49.0,9.0,0.0,0.0,61.0,0.0,18.964593946027872,0
C33,0.0,0.0,0.0,0.0,94.0,0.0,0.0,0
C330,0.0,0.0,0.0,0.0,112.0,0.0,4.509872437165832,0
C3300,0.0,0.0,0.0,0.0,89.0,0.0,4.510756536016503,0
C3301,3.0,3.0,0.0,0.0,83.0,0.0,0.0,0
C3303,0.0,0.0,0.0,0.0,70.0,0.0,0.0,0
C3305,0.0,0.0,0.0,0.0,58.0,0.0,0.0,0
C3307,0.0,0.0,0.0,0.0,107.0,0.0,0.0,0
C3309,0.0,0.0,0.0,0.0,345.0,0.0,10.334484065170715,0
C331,0.0,0.0,0.0,0.0,61.0,0.0,6.618195596345725,0
C3310,0.0,0.0,0.0,0.0,377.0,0.0,10.337557361175431,0
C3311,7.0,4.0,0.0,0.0,154.0,0.0,0.0,0
C3312,0.0,0.0,0.0,0.0,94.0,0.0,5.170588978234329,0
C3314,0.0,0.0,0.0,0.0,12.0,0.0,0.0,0
C3315,0.0,0.0,0.0,0.0,70.0,0.0,0.0,0
C3317,20.0,12.0,0.0,0.0,91.0,0.0,63.11910074516903,0
C3318,36.0,11.0,0.0,0.0,126.0,0.0,13.105249863175178,0
C3319,7.0,4.0,0.0,0.0,64.0,0.0,5.801582957942155,0
C332,42.0,15.0,0.0,0.0,136.0,0.0,0.0,0
C3320,3.0,2.0,0.0,0.0,94.0,0.0,7.774428493242959,0
C3321,0.0,0.0,0.0,0.0,29.0,0.0,0.0,0
C3322,13.0,4.0,0.0,0.0,65.0,0.0,6.004588894034438,0
C3324,0.0,0.0,0.0,0.0,74.0,0.0,0.0,0
C3326,1.0,1.0,0.0,0.0,15.0,0.0,0.0,0
C3327,0.0,0.0,0.0,0.0,89.0,0.0,0.0,0
C3328,0.0,0.0,0.0,0.0,173.0,0.0,5.530375110512356,0
C3329,0.0,0.0,0.0,0.0,75.0,0.0,70.89896013135183,0
C333,3.0,3.0,0.0,0.0,132.0,0.0,3.3364627625984085,0
C3331,3.0,3.0,0.0,0.0,860.0,0.0,0.0,0
C3332,2.0,2.0,0.0,0.0,110.0,0.0,0.0,0
C3333,0.0,0.0,0.0,0.0,103.0,0.0,0.8789205574032753,0
C3334,0.0,0.0,0.0,0.0,89.0,0.0,21.701427188144656,0
C3336,608.0,21.0,1.0,0.0,94.0,0.0,7.14191891550541,0
C3339,0.0,0.0,0.0,0.0,20.0,0.0,3.75750431524439,0
C334,108.0,16.0,0.0,0.0,151.0,0.0,0.6395823685429209,0
C3340,0.0,0.0,0.0,0.0,111.0,0.0,100.93596598324422,0
C3342,0.0,0.0,0.0,0.0,154.0,0.0,0.0,0
C3343,48.0,14.0,0.0,0.0,53.0,0.0,0.0,0
C3344,27.0,13.0,0.0,0.0,101.0,0.0,0.8898244432282238,0
C3346,27.0,6.0,0.0,0.0,80.0,0.0,0.0,0
C3349,0.0,0.0,0.0,0.0,40.0,0.0,13.939460278701638,0
C335,0.0,0.0,0.0,0.0,160.0,0.0,0.0,0
C3350,0.0,0.0,0.0,0.0,66.0,0.0,7.09455647707658,0
C3352,0.0,0.0,0.0,2.0,81.0,0.0,5.9059908222119315,0
C3354,0.0,0.0,0.0,0.0,64.0,0.0,8.821285732328548,0
C3356,2.0,2.0,0.0,0.0,63.0,0.0,0.0,0
C3358,0.0,0.0,0.0,0.0,3.0,0.0,0.0,0
C3359,0.0,0.0,0.0,0.0,98.0,0.0,0.0,0
C336,0.0,0.0,0.0,0.0,46.0,0.0,0.0,0
C3361,0.0,0.0,0.0,0.0,54.0,0.0,0.0,0
C3363,7.0,2.0,0.0,0.0,80.0,0.0,0.0,0
C3365,5.0,4.0,0.0,0.0,76.0,0.0,0.0,0
C3368,0.0,0.0,0.0,0.0,96.0,0.0,0.0,0
C337,1636.0,25.0,1.0,0.0,91.0,0.0,0.0,0
C3370,9.0,4.0,0.0,0.0,90.0,0.0,8.121837241611585,0
C3371,4.0,2.0,0.0,0.0,53.0,0.0,6.634782974782133,0
C3373,0.0,0.0,0.0,0.0,56.0,0.0,0.0,0
C3374,1753.0,27.0,1.0,0.0,261.0,0.0,49.36757462215299,0
C3375,0.0,0.0,0.0,0.0,114.0,0.0,2.0985138719319667,0
C3377,3.0,2.0,0.0,0.0,112.0,0.0,2.2363490927461793,0
C338,0.0,0.0,0.0,0.0,66.0,0.0,10.54426809245148,0
C3380,47941.0,31.0,1.0,0.0,80.0,0.0,0.0,0
C3381,1109.0,22.0,1.0,0.0,124.0,0.0,0.6666526333515767,0
C3384,0.0,0.0,0.0,0.0,118.0,0.0,30.322653980549827,0
C3386,0.0,0.0,0.0,0.0,143.0,0.0,0.0,0
C3387,0.0,0.0,0.0,0.0,88.0,0.0,0.3660169241779986,0
C3388,2.0,2.0,0.0,0.0,112.0,0.0,0.0,0
C3389,27.0,12.0,0.0,2.0,173.0,0.0,0.0,0
C339,0.0,0.0,0.0,0.0,134.0,0.0,0.0,0
C3391,3.0,2.0,0.0,0.0,61.0,0.0,0.0,0
C3392,0.0,0.0,0.0,106.0,250.0,1.0,0.0,0
C3393,0.0,0.0,0.0,3.0,67.0,0.0,0.0,0
C3396,0.0,0.0,0.0,0.0,6.0,0.0,0.35498673851723994,0
C3399,0.0,0.0,0.0,0.0,98.0,0.0,0.0,0
C34,0.0,0.0,0.0,0.0,138.0,0.0,0.0,0
C340,0.0,0.0,0.0,0.0,143.0,0.0,4.5685597608723105,0
C3401,3.0,2.0,0.0,0.0,67.0,0.0,0.0,0
C3402,0.0,0.0,0.0,0.0,95.0,0.0,0.0,0
C3405,810.0,16.0,0.0,0.0,63.0,0.0,114.71666736833242,0
C3407,9.0,5.0,0.0,0.0,115.0,0.0,9.048372837115311,0
C3408,0.0,0.0,0.0,0.0,101.0,0.0,0.0,0
C341,0.0,0.0,0.0,0.0,77.0,0.0,0.0,0
C3410,0.0,0.0,0.0,0.0,51.0,0.0,0.0,0
C3412,39.0,6.0,0.0,0.0,69.0,0.0,72.83875720961562,0
C3413,0.0,0.0,0.0,0.0,445.0,0.0,0.0,0
C3414,24.0,16.0,0.0,0.0,116.0,0.0,0.0,0
C3415,0.0,0.0,0.0,0.0,88.0,0.0,0.0,0
C3417,0.0,0.0,0.0,0.0,112.0,0.0,0.0,0
C3419,3.0,2.0,0.0,0.0,74.0,0.0,0.0,0
C342,0.0,0.0,0.0,0.0,65.0,0.0,7.999284300930409,0
C3420,0.0,0.0,0.0,0.0,77.0,0.0,4.578158548393887,0
C3421,0.0,0.0,0.0,0.0,2.0,0.0,0.0,0
C3422,3.0,2.0,0.0,0.0,70.0,0.0,1.9626573485454468,0
C3424,10.0,7.0,0.0,0.0,110.0,0.0,12.146002610196607,0
C3425,2.0,2.0,0.0,0.0,62.0,0.0,0.0,0
C3427,0.0,0.0,0.0,0.0,95.0,0.0,37.97612933103187,0
C3428,0.0,0.0,0.0,0.0,420.0,0.0,0.0,0
C3429,0.0,0.0,0.0,0.0,2.0,0.0,0.0,0
C343,26.0,13.0,0.0,0.0,148.0,0.0,0.24868437671031027,0
C3430,2.0,2.0,0.0,0.0,417.0,0.0,0.0,0
C3432,13.0,2.0,0.0,0.0,158.0,0.0,0.0,0
C3433,2.0,2.0,0.0,0.0,68.0,0.0,7.993558708373679,0
C3434,0.0,0.0,0.0,0.0,108.0,0.0,0.0,0
C3435,0.0,0.0,0.0,0.0,265.0,0.0,0.0,0
C3436,0.0,0.0,0.0,0.0,112.0,0.0,0.0,0
C3437,0.0,0.0,0.0,0.0,85.0,0.0,0.0,0
C3439,2.0,2.0,0.0,0.0,52.0,0.0,0.0,0
C344,0.0,0.0,0.0,0.0,91.0,0.0,0.7049214836020713,0
C3440,999.0,15.0,0.0,0.0,129.0,0.0,161.42840904306826,0
C3442,0.0,0.0,0.0,0.0,75.0,0.0,0.7101418768155602,0
C3443,0.0,0.0,0.0,0.0,66.0,0.0,0.0,0
C3444,1278.0,18.0,0.0,0.0,110.0,0.0,163.2290237022692,0
C3446,0.0,0.0,0.0,0.0,126.0,0.0,6.6274154843598705,0
C3448,5.0,4.0,0.0,0.0,91.0,0.0,8.233191596850924,0
C345,0.0,0.0,0.0,0.0,71.0,0.0,0.0,0
C3450,0.0,0.0,0.0,0.0,103.0,0.0,0.0,0
C3451,1867.0,23.0,1.0,0.0,94.0,0.0,89.10470256388666,0
C3454,0.0,0.0,0.0,0.0,118.0,0.0,0.0,0
C3455,0.0,0.0,0.0,0.0,98.0,0.0,0.0,0
C3457,715.0,15.0,0.0,0.0,94.0,0.0,109.58228434303035,0
C3459,10.0,7.0,0.0,0.0,135.0,0.0,0.0,0
C346,0.0,0.0,0.0,0.0,56.0,0.0,15.583294741716836,0
C3460,6.0,3.0,0.0,0.0,118.0,0.0,5.067359912432114,0
C3461,15.0,11.0,0.0,0.0,121.0,0.0,0.0,0
C3462,0.0,0.0,0.0,0.0,107.0,0.0,0.33890455942407277,0
C3464,0.0,0.0,0.0,0.0,126.0,0.0,0.0,0
C3465,0.0,0.0,0.0,0.0,78.0,0.0,10.043783943080873,0
C3468,243.0,16.0,0.0,0.0,57.0,0.0,40.99195891045342,0
C3469,1.0,1.0,0.0,0.0,84.0,0.0,10.481665473834884,0
C347,1.0,1.0,0.0,0.0,121.0,0.0,0.0,0
C3471,1.0,1.0,0.0,0.0,98.0,0.0,4.974108533658907,0
C3473,86.0,2.0,0.0,0.0,64.0,0.0,0.45261651159853494,0
C3475,0.0,0.0,0.0,0.0,71.0,0.0,0.0,0
C3476,20.0,2.0,0.0,0.0,81.0,0.0,0.0,0
C3478,8.0,3.0,0.0,0.0,174.0,0.0,0.0,0
C348,17.0,11.0,0.0,0.0,82.0,0.0,5.835220814212941,0
C3480,16.0,9.0,0.0,0.0,92.0,0.0,0.0,0
C3482,0.0,0.0,0.0,0.0,68.0,0.0,0.0,0
C3483,0.0,0.0,0.0,0.0,78.0,0.0,0.0,0
C3484,955.0,20.0,0.0,0.0,75.0,0.0,24.678314318191386,0
C3486,8.0,5.0,0.0,0.0,118.0,0.0,10.870121668841831,0
C3488,0.0,0.0,0.0,0.0,81.0,0.0,0.0,0
C349,0.0,0.0,0.0,0.0,153.0,0.0,0.35608133709426176,0
C3491,0.0,0.0,0.0,0.0,72.0,0.0,0.0,0
C3492,45.0,16.0,0.0,0.0,275.0,0.0,0.0,0
C3493,7.0,5.0,0.0,0.0,64.0,0.0,5.088325685176609,0
C3495,0.0,0.0,0.0,0.0,175.0,0.0,30.725676756620217,0
C3496,809.0,19.0,0.0,0.0,83.0,0.0,77.95621605691913,0
C3499,0.0,0.0,0.0,0.0,18.0,0.0,0.0,0
C35,0.0,0.0,0.0,0.0,61.0,0.0,0.0,0
C350,0.0,0.0,0.0,0.0,73.0,0.0,0.0,0
C3500,0.0,0.0,0.0,0.0,105.0,0.0,0.0,0
C3501,0.0,0.0,0.0,0.0,89.0,0.0,0.17366227423904348,0
C3503,0.0,0.0,0.0,0.0,62.0,0.0,80.16301098808572,0
C3504,0.0,0.0,0.0,0.0,76.0,0.0,0.0,0
C3506,0.0,0.0,0.0,0.0,71.0,0.0,0.0,0
C3507,3.0,1.0,0.0,0.0,76.0,0.0,6.18911295415316,0
C3509,0.0,0.0,0.0,0.0,92.0,0.0,5.1556855976087235,0
C351,0.0,0.0,0.0,0.0,175.0,0.0,0.0,0
C3510,0.0,0.0,0.0,0.0,182.0,0.0,0.0,0
C3511,0.0,0.0,0.0,0.0,107.0,0.0,0.0,0
C3513,0.0,0.0,0.0,0.0,103.0,0.0,0.0,0
C3514,0.0,0.0,0.0,0.0,135.0,0.0,0.0,0
C3515,2.0,1.0,0.0,0.0,68.0,0.0,85.31250789373973,0
C3517,2.0,1.0,0.0,0.0,93.0,0.0,0.0,0
C3518,0.0,0.0,0.0,0.0,56.0,0.0,7.9677514419231255,0
C352,0.0,0.0,0.0,0.0,162.0,0.0,6.8393887087946785,0
C3520,0.0,0.0,0.0,0.0,149.0,0.0,0.0,0
C3521,0.0,0.0,0.0,0.0,70.0,0.0,0.0,0
C3522,170.0,16.0,0.0,0.0,63.0,0.0,0.0,0
C3524,0.0,0.0,0.0,0.0,57.0,0.0,0.0,0
C3526,0.0,0.0,0.0,0.0,264.0,0.0,15532.531259209363,0
C3528,7.0,3.0,0.0,0.0,127.0,0.0,5.322443480823475,0
C353,1.0,1.0,0.0,0.0,85.0,0.0,0.0,0
C3530,1.0,1.0,0.0,0.0,86.0,0.0,0.0,0
C3532,0.0,0.0,0.0,0.0,69.0,0.0,0.0,0
C3534,2109.0,15.0,0.0,0.0,199.0,0.0,53.58965183345261,0
C3535,0.0,0.0,0.0,0.0,133.0,0.0,996.8871300467309,0
C3536,0.0,0.0,0.0,0.0,106.0,0.0,8.277480739275038,0
C3538,0.0,0.0,0.0,0.0,165.0,0.0,8.942028375363112,0
C3539,0.0,0.0,0.0,0.0,71.0,0.0,6.924430598240222,0
C354,2267.0,16.0,0.0,0.0,185.0,0.0,56.594619626994486,0
C3541,0.0,0.0,0.0,0.0,117.0,0.0,0.33890455942407277,0
C3542,0.0,0.0,0.0,0.0,98.0,0.0,30.89386603797415,0
C3544,1041.0,17.0,0.0,11.0,90.0,0.0,14.987201616637899,0
C3546,0.0,0.0,0.0,0.0,179.0,0.0,0.3660169241779986,0
C3547,3.0,2.0,0.0,0.0,315.0,0.0,0.0,0
C3548,0.0,0.0,0.0,0.0,138.0,0.0,0.0,0
C355,0.0,0.0,0.0,0.0,136.0,0.0,39.488527764913904,0
C3550,0.0,0.0,0.0,0.0,99.0,0.0,0.0,0
C3553,2.0,1.0,0.0,9.0,134.0,0.0,4.498294952216562,0
C3554,1550.0,18.0,0.0,0.0,400.0,0.0,0.0,0
C3556,0.0,0.0,0.0,0.0,162.0,0.0,85.23466509493538,0
C3558,0.0,0.0,0.0,0.0,148.0,0.0,186.87854165789585,0
C3559,0.0,0.0,0.0,0.0,80.0,0.0,0.0,0
C356,0.0,0.0,0.0,0.0,158.0,0.0,0.0,0
C3561,1.0,1.0,0.0,0.0,181.0,0.0,0.0,0
C3563,0.0,0.0,0.0,0.0,74.0,0.0,0.3156232896897234,0
C3565,16.0,8.0,0.0,0.0,66.0,0.0,0.0,0
C3567,0.0,0.0,0.0,0.0,119.0,0.0,0.0,0
C3568,0.0,0.0,0.0,0.0,329.0,0.0,0.0,0
C357,6.0,4.0,0.0,0.0,194.0,0.0,10.46069970109039,0
C3570,0.0,0.0,0.0,0.0,49.0,0.0,7.807098050772534,0
C3572,0.0,0.0,0.0,0.0,90.0,0.0,0.0,0
C3574,0.0,0.0,0.0,0.0,139.0,0.0,3.6760409211468024,0
C3575,0.0,0.0,0.0,0.0,100.0,0.0,0.0,0
C3576,0.0,0.0,0.0,0.0,78.0,0.0,0.0,0
C3578,7.0,4.0,0.0,0.0,67.0,0.0,6.381004504694144,0
C358,0.0,0.0,0.0,0.0,67.0,0.0,0.0,0
C3580,0.0,0.0,0.0,119.0,120.0,1.0,0.0,0
C3582,0.0,0.0,0.0,0.0,130.0,0.0,1.1842714604471014,0
C3583,0.0,0.0,0.0,0.0,89.0,0.0,0.0,0
C3584,0.0,0.0,0.0,0.0,129.0,0.0,0.0,0
C3586,0.0,0.0,0.0,0.0,115.0,0.0,174.78920557403276,0
C3587,1117.0,15.0,0.0,0.0,68.0,0.0,117.86351197743443,0
C3589,5.0,2.0,0.0,0.0,76.0,0.0,16.695322696080495,0
C359,0.0,0.0,0.0,0.0,70.0,0.0,21.196817244137584,0
C3591,100.0,15.0,0.0,0.0,157.0,0.0,0.0,0
C3592,26.0,3.0,0.0,0.0,49.0,0.0,2.1866290573822256,0
C3595,0.0,0.0,0.0,0.0,72.0,0.0,0.0,0
C3596,0.0,0.0,0.0,0.0,115.0,0.0,0.0,0
C3597,13.0,10.0,0.0,0.0,74.0,0.0,3.3430303540605397,0
C3598,1.0,1.0,0.0,0.0,270.0,0.0,5.475855681387614,0
C3599,10.0,9.0,0.0,0.0,140.0,0.0,0.0,0
C36,17.0,7.0,0.0,0.0,108.0,0.0,0.0,0
C360,0.0,0.0,0.0,0.0,170.0,0.0,4.73401254578369,0
C3600,0.0,0.0,0.0,0.0,122.0,0.0,2.275207342230455,0
C3601,0.0,0.0,0.0,0.0,120.0,0.0,0.0,0
C3602,9.0,7.0,0.0,0.0,73.0,0.0,0.0,0
C3604,0.0,0.0,0.0,2.0,99.0,0.0,0.0,0
C3605,7.0,4.0,0.0,0.0,122.0,0.0,10.297351913442512,0
C3607,891.0,10.0,0.0,0.0,156.0,0.0,0.0,0
C3609,0.0,0.0,0.0,0.0,119.0,0.0,0.0,0
C361,0.0,0.0,0.0,0.0,106.0,0.0,4.425335747063529,0
C3610,0.0,0.0,0.0,0.0,66.0,0.0,0.0,0
C3611,0.0,0.0,0.0,0.0,137.0,0.0,147.36003873194966,0
C3612,0.0,0.0,0.0,0.0,61.0,0.0,0.0,0
C3614,5.0,3.0,0.0,0.0,123.0,0.0,0.0,0
C3616,1017.0,14.0,0.0,5.0,74.0,0.0,26.122510840735906,0
C3618,0.0,0.0,0.0,6.0,125.0,0.0,0.0,0
C362,0.0,0.0,0.0,0.0,107.0,0.0,0.0,0
C3620,0.0,0.0,0.0,0.0,64.0,0.0,0.0,0
C3622,0.0,0.0,0.0,0.0,57.0,0.0,8.3722056161327,0
C3623,2.0,2.0,0.0,0.0,64.0,0.0,6.998063402517577,0
C3625,0.0,0.0,0.0,0.0,65.0,0.0,0.0,0
C3627,0.0,0.0,0.0,7.0,83.0,0.0,0.0,0
C3629,1432.0,21.0,1.0,0.0,112.0,0.0,0.0,0
C363,0.0,0.0,0.0,0.0,148.0,0.0,47.88494084957689,0
C3631,0.0,0.0,0.0,0.0,41.0,0.0,0.0,0
C3632,1.0,1.0,0.0,0.0,91.0,0.0,0.0,0
C3634,0.0,0.0,0.0,0.0,105.0,0.0,540.672799225361,0
C3635,0.0,0.0,0.0,0.0,70.0,0.0,0.0,0
C3636,0.0,0.0,0.0,0.0,192.0,0.0,0.4244516482128573,0
C3637,0.0,0.0,0.0,0.0,90.0,0.0,0.0,0
C3639,3.0,2.0,0.0,0.0,84.0,0.0,0.0,0
C364,0.0,0.0,0.0,0.0,53.0,0.0,0.0,0
C3640,0.0,0.0,0.0,0.0,73.0,0.0,4.436408032669558,0
C3642,1.0,1.0,0.0,0.0,99.0,0.0,0.0,0
C3644,0.0,0.0,0.0,0.0,98.0,0.0,0.0,0
C3645,0.0,0.0,0.0,0.0,84.0,0.0,5.8543762893108235,0
C3647,0.0,0.0,0.0,0.0,128.0,0.0,0.0,0
C3649,2.0,2.0,0.0,0.0,296.0,0.0,0.06037132151728203,0
C365,0.0,0.0,0.0,0.0,1225.0,0.0,0.0,0
C3650,1.0,1.0,0.0,0.0,67.0,0.0,0.0,0
C3652,0.0,0.0,0.0,0.0,74.0,0.0,0.9784869279669937,0
C3653,0.0,0.0,0.0,0.0,101.0,0.0,0.0,0
C3654,2.0,2.0,0.0,0.0,89.0,0.0,0.0,0
C3657,0.0,0.0,0.0,0.0,138.0,0.0,0.0,0
C3659,0.0,0.0,0.0,0.0,89.0,0.0,0.0,0
C366,1729.0,24.0,1.0,2.0,200.0,0.0,357.8816991537911,0
C3660,0.0,0.0,0.0,0.0,83.0,0.0,40.33414726560856,0
C3662,0.0,0.0,0.0,0.0,119.0,0.0,167.86300677809118,0
C3664,989.0,13.0,0.0,0.0,52.0,0.0,0.0,0
C3665,0.0,0.0,0.0,0.0,134.0,0.0,0.0,0
C3666,35.0,13.0,0.0,0.0,153.0,0.0,5.290573822254031,0
C3667,0.0,0.0,0.0,0.0,172.0,0.0,0.0,0
C3668,21.0,8.0,0.0,0.0,104.0,0.0,3.267671452027112,0
C367,31.0,11.0,0.0,0.0,107.0,0.0,0.33890455942407277,0
C3670,16.0,9.0,0.0,0.0,78.0,0.0,115.20119563844567,0
C3672,0.0,0.0,0.0,0.0,85.0,0.0,0.0,0
C3674,0.0,0.0,0.0,0.0,62.0,0.0,4.584515640129668,0
C3676,0.0,0.0,0.0,0.0,53.0,0.0,0.0,0
C3677,0.0,0.0,0.0,3.0,150.0,0.0,0.0,0
C3678,0.0,0.0,0.0,0.0,125.0,0.0,12.818296636214374,0
C368,0.0,0.0,0.0,0.0,3603.0,0.0,21.9831179219467,0
C3680,0.0,0.0,0.0,0.0,85.0,0.0,0.299414810760746,0
C3681,0.0,0.0,0.0,0.0,119.0,0.0,1.3245063781417084,0
C3682,0.0,0.0,0.0,0.0,126.0,0.0,0.02635456573906454,0
C3684,0.0,0.0,0.0,0.0,117.0,0.0,2.9695196396244685,0
C3686,4.0,4.0,0.0,0.0,47.0,0.0,4.823727529154212,0
C3688,0.0,0.0,0.0,0.0,134.0,0.0,8.8874668462931,0
C369,12.0,6.0,0.0,0.0,99.0,0.0,0.0,0
C3691,2.0,2.0,0.0,0.0,180.0,0.0,0.0,0
C3692,0.0,0.0,0.0,0.0,150.0,0.0,16.489117164147686,0
C3694,773.0,19.0,0.0,0.0,70.0,0.0,0.0,0
C3697,4.0,3.0,0.0,0.0,82.0,0.0,0.0,0
C3698,0.0,0.0,0.0,0.0,67.0,0.0,0.0,0
C3699,2.0,2.0,0.0,0.0,75.0,0.0,0.0,0
C37,0.0,0.0,0.0,0.0,101.0,0.0,0.0,0
C370,8.0,5.0,0.0,0.0,133.0,0.0,0.0,0
C3701,4.0,2.0,0.0,0.0,68.0,0.0,4.112112154254199,0
C3703,1.0,1.0,0.0,0.0,110.0,0.0,0.0,0
C3705,2.0,1.0,0.0,0.0,77.0,0.0,7.243295583715741,0
C3707,0.0,0.0,0.0,0.0,62.0,0.0,0.0,0
C3709,0.0,0.0,0.0,0.0,133.0,0.0,0.0,0
C371,1.0,1.0,0.0,0.0,84.0,0.0,0.0,0
C3710,0.0,0.0,0.0,0.0,60.0,0.0,0.0,0
C3711,0.0,0.0,0.0,0.0,42.0,0.0,0.0,0
C3714,443.0,9.0,0.0,0.0,48.0,0.0,11.330652970151139,0
C3715,2168.0,25.0,1.0,0.0,51.0,0.0,11.149118006146592,0
C3716,5.0,3.0,0.0,0.0,83.0,0.0,10.548393887087947,0
C3718,0.0,0.0,0.0,0.0,112.0,0.0,6.071317307287501,0
C3719,5.0,4.0,0.0,0.0,49.0,0.0,0.0,0
C372,0.0,0.0,0.0,0.0,82.0,0.0,19.700290489622365,0
C3720,1.0,1.0,0.0,0.0,95.0,0.0,0.0,0
C3722,1.0,1.0,0.0,0.0,356.0,0.0,0.0,0
C3724,2.0,2.0,0.0,0.0,170.0,0.0,0.0,0
C3725,4.0,3.0,0.0,0.0,284.0,0.0,0.0,0
C3726,0.0,0.0,0.0,0.0,106.0,0.0,0.8908348419147055,0
C3728,1.0,1.0,0.0,0.0,58.0,0.0,0.0,0
C373,0.0,0.0,0.0,0.0,111.0,0.0,0.0,0
C3730,19.0,12.0,0.0,0.0,70.0,0.0,0.0,0
C3732,11.0,6.0,0.0,0.0,56.0,0.0,9.094009177788068,0
C3734,0.0,0.0,0.0,0.0,41.0,0.0,18.090472782385383,0
C3736,0.0,0.0,0.0,0.0,131.0,0.0,0.0,0
C3738,0.0,0.0,0.0,2.0,219.0,0.0,0.0,0
C3739,10.0,7.0,0.0,0.0,202.0,0.0,0.0,0
C374,0.0,0.0,0.0,0.0,91.0,0.0,0.0,0
C3740,1.0,1.0,0.0,0.0,214.0,0.0,0.0,0
C3741,0.0,0.0,0.0,0.0,158.0,0.0,28.187555256178168,0
C3743,0.0,0.0,0.0,0.0,76.0,0.0,5.891424241148487,0
C3745,7.0,4.0,0.0,0.0,140.0,0.0,1.4013387782595883,0
C3746,0.0,0.0,0.0,0.0,102.0,0.0,0.0,0
C3748,7.0,6.0,0.0,0.0,79.0,0.0,5211.129752031322,0
C375,1929.0,25.0,1.0,0.0,126.0,0.0,4.847934997684503,0
C3750,0.0,0.0,0.0,0.0,39.0,0.0,11.430387740495938,0
C3752,10.0,5.0,0.0,0.0,366.0,0.0,0.0,0
C3753,3.0,2.0,0.0,0.0,80.0,0.0,109.51223003410095,0
C3755,3.0,2.0,0.0,0.0,76.0,0.0,0.0,0
C3756,0.0,0.0,0.0,0.0,125.0,0.0,76.70664758135814,0
C3758,0.0,0.0,0.0,0.0,85.0,0.0,0.0,0
C376,0.0,0.0,0.0,0.0,71.0,0.0,4.501368248221278,0
C3760,0.0,0.0,0.0,0.0,65.0,0.0,0.0,0
C3761,0.0,0.0,0.0,0.0,146.0,0.0,0.0,0
C3762,0.0,0.0,0.0,0.0,97.0,0.0,26.42600934618785,0
C3763,0.0,0.0,0.0,0.0,59.0,0.0,2.978739527638614,0
C3765,16.0,5.0,0.0,0.0,109.0,0.0,0.0,0
C3767,0.0,0.0,0.0,0.0,65.0,0.0,1.023112869953269,0
C3768,9.0,4.0,0.0,0.0,90.0,0.0,0.0,0
C377,0.0,0.0,0.0,0.0,66.0,0.0,0.0,0
C3770,19.0,9.0,0.0,0.0,91.0,0.0,5.801582957942155,0
C3772,0.0,0.0,0.0,0.0,119.0,0.0,0.0,0
C3774,0.0,0.0,0.0,0.0,77.0,0.0,51.435776533490504,0
C3777,11.0,7.0,0.0,0.0,97.0,0.0,30.097377173409676,0
C3778,0.0,0.0,0.0,0.0,146.0,0.0,131.92624089588685,0
C378,0.0,0.0,0.0,0.0,120.0,0.0,0.0,0
C3780,0.0,0.0,0.0,0.0,48.0,0.0,0.0,0
C3782,2.0,2.0,0.0,0.0,69.0,0.0,0.0,0
C3784,0.0,0.0,0.0,0.0,145.0,0.0,37.789205574032756,0
C3785,0.0,0.0,0.0,0.0,62.0,0.0,10.132951627162885,0
C3787,16.0,7.0,0.0,0.0,81.0,0.0,0.0,0
C379,0.0,0.0,0.0,0.0,103.0,0.0,15.47282448532817,0
C3790,2.0,2.0,0.0,0.0,66.0,0.0,0.665094935376584,0
C3792,0.0,0.0,0.0,0.0,75.0,0.0,0.0,0
C3794,0.0,0.0,0.0,0.0,155.0,0.0,12.08870458468404,0
C3796,1.0,1.0,0.0,0.0,313.0,0.0,162.80819264934956,0
C3797,0.0,0.0,0.0,0.0,52.0,0.0,0.0,0
C3799,0.0,0.0,0.0,0.0,93.0,0.0,115.52624931587589,0
C38,8.0,6.0,0.0,0.0,78.0,0.0,6.711741674735823,0
C380,0.0,0.0,0.0,0.0,97.0,0.0,5.697006693891298,0
C3801,34.0,16.0,0.0,0.0,151.0,0.0,6.216604218414516,0
C3802,0.0,0.0,0.0,0.0,109.0,0.0,12.430177240769588,0
C3804,0.0,0.0,0.0,0.0,63.0,0.0,0.0,0
C3806,1.0,1.0,0.0,0.0,83.0,0.0,152.28354313139394,0
C3808,0.0,0.0,0.0,0.0,77.0,0.0,77.39754978318528,0
C381,0.0,0.0,0.0,0.0,143.0,0.0,8.635540773796993,0
C3810,0.0,0.0,0.0,0.0,94.0,0.0,939.2048583336841,0
C3812,8.0,8.0,0.0,0.0,51.0,0.0,2.0197027743863933,0
C3813,2.0,2.0,0.0,0.0,96.0,0.0,0.0,0
C3814,0.0,0.0,0.0,0.0,153.0,0.0,14.225066307413801,0
C3816,0.0,0.0,0.0,0.0,113.0,0.0,0.0,0
C3818,0.0,0.0,0.0,0.0,158.0,0.0,0.0,0
C382,0.0,0.0,0.0,0.0,144.0,0.0,4.783606281311834,0
C3820,3.0,2.0,0.0,0.0,109.0,0.0,0.0,0
C3822,18.0,4.0,0.0,0.0,98.0,0.0,0.7330021470972088,0
C3824,0.0,0.0,0.0,0.0,70.0,0.0,0.5912095314276091,0
C3826,4.0,4.0,0.0,0.0,102.0,0.0,5.920346903549025,0
C3827,8.0,8.0,0.0,0.0,104.0,0.0,0.0,0
C3828,0.0,0.0,0.0,0.0,61.0,0.0,0.0,0
C383,0.0,0.0,0.0,0.0,73.0,0.0,0.0,0
C3830,0.0,0.0,0.0,0.0,77.0,0.0,17.92182040163348,0
C3832,0.0,0.0,0.0,0.0,93.0,0.0,0.2604302614406601,0
C3833,14.0,10.0,0.0,0.0,73.0,0.0,10.44950111564855,0
C3835,1.0,1.0,0.0,0.0,82.0,0.0,0.0,0
C3837,0.0,0.0,0.0,0.0,71.0,0.0,0.0,0
C3839,0.0,0.0,0.0,0.0,85.0,0.0,0.0,0
C384,0.0,0.0,0.0,0.0,116.0,0.0,0.0,0
C3840,0.0,0.0,0.0,0.0,95.0,0.0,0.0,0
C3841,4.0,3.0,0.0,0.0,75.0,0.0,13672.245905780323,0
C3842,22.0,9.0,0.0,0.0,78.0,0.0,0.0,0
C3844,0.0,0.0,0.0,0.0,116.0,0.0,7.4709720877362855,0
C3845,10.0,4.0,0.0,0.0,0.0,0.0,50.09901907127521,0
C3847,0.0,0.0,0.0,0.0,137.0,0.0,0.0,0
C3848,0.0,0.0,0.0,0.0,57.0,0.0,0.0,0
C385,6.0,6.0,0.0,0.0,60.0,0.0,0.0,0
C3851,0.0,0.0,0.0,0.0,140.0,0.0,0.47892897739232937,0
C3853,18.0,4.0,0.0,0.0,56.0,0.0,0.0,0
C3854,0.0,0.0,0.0,0.0,81.0,0.0,0.8651117753546921,0
C3856,0.0,0.0,0.0,0.0,16.0,0.0,0.0,0
C3857,3.0,2.0,0.0,0.0,104.0,0.0,0.0,0
C3859,4.0,2.0,0.0,0.0,65.0,0.0,6.861280680335115,0
C386,0.0,0.0,0.0,0.0,81.0,0.0,25.504231044499644,0
C3860,0.0,0.0,0.0,0.0,148.0,0.0,116.33359996632004,0
C3862,7.0,4.0,0.0,0.0,75.0,0.0,0.26131436029133165,0
C3863,10.0,7.0,0.0,0.0,79.0,0.0,65.9410600766219,0
C3865,0.0,0.0,0.0,0.0,140.0,0.0,62.07725339957058,0
C3866,0.0,0.0,0.0,0.0,56.0,0.0,0.0,0
C3868,0.0,0.0,0.0,0.0,254.0,0.0,0.0,0
C3869,1032.0,19.0,0.0,0.0,125.0,0.0,0.0,0
C387,0.0,0.0,0.0,0.0,132.0,0.0,0.0,0
C3871,0.0,0.0,0.0,0.0,75.0,0.0,15.629225782006483,0
C3873,1.0,1.0,0.0,0.0,57.0,0.0,4341.424409548267,0
C3875,0.0,0.0,0.0,0.0,88.0,0.0,19.74516903128026,0
C3878,4.0,3.0,0.0,0.0,86.0,0.0,3.0813791942070474,0
C388,0.0,0.0,0.0,0.0,88.0,0.0,235.35553403780574,0
C3880,14.0,2.0,0.0,0.0,60.0,0.0,4.27192354649939,0
C3882,0.0,0.0,0.0,0.0,117.0,0.0,13.892308339999158,0
C3884,0.0,0.0,0.0,0.0,91.0,0.0,9.52111312255294,0
C3886,0.0,0.0,0.0,0.0,95.0,0.0,6.794173367574622,0
C3888,0.0,0.0,0.0,0.0,4.0,0.0,0.0,0
C389,0.0,0.0,0.0,0.0,77.0,0.0,0.0,0
C3890,0.0,0.0,0.0,0.0,128.0,0.0,29.695364796025764,0
C3891,33.0,10.0,0.0,0.0,46.0,0.0,0.0,0
C3893,0.0,0.0,0.0,0.0,121.0,0.0,0.0,0
C3894,0.0,0.0,0.0,0.0,158.0,0.0,0.0,0
C3896,1.0,1.0,0.0,0.0,708.0,0.0,0.0,0
C3897,5.0,3.0,0.0,0.0,76.0,0.0,0.0,0
C3898,2.0,2.0,0.0,0.0,71.0,0.0,0.0,0
C39,0.0,0.0,0.0,1.0,10.0,0.0,0.0,0
C390,0.0,0.0,0.0,0.0,91.0,0.0,0.7049214836020713,0
C3900,0.0,0.0,0.0,0.0,48.0,0.0,0.0,0
C3902,12.0,6.0,0.0,0.0,100.0,0.0,0.0,0
C3904,0.0,0.0,0.0,0.0,119.0,0.0,7.126931334989265,0
C3906,738.0,19.0,0.0,0.0,80.0,0.0,0.0,0
C3907,0.0,0.0,0.0,0.0,92.0,0.0,22.84801919757504,0
C3909,5.0,4.0,0.0,0.0,44.0,0.0,22.269018650275754,0
C391,0.0,0.0,0.0,0.0,97.0,0.0,4.561613269902749,0
C3910,0.0,0.0,0.0,0.0,94.0,0.0,51.080495095356376,0
C3912,0.0,0.0,0.0,0.0,80.0,0.0,115.98863301477708,0
C3914,8.0,6.0,0.0,0.0,72.0,0.0,134.06058182124363,0
C3916,0.0,0.0,0.0,0.0,106.0,0.0,21.773081294994316,0
C3917,0.0,0.0,0.0,0.0,67.0,0.0,0.0,0
C3919,0.0,0.0,0.0,0.0,93.0,0.0,101.02366016924178,0
C392,0.0,0.0,0.0,0.0,78.0,0.0,0.0,0
C3921,0.0,0.0,0.0,0.0,75.0,0.0,7.936765882204353,0
C3923,0.0,0.0,0.0,0.0,99.0,0.0,0.0,0
C3924,0.0,0.0,0.0,0.0,77.0,0.0,0.0,0
C3926,0.0,0.0,0.0,0.0,147.0,0.0,0.0,0
C3928,0.0,0.0,0.0,0.0,110.0,0.0,7.190839051909233,0
C3929,0.0,0.0,0.0,0.0,82.0,0.0,0.5582452742811435,0
C393,0.0,0.0,0.0,0.0,95.0,0.0,4.639877068159811,0
C3931,0.0,0.0,0.0,0.0,79.0,0.0,4.135940723277059,0
C3933,0.0,0.0,0.0,0.0,76.0,0.0,92.97802382856902,0
C3935,0.0,0.0,0.0,0.0,95.0,0.0,6.828653222750811,0
C3937,0.0,0.0,0.0,0.0,5.0,0.0,0.0,0
C3938,0.0,0.0,0.0,5.0,94.0,0.0,0.0,0
C394,0.0,0.0,0.0,0.0,78.0,0.0,12.842293605018314,0
C3940,0.0,0.0,0.0,0.0,113.0,0.0,8.257820064833915,0
C3942,0.0,0.0,0.0,0.0,66.0,0.0,12.746684629309982,0
C3945,0.0,0.0,0.0,0.0,100.0,0.0,0.0,0
C3947,0.0,0.0,0.0,0.0,84.0,0.0,187.69275459941903,0
C3949,3.0,2.0,0.0,0.0,62.0,0.0,0.0,0
C395,0.0,0.0,0.0,0.0,2211.0,0.0,7415.939544478592,0
C3952,0.0,0.0,0.0,0.0,9.0,0.0,4.564770765798005,0
C3953,1.0,1.0,0.0,2.0,175.0,0.0,1.2773123394939587,0
C3955,0.0,0.0,0.0,0.0,68.0,0.0,104.53302740706437,0
C3957,68.0,6.0,0.0,0.0,128.0,0.0,2.073506504441544,0
C3959,0.0,0.0,0.0,0.0,116.0,0.0,15.100703069086011,0
C396,0.0,0.0,0.0,0.0,131.0,0.0,19.393718688165706,0
C3960,5.0,4.0,0.0,0.0,136.0,0.0,0.0,0
C3961,0.0,0.0,0.0,0.0,64.0,0.0,10.477076579800446,0
C3963,5.0,4.0,0.0,0.0,55.0,0.0,112.52275502041847,0
C3965,0.0,0.0,0.0,0.0,74.0,0.0,0.0,0
C3967,0.0,0.0,0.0,0.0,92.0,0.0,192.8294952216562,0
C397,1.0,1.0,0.0,0.0,79.0,0.0,0.0,0
C3970,1.0,1.0,0.0,0.0,59.0,0.0,0.0,0
C3971,1.0,1.0,0.0,0.0,72.0,0.0,5.714604471014188,0
C3973,2.0,2.0,0.0,0.0,112.0,0.0,0.0,0
C3974,0.0,0.0,0.0,0.0,85.0,0.0,0.0,0
C3976,0.0,0.0,0.0,0.0,7.0,0.0,0.0,0
C3977,0.0,0.0,0.0,0.0,55.0,0.0,2.3027828063823517,0
C3978,0.0,0.0,0.0,0.0,67.0,0.0,93.42264135056624,0
C398,0.0,0.0,0.0,0.0,81.0,0.0,0.0,0
C3980,3.0,2.0,0.0,0.0,87.0,0.0,7.099313770892098,0
C3982,0.0,0.0,0.0,0.0,91.0,0.0,0.0,0
C3983,8.0,3.0,0.0,0.0,73.0,0.0,6.518039826548225,0
C3984,0.0,0.0,0.0,0.0,57.0,0.0,51.274912642613565,0
C3986,6.0,5.0,0.0,0.0,145.0,0.0,0.0,0
C3988,0.0,0.0,0.0,0.0,71.0,0.0,0.0,0
C399,0.0,0.0,0.0,0.0,71.0,0.0,0.0,0
C3990,1612.0,15.0,0.0,0.0,110.0,0.0,84.61053340630657,0
C3992,0.0,0.0,0.0,0.0,207.0,0.0,26.590704332084368,0
C3993,0.0,0.0,0.0,0.0,113.0,0.0,0.0,0
C3995,0.0,0.0,0.0,0.0,71.0,0.0,1.1089967583042142,0
C3997,2.0,1.0,0.0,0.0,71.0,0.0,0.0,0
C3999,0.0,0.0,0.0,0.0,101.0,0.0,0.0,0
C4,4.0,3.0,0.0,0.0,103.0,0.0,0.33890455942407277,0
C40,63.0,15.0,0.0,0.0,83.0,0.0,0.3511135435523934,0
C400,1.0,1.0,0.0,0.0,85.0,0.0,8.837999410600766,0
C4002,41.0,6.0,0.0,0.0,91.0,0.0,0.0,0
C4003,0.0,0.0,0.0,0.0,117.0,0.0,0.0,0
C4005,1.0,1.0,0.0,0.0,45.0,0.0,70.29743611333305,0
C4007,14.0,5.0,0.0,0.0,88.0,0.0,10.182461162800488,0
C4009,20.0,4.0,0.0,0.0,82.0,0.0,0.0,0
C401,32.0,10.0,0.0,0.0,90.0,0.0,0.0,0
C4010,0.0,0.0,0.0,0.0,148.0,0.0,0.6154590999031702,0
C4011,0.0,0.0,0.0,0.0,143.0,0.0,0.0,0
C4013,0.0,0.0,0.0,0.0,136.0,0.0,0.0,0
C4015,1022.0,17.0,0.0,0.0,119.0,0.0,124.08769418599756,0
C4016,3.0,3.0,0.0,0.0,65.0,0.0,0.0,0
C4018,0.0,0.0,0.0,0.0,84.0,0.0,0.0,0
C402,4.0,3.0,0.0,0.0,73.0,0.0,0.0,0
C4020,0.0,0.0,0.0,0.0,57.0,0.0,6.932934787184776,0
C4022,0.0,0.0,0.0,53.0,53.0,1.0,0.0,0
C4023,0.0,0.0,0.0,0.0,94.0,0.0,0.0,0
C4025,1.0,1.0,0.0,0.0,93.0,0.0,0.0,0
C4027,0.0,0.0,0.0,0.0,180.0,0.0,0.0,0
C4028,0.0,0.0,0.0,0.0,131.0,0.0,0.0,0
C4029,0.0,0.0,0.0,0.0,110.0,0.0,72.10727066054814,0
C403,0.0,0.0,0.0,0.0,81.0,0.0,0.698774891592641,0
C4031,0.0,0.0,0.0,0.0,110.0,0.0,0.0,0
C4032,0.0,0.0,0.0,0.0,89.0,0.0,1.087567886161748,0
C4033,475.0,15.0,0.0,50.0,50.0,0.0,0.0,0
C4034,0.0,0.0,0.0,0.0,121.0,0.0,0.7375489411863765,0
C4036,0.0,0.0,0.0,0.0,156.0,0.0,0.0,0
C4038,0.0,0.0,0.0,0.0,115.0,0.0,1.4078221698311792,0
C404,0.0,0.0,0.0,0.0,74.0,0.0,2.2859428282743233,0
C4040,0.0,0.0,0.0,0.0,115.0,0.0,0.0,0
C4042,7.0,5.0,0.0,0.0,61.0,0.0,430.4668883930451,0
C4044,0.0,0.0,0.0,0.0,96.0,0.0,12.968551340883257,0
C4046,0.0,0.0,0.0,0.0,109.0,0.0,0.0,0
C4047,0.0,0.0,0.0,0.0,75.0,0.0,0.0,0
C4049,0.0,0.0,0.0,0.0,98.0,0.0,0.0,0
C405,4.0,3.0,0.0,0.0,74.0,0.0,14.149875805161454,0
C4051,2.0,2.0,0.0,0.0,86.0,0.0,133.1116911548015,0
C4053,0.0,0.0,0.0,0.0,148.0,0.0,0.0,0
C4056,0.0,0.0,0.0,0.0,176.0,0.0,0.0,0
C4057,0.0,0.0,0.0,0.0,111.0,0.0,0.0,0
C4059,0.0,0.0,0.0,0.0,83.0,0.0,0.0,0
C406,3.0,3.0,0.0,0.0,98.0,0.0,0.0,0
C4061,3.0,2.0,0.0,0.0,85.0,0.0,0.0,0
C4064,1.0,1.0,0.0,11.0,83.0,0.0,1038.7553151180903,0
C4066,0.0,0.0,0.0,5.0,197.0,0.0,0.0,0
C4067,3.0,2.0,0.0,0.0,75.0,0.0,5.791521071022608,0
C4069,0.0,0.0,0.0,0.0,82.0,0.0,0.0,0
C407,0.0,0.0,0.0,0.0,144.0,0.0,0.0,0
C4071,0.0,0.0,0.0,0.0,149.0,0.0,0.11169115480149876,0
C4073,0.0,0.0,0.0,0.0,98.0,0.0,140.78933187386858,0
C4075,0.0,0.0,0.0,0.0,141.0,0.0,0.0,0
C4077,775.0,13.0,0.0,0.0,70.0,0.0,122.7399065381215,0
C4079,0.0,0.0,0.0,0.0,115.0,0.0,0.0,0
C408,0.0,0.0,0.0,0.0,85.0,0.0,17.469835389213994,0
C4081,1154.0,20.0,0.0,0.0,105.0,0.0,137.47143518713426,0
C4083,0.0,0.0,0.0,0.0,65.0,0.0,104.7901317728287,0
C4085,2.0,1.0,0.0,0.0,102.0,0.0,3.65073885403949,0
C4087,0.0,0.0,0.0,0.0,100.0,0.0,3.176693470298489,0
C4089,0.0,0.0,0.0,0.0,84.0,0.0,653820.8198964341,0
C409,1455.0,23.0,1.0,0.0,82.0,0.0,26.222287711025977,0
C4091,5.0,5.0,0.0,0.0,73.0,0.0,12.594324927377594,0
C4093,0.0,0.0,0.0,20.0,252.0,0.0,238.90973771734096,0
C4095,13.0,7.0,0.0,0.0,126.0,0.0,0.0,0
C4096,0.0,0.0,0.0,0.0,90.0,0.0,4.596682524312718,0
C4098,0.0,0.0,0.0,0.0,81.0,0.0,146.0082936892182,0
C41,11.0,7.0,0.0,2.0,300.0,0.0,0.0,0
C410,0.0,0.0,0.0,0.0,70.0,0.0,0.0,0
C4100,0.0,0.0,0.0,0.0,257.0,0.0,55.24013808782048,0
C4102,6.0,4.0,0.0,0.0,95.0,0.0,1.0844524902117627,0
C4104,0.0,0.0,0.0,0.0,53.0,0.0,8.057971624636888,0
C4106,0.0,0.0,0.0,0.0,100.0,0.0,0.0,0
C4109,0.0,0.0,0.0,0.0,112.0,0.0,0.0,0
C411,0.0,0.0,0.0,0.0,197.0,0.0,0.0,0
C4110,0.0,0.0,0.0,0.0,94.0,0.0,8.347450848313898,0
C4112,1067.0,17.0,0.0,0.0,67.0,0.0,151.38946659369344,0
C4114,0.0,0.0,0.0,0.0,51.0,0.0,144.09043068244011,0
C4116,0.0,0.0,0.0,0.0,90.0,0.0,6.864606576011451,0
C4118,0.0,0.0,0.0,0.0,3.0,0.0,0.0,0
C412,0.0,0.0,0.0,0.0,123.0,0.0,0.3660169241779986,0
C4120,0.0,0.0,0.0,0.0,80.0,0.0,0.0,0
C4122,23.0,13.0,0.0,0.0,38.0,0.0,0.0,0
C4123,25.0,13.0,0.0,0.0,104.0,0.0,49.14440281227635,0
C4125,0.0,0.0,0.0,0.0,117.0,0.0,58.65124405338273,0
C4127,11.0,8.0,0.0,0.0,78.0,0.0,7.956763356207637,0
C4129,0.0,0.0,0.0,0.0,131.0,0.0,0.0,0
C413,3.0,3.0,0.0,0.0,88.0,0.0,0.0,0
C4131,1068.0,23.0,1.0,0.0,72.0,0.0,92.74815812739443,0
C4133,14.0,10.0,0.0,0.0,51.0,0.0,0.0,0
C4135,0.0,0.0,0.0,0.0,101.0,0.0,8.838630909779818,0
C4137,0.0,0.0,0.0,0.0,140.0,0.0,36.463562497368756,0
C4138,4.0,2.0,0.0,0.0,86.0,0.0,0.0,0
C414,0.0,0.0,0.0,0.0,98.0,0.0,3.9067907211720625,0
C4140,0.0,0.0,0.0,0.0,51.0,0.0,0.0,0
C4142,0.0,0.0,0.0,0.0,71.0,0.0,0.0,0
C4143,0.0,0.0,0.0,0.0,83.0,0.0,0.0,0
C4144,0.0,0.0,0.0,0.0,99.0,0.0,30.131225529406812,0
C4147,0.0,0.0,0.0,0.0,148.0,0.0,0.0,0
C4148,5.0,3.0,0.0,0.0,66.0,0.0,6.732875847261399,0
C415,0.0,0.0,0.0,0.0,145.0,0.0,15.026607165410685,0
C4150,1.0,1.0,0.0,0.0,63.0,0.0,1.4947585568138761,0
C4152,0.0,0.0,0.0,0.0,83.0,0.0,0.0,0
C4154,3.0,2.0,0.0,0.0,74.0,0.0,0.0,0
C4157,61.0,17.0,0.0,0.0,123.0,0.0,0.0,0
C4159,0.0,0.0,0.0,0.0,67.0,0.0,0.3071612006904391,0
C416,0.0,0.0,0.0,0.0,79.0,0.0,0.0,0
C4161,14.0,4.0,0.0,0.0,70.0,0.0,0.3071612006904391,0
C4163,0.0,0.0,0.0,0.0,146.0,0.0,1.4128741632635877,0
C4165,1045.0,12.0,0.0,0.0,79.0,0.0,0.0,0
C4167,0.0,0.0,0.0,0.0,101.0,0.0,0.0,0
C4169,0.0,0.0,0.0,26.0,83.0,0.0,7.539637098471772,0
C417,0.0,0.0,0.0,0.0,89.0,0.0,0.0,0
C4172,2.0,2.0,0.0,0.0,67.0,0.0,6.257777964888645,0
C4174,2.0,2.0,0.0,0.0,31.0,0.0,113.30985559718772,0
C4176,9.0,4.0,0.0,0.0,79.0,0.0,6.554161579589946,0
C4178,0.0,0.0,0.0,0.0,103.0,0.0,0.0,0
C418,0.0,0.0,0.0,0.0,80.0,0.0,4.62110049256936,0
C4180,0.0,0.0,0.0,0.0,120.0,0.0,0.468656590746432,0
C4182,25.0,12.0,0.0,0.0,168.0,0.0,0.0,0
C4183,0.0,0.0,0.0,0.0,75.0,0.0,5.892350439944428,0
C4185,0.0,0.0,0.0,0.0,75.0,0.0,0.0,0
C4187,0.0,0.0,0.0,0.0,176.0,0.0,0.0,0
C4189,0.0,0.0,0.0,0.0,86.0,0.0,0.0,0
C419,16.0,8.0,0.0,0.0,12927.0,0.0,0.0,0
C4192,2.0,1.0,0.0,0.0,62.0,0.0,0.0,0
C4193,0.0,0.0,0.0,0.0,76.0,0.0,116.14520271123648,0
C4195,0.0,0.0,0.0,0.0,149.0,0.0,0.0,0
C4198,0.0,0.0,0.0,0.0,83.0,0.0,16.416242158885193,0
C42,0.0,0.0,0.0,0.0,109.0,0.0,0.0,0
C420,0.0,0.0,0.0,0.0,56.0,0.0,24.137624721087864,0
C4200,14.0,8.0,0.0,0.0,101.0,0.0,8.608723108659959,0
C4202,0.0,0.0,0.0,0.0,72.0,0.0,70.87302656506546,0
C4204,0.0,0.0,0.0,0.0,172.0,0.0,0.0,0
C4207,0.0,0.0,0.0,0.0,6.0,0.0,21.052709131478128,0
C4208,0.0,0.0,0.0,0.0,51.0,0.0,0.0,0
C421,3903.0,18.0,0.0,0.0,1605.0,0.0,9.554372079316297,0
C4210,0.0,0.0,0.0,0.0,110.0,0.0,4.132067528312213,0
C4212,0.0,0.0,0.0,0.0,86.0,0.0,0.0,0
C4215,88.0,10.0,0.0,0.0,152.0,0.0,0.0,0
C4216,31.0,7.0,0.0,0.0,42.0,0.0,0.0,0
C4217,0.0,0.0,0.0,0.0,40.0,0.0,0.3660169241779986,0
C4219,0.0,0.0,0.0,0.0,135.0,0.0,0.0,0
C422,1.0,1.0,0.0,0.0,136.0,0.0,1.5483938870879468,0
C4222,1.0,1.0,0.0,0.0,3.0,0.0,5828.716414768661,0
C4223,0.0,0.0,0.0,0.0,105.0,0.0,21.139898118132447,0
C4225,0.0,0.0,0.0,0.0,81.0,0.0,0.0,0
C4227,0.0,0.0,0.0,0.0,95.0,0.0,2.3977602829116322,0
C423,43.0,15.0,0.0,0.0,452.0,0.0,0.0,0
C4230,0.0,0.0,0.0,0.0,91.0,0.0,6.122047741337936,0
C4232,971.0,17.0,0.0,0.0,88.0,0.0,33.542584094640674,0
C4233,792.0,14.0,0.0,0.0,63.0,0.0,75.6179429966741,0
C4235,2.0,2.0,0.0,0.0,79.0,0.0,0.0,0
C4237,6.0,6.0,0.0,0.0,133.0,0.0,0.0,0
C4239,0.0,0.0,0.0,0.0,117.0,0.0,0.0,0
C424,0.0,0.0,0.0,0.0,144.0,0.0,0.0,0
C4241,0.0,0.0,0.0,5.0,181.0,0.0,0.0,0
C4243,3.0,3.0,0.0,0.0,50.0,0.0,0.0,0
C4245,0.0,0.0,0.0,0.0,4.0,0.0,0.0,0
C4246,3.0,3.0,0.0,0.0,210.0,0.0,0.0,0
C4248,0.0,0.0,0.0,0.0,135.0,0.0,0.0,0
C4249,14.0,8.0,0.0,0.0,113.0,0.0,7.475645181661264,0
C425,0.0,0.0,0.0,0.0,142.0,0.0,0.0,0
C4251,3.0,3.0,0.0,0.0,61.0,0.0,9.484107270660548,0
C4253,0.0,0.0,0.0,0.0,223.0,0.0,0.0,0
C4254,1305.0,21.0,1.0,0.0,183.0,0.0,199.14920220603713,0
C4257,0.0,0.0,0.0,0.0,120.0,0.0,0.0,0
C4258,0.0,0.0,0.0,0.0,75.0,0.0,0.0,0
C426,5.0,3.0,0.0,0.0,1597.0,0.0,8.354565739064538,0
C4260,0.0,0.0,0.0,0.0,128.0,0.0,0.1608217909316718,0
C4262,0.0,0.0,0.0,0.0,121.0,0.0,0.6616427398644382,0
C4264,63.0,8.0,0.0,0.0,95.0,0.0,8.72235086094388,0
C4265,0.0,0.0,0.0,0.0,118.0,0.0,219.8291163221488,0
C4267,0.0,0.0,0.0,0.0,255.0,0.0,5.19547004588894,0
C4269,0.0,0.0,0.0,0.0,156.0,0.0,0.714183471561487,0
C427,0.0,0.0,0.0,0.0,148.0,0.0,4.586325937776281,0
C4271,1074.0,25.0,1.0,0.0,91.0,0.0,0.0,0
C4273,0.0,0.0,0.0,0.0,94.0,0.0,2.0554456279206836,0
C4276,0.0,0.0,0.0,0.0,66.0,0.0,0.0,0
C4278,6.0,2.0,0.0,0.0,78.0,0.0,0.5121879341556856,0
C428,98.0,17.0,0.0,0.0,174.0,0.0,0.33890455942407277,0
C4280,0.0,0.0,0.0,0.0,71.0,0.0,0.0,0
C4282,0.0,0.0,0.0,0.0,73.0,0.0,80.64968635540774,0
C4284,0.0,0.0,0.0,0.0,108.0,0.0,15.884940849576896,0
C4285,0.0,0.0,0.0,0.0,68.0,0.0,0.0,0
C4287,0.0,0.0,0.0,0.0,141.0,0.0,132.62139519218624,0
C4289,0.0,0.0,0.0,0.0,153.0,0.0,1.040205447732918,0
C429,0.0,0.0,0.0,0.0,148.0,0.0,0.0,0
C4291,2350.0,23.0,1.0,0.0,177.0,0.0,0.0,0
C4294,0.0,0.0,0.0,0.0,60.0,0.0,0.0,0
C4295,0.0,0.0,0.0,0.0,74.0,0.0,0.0,0
C4297,851.0,18.0,0.0,0.0,99.0,0.0,8.13556182376963,0
C4299,0.0,0.0,0.0,0.0,100.0,0.0,45.382814802340754,0
C43,5.0,5.0,0.0,0.0,130.0,0.0,0.0,0
C430,0.0,0.0,0.0,0.0,111.0,0.0,0.0,0
C4301,0.0,0.0,0.0,0.0,156.0,0.0,0.0,0
C4303,0.0,0.0,0.0,0.0,113.0,0.0,0.0,0
C4305,0.0,0.0,0.0,0.0,69.0,0.0,6.834715614869701,0
C4306,0.0,0.0,0.0,0.0,87.0,0.0,0.0,0
C4308,23.0,13.0,0.0,0.0,34.0,0.0,0.46200479939376077,0
C431,0.0,0.0,0.0,0.0,1628.0,0.0,8.161032290658023,0
C4310,0.0,0.0,0.0,0.0,52.0,0.0,0.0,0
C4311,3.0,2.0,0.0,0.0,67.0,0.0,6.989264513956132,0
C4313,7.0,6.0,0.0,0.0,64.0,0.0,0.0,0
C4314,13.0,5.0,0.0,0.0,118.0,0.0,8.405001473498084,0
C4315,0.0,0.0,0.0,0.0,170.0,0.0,0.0,0
C4316,0.0,0.0,0.0,0.0,87.0,0.0,83.149960005052,0
C4318,0.0,0.0,0.0,0.0,103.0,0.0,0.0,0
C4319,0.0,0.0,0.0,0.0,80.0,0.0,0.0,0
C432,0.0,0.0,0.0,0.0,143.0,0.0,0.0,0
C4321,0.0,0.0,0.0,0.0,72.0,0.0,11.817707236980592,0
C4323,0.0,0.0,0.0,0.0,102.0,0.0,0.0,0
C4325,0.0,0.0,0.0,0.0,122.0,0.0,80.8428830042521,0
C4327,0.0,0.0,0.0,0.0,166.0,0.0,0.0,0
C4329,0.0,0.0,0.0,0.0,62.0,0.0,0.0,0
C433,4.0,4.0,0.0,0.0,1589.0,0.0,8.626236685892309,0
C4331,0.0,0.0,0.0,0.0,54.0,0.0,0.0,0
C4333,45.0,7.0,0.0,0.0,50.0,0.0,0.0,0
C4334,0.0,0.0,0.0,0.0,83.0,0.0,53.369048120237444,0
C4335,0.0,0.0,0.0,0.0,80.0,0.0,0.0,0
C4337,13.0,8.0,0.0,0.0,133.0,0.0,0.0,0
C4339,0.0,0.0,0.0,0.0,77.0,0.0,0.0,0
C434,0.0,0.0,0.0,0.0,60.0,0.0,0.0,0
C4341,0.0,0.0,0.0,0.0,34.0,0.0,0.0,0
C4343,1.0,1.0,0.0,0.0,41.0,0.0,117.46848819096535,0
C4345,27.0,4.0,0.0,0.0,54.0,0.0,0.789331873868564,0
C4347,0.0,0.0,0.0,0.0,114.0,0.0,7.554203679535217,0
C4348,0.0,0.0,0.0,0.0,88.0,0.0,0.0,0
C435,5.0,5.0,0.0,0.0,99.0,0.0,0.0,0
C4350,2.0,2.0,0.0,0.0,89.0,0.0,0.0,0
C4352,1108.0,21.0,1.0,0.0,72.0,0.0,95.75363112027955,0
C4353,0.0,0.0,0.0,0.0,74.0,0.0,0.0,0
C4355,2.0,2.0,0.0,0.0,84.0,0.0,0.0,0
C4358,6.0,4.0,0.0,0.0,106.0,0.0,0.0,0
C4359,0.0,0.0,0.0,0.0,60.0,0.0,0.0,0
C436,1469.0,25.0,1.0,0.0,144.0,0.0,44.74015913779312,0
C4363,0.0,0.0,0.0,0.0,109.0,0.0,104.88915084410391,0
C4365,0.0,0.0,0.0,0.0,77.0,0.0,0.0,0
C4367,1159.0,22.0,1.0,0.0,127.0,0.0,122.69027070264809,0
C4369,0.0,0.0,0.0,0.0,134.0,0.0,654.6479181577064,0
C437,31.0,8.0,0.0,0.0,98.0,0.0,0.0,0
C4370,0.0,0.0,0.0,0.0,160.0,0.0,0.0,0
C4372,0.0,0.0,0.0,0.0,71.0,0.0,0.0,0
C4375,0.0,0.0,0.0,0.0,123.0,0.0,0.0,0
C4377,1234.0,17.0,0.0,0.0,119.0,0.0,130.62135309224098,0
C4378,0.0,0.0,0.0,0.0,134.0,0.0,0.0,0
C4379,3.0,3.0,0.0,0.0,104.0,0.0,0.46074180103565865,0
C438,0.0,0.0,0.0,0.0,73.0,0.0,0.0,0
C4381,0.0,0.0,0.0,0.0,125.0,0.0,8.151559802972256,0
C4382,30.0,8.0,0.0,0.0,42.0,0.0,0.0,0
C4384,0.0,0.0,0.0,0.0,83.0,0.0,9.22489790763272,0
C4387,0.0,0.0,0.0,0.0,171.0,0.0,0.0,0
C4388,0.0,0.0,0.0,0.0,97.0,0.0,2.610617606197112,0
C439,0.0,0.0,0.0,0.0,66.0,0.0,0.0,0
C4390,5.0,3.0,0.0,0.0,86.0,0.0,8.10638656169747,0
C4392,0.0,0.0,0.0,0.0,75.0,0.0,0.0,0
C4394,4.0,2.0,0.0,0.0,138.0,0.0,1.1979539426598746,0
C4396,0.0,0.0,0.0,0.0,75.0,0.0,212.44318612385803,0
C4398,228.0,4.0,0.0,0.0,124.0,0.0,0.0,0
C44,27.0,11.0,0.0,0.0,74.0,0.0,1160.6525912516313,0
C440,122.0,15.0,0.0,0.0,90.0,0.0,0.0,0
C4400,0.0,0.0,0.0,0.0,90.0,0.0,0.0,0
C4401,0.0,0.0,0.0,0.0,156.0,0.0,0.0,0
C4403,0.0,0.0,0.0,0.0,98.0,0.0,0.0,0
C4405,0.0,0.0,0.0,0.0,93.0,0.0,7.198922241401086,0
C4407,0.0,0.0,0.0,0.0,126.0,0.0,7156.179640466467,0
C4408,3.0,1.0,0.0,0.0,38.0,0.0,10.873152864901275,0
C441,0.0,0.0,0.0,0.0,79.0,0.0,12.490253862669979,0
C4410,0.0,0.0,0.0,0.0,83.0,0.0,0.0,0
C4412,797.0,15.0,0.0,0.0,88.0,0.0,61.22355070938408,0
C4414,0.0,0.0,0.0,0.0,61.0,0.0,5.8238959289352925,0
C4417,3.0,3.0,0.0,0.0,47.0,0.0,0.0,0
C442,0.0,0.0,0.0,0.0,74.0,0.0,4.517197827642824,0
C4420,0.0,0.0,0.0,0.0,153.0,0.0,0.0,0
C4421,3.0,3.0,0.0,0.0,99.0,0.0,0.0,0
C4423,0.0,0.0,0.0,0.0,88.0,0.0,0.0,0
C4425,0.0,0.0,0.0,0.0,70.0,0.0,6.932134888224645,0
C4426,0.0,0.0,0.0,0.0,55.0,0.0,0.0,0
C4427,0.0,0.0,0.0,0.0,88.0,0.0,0.0,0
C4429,5.0,2.0,0.0,0.0,85.0,0.0,7.352671241527386,0
C443,0.0,0.0,0.0,0.0,55.0,0.0,56.43809203048036,0
C4431,0.0,0.0,0.0,0.0,89.0,0.0,0.0,0
C4434,3.0,2.0,0.0,0.0,63.0,0.0,139.0855470887888,0
C4436,0.0,0.0,0.0,0.0,14.0,0.0,0.020207973729634152,0
C4438,0.0,0.0,0.0,0.0,126.0,0.0,99.95377426009347,0
C444,0.0,0.0,0.0,0.0,115.0,0.0,0.0,0
C4440,0.0,0.0,0.0,0.0,118.0,0.0,0.0,0
C4442,0.0,0.0,0.0,0.0,105.0,0.0,0.0,0
C4444,0.0,0.0,0.0,0.0,105.0,0.0,65.0841156906496,0
C4446,0.0,0.0,0.0,0.0,72.0,0.0,0.0,0
C4448,14.0,10.0,0.0,0.0,98.0,0.0,123.85597608723108,0
C4449,0.0,0.0,0.0,0.0,66.0,0.0,0.0,0
C445,23.0,8.0,0.0,0.0,122.0,0.0,1.3009304087904685,0
C4451,0.0,0.0,0.0,0.0,96.0,0.0,0.0,0
C4453,0.0,0.0,0.0,0.0,100.0,0.0,0.0,0
C4455,0.0,0.0,0.0,0.0,66.0,0.0,0.0,0
C4458,0.0,0.0,0.0,0.0,66.0,0.0,0.0,0
C4459,5.0,3.0,0.0,0.0,69.0,0.0,115.00054729928851,0
C446,0.0,0.0,0.0,0.0,152.0,0.0,0.0,0
C4461,0.0,0.0,0.0,0.0,54.0,0.0,0.0,0
C4462,0.0,0.0,0.0,0.0,91.0,0.0,0.6097756072917105,0
C4464,31.0,3.0,0.0,0.0,77.0,0.0,0.0,0
C4466,0.0,0.0,0.0,0.0,138.0,0.0,28.76285100829369,0
C4468,0.0,0.0,0.0,0.0,93.0,0.0,99.50010524986318,0
C447,0.0,0.0,0.0,0.0,142.0,0.0,0.0,0
C4470,0.0,0.0,0.0,0.0,68.0,0.0,0.0,0
C4473,0.0,0.0,0.0,0.0,14.0,0.0,0.020207973729634152,0
C4474,0.0,0.0,0.0,0.0,137.0,0.0,0.0,0
C4476,0.0,0.0,0.0,0.0,83.0,0.0,0.0,0
C4479,9.0,5.0,0.0,0.0,109.0,0.0,1.6102387066896813,0
C448,0.0,0.0,0.0,0.0,69.0,0.0,12.091398981181325,0
C4481,21.0,8.0,0.0,0.0,160.0,0.0,0.4122426640845367,0
C4483,1.0,1.0,0.0,0.0,48.0,0.0,0.0,0
C4485,1.0,1.0,0.0,0.0,71.0,0.0,0.0,0
C4487,95.0,12.0,0.0,0.0,70.0,0.0,0.0,0
C449,40.0,12.0,0.0,0.0,223.0,0.0,0.0,0
C4490,0.0,0.0,0.0,0.0,14.0,0.0,0.020207973729634152,0
C4491,0.0,0.0,0.0,0.0,86.0,0.0,0.22683450511514336,0
C4493,0.0,0.0,0.0,0.0,81.0,0.0,0.0,0
C4495,0.0,0.0,0.0,0.0,115.0,0.0,7.454637308971498,0
C4497,52.0,7.0,0.0,0.0,82.0,0.0,0.0,0
C4499,2.0,2.0,0.0,0.0,92.0,0.0,11.45543720793163,0
C45,0.0,0.0,0.0,0.0,101.0,0.0,0.0,0
C450,0.0,0.0,0.0,0.0,123.0,0.0,5.967035742853534,0
C4501,0.0,0.0,0.0,0.0,104.0,0.0,135.99524270618448,0
C4503,0.0,0.0,0.0,0.0,95.0,0.0,0.0,0
C4505,2.0,2.0,0.0,0.0,109.0,0.0,0.9440912726813455,0
C4508,1141.0,18.0,0.0,0.0,94.0,0.0,97.71750936723782,0
C4509,4.0,2.0,0.0,0.0,148.0,0.0,12.097377173409674,0
C451,0.0,0.0,0.0,0.0,133.0,0.0,0.0,0
C4511,6.0,5.0,0.0,0.0,111.0,0.0,0.0,0
C4513,861.0,19.0,0.0,0.0,79.0,0.0,31.190712752073424,0
C4515,576.0,19.0,0.0,0.0,95.0,0.0,89.2308339999158,0
C4517,730.0,20.0,0.0,0.0,92.0,0.0,0.0,0
C4519,0.0,0.0,0.0,0.0,115.0,0.0,0.0,0
C452,0.0,0.0,0.0,253.0,4406.0,0.0,0.0,0
C4521,0.0,0.0,0.0,0.0,100.0,0.0,0.0,0
C4523,0.0,0.0,0.0,0.0,55.0,0.0,0.0,0
C4525,0.0,0.0,0.0,0.0,103.0,0.0,1.12423693849198,0
C4527,0.0,0.0,0.0,0.0,54.0,0.0,0.0,0
C4529,2.0,2.0,0.0,0.0,48.0,0.0,8.464867595672125,0
C453,2208.0,21.0,1.0,0.0,166.0,0.0,40.233107396960385,0
C4531,0.0,0.0,0.0,0.0,49.0,0.0,0.0,0
C4533,0.0,0.0,0.0,0.0,94.0,0.0,0.0,0
C4535,15.0,13.0,0.0,0.0,81.0,0.0,0.0,0
C4537,0.0,0.0,0.0,0.0,89.0,0.0,0.0,0
C4539,0.0,0.0,0.0,0.0,51.0,0.0,10.338525659916643,0
C454,0.0,0.0,0.0,0.0,273.0,0.0,0.3660169241779986,0
C4541,0.0,0.0,0.0,0.0,129.0,0.0,0.7495474255883467,0
C4543,0.0,0.0,0.0,0.0,65.0,0.0,0.0,0
C4545,53.0,10.0,0.0,0.0,83.0,0.0,1.7874794762766808,0
C4546,0.0,0.0,0.0,0.0,87.0,0.0,4.62110049256936,0
C4548,1.0,1.0,0.0,0.0,108.0,0.0,0.0,0
C455,0.0,0.0,0.0,0.0,95.0,0.0,0.0,0
C4550,1094.0,15.0,0.0,0.0,86.0,0.0,123.7449585315539,0
C4552,0.0,0.0,0.0,0.0,52.0,0.0,0.0,0
C4554,0.0,0.0,0.0,0.0,172.0,0.0,85488.73969603839,0
C4555,68.0,11.0,0.0,0.0,98.0,0.0,6.6258998863301475,0
C4556,0.0,0.0,0.0,0.0,52.0,0.0,0.0,0
C4557,0.0,0.0,0.0,0.0,85.0,0.0,0.0,0
C4559,1113.0,19.0,0.0,0.0,97.0,0.0,94.33326316675789,0
C456,22.0,9.0,0.0,0.0,225.0,0.0,0.0,0
C4561,0.0,0.0,0.0,0.0,99.0,0.0,0.0,0
C4563,41.0,11.0,0.0,0.0,110.0,0.0,0.0,0
C4565,27.0,3.0,0.0,0.0,76.0,0.0,0.0,0
C4567,142.0,17.0,0.0,7.0,102.0,0.0,0.0,0
C4569,22.0,9.0,0.0,0.0,52.0,0.0,0.0,0
C457,3.0,2.0,0.0,506.0,67876.0,0.0,6862.580095145876,0
C4571,0.0,0.0,0.0,0.0,98.0,0.0,0.0,0
C4573,0.0,0.0,0.0,0.0,109.0,0.0,0.0,0
C4574,2.0,2.0,0.0,0.0,62.0,0.0,0.0,0
C4576,0.0,0.0,0.0,0.0,119.0,0.0,83.9700248389677,0
C4578,0.0,0.0,0.0,0.0,145.0,0.0,11.016334778764788,0
C458,0.0,0.0,0.0,0.0,121.0,0.0,2364.492443059824,0
C4580,0.0,0.0,0.0,0.0,129.0,0.0,0.0,0
C4581,1117.0,21.0,1.0,0.0,95.0,0.0,79.18258746263629,0
C4583,0.0,0.0,0.0,0.0,86.0,0.0,0.0,0
C4585,0.0,0.0,0.0,0.0,79.0,0.0,0.0,0
C4587,1.0,1.0,0.0,0.0,96.0,0.0,0.0,0
C4589,8.0,6.0,0.0,0.0,58.0,0.0,153.3138129920431,0
C459,0.0,0.0,0.0,0.0,138.0,0.0,138.17227297604512,0
C4592,0.0,0.0,0.0,0.0,21.0,0.0,598.8427988043616,0
C4593,0.0,0.0,0.0,0.0,65.0,0.0,6.996379404706774,0
C4595,1.0,1.0,0.0,0.0,64.0,0.0,0.0,0
C4597,0.0,0.0,0.0,0.0,152.0,0.0,48.17479897276134,0
C46,0.0,0.0,0.0,0.0,480.0,0.0,21.862333178966868,0
C460,43.0,10.0,0.0,0.0,82.0,0.0,0.1263840357007536,0
C4600,1158.0,18.0,0.0,0.0,165.0,0.0,110.29634151475604,0
C4601,0.0,0.0,0.0,0.0,251.0,0.0,0.0,0
C4603,0.0,0.0,0.0,0.0,113.0,0.0,7.3996547804487856,0
C4605,0.0,0.0,0.0,0.0,173.0,0.0,0.0,0
C4608,0.0,0.0,0.0,0.0,79.0,0.0,15.31301309308298,0
C461,1494.0,19.0,0.0,0.0,0.0,0.0,0.0,0
C4610,1.0,1.0,0.0,0.0,58.0,0.0,0.0,0
C4612,0.0,0.0,0.0,0.0,70.0,0.0,0.0,0
C4614,0.0,0.0,0.0,0.0,57.0,0.0,10.720245863680377,0
C4615,0.0,0.0,0.0,0.0,200.0,0.0,0.0,0
C4616,1566.0,21.0,1.0,0.0,133.0,0.0,143.4553109080958,0
C4618,1176.0,17.0,0.0,0.0,83.0,0.0,51.96602534416705,0
C462,0.0,0.0,0.0,0.0,175.0,0.0,0.33890455942407277,0
C4620,0.0,0.0,0.0,0.0,72.0,0.0,6.036037553151181,0
C4622,0.0,0.0,0.0,1.0,90.0,0.0,13.019913274112744,0
C4623,54.0,12.0,0.0,0.0,101.0,0.0,0.0,0
C4626,0.0,0.0,0.0,0.0,22.0,0.0,0.0,0
C4627,3.0,3.0,0.0,0.0,60.0,0.0,0.0,0
C4629,0.0,0.0,0.0,0.0,67.0,0.0,0.0,0
C463,0.0,0.0,0.0,0.0,62.0,0.0,20.20043783943081,0
C4631,0.0,0.0,0.0,0.0,40.0,0.0,18.42727234454595,0
C4633,0.0,0.0,0.0,0.0,141.0,0.0,3.2593356628636383,0
C4634,0.0,0.0,0.0,0.0,82.0,0.0,0.0,0
C4636,0.0,0.0,0.0,0.0,86.0,0.0,3.3986022818170336,0
C4639,0.0,0.0,0.0,0.0,196.0,0.0,3.661558539973898,0
C464,3.0,2.0,0.0,0.0,92.0,0.0,0.0,0
C4640,0.0,0.0,0.0,0.0,90.0,0.0,90.53403780575086,0
C4642,0.0,0.0,0.0,0.0,125.0,0.0,3.8190965351745043,0
C4643,749.0,14.0,0.0,0.0,115.0,0.0,4.968888140445418,0
C4645,0.0,0.0,0.0,0.0,112.0,0.0,27.732202248137078,0
C4647,0.0,0.0,0.0,0.0,170.0,0.0,3.010651286153328,0
C4649,24.0,2.0,0.0,0.0,89.0,0.0,0.0,0
C465,13.0,6.0,0.0,0.0,68.0,0.0,0.0,0
C4651,1220.0,16.0,0.0,0.0,107.0,0.0,119.43741843135604,0
C4653,1047.0,15.0,0.0,0.0,74.0,0.0,27.405506672841327,0
C4655,0.0,0.0,0.0,0.0,22.0,0.0,0.0,0
C4657,0.0,0.0,0.0,0.0,57.0,0.0,43.04584684039911,0
C4659,12.0,8.0,0.0,0.0,123.0,0.0,3.908137919420705,0
C466,0.0,0.0,0.0,0.0,375.0,0.0,0.0,0
C4660,0.0,0.0,0.0,0.0,68.0,0.0,0.0,0
C4662,1.0,1.0,0.0,0.0,75.0,0.0,0.0,0
C4665,0.0,0.0,0.0,0.0,101.0,0.0,0.0,0
C4667,19.0,8.0,0.0,0.0,87.0,0.0,4.02951206163432,0
C4668,0.0,0.0,0.0,0.0,86.0,0.0,2.1534964004546793,0
C467,26.0,15.0,0.0,12.0,53460.0,0.0,19524.18174546373,0
C4670,1.0,1.0,0.0,0.0,62.0,0.0,0.0,0
C4672,0.0,0.0,0.0,0.0,61.0,0.0,0.0,0
C4674,0.0,0.0,0.0,0.0,74.0,0.0,6.257904264724456,0
C4676,0.0,0.0,0.0,0.0,51.0,0.0,0.0,0
C4679,2.0,2.0,0.0,0.0,40.0,0.0,8.033216856818086,0
C468,0.0,0.0,0.0,0.0,80.0,0.0,0.0,0
C4682,0.0,0.0,0.0,0.0,75.0,0.0,0.06799141161116491,0
C4683,0.0,0.0,0.0,0.0,159.0,0.0,0.0,0
C4686,0.0,0.0,0.0,0.0,48.0,0.0,0.0,0
C4688,10.0,5.0,0.0,0.0,180.0,0.0,0.0,0
C469,6.0,3.0,0.0,0.0,199.0,0.0,4.622152991201111,0
C4692,0.0,0.0,0.0,0.0,15.0,0.0,3.660337641561066,0
C4693,867.0,30.0,1.0,0.0,61.0,0.0,0.0,0
C4695,0.0,0.0,0.0,0.0,107.0,0.0,6.3803309055698225,0
C4698,0.0,0.0,0.0,0.0,103.0,0.0,26.931966488443564,0
C47,0.0,0.0,0.0,0.0,112.0,0.0,4.530922409800867,0
C470,3.0,3.0,0.0,0.0,123.0,0.0,0.0,0
C4700,0.0,0.0,0.0,0.0,76.0,0.0,0.0,0
C4702,0.0,0.0,0.0,0.0,78.0,0.0,0.0,0
C4704,0.0,0.0,0.0,0.0,94.0,0.0,24.116406348671745,0
C4706,0.0,0.0,0.0,0.0,153.0,0.0,0.0,0
C4708,0.0,0.0,0.0,0.0,64.0,0.0,8.031743358733634,0
C4709,0.0,0.0,0.0,0.0,81.0,0.0,0.0,0
C471,5.0,4.0,0.0,0.0,106.0,0.0,0.3660169241779986,0
C4711,0.0,0.0,0.0,0.0,45.0,0.0,1.9565949564265566,0
C4712,4.0,4.0,0.0,0.0,86.0,0.0,5.682734812444743,0
C4714,0.0,0.0,0.0,0.0,103.0,0.0,0.0,0
C4716,0.0,0.0,0.0,0.0,76.0,0.0,0.0,0
C4719,9.0,7.0,0.0,195.0,265.0,1.0,0.0,0
C472,0.0,0.0,0.0,0.0,111.0,0.0,0.0,0
C4720,2.0,2.0,0.0,0.0,103.0,0.0,0.0,0
C4722,1428.0,23.0,1.0,0.0,122.0,0.0,146.9882120153244,0
C4724,0.0,0.0,0.0,0.0,51.0,0.0,0.0,0
C4726,1.0,1.0,0.0,0.0,96.0,0.0,0.0,0
C4728,1.0,1.0,0.0,0.0,95.0,0.0,0.0,0
C473,0.0,0.0,0.0,0.0,170.0,0.0,45.691112701553486,0
C4730,0.0,0.0,0.0,0.0,104.0,0.0,0.17635667073632805,0
C4731,10.0,7.0,0.0,0.0,93.0,0.0,12.388371995116406,0
C4733,0.0,0.0,0.0,0.0,106.0,0.0,0.0,0
C4735,0.0,0.0,0.0,0.0,104.0,0.0,0.0,0
C4738,0.0,0.0,0.0,0.0,103.0,0.0,5.812865743274534,0
C474,0.0,0.0,0.0,0.0,98.0,0.0,0.0,0
C4740,2.0,2.0,0.0,0.0,99.0,0.0,0.0,0
C4741,0.0,0.0,0.0,0.0,81.0,0.0,0.0,0
C4743,0.0,0.0,0.0,0.0,75.0,0.0,8.204689933903087,0
C4745,0.0,0.0,0.0,0.0,112.0,0.0,1.187597356123437,0
C4747,0.0,0.0,0.0,0.0,171.0,0.0,0.0,0
C475,47.0,12.0,0.0,0.0,107.0,0.0,0.0,0
C4750,4.0,4.0,0.0,0.0,112.0,0.0,29.18987075316802,0
C4751,0.0,0.0,0.0,0.0,53.0,0.0,0.0,0
C4753,1041.0,16.0,0.0,0.0,66.0,0.0,149.40281227634404,0
C4755,0.0,0.0,0.0,0.0,92.0,0.0,5.748621226792405,0
C4757,20.0,10.0,0.0,0.0,84.0,0.0,0.0,0
C4759,0.0,0.0,0.0,0.0,148.0,0.0,0.0,0
C476,0.0,0.0,0.0,0.0,106.0,0.0,0.0,0
C4760,0.0,0.0,0.0,0.0,89.0,0.0,0.0,0
C4761,7.0,4.0,0.0,0.0,75.0,0.0,0.0,0
C4764,0.0,0.0,0.0,0.0,57.0,0.0,0.0,0
C4765,0.0,0.0,0.0,0.0,130.0,0.0,0.0,0
C4767,17.0,6.0,0.0,0.0,83.0,0.0,1.7210878625857786,0
C4769,6.0,6.0,0.0,0.0,128.0,0.0,0.0,0
C477,0.0,0.0,0.0,493.0,4041.0,0.0,0.0,0
C4771,0.0,0.0,0.0,0.0,136.0,0.0,30.045257441165326,0
C4773,0.0,0.0,0.0,0.0,73.0,0.0,12.153412200564139,0
C4775,0.0,0.0,0.0,0.0,108.0,0.0,0.0,0
C4777,2.0,2.0,0.0,0.0,123.0,0.0,0.0,0
C4778,5.0,5.0,0.0,0.0,85.0,0.0,0.0,0
C478,21.0,4.0,0.0,0.0,102.0,0.0,0.0,0
C4781,47.0,13.0,0.0,0.0,182.0,0.0,0.0,0
C4782,0.0,0.0,0.0,0.0,59.0,0.0,15.262240559087273,0
C4784,0.0,0.0,0.0,0.0,63.0,0.0,1.2902370226918705,0
C4787,0.0,0.0,0.0,2.0,29.0,0.0,13.808824148528608,0
C4788,0.0,0.0,0.0,0.0,52.0,0.0,0.0,0
C479,0.0,0.0,0.0,0.0,73.0,0.0,0.0,0
C4790,0.0,0.0,0.0,0.0,75.0,0.0,0.0,0
C4792,0.0,0.0,0.0,0.0,64.0,0.0,77.15745379531006,0
C4794,0.0,0.0,0.0,0.0,81.0,0.0,0.0,0
C4797,0.0,0.0,0.0,0.0,121.0,0.0,13.361512230034101,0
C4798,0.0,0.0,0.0,0.0,108.0,0.0,15.682440112827853,0
C48,0.0,0.0,0.0,0.0,143.0,0.0,6.6847556098177074,0
C480,0.0,0.0,0.0,0.0,5294.0,0.0,137.19728034353557,0
C4800,79.0,13.0,0.0,0.0,169.0,0.0,0.0,0
C4801,4.0,4.0,0.0,0.0,62.0,0.0,0.0,0
C4803,0.0,0.0,0.0,0.0,85.0,0.0,7.071317307287501,0
C4804,3.0,3.0,0.0,64.0,132.0,1.0,6.834589315033891,0
C4807,0.0,0.0,0.0,0.0,10.0,0.0,0.0,0
C4808,4.0,3.0,0.0,0.0,97.0,0.0,69.10045046941438,0
C4810,14.0,12.0,0.0,0.0,163.0,0.0,0.0,0
C4812,11.0,5.0,0.0,0.0,135.0,0.0,163.403275375742,0
C4814,0.0,0.0,0.0,0.0,78.0,0.0,91.89432913737213,0
C4816,0.0,0.0,0.0,0.0,89.0,0.0,2.7949732665347535,0
C4818,2.0,2.0,0.0,0.0,62.0,0.0,0.0,0
C482,38.0,7.0,0.0,0.0,80.0,0.0,0.0,0
C4820,1.0,1.0,0.0,0.0,74.0,0.0,0.0,0
C4823,50.0,17.0,0.0,0.0,54.0,0.0,17.327916473708584,0
C4825,0.0,0.0,0.0,0.0,84.0,0.0,0.0,0
C4827,0.0,0.0,0.0,0.0,5.0,0.0,0.0,0
C4828,0.0,0.0,0.0,0.0,70.0,0.0,0.0,0
C4829,0.0,0.0,0.0,0.0,78.0,0.0,0.0,0
C483,0.0,0.0,0.0,0.0,80.0,0.0,6.829537321601482,0
C4831,12.0,7.0,0.0,0.0,165.0,0.0,4.197869742769335,0
C4832,0.0,0.0,0.0,0.0,2.0,0.0,0.0,0
C4833,0.0,0.0,0.0,0.0,64.0,0.0,2.5341641055866626,0
C4835,1317.0,17.0,0.0,0.0,164.0,0.0,157.35031364459226,0
C4837,0.0,0.0,0.0,0.0,155.0,0.0,3.410642866164274,0
C4839,0.0,0.0,0.0,0.0,69.0,0.0,0.0,0
C484,1765.0,22.0,1.0,0.0,83.0,0.0,38.21820401633478,0
C4841,16.0,3.0,0.0,0.0,86.0,0.0,0.0,0
C4843,0.0,0.0,0.0,0.0,173.0,0.0,0.0,0
C4845,0.0,0.0,0.0,0.0,68.0,0.0,0.0,0
C4847,3.0,1.0,0.0,0.0,75.0,0.0,8.97604513114133,0
C4849,2.0,2.0,0.0,10.0,189.0,0.0,0.0,0
C485,0.0,0.0,0.0,0.0,162.0,0.0,0.0,0
C4851,6.0,4.0,0.0,0.0,69.0,0.0,0.0,0
C4854,0.0,0.0,0.0,0.0,86.0,0.0,4.491348461247,0
C4856,2.0,2.0,0.0,0.0,94.0,0.0,10.288089925483098,0
C4858,2556.0,14.0,0.0,106.0,106.0,1.0,35.99477960678651,0
C4859,17.0,8.0,0.0,0.0,111.0,0.0,0.0,0
C486,0.0,0.0,0.0,0.0,395.0,0.0,3371.349050646234,0
C4861,2.0,2.0,0.0,0.0,36.0,0.0,0.0,0
C4863,0.0,0.0,0.0,0.0,16.0,0.0,0.0,0
C4864,2.0,2.0,0.0,0.0,83.0,0.0,41.40108617858797,0
C4866,2.0,2.0,0.0,0.0,162.0,0.0,3.803687955205658,0
C4867,0.0,0.0,0.0,0.0,87.0,0.0,0.0,0
C4869,0.0,0.0,0.0,0.0,153.0,0.0,29.894413337262662,0
C487,0.0,0.0,0.0,0.0,177.0,0.0,0.6778091188481455,0
C4871,5.0,3.0,0.0,0.0,101.0,0.0,0.0,0
C4872,22.0,10.0,0.0,0.0,129.0,0.0,0.0,0
C4874,0.0,0.0,0.0,0.0,87.0,0.0,94.8329053172231,0
C4876,0.0,0.0,0.0,0.0,9.0,0.0,0.0,0
C4877,2.0,2.0,0.0,0.0,53.0,0.0,0.0,0
C4879,0.0,0.0,0.0,0.0,132.0,0.0,1.4767818801835557,0
C488,0.0,0.0,0.0,0.0,148.0,0.0,0.8865827474424284,0
C4881,2.0,2.0,0.0,0.0,91.0,0.0,0.0,0
C4883,0.0,0.0,0.0,0.0,68.0,0.0,0.0,0
C4885,0.0,0.0,0.0,0.0,70.0,0.0,7.245989980213026,0
C4887,0.0,0.0,0.0,0.0,83.0,0.0,0.0,0
C4889,0.0,0.0,0.0,0.0,74.0,0.0,0.0,0
C489,0.0,0.0,0.0,0.0,112.0,0.0,3.4503852144992213,0
C4891,0.0,0.0,0.0,0.0,146.0,0.0,10.339914958110555,0
C4893,0.0,0.0,0.0,0.0,77.0,0.0,5.844230202500737,0
C4895,8.0,5.0,0.0,0.0,91.0,0.0,8.133077926998695,0
C4897,0.0,0.0,0.0,0.0,80.0,0.0,10.587925735696544,0
C4899,0.0,0.0,0.0,0.0,75.0,0.0,0.0,0
C49,0.0,0.0,0.0,0.0,115.0,0.0,55.78790047572938,0
C490,0.0,0.0,0.0,0.0,992.0,0.0,0.0,0
C4902,0.0,0.0,0.0,0.0,50.0,0.0,0.0,0
C4903,0.0,0.0,0.0,0.0,63.0,0.0,0.0,0
C4905,0.0,0.0,0.0,0.0,52.0,0.0,9.185366059024123,0
C4907,0.0,0.0,0.0,0.0,89.0,0.0,45.245147981307625,0
C4909,0.0,0.0,0.0,0.0,84.0,0.0,0.0,0
C491,0.0,0.0,0.0,0.0,85.0,0.0,3.2494421757251715,0
C4911,1.0,1.0,0.0,0.0,89.0,0.0,107.36875342062055,0
C4914,1022.0,12.0,0.0,2.0,117.0,0.0,0.0,0
C4915,0.0,0.0,0.0,0.0,219.0,0.0,11.05380373005515,0
C4917,16.0,8.0,0.0,0.0,76.0,0.0,8.963499347450849,0
C492,0.0,0.0,0.0,0.0,243.0,0.0,3.494758556813876,0
C4920,0.0,0.0,0.0,0.0,80.0,0.0,56.8046141540016,0
C4921,0.0,0.0,0.0,0.0,72.0,0.0,0.0,0
C4924,0.0,0.0,0.0,0.0,60.0,0.0,11.111396455184607,0
C4925,4.0,3.0,0.0,0.0,57.0,0.0,0.0,0
C4927,12.0,11.0,0.0,0.0,427.0,0.0,0.0,0
C4929,0.0,0.0,0.0,0.0,115.0,0.0,474.57845324801076,0
C493,0.0,0.0,0.0,0.0,193.0,0.0,4.498084452490212,0
C4931,0.0,0.0,0.0,0.0,102.0,0.0,0.7281185534458805,0
C4933,0.0,0.0,0.0,0.0,159.0,0.0,0.0,0
C4934,0.0,0.0,0.0,0.0,91.0,0.0,0.0,0
C4936,0.0,0.0,0.0,0.0,176.0,0.0,0.24876857660085042,0
C4937,0.0,0.0,0.0,0.0,133.0,0.0,1.116027449164316,0
C4939,0.0,0.0,0.0,0.0,103.0,0.0,3.347114048751737,0
C494,0.0,0.0,0.0,0.0,93.0,0.0,0.0,0
C4941,0.0,0.0,0.0,0.0,209.0,0.0,4.871426767145203,0
C4942,10.0,7.0,0.0,0.0,85.0,0.0,8.649265355955038,0
C4944,0.0,0.0,0.0,0.0,95.0,0.0,25.320843682903213,0
C4946,0.0,0.0,0.0,0.0,70.0,0.0,11.505157243295583,0
C4948,3.0,2.0,0.0,0.0,126.0,0.0,7.5220814212941525,0
C495,0.0,0.0,0.0,0.0,81.0,0.0,0.0,0
C4951,2.0,1.0,0.0,0.0,47.0,0.0,0.0,0
C4953,43.0,12.0,0.0,0.0,134.0,0.0,5.845072201406138,0
C4955,0.0,0.0,0.0,0.0,77.0,0.0,0.0,0
C4957,6.0,3.0,0.0,0.0,98.0,0.0,6.9155475097882375,0
C4958,0.0,0.0,0.0,0.0,89.0,0.0,0.0,0
C496,0.0,0.0,0.0,0.0,109.0,0.0,4.652843851302993,0
C4960,0.0,0.0,0.0,0.0,95.0,0.0,0.0,0
C4962,54.0,7.0,0.0,0.0,83.0,0.0,0.0,0
C4964,0.0,0.0,0.0,0.0,65.0,0.0,1.7061844819601735,0
C4967,0.0,0.0,0.0,0.0,74.0,0.0,5.8830463520397425,0
C4969,0.0,0.0,0.0,0.0,180.0,0.0,5.081926493495558,0
C497,0.0,0.0,0.0,0.0,137.0,0.0,0.0,0
C4971,0.0,0.0,0.0,4.0,112.0,0.0,115.19126005136194,0
C4973,7.0,6.0,0.0,0.0,62.0,0.0,106.67229402601777,0
C4975,0.0,0.0,0.0,0.0,114.0,0.0,5.395318486085968,0
C4977,0.0,0.0,0.0,0.0,94.0,0.0,0.620174293773418,0
C4979,5.0,4.0,0.0,0.0,93.0,0.0,7.748284427230245,0
C498,29.0,8.0,0.0,0.0,143.0,0.0,0.0,0
C4981,0.0,0.0,0.0,0.0,78.0,0.0,453.75649391655793,0
C4983,247.0,14.0,0.0,0.0,63.0,0.0,24.0354481539174,0
C4984,0.0,0.0,0.0,0.0,72.0,0.0,2.0511093335578665,0
C4986,3.0,3.0,0.0,0.0,82.0,0.0,0.0,0
C4988,1164.0,20.0,0.0,0.0,119.0,0.0,93.17656717046268,0
C499,0.0,0.0,0.0,0.0,141.0,0.0,1.4676882920052203,0
C4991,0.0,0.0,0.0,0.0,40.0,0.0,0.0,0
C4992,1.0,1.0,0.0,0.0,82.0,0.0,0.0,0
C4995,0.0,0.0,0.0,0.0,88.0,0.0,0.0,0
C4996,7.0,6.0,0.0,0.0,52.0,0.0,0.0,0
C4998,3.0,2.0,0.0,0.0,148.0,0.0,0.0,0
C5,0.0,0.0,0.0,0.0,113.0,0.0,34.71485707068581,0
C50,0.0,0.0,0.0,0.0,113.0,0.0,34.37207931629689,0
C500,0.0,0.0,0.0,0.0,44.0,0.0,5.9623205489832865,0
C5000,1.0,1.0,0.0,0.0,74.0,0.0,0.0,0
C5002,0.0,0.0,0.0,0.0,89.0,0.0,0.0,0
C5004,0.0,0.0,0.0,0.0,52.0,0.0,0.13008883088451986,0
C5006,21.0,9.0,0.0,0.0,188.0,0.0,13.391066391613691,0
C5008,0.0,0.0,0.0,0.0,61.0,0.0,45.55870837367912,0
C501,2.0,2.0,0.0,0.0,66.0,0.0,0.0,0
C5010,0.0,0.0,0.0,0.0,109.0,0.0,0.0,0
C5012,0.0,0.0,0.0,0.0,80.0,0.0,0.0,0
C5015,0.0,0.0,0.0,0.0,102.0,0.0,30.825327327074476,0
C5016,0.0,0.0,0.0,0.0,66.0,0.0,0.0,0
C5018,4.0,3.0,0.0,0.0,65.0,0.0,107.14596051025134,0
C502,40.0,12.0,0.0,0.0,136.0,0.0,0.40247547678188017,0
C5020,3.0,3.0,0.0,0.0,59.0,0.0,0.0,0
C5022,0.0,0.0,0.0,0.0,65.0,0.0,0.0,0
C5024,0.0,0.0,0.0,0.0,60.0,0.0,0.0,0
C5026,0.0,0.0,0.0,0.0,43.0,0.0,0.5739064539216099,0
C5028,0.0,0.0,0.0,0.0,38.0,0.0,7.062307918999705,0
C503,0.0,0.0,0.0,0.0,119.0,0.0,12.052498631751778,0
C5030,0.0,0.0,0.0,0.0,2269.0,0.0,35177.91356881236,0
C5031,2.0,2.0,0.0,0.0,69.0,0.0,0.0,0
C5033,0.0,0.0,0.0,0.0,80.0,0.0,7.55626657685345,0
C5035,0.0,0.0,0.0,0.0,71.0,0.0,0.0,0
C5037,10.0,5.0,0.0,0.0,107.0,0.0,0.0,0
C5039,63.0,4.0,0.0,0.0,65.0,0.0,0.21146802509156737,0
C504,0.0,0.0,0.0,0.0,75.0,0.0,0.0,0
C5042,22.0,13.0,0.0,0.0,120.0,0.0,0.0,0
C5043,292.0,13.0,0.0,0.0,84.0,0.0,13.64513956131857,0
C5045,1050.0,15.0,0.0,0.0,84.0,0.0,134.8268429251042,0
C5047,76.0,7.0,0.0,0.0,74.0,0.0,0.0,0
C505,0.0,0.0,0.0,0.0,148.0,0.0,18.23710689176104,0
C5050,0.0,0.0,0.0,0.0,57.0,0.0,0.0,0
C5051,0.0,0.0,0.0,0.0,66.0,0.0,0.0,0
C5053,0.0,0.0,0.0,7.0,68.0,0.0,2.6141540015997977,0
C5055,0.0,0.0,0.0,0.0,66.0,0.0,0.0,0
C5057,0.0,0.0,0.0,0.0,79.0,0.0,0.0,0
C5059,0.0,0.0,0.0,0.0,122.0,0.0,8.02972256136067,0
C506,0.0,0.0,0.0,450.0,7093.0,0.0,0.0,0
C5061,9.0,5.0,0.0,0.0,101.0,0.0,6.778301688207805,0
C5063,1.0,1.0,0.0,0.0,87.0,0.0,0.0,0
C5065,0.0,0.0,0.0,0.0,83.0,0.0,0.0,0
C5067,1.0,1.0,0.0,0.0,65.0,0.0,45.33679956216057,0
C5069,25.0,11.0,0.0,0.0,145.0,0.0,3.451437713130973,0
C507,0.0,0.0,0.0,0.0,107.0,0.0,0.0,0
C5071,0.0,0.0,0.0,0.0,66.0,0.0,0.0,0
C5073,0.0,0.0,0.0,0.0,58.0,0.0,0.0,0
C5074,14.0,3.0,0.0,0.0,74.0,0.0,4.832989517113628,0
C5076,30.0,7.0,0.0,0.0,64.0,0.0,2.0724540058097927,0
C5078,0.0,0.0,0.0,0.0,78.0,0.0,6.797457163305688,0
C508,1.0,1.0,0.0,0.0,44.0,0.0,0.0,0
C5080,2.0,2.0,0.0,0.0,73.0,0.0,0.9925062097419274,0
C5082,21.0,1.0,0.0,0.0,88.0,0.0,0.0,0
C5084,0.0,0.0,0.0,0.0,68.0,0.0,67.37355281438134,0
C5086,7.0,4.0,0.0,0.0,55.0,0.0,5.740243337683661,0
C5089,0.0,0.0,0.0,0.0,160.0,0.0,14.129415231760198,0
C509,0.0,0.0,0.0,0.0,161.0,0.0,0.767439902328127,0
C5090,0.0,0.0,0.0,0.0,88.0,0.0,0.0,0
C5092,1.0,1.0,0.0,0.0,61.0,0.0,78.91836820612133,0
C5094,10.0,9.0,0.0,0.0,62.0,0.0,0.5703279585736538,0
C5096,4.0,4.0,0.0,0.0,903.0,0.0,1236.5201027238666,0
C5097,4.0,4.0,0.0,0.0,118.0,0.0,24.322401380878205,0
C5099,0.0,0.0,0.0,0.0,95.0,0.0,0.0,0
C51,0.0,0.0,0.0,0.0,321.0,0.0,116.79935166084285,0
C510,0.0,0.0,0.0,0.0,109.0,0.0,0.3660169241779986,0
C5102,0.0,0.0,0.0,0.0,67.0,0.0,0.0,0
C5105,0.0,0.0,0.0,0.0,78.0,0.0,0.0,0
C5107,0.0,0.0,0.0,0.0,87.0,0.0,0.0,0
C5109,0.0,0.0,0.0,0.0,108.0,0.0,93.86544857491685,0
C511,4.0,4.0,0.0,0.0,98.0,0.0,0.0,0
C5111,1362.0,21.0,1.0,0.0,56.0,0.0,0.0,0
C5113,0.0,0.0,0.0,0.0,118.0,0.0,0.7247505578242748,0
C5115,8.0,4.0,0.0,0.0,151.0,0.0,7.2987412116364245,0
C5117,0.0,0.0,0.0,0.0,111.0,0.0,0.0,0
C512,0.0,0.0,0.0,0.0,102.0,0.0,0.3660169241779986,0
C5120,0.0,0.0,0.0,0.0,73.0,0.0,0.0,0
C5121,0.0,0.0,0.0,0.0,114.0,0.0,0.0,0
C5123,0.0,0.0,0.0,0.0,101.0,0.0,0.0,0
C5125,0.0,0.0,0.0,0.0,56.0,0.0,4.228350103144866,0
C5128,7.0,6.0,0.0,0.0,17.0,0.0,0.0,0
C5129,0.0,0.0,0.0,0.0,75.0,0.0,0.0,0
C513,0.0,0.0,0.0,0.0,61.0,0.0,0.0,0
C5131,4.0,2.0,0.0,0.0,69.0,0.0,0.0,0
C5133,3.0,3.0,0.0,0.0,77.0,0.0,0.0,0
C5136,0.0,0.0,0.0,0.0,3.0,0.0,2.0061465920094306,0
C5137,3.0,3.0,0.0,0.0,64.0,0.0,6.725592556729676,0
C5139,7.0,1.0,0.0,0.0,94.0,0.0,10.249652675451522,0
C514,0.0,0.0,0.0,0.0,84.0,0.0,0.0,0
C5141,0.0,0.0,0.0,0.0,91.0,0.0,0.0,0
C5143,1.0,1.0,0.0,0.0,206.0,0.0,0.0,0
C5145,0.0,0.0,0.0,0.0,64.0,0.0,65.94447017218877,0
C5147,0.0,0.0,0.0,0.0,54.0,0.0,0.0,0
C5149,4.0,3.0,0.0,0.0,74.0,0.0,0.0,0
C515,1361.0,22.0,1.0,0.0,263.0,0.0,61.3284637729971,0
C5151,0.0,0.0,0.0,0.0,122.0,0.0,19.113164652885953,0
C5152,1.0,1.0,0.0,0.0,52.0,0.0,0.0,0
C5154,694.0,13.0,0.0,0.0,68.0,0.0,102.24556898076032,0
C5156,13.0,7.0,0.0,0.0,44.0,0.0,68.62097419273356,0
C5157,0.0,0.0,0.0,0.0,72.0,0.0,0.0,0
C5159,8.0,8.0,0.0,0.0,87.0,0.0,57.45901570327958,0
C516,0.0,0.0,0.0,0.0,1529.0,0.0,0.0,0
C5161,19.0,12.0,0.0,0.0,92.0,0.0,11.442765124405339,0
C5163,0.0,0.0,0.0,0.0,37.0,0.0,0.12457373805414053,0
C5165,0.0,0.0,0.0,0.0,84.0,0.0,0.0,0
C5167,0.0,0.0,0.0,89.0,91.0,1.0,0.0,0
C517,55.0,12.0,0.0,0.0,122.0,0.0,0.0,0
C5170,0.0,0.0,0.0,1.0,120.0,0.0,0.0,0
C5172,0.0,0.0,0.0,0.0,78.0,0.0,0.0,0
C5174,18.0,1.0,0.0,0.0,65.0,0.0,0.0,0
C5176,1362.0,21.0,1.0,0.0,83.0,0.0,0.0,0
C5178,0.0,0.0,0.0,0.0,52.0,0.0,4.475518881825454,0
C518,2.0,2.0,0.0,0.0,123.0,0.0,0.0,0
C5181,0.0,0.0,0.0,0.0,86.0,0.0,9.649223256009767,0
C5183,4.0,3.0,0.0,0.0,53.0,0.0,0.0,0
C5185,0.0,0.0,0.0,0.0,6.0,0.0,0.0,0
C5186,692.0,15.0,0.0,0.0,30.0,0.0,87.26278785837579,0
C5188,63.0,4.0,0.0,0.0,85.0,0.0,0.0,0
C519,0.0,0.0,0.0,0.0,112.0,0.0,0.0,0
C5190,0.0,0.0,0.0,0.0,77.0,0.0,108.77135519723825,0
C5192,0.0,0.0,0.0,0.0,108.0,0.0,8.098177072369806,0
C5194,3.0,2.0,0.0,0.0,90.0,0.0,8.186797457163305,0
C5196,7.0,6.0,0.0,0.0,58.0,0.0,0.0,0
C5198,0.0,0.0,0.0,0.0,87.0,0.0,10.121795141666317,0
C52,0.0,0.0,0.0,0.0,75.0,0.0,0.0,0
C520,0.0,0.0,0.0,0.0,141.0,0.0,6.130888729844651,0
C5200,0.0,0.0,0.0,0.0,81.0,0.0,67.17467267292552,0
C5202,0.0,0.0,0.0,0.0,128.0,0.0,8.227213404622574,0
C5204,0.0,0.0,0.0,0.0,72.0,0.0,0.0,0
C5207,0.0,0.0,0.0,0.0,135.0,0.0,0.0,0
C5208,0.0,0.0,0.0,0.0,37.0,0.0,0.3660169241779986,0
C521,6.0,6.0,0.0,0.0,146.0,0.0,0.0,0
C5211,0.0,0.0,0.0,0.0,82.0,0.0,6.14204521534122,0
C5212,4.0,3.0,0.0,0.0,80.0,0.0,9.1896181534964,0
C5215,0.0,0.0,0.0,0.0,113.0,0.0,7.033722056161327,0
C5216,0.0,0.0,0.0,0.0,95.0,0.0,8.186502757546416,0
C5218,17.0,9.0,0.0,0.0,80.0,0.0,13.270365848524397,0
C522,0.0,0.0,0.0,0.0,72.0,0.0,0.0,0
C5220,3.0,3.0,0.0,0.0,83.0,0.0,5.865616974697933,0
C5222,0.0,0.0,0.0,0.0,68.0,0.0,0.0,0
C5224,0.0,0.0,0.0,0.0,152.0,0.0,0.0,0
C5225,6.0,5.0,0.0,0.0,76.0,0.0,6.063949816865238,0
C5227,0.0,0.0,0.0,0.0,76.0,0.0,5.960678651117753,0
C5229,1.0,1.0,0.0,0.0,71.0,0.0,0.0,0
C523,0.0,0.0,0.0,27.0,11847.0,0.0,0.0,0
C5232,0.0,0.0,0.0,0.0,185.0,0.0,2.8980339325558875,0
C5233,4.0,2.0,0.0,0.0,124.0,0.0,0.0,0
C5234,0.0,0.0,0.0,0.0,82.0,0.0,5.73986443817623,0
C5237,0.0,0.0,0.0,0.0,92.0,0.0,32.73569654359449,0
C5238,1.0,1.0,0.0,0.0,106.0,0.0,0.3519134425125247,0
C524,0.0,0.0,0.0,0.0,176.0,0.0,0.0,0
C5240,0.0,0.0,0.0,0.0,99.0,0.0,4.164358186334358,0
C5243,6.0,5.0,0.0,0.0,77.0,0.0,0.0,0
C5244,0.0,0.0,0.0,0.0,87.0,0.0,0.0,0
C5246,0.0,0.0,0.0,0.0,91.0,0.0,0.0,0
C5248,6.0,3.0,0.0,0.0,99.0,0.0,0.0,0
C525,0.0,0.0,0.0,0.0,126.0,0.0,0.0,0
C5250,0.0,0.0,0.0,0.0,83.0,0.0,10.122679240516987,0
C5252,0.0,0.0,0.0,0.0,128.0,0.0,0.0,0
C5253,0.0,0.0,0.0,0.0,65.0,0.0,9.00067359912432,0
C5255,0.0,0.0,0.0,0.0,73.0,0.0,0.0,0
C5257,0.0,0.0,0.0,0.0,82.0,0.0,3.7608302109207257,0
C5258,52.0,6.0,0.0,0.0,58.0,0.0,95.04066854713089,0
C526,0.0,0.0,0.0,0.0,66.0,0.0,0.9706563381467604,0
C5261,17.0,4.0,0.0,0.0,33.0,0.0,2754.5998821201533,0
C5262,0.0,0.0,0.0,2.0,90.0,0.0,68.73451774512694,0
C5264,4.0,1.0,0.0,0.0,82.0,0.0,0.0,0
C5266,3.0,1.0,0.0,0.0,57.0,0.0,4.61529070012209,0
C5269,47.0,12.0,0.0,0.0,115.0,0.0,9.758767313602492,0
C527,0.0,0.0,0.0,45.0,9241.0,0.0,0.0,0
C5271,0.0,0.0,0.0,0.0,62.0,0.0,0.0,0
C5274,3.0,3.0,0.0,0.0,136.0,0.0,0.0,0
C5276,58.0,14.0,0.0,0.0,82.0,0.0,0.0,0
C5277,5.0,4.0,0.0,0.0,76.0,0.0,5.748494926956595,0
C5279,1597.0,27.0,1.0,0.0,123.0,0.0,157.48617016797877,0
C528,6.0,4.0,0.0,16.0,53124.0,0.0,19643.372668715532,0
C5281,0.0,0.0,0.0,0.0,53.0,0.0,94.31490759062014,0
C5283,0.0,0.0,0.0,0.0,48.0,0.0,2.5831684418810257,0
C5286,0.0,0.0,0.0,0.0,79.0,0.0,113.48772786595377,0
C5288,2.0,2.0,0.0,0.0,87.0,0.0,6.867974571633057,0
C529,0.0,0.0,0.0,76.0,60680.0,0.0,14037.370816317938,0
C5290,0.0,0.0,0.0,0.0,129.0,0.0,7.213573022355071,0
C5292,1.0,1.0,0.0,0.0,84.0,0.0,84.73216014819181,0
C5294,45.0,15.0,0.0,0.0,158.0,0.0,1.2655243548183388,0
C5295,0.0,0.0,0.0,0.0,60.0,0.0,0.0,0
C5297,0.0,0.0,0.0,0.0,73.0,0.0,3.5061255420367954,0
C5299,2.0,1.0,0.0,0.0,121.0,0.0,0.8190544352292342,0
C53,0.0,0.0,0.0,0.0,199.0,0.0,0.0,0
C5301,4.0,4.0,0.0,0.0,37.0,0.0,0.9080116195848945,0
C5303,0.0,0.0,0.0,0.0,70.0,0.0,0.0,0
C5305,0.0,0.0,0.0,0.0,137.0,0.0,3.2905738222540313,0
C5306,0.0,0.0,0.0,0.0,36.0,0.0,0.0,0
C5308,0.0,0.0,0.0,0.0,107.0,0.0,3.672294026017766,0
C5309,4.0,2.0,0.0,0.0,68.0,0.0,97.25057887424747,0
C531,0.0,0.0,0.0,0.0,152.0,0.0,0.0,0
C5311,1.0,1.0,0.0,0.0,87.0,0.0,6.255588767734602,0
C5313,1.0,1.0,0.0,0.0,66.0,0.0,11.916600008419989,0
C5315,0.0,0.0,0.0,0.0,99.0,0.0,109.05102513366732,0
C5317,0.0,0.0,0.0,0.0,88.0,0.0,0.0,0
C532,0.0,0.0,0.0,0.0,172.0,0.0,0.33890455942407277,0
C5320,0.0,0.0,0.0,0.0,113.0,0.0,7.569654359449332,0
C5321,3.0,3.0,0.0,0.0,72.0,0.0,5.758009514587631,0
C5323,1065.0,14.0,0.0,3.0,68.0,0.0,0.0,0
C5325,0.0,0.0,0.0,0.0,97.0,0.0,64.00122089841283,0
C5327,0.0,0.0,0.0,0.0,124.0,0.0,104.16486338567759,0
C5329,0.0,0.0,0.0,0.0,105.0,0.0,123.69077590199133,0
C533,5.0,3.0,0.0,0.0,127.0,0.0,0.0,0
C5332,566.0,12.0,0.0,0.0,124.0,0.0,70.00766219003916,0
C5333,4.0,4.0,0.0,0.0,159.0,0.0,0.0,0
C5334,10.0,6.0,0.0,0.0,96.0,0.0,8.311371195217447,0
C5336,0.0,0.0,0.0,0.0,151.0,0.0,0.0,0
C5337,737.0,19.0,0.0,0.0,160.0,0.0,0.0,0
C5339,0.0,0.0,0.0,0.0,50.0,0.0,0.14511851134593526,0
C534,88.0,12.0,0.0,0.0,164.0,0.0,0.33890455942407277,0
C5342,0.0,0.0,0.0,0.0,52.0,0.0,0.0,0
C5343,0.0,0.0,0.0,0.0,82.0,0.0,0.0,0
C5345,0.0,0.0,0.0,0.0,80.0,0.0,0.0,0
C5347,0.0,0.0,0.0,0.0,69.0,0.0,0.0,0
C5349,0.0,0.0,0.0,0.0,221.0,0.0,288.76335620763695,0
C535,4.0,3.0,0.0,0.0,88.0,0.0,0.6711152275502041,0
C5351,7.0,5.0,0.0,0.0,99.0,0.0,2.014692880899255,0
C5352,24.0,12.0,0.0,0.0,90.0,0.0,37.323285479728874,0
C5353,25.0,11.0,0.0,0.0,87.0,0.0,10.34972424535848,0
C5356,0.0,0.0,0.0,0.0,90.0,0.0,4.160695491095861,0
C5358,730.0,14.0,0.0,0.0,91.0,0.0,93.4262198459142,0
C536,94.0,20.0,0.0,0.0,119.0,0.0,0.0,0
C5360,1.0,1.0,0.0,0.0,51.0,0.0,0.0,0
C5362,0.0,0.0,0.0,0.0,34.0,0.0,0.3660169241779986,0
C5364,0.0,0.0,0.0,0.0,92.0,0.0,23.96387824695828,0
C5365,0.0,0.0,0.0,0.0,65.0,0.0,0.0,0
C5367,1.0,1.0,0.0,0.0,82.0,0.0,6.081926493495558,0
C5369,0.0,0.0,0.0,0.0,91.0,0.0,0.0,0
C537,0.0,0.0,0.0,0.0,86.0,0.0,0.33890455942407277,0
C5371,3.0,1.0,0.0,0.0,77.0,0.0,0.0,0
C5374,1.0,1.0,0.0,8.0,115.0,0.0,0.0,0
C5375,0.0,0.0,0.0,0.0,83.0,0.0,72.39999158001095,0
C5377,8.0,3.0,0.0,0.0,57.0,0.0,7.2150465204395235,0
C5379,0.0,0.0,0.0,0.0,72.0,0.0,0.0,0
C5381,209.0,14.0,0.0,0.0,90.0,0.0,1.301267208352629,0
C5382,6.0,5.0,0.0,0.0,81.0,0.0,0.0,0
C5385,5.0,3.0,0.0,0.0,58.0,0.0,0.0,0
C5386,6.0,5.0,0.0,0.0,56.0,0.0,0.0,0
C5388,6.0,5.0,0.0,0.0,103.0,0.0,0.0,0
C539,0.0,0.0,0.0,0.0,7714.0,0.0,0.0,0
C5390,0.0,0.0,0.0,0.0,101.0,0.0,0.0,0
C5392,0.0,0.0,0.0,0.0,9.0,0.0,0.0,0
C5394,0.0,0.0,0.0,0.0,82.0,0.0,0.0,0
C5396,0.0,0.0,0.0,0.0,101.0,0.0,1.209447227718604,0
C5398,0.0,0.0,0.0,0.0,99.0,0.0,0.0,0
C54,0.0,0.0,0.0,0.0,81.0,0.0,7.394729086852187,0
C540,0.0,0.0,0.0,0.0,670.0,0.0,0.0,0
C5400,0.0,0.0,0.0,0.0,73.0,0.0,0.0,0
C5401,0.0,0.0,0.0,6.0,116.0,0.0,28.46044710141877,0
C5402,12.0,7.0,0.0,0.0,51.0,0.0,0.0,0
C5404,0.0,0.0,0.0,0.0,68.0,0.0,6.346440449627416,0
C5407,0.0,0.0,0.0,0.0,100.0,0.0,5.330316170588978,0
C5408,0.0,0.0,0.0,0.0,169.0,0.0,5.570833157916895,0
C541,3.0,3.0,0.0,0.0,90.0,0.0,0.0,0
C5410,0.0,0.0,0.0,0.0,93.0,0.0,89.2371489917063,0
C5412,7.0,6.0,0.0,0.0,92.0,0.0,113.10899675830422,0
C5414,7.0,4.0,0.0,0.0,138.0,0.0,7.064370816317939,0
C5416,0.0,0.0,0.0,0.0,62.0,0.0,5.992253610070307,0
C5418,0.0,0.0,0.0,0.0,160.0,0.0,20.885109249357974,0
C542,17.0,9.0,0.0,0.0,139.0,0.0,224.06660211341725,0
C5420,0.0,0.0,0.0,0.0,78.0,0.0,10.762808908348418,0
C5422,0.0,0.0,0.0,0.0,69.0,0.0,13.27221824611628,0
C5424,2.0,1.0,0.0,0.0,19.0,0.0,8.771144697511893,0
C5426,0.0,0.0,0.0,0.0,135.0,0.0,0.0,0
C5427,0.0,0.0,0.0,3.0,127.0,0.0,0.0,0
C5429,0.0,0.0,0.0,0.0,172.0,0.0,1.9709089378183808,0
C543,0.0,0.0,0.0,0.0,78.0,0.0,0.0,0
C5431,0.0,0.0,0.0,0.0,81.0,0.0,0.0,0
C5433,4.0,3.0,0.0,0.0,127.0,0.0,131.06011872184567,0
C5436,0.0,0.0,0.0,0.0,155.0,0.0,0.0,0
C5437,0.0,0.0,0.0,0.0,80.0,0.0,0.0,0
C5439,0.0,0.0,0.0,0.0,121.0,0.0,0.0,0
C544,0.0,0.0,0.0,0.0,99.0,0.0,0.41388456195006945,0
C5441,0.0,0.0,0.0,0.0,92.0,0.0,0.0,0
C5443,0.0,0.0,0.0,0.0,146.0,0.0,3.38470929987791,0
C5445,8.0,3.0,0.0,0.0,91.0,0.0,9.504904643623963,0
C5446,0.0,0.0,0.0,0.0,33.0,0.0,0.0,0
C5449,0.0,0.0,0.0,0.0,55.0,0.0,0.0,0
C545,0.0,0.0,0.0,0.0,167.0,0.0,173.18953395360586,0
C5450,12.0,3.0,0.0,0.0,301.0,0.0,7.4211678524817914,0
C5451,0.0,0.0,0.0,0.0,81.0,0.0,3.7097629773081295,0
C5453,0.0,0.0,0.0,0.0,98.0,0.0,0.0,0
C5455,0.0,0.0,0.0,0.0,76.0,0.0,5.664421336252263,0
C5458,1.0,1.0,0.0,0.0,200.0,0.0,61.55672967625142,0
C5459,1.0,1.0,0.0,0.0,74.0,0.0,9.057550625184188,0
C546,0.0,0.0,0.0,0.0,76.0,0.0,0.0,0
C5461,1135.0,17.0,0.0,0.0,83.0,0.0,6.33132656927546,0
C5463,9.0,3.0,0.0,0.0,57.0,0.0,10.335831263419358,0
C5466,0.0,0.0,0.0,0.0,13.0,0.0,0.0,0
C5467,0.0,0.0,0.0,0.0,69.0,0.0,0.0,0
C5469,0.0,0.0,0.0,0.0,59.0,0.0,5.961899549530585,0
C547,12.0,9.0,0.0,0.0,117.0,0.0,0.3660169241779986,0
C5471,4.0,3.0,0.0,0.0,13.0,0.0,0.0,0
C5472,0.0,0.0,0.0,0.0,108.0,0.0,16.310571296257315,0
C5474,0.0,0.0,0.0,0.0,63.0,0.0,886.0564139266619,0
C5476,0.0,0.0,0.0,0.0,36.0,0.0,0.0,0
C5478,0.0,0.0,0.0,0.0,104.0,0.0,1309.896349934745,0
C548,0.0,0.0,0.0,0.0,101.0,0.0,4.457331705468783,0
C5480,0.0,0.0,0.0,0.0,85.0,0.0,0.0,0
C5481,0.0,0.0,0.0,0.0,32.0,0.0,0.0,0
C5483,0.0,0.0,0.0,0.0,86.0,0.0,0.0,0
C5485,3.0,3.0,0.0,0.0,71.0,0.0,53.13084662989938,0
C5487,69.0,15.0,0.0,0.0,82.0,0.0,4.618111396455185,0
C5489,1.0,1.0,0.0,0.0,150.0,0.0,0.0,0
C549,185.0,15.0,0.0,0.0,52.0,0.0,72.28215383320001,0
C5491,0.0,0.0,0.0,0.0,31.0,0.0,0.0,0
C5493,0.0,0.0,0.0,0.0,93.0,0.0,72.84460910200816,0
C5496,0.0,0.0,0.0,0.0,99.0,0.0,0.0,0
C5498,8.0,5.0,0.0,0.0,92.0,0.0,0.5910411316465288,0
C55,0.0,0.0,0.0,0.0,123.0,0.0,0.0,0
C550,0.0,0.0,0.0,0.0,103.0,0.0,0.0,0
C5500,4.0,3.0,0.0,0.0,72.0,0.0,14.762051109333559,0
C5502,0.0,0.0,0.0,0.0,77.0,0.0,11.59154633098977,0
C5504,0.0,0.0,0.0,0.0,96.0,0.0,0.0,0
C5506,0.0,0.0,0.0,0.0,78.0,0.0,2.178166968382941,0
C5508,5.0,4.0,0.0,0.0,77.0,0.0,6.131772828695323,0
C551,0.0,0.0,0.0,0.0,98.0,0.0,0.0,0
C5510,0.0,0.0,0.0,0.0,12.0,0.0,0.0,0
C5511,0.0,0.0,0.0,0.0,104.0,0.0,0.0,0
C5513,0.0,0.0,0.0,0.0,61.0,0.0,6.7536732202248135,0
C5515,8.0,5.0,0.0,0.0,162.0,0.0,36.10567086262788,0
C5517,10.0,8.0,0.0,0.0,112.0,0.0,55.147013008883086,0
C5519,0.0,0.0,0.0,0.0,76.0,0.0,0.0,0
C552,0.0,0.0,0.0,0.0,109.0,0.0,4.845914200311539,0
C5521,0.0,0.0,0.0,0.0,82.0,0.0,0.6691786300677809,0
C5524,0.0,0.0,0.0,0.0,67.0,0.0,0.0,0
C5527,0.0,0.0,0.0,0.0,144.0,0.0,0.0,0
C5528,48.0,9.0,0.0,0.0,50.0,0.0,0.0,0
C553,0.0,0.0,0.0,0.0,15791.0,0.0,0.0,0
C5530,4.0,3.0,0.0,0.0,102.0,0.0,5.996758304214205,0
C5534,0.0,0.0,0.0,0.0,73.0,0.0,0.0,0
C5536,1.0,1.0,0.0,0.0,60.0,0.0,0.0,0
C5538,0.0,0.0,0.0,0.0,68.0,0.0,0.0,0
C5540,9.0,4.0,0.0,0.0,77.0,0.0,0.0,0
C5542,4.0,4.0,0.0,0.0,159.0,0.0,117.01094598577022,0
C5546,0.0,0.0,0.0,6.0,100.0,0.0,0.0,0
C5547,0.0,0.0,0.0,0.0,43.0,0.0,0.0,0
C555,0.0,0.0,0.0,0.0,156.0,0.0,0.0,0
C5550,0.0,0.0,0.0,0.0,18.0,0.0,0.0,0
C5551,0.0,0.0,0.0,0.0,14.0,0.0,0.0,0
C5552,0.0,0.0,0.0,0.0,117.0,0.0,0.420704753083821,0
C5554,0.0,0.0,0.0,0.0,77.0,0.0,0.0,0
C5557,0.0,0.0,0.0,0.0,92.0,0.0,0.0,0
C556,5.0,3.0,0.0,0.0,88.0,0.0,0.2593356628636383,0
C5561,0.0,0.0,0.0,0.0,91.0,0.0,0.0,0
C5565,0.0,0.0,0.0,0.0,31.0,0.0,3.815939039279249,0
C5566,0.0,0.0,0.0,0.0,30.0,0.0,0.0,0
C5568,0.0,0.0,0.0,0.0,156.0,0.0,0.0,0
C557,0.0,0.0,0.0,0.0,72.0,0.0,0.0,0
C5571,1.0,1.0,0.0,0.0,54.0,0.0,20.84633519976424,0
C5572,0.0,0.0,0.0,0.0,88.0,0.0,0.0,0
C5574,0.0,0.0,0.0,0.0,113.0,0.0,0.0,0
C5575,0.0,0.0,0.0,0.0,5.0,0.0,0.0,0
C5576,0.0,0.0,0.0,0.0,97.0,0.0,0.0,0
C5577,0.0,0.0,0.0,0.0,91.0,0.0,2.1820401633477875,0
C5578,9.0,5.0,0.0,0.0,116.0,0.0,24.275502041847346,0
C558,0.0,0.0,0.0,0.0,116.0,0.0,0.0,0
C5580,0.0,0.0,0.0,0.0,156.0,0.0,0.0,0
C5582,0.0,0.0,0.0,0.0,102.0,0.0,14.179977266029555,0
C5583,36.0,6.0,0.0,0.0,104.0,0.0,4.641055866627373,0
C5584,0.0,0.0,0.0,0.0,120.0,0.0,3.3463983496821452,0
C5585,0.0,0.0,0.0,0.0,123.0,0.0,5.427651244053383,0
C5588,0.0,0.0,0.0,0.0,3.0,0.0,5876.876394560687,0
C559,0.0,0.0,0.0,0.0,143.0,0.0,0.8603123815939039,0
C5590,0.0,0.0,0.0,0.0,12.0,0.0,131.06403401675578,0
C5592,0.0,0.0,0.0,0.0,12.0,0.0,0.0,0
C5593,0.0,0.0,0.0,0.0,147.0,0.0,9.008041089546584,0
C5594,0.0,0.0,0.0,0.0,119.0,0.0,5.673557024375868,0
C5597,0.0,0.0,0.0,0.0,8.0,0.0,0.0,0
C5599,0.0,0.0,0.0,0.0,9.0,0.0,0.0,0
C56,0.0,0.0,0.0,0.0,140.0,0.0,3.334357765334905,0
C560,0.0,0.0,0.0,0.0,138.0,0.0,0.0,0
C5601,0.0,0.0,0.0,0.0,10.0,0.0,0.0,0
C5602,0.0,0.0,0.0,0.0,110.0,0.0,4.39645518460826,0
C5604,0.0,0.0,0.0,0.0,89.0,0.0,2.4902117627247087,0
C5607,0.0,0.0,0.0,0.0,12.0,0.0,0.0,0
C5608,0.0,0.0,0.0,0.0,129.0,0.0,10.410348166547383,0
C5609,0.0,0.0,0.0,0.0,107.0,0.0,0.0,0
C561,0.0,0.0,0.0,0.0,1920.0,0.0,0.03906874921062602,0
C5611,0.0,0.0,0.0,0.0,8.0,0.0,4.673136024923168,0
C5612,0.0,0.0,0.0,0.0,3.0,0.0,0.0,0
C5613,0.0,0.0,0.0,0.0,79.0,0.0,6.013850881993854,0
C5614,0.0,0.0,0.0,0.0,89.0,0.0,0.0,0
C5617,0.0,0.0,0.0,0.0,9.0,0.0,0.0,0
C5618,0.0,0.0,0.0,0.0,85.0,0.0,5.134846124700038,0
C5620,0.0,0.0,0.0,0.0,8.0,0.0,0.0,0
C5622,0.0,0.0,0.0,0.0,2.0,0.0,0.035700753589020334,0
C5624,0.0,0.0,0.0,0.0,8.0,0.0,1.1670104828863723,0
C5626,0.0,0.0,0.0,0.0,89.0,0.0,2.7163726687155307,0
C5628,0.0,0.0,0.0,0.0,93.0,0.0,4.726097756072917,0
C563,4.0,4.0,0.0,0.0,80.0,0.0,0.0,0
C5630,0.0,0.0,0.0,0.0,114.0,0.0,1.468109291457921,0
C5632,0.0,0.0,0.0,0.0,107.0,0.0,4.21306782301183,0
C5633,24.0,10.0,0.0,0.0,115.0,0.0,1.8569443859722983,0
C5635,276.0,14.0,0.0,0.0,97.0,0.0,1.4761924809497748,0
C5637,0.0,0.0,0.0,0.0,13.0,0.0,2.5803477455479307,0
C5638,579.0,11.0,0.0,0.0,16.0,0.0,1219.1378352208142,0
C5640,0.0,0.0,0.0,0.0,3.0,0.0,29854.21129962531,0
C5642,137.0,9.0,0.0,0.0,14.0,0.0,0.0,0
C5645,0.0,0.0,0.0,0.0,14.0,0.0,0.0,0
C5646,105.0,15.0,0.0,0.0,26.0,0.0,0.0,0
C5648,0.0,0.0,0.0,0.0,2.0,0.0,0.5325643076664001,0
C565,4.0,3.0,0.0,0.0,80.0,0.0,0.0,0
C5650,0.0,0.0,0.0,0.0,4.0,0.0,0.0,0
C5651,0.0,0.0,0.0,0.0,24.0,0.0,3.8955500357849533,0
C5653,0.0,0.0,0.0,0.0,86.0,0.0,0.05119353344840652,0
C5654,0.0,0.0,0.0,0.0,21.0,0.0,0.0,0
C5655,0.0,0.0,0.0,0.0,7.0,0.0,0.0,0
C5658,0.0,0.0,0.0,0.0,3.0,0.0,0.0,0
C5659,135.0,14.0,0.0,0.0,22.0,0.0,0.0,0
C566,0.0,0.0,0.0,0.0,65.0,0.0,0.0,0
C5661,0.0,0.0,0.0,0.0,8.0,0.0,3.723024460068202,0
C5662,0.0,0.0,0.0,0.0,19.0,0.0,0.0,0
C5665,0.0,0.0,0.0,0.0,1.0,0.0,0.0,0
C5667,0.0,0.0,0.0,0.0,6.0,0.0,0.0,0
C5671,0.0,0.0,0.0,0.0,93.0,0.0,10.913947711867975,0
C5672,0.0,0.0,0.0,0.0,4.0,0.0,0.5323959078853198,0
C5674,0.0,0.0,0.0,0.0,2.0,0.0,0.5403106975960931,0
C5675,0.0,0.0,0.0,0.0,5.0,0.0,0.0,0
C5677,0.0,0.0,0.0,0.0,16.0,0.0,1.5611922704500485,0
C5678,0.0,0.0,0.0,0.0,63.0,0.0,6.157916894708037,0
C5679,0.0,0.0,0.0,0.0,16.0,0.0,2.0069043910242916,0
C568,15.0,7.0,0.0,0.0,152.0,0.0,0.0,0
C5681,0.0,0.0,0.0,0.0,2.0,0.0,0.5357639035069255,0
C5682,0.0,0.0,0.0,0.0,6.0,0.0,0.0,0
C5683,0.0,0.0,0.0,0.0,6.0,0.0,0.0,0
C5685,0.0,0.0,0.0,0.0,3.0,0.0,0.0,0
C5686,0.0,0.0,0.0,0.0,8.0,0.0,0.0,0
C5688,0.0,0.0,0.0,0.0,2.0,0.0,0.020207973729634152,0
C569,24.0,10.0,0.0,0.0,59.0,0.0,6.558076874500063,0
C5690,0.0,0.0,0.0,0.0,2.0,0.0,0.020207973729634152,0
C5691,0.0,0.0,0.0,0.0,1.0,0.0,0.0,0
C5693,31.0,15.0,0.0,0.0,244.0,0.0,0.0,0
C5696,0.0,0.0,0.0,0.0,14.0,0.0,0.8608596808824148,0
C5698,0.0,0.0,0.0,0.0,15.0,0.0,103947.74457963205,0
C57,0.0,0.0,0.0,0.0,89.0,0.0,0.0,0
C570,0.0,0.0,0.0,0.0,91.0,0.0,2.0468572390855893,0
C5705,0.0,0.0,0.0,0.0,7.0,0.0,0.7913947711867975,0
C5707,0.0,0.0,0.0,0.0,3.0,0.0,0.0,0
C571,0.0,0.0,0.0,0.0,143.0,0.0,0.0,0
C5713,0.0,0.0,0.0,0.0,2.0,0.0,1.85214499221151,0
C5715,0.0,0.0,0.0,0.0,2.0,0.0,0.5177872268766051,0
C5720,6.0,4.0,0.0,0.0,4.0,0.0,126130.94632256978,0
C5721,18.0,5.0,0.0,0.0,0.0,0.0,1379985.0834420915,0
C573,6.0,4.0,0.0,0.0,118.0,0.0,0.0,0
C5732,0.0,0.0,0.0,0.0,2.0,0.0,0.5326485075569402,0
C5735,0.0,0.0,0.0,0.0,2.0,0.0,0.8008672588725635,0
C5739,0.0,0.0,0.0,0.0,2.0,0.0,0.020207973729634152,0
C574,17.0,7.0,0.0,0.0,9824.0,0.0,0.0,0
C5741,0.0,0.0,0.0,0.0,2.0,0.0,0.7092156780196186,0
C5742,26.0,13.0,0.0,0.0,0.0,0.0,9.075274702142886,0
C5744,56.0,17.0,0.0,0.0,0.0,0.0,11.588304635203974,0
C575,2.0,2.0,0.0,0.0,106.0,0.0,0.3660169241779986,0
C5753,0.0,0.0,0.0,0.0,6.0,0.0,1622.067191512651,0
C5757,3.0,2.0,0.0,0.0,123.0,0.0,130.20064833915717,0
C576,28.0,6.0,0.0,0.0,143.0,0.0,4.661179640466467,0
C5760,0.0,0.0,0.0,0.0,2.0,0.0,4.009135688123606,0
C5763,1944.0,298.0,1.0,0.0,10.0,0.0,1049.9938113080452,0
C5764,0.0,0.0,0.0,0.0,61.0,0.0,0.0,0
C577,52.0,10.0,0.0,0.0,80.0,0.0,4.5684334610365,0
C5771,10.0,8.0,0.0,0.0,159.0,0.0,100.28169073380205,0
C5774,449.0,17.0,0.0,0.0,0.0,0.0,1.241948385467099,0
C5776,205.0,17.0,0.0,0.0,0.0,0.0,0.0,0
C5778,13549.0,40.0,1.0,0.0,223.0,0.0,69.84334610365006,0
C578,0.0,0.0,0.0,0.0,78.0,0.0,4.7066896813034145,0
C5782,1534.0,237.0,1.0,4.0,116.0,0.0,9455.681387614197,0
C5783,0.0,0.0,0.0,0.0,187.0,0.0,1.2480949774765293,0
C5784,16.0,2.0,0.0,0.0,0.0,0.0,9.723108659958742,0
C5785,4498.0,27.0,1.0,0.0,0.0,0.0,0.0,0
C5788,326.0,21.0,1.0,0.0,0.0,0.0,4.2140361217530415,0
C579,0.0,0.0,0.0,0.0,61.0,0.0,0.0,0
C5791,664.0,25.0,1.0,8.0,9.0,0.0,41.8404833073717,0
C5794,1689.0,21.0,1.0,0.0,0.0,0.0,0.0,0
C5796,0.0,0.0,0.0,0.0,106.0,0.0,0.0,0
C5799,0.0,0.0,0.0,0.0,66.0,0.0,7.505830842419905,0
C58,1309.0,19.0,0.0,0.0,58.0,0.0,0.1521913021513072,0
C580,1.0,1.0,0.0,0.0,113.0,0.0,0.0,0
C5801,15.0,9.0,0.0,0.0,3.0,0.0,0.0,0
C5809,371.0,20.0,0.0,0.0,0.0,0.0,0.0,0
C581,4.0,2.0,0.0,0.0,99.0,0.0,4.737254241569486,0
C5810,2.0,1.0,0.0,0.0,0.0,0.0,0.0,0
C5811,993.0,21.0,1.0,0.0,0.0,0.0,3.080326695575296,0
C5817,622.0,25.0,1.0,0.0,0.0,0.0,0.0,0
C582,0.0,0.0,0.0,0.0,83.0,0.0,0.0,0
C5820,1539.0,26.0,1.0,0.0,0.0,0.0,0.0,0
C5827,775.0,25.0,1.0,0.0,0.0,0.0,0.2131941228476403,0
C5828,4884.0,39.0,1.0,2.0,107.0,0.0,25.694817496737254,0
C583,2.0,1.0,0.0,0.0,111.0,0.0,0.0,0
C5830,0.0,0.0,0.0,0.0,186.0,0.0,0.0,0
C5834,762.0,23.0,1.0,0.0,0.0,0.0,0.0,0
C5837,0.0,0.0,0.0,0.0,68.0,0.0,0.0,0
C5839,2.0,2.0,0.0,0.0,60.0,0.0,0.0,0
C584,0.0,0.0,0.0,0.0,112.0,0.0,38.268597650823054,0
C5841,0.0,0.0,0.0,0.0,87.0,0.0,389.5875889361344,0
C5843,0.0,0.0,0.0,0.0,70.0,0.0,46.13236222792911,0
C5845,0.0,0.0,0.0,0.0,101.0,0.0,0.0,0
C5847,0.0,0.0,0.0,0.0,92.0,0.0,18.462383698901192,0
C585,2.0,1.0,0.0,0.0,11540.0,0.0,2553.132193828148,0
C5850,0.0,0.0,0.0,0.0,1472.0,0.0,5.345598450722014,0
C5853,0.0,0.0,0.0,0.0,86.0,0.0,103.28219593314529,0
C5855,334.0,19.0,0.0,0.0,0.0,0.0,0.0,0
C5857,928.0,26.0,1.0,0.0,0.0,0.0,38.00947248768576,0
C586,0.0,0.0,0.0,0.0,97685.0,0.0,31496.71746726729,0
C5862,578.0,22.0,1.0,0.0,0.0,0.0,0.0,0
C5864,658.0,23.0,1.0,0.0,0.0,0.0,0.0,0
C5866,0.0,0.0,0.0,0.0,258.0,0.0,6.835557613775102,0
C5874,25.0,13.0,0.0,0.0,2.0,0.0,2.7492948259167265,0
C5875,9162.0,23.0,1.0,0.0,0.0,0.0,0.0,0
C5876,166.0,21.0,1.0,0.0,0.0,0.0,0.0,0
C5878,5713.0,20.0,0.0,0.0,0.0,0.0,0.0,0
C5879,1323.0,19.0,0.0,0.0,0.0,0.0,0.0,0
C588,0.0,0.0,0.0,0.0,149.0,0.0,0.0,0
C5880,14.0,10.0,0.0,0.0,0.0,0.0,7.233402096577274,0
C5883,0.0,0.0,0.0,0.0,120.0,0.0,11.82835852313392,0
C5884,0.0,0.0,0.0,0.0,153.0,0.0,0.0,0
C5887,115.0,16.0,0.0,0.0,0.0,0.0,0.0,0
C5888,124.0,19.0,0.0,0.0,0.0,0.0,2.789879173157075,0
C589,9.0,6.0,0.0,51.0,142.0,1.0,0.0,0
C5891,4.0,4.0,0.0,0.0,0.0,0.0,0.0,0
C5892,1060.0,26.0,1.0,0.0,0.0,0.0,0.0,0
C5893,284.0,20.0,0.0,0.0,0.0,0.0,4.6994484907169625,0
C5894,111.0,13.0,0.0,0.0,0.0,0.0,0.0,0
C5898,171.0,20.0,0.0,0.0,0.0,0.0,0.0,0
C59,0.0,0.0,0.0,0.0,168.0,0.0,16.896560434471436,0
C590,0.0,0.0,0.0,0.0,138.0,0.0,38.381720203763734,0
C5901,1580.0,28.0,1.0,0.0,0.0,0.0,0.0,0
C5902,524.0,27.0,1.0,0.0,145.0,0.0,50.126552435481834,0
C5904,316.0,24.0,1.0,0.0,0.0,0.0,3.3238748789626573,0
C5905,0.0,0.0,0.0,0.0,59.0,0.0,0.9641729465751695,0
C5908,42.0,12.0,0.0,0.0,0.0,0.0,0.0,0
C5909,2297.0,27.0,1.0,0.0,0.0,0.0,0.0,0
C591,0.0,0.0,0.0,0.0,56.0,0.0,0.0,0
C5910,402.0,22.0,1.0,0.0,0.0,0.0,0.0,0
C5911,176.0,21.0,1.0,0.0,0.0,0.0,0.0,0
C5913,2621.0,29.0,1.0,0.0,4.0,0.0,19.110891255841366,0
C5917,64.0,20.0,0.0,0.0,0.0,0.0,0.0,0
C5919,796.0,21.0,1.0,0.0,60.0,0.0,4.5778217488317265,0
C592,0.0,0.0,0.0,0.0,72.0,0.0,22.43076664000337,0
C5920,0.0,0.0,0.0,0.0,5.0,0.0,0.0,0
C5921,0.0,0.0,0.0,0.0,300.0,0.0,100.61310150296805,0
C5923,0.0,0.0,0.0,0.0,118.0,0.0,47.33200016839978,0
C5924,0.0,0.0,0.0,0.0,157.0,0.0,87.85142929314192,0
C5925,0.0,0.0,0.0,0.0,182.0,0.0,168.9371447817118,0
C5927,0.0,0.0,0.0,1.0,277.0,0.0,400.351829242622,0
C5929,0.0,0.0,0.0,0.0,149.0,0.0,58.16313728792153,0
C593,0.0,0.0,0.0,0.0,193.0,0.0,0.0,0
C5931,0.0,0.0,0.0,0.0,201.0,0.0,122.73216014819181,0
C5932,0.0,0.0,0.0,0.0,7.0,0.0,1.8204016334778765,0
C5933,0.0,0.0,0.0,0.0,103.0,0.0,0.0,0
C5934,381.0,22.0,1.0,0.0,215.0,0.0,0.30926619795394267,0
C5936,0.0,0.0,0.0,0.0,73.0,0.0,59.925019997474,0
C5937,0.0,0.0,0.0,0.0,61.0,0.0,144.41274786342777,0
C5939,1347.0,26.0,1.0,0.0,83.0,0.0,131.341388456195,0
C594,0.0,0.0,0.0,0.0,126.0,0.0,0.0,0
C5941,218.0,20.0,0.0,0.0,0.0,0.0,5.104028964762346,0
C5942,14.0,4.0,0.0,0.0,0.0,0.0,20.760535511303836,0
C5946,28.0,3.0,0.0,0.0,0.0,0.0,0.9155896097335073,0
C5948,1956.0,24.0,1.0,0.0,0.0,0.0,137.8670904727824,0
C5949,38.0,8.0,0.0,0.0,0.0,0.0,1.1973645434260936,0
C595,0.0,0.0,0.0,0.0,151.0,0.0,6.716456868606071,0
C5953,598.0,24.0,1.0,0.0,0.0,0.0,0.0,0
C5956,72.0,19.0,0.0,0.0,0.0,0.0,153.98475981981224,0
C5957,3.0,3.0,0.0,0.0,0.0,0.0,97.57988464614996,0
C5959,17.0,11.0,0.0,0.0,0.0,0.0,81.58426304045804,0
C596,0.0,0.0,0.0,0.0,50.0,0.0,0.0,0
C5961,20.0,10.0,0.0,0.0,0.0,0.0,0.0,0
C597,7.0,3.0,0.0,0.0,86.0,0.0,10.050225234707195,0
C5974,2.0,2.0,0.0,0.0,0.0,0.0,0.8659537742600935,0
C5979,5.0,2.0,0.0,0.0,0.0,0.0,15.740201237738392,0
C598,0.0,0.0,0.0,0.0,113.0,0.0,0.0,0
C5999,3.0,2.0,0.0,0.0,0.0,0.0,1.2876689260303962,0
C6,6.0,2.0,0.0,0.0,76.0,0.0,5.752199722140361,0
C60,0.0,0.0,0.0,0.0,108.0,0.0,0.05510882835852313,0
C600,0.0,0.0,0.0,0.0,134.0,0.0,4.520439523428619,0
C601,20.0,11.0,0.0,0.0,143.0,0.0,5.5471308887298445,0
C6014,18.0,13.0,0.0,0.0,0.0,0.0,33.706521281522335,0
C602,0.0,0.0,0.0,0.0,92.0,0.0,37.35178714267671,0
C6024,60.0,16.0,0.0,0.0,0.0,0.0,0.25950406264471854,0
C6033,6.0,3.0,0.0,0.0,0.0,0.0,0.6623163389887593,0
C6037,1090.0,21.0,1.0,0.0,0.0,0.0,0.36092283080031995,0
C604,0.0,0.0,0.0,0.0,7.0,0.0,0.03048036037553151,0
C6041,1.0,1.0,0.0,0.0,0.0,0.0,0.4302614406601271,0
C6047,11.0,8.0,0.0,0.0,0.0,0.0,2.5867469372289817,0
C605,0.0,0.0,0.0,0.0,119.0,0.0,4.569149160106092,0
C6058,1.0,1.0,0.0,0.0,0.0,0.0,20.16566328463773,0
C606,7.0,6.0,0.0,0.0,183.0,0.0,0.0,0
C6066,79.0,16.0,0.0,0.0,0.0,0.0,0.1324885277649139,0
C6067,44.0,21.0,0.0,0.0,0.0,0.0,28.08798888561445,0
C607,0.0,0.0,0.0,0.0,71.0,0.0,2.3381467604092117,0
C608,1507.0,22.0,1.0,0.0,103.0,0.0,24.11249105376163,0
C609,0.0,0.0,0.0,0.0,67.0,0.0,0.0,0
C6093,11.0,8.0,0.0,0.0,0.0,0.0,92.89277143939712,0
C6096,2.0,2.0,0.0,0.0,0.0,0.0,155.0077463899297,0
C61,0.0,0.0,0.0,0.0,8070.0,0.0,0.0,0
C610,2.0,1.0,0.0,0.0,129.0,0.0,0.0,0
C611,0.0,0.0,0.0,0.0,99.0,0.0,0.0,0
C6110,21.0,10.0,0.0,0.0,0.0,0.0,54.09859807182251,0
C612,0.0,0.0,0.0,444.0,58188.0,0.0,21866.1717677767,0
C613,0.0,0.0,0.0,0.0,129.0,0.0,0.0,0
C614,0.0,0.0,0.0,0.0,125.0,0.0,45.28051193533448,0
C6143,2.0,2.0,0.0,0.0,0.0,0.0,0.0,0
C6146,12.0,9.0,0.0,0.0,0.0,0.0,91.92935629183683,0
C6148,88.0,14.0,0.0,0.0,0.0,0.0,2.2574832652717554,0
C615,6.0,6.0,0.0,0.0,84.0,0.0,0.0,0
C6155,31.0,15.0,0.0,0.0,0.0,0.0,0.0,0
C616,0.0,0.0,0.0,3.0,725.0,0.0,114.84679829916222,0
C6163,4.0,3.0,0.0,0.0,0.0,0.0,13.728539552898582,0
C617,0.0,0.0,0.0,0.0,147.0,0.0,0.7320338483559972,0
C6171,8.0,6.0,0.0,0.0,0.0,0.0,57.61566959962952,0
C618,0.0,0.0,0.0,0.0,110.0,0.0,0.0,0
C6181,46.0,10.0,0.0,0.0,0.0,0.0,4.424535848103398,0
C6183,70.0,5.0,0.0,0.0,0.0,0.0,0.7691239001389298,0
C6184,36.0,10.0,0.0,0.0,0.0,0.0,0.1724834757714815,0
C6189,78.0,17.0,0.0,0.0,0.0,0.0,13.653685850208396,0
C619,1.0,1.0,0.0,0.0,92.0,0.0,22.70306908601019,0
C62,266.0,16.0,0.0,0.0,233.0,0.0,0.0,0
C620,0.0,0.0,0.0,0.0,141.0,0.0,0.3937607881109755,0
C6200,23.0,3.0,0.0,0.0,0.0,0.0,100.91297941312676,0
C6201,26.0,7.0,0.0,0.0,0.0,0.0,0.0,0
C621,1.0,1.0,0.0,0.0,36.0,0.0,0.0,0
C6217,67.0,19.0,0.0,0.0,0.0,0.0,21.28514292931419,0
C6219,13.0,7.0,0.0,0.0,0.0,0.0,333.60042941944175,0
C622,0.0,0.0,0.0,0.0,107.0,0.0,0.0,0
C6223,4.0,3.0,0.0,0.0,0.0,0.0,2.2258662063739316,0
C6225,3.0,3.0,0.0,0.0,0.0,0.0,0.0,0
C623,0.0,0.0,0.0,0.0,119.0,0.0,0.3660169241779986,0
C6238,653.0,20.0,0.0,0.0,0.0,0.0,68.73397044583842,0
C624,0.0,0.0,0.0,0.0,108.0,0.0,53.34930324590578,0
C6247,31.0,10.0,0.0,0.0,0.0,0.0,22.595082726392455,0
C6249,7.0,3.0,0.0,0.0,0.0,0.0,470.98193912347915,0
C625,0.0,0.0,0.0,99.0,55210.0,0.0,12401.975329432073,0
C6255,8.0,7.0,0.0,0.0,0.0,0.0,5.258872563465667,0
C626,50.0,9.0,0.0,0.0,304.0,0.0,0.0,0
C6261,56.0,7.0,0.0,0.0,0.0,0.0,19.080705595082726,0
C6267,22.0,10.0,0.0,0.0,0.0,0.0,16.389340293857618,0
C627,1.0,1.0,0.0,0.0,60.0,0.0,0.0,0
C6273,18.0,11.0,0.0,0.0,0.0,0.0,0.4220098513871932,0
C6275,24.0,12.0,0.0,0.0,0.0,0.0,1.5349219046015241,0
C6279,5.0,3.0,0.0,0.0,0.0,0.0,0.0,0
C628,4.0,1.0,0.0,0.0,77.0,0.0,5.895507935839683,0
C6281,62.0,17.0,0.0,0.0,0.0,0.0,6.581568643960763,0
C629,0.0,0.0,0.0,0.0,83.0,0.0,1.2158043194543846,0
C6290,4.0,4.0,0.0,0.0,0.0,0.0,2.6614322401380877,0
C6296,1.0,1.0,0.0,0.0,0.0,0.0,17.01637687871006,0
C63,0.0,0.0,0.0,0.0,640.0,0.0,0.8249905275123143,0
C630,0.0,0.0,0.0,0.0,111.0,0.0,0.0,0
C6300,11.0,6.0,0.0,0.0,0.0,0.0,2.0473624384288303,0
C631,1323.0,19.0,0.0,0.0,126.0,0.0,0.0,0
C632,0.0,0.0,0.0,0.0,129.0,0.0,0.0,0
C633,1.0,1.0,0.0,0.0,78.0,0.0,0.0,0
C6332,61.0,16.0,0.0,0.0,0.0,0.0,13.818086136488022,0
C6335,259.0,13.0,0.0,0.0,0.0,0.0,0.0,0
C6336,24.0,12.0,0.0,0.0,0.0,0.0,19.945733170546877,0
C634,0.0,0.0,0.0,0.0,78.0,0.0,0.0,0
C6342,20.0,9.0,0.0,0.0,0.0,0.0,701.7881109754558,0
C6346,1914.0,26.0,1.0,0.0,0.0,0.0,39.62728918452406,0
C635,8.0,5.0,0.0,0.0,69.0,0.0,0.0,0
C6358,14.0,10.0,0.0,0.0,0.0,0.0,0.7690397002483896,0
C636,0.0,0.0,0.0,0.0,86.0,0.0,0.0,0
C6360,91.0,16.0,0.0,0.0,0.0,0.0,11.380036205952932,0
C6361,7.0,4.0,0.0,0.0,0.0,0.0,58.51690312802593,0
C6367,1517.0,28.0,1.0,0.0,0.0,0.0,47.61377510209237,0
C637,0.0,0.0,0.0,0.0,105.0,0.0,5.039658148444407,0
C6373,23.0,7.0,0.0,0.0,0.0,0.0,13.417926156695996,0
C639,20.0,5.0,0.0,0.0,96.0,0.0,0.0,0
C64,1041.0,19.0,0.0,0.0,174.0,0.0,52.02046057340125,0
C640,0.0,0.0,0.0,0.0,165.0,0.0,12.223803309055699,0
C6407,30.0,7.0,0.0,0.0,0.0,0.0,18.670020628973184,0
C641,0.0,0.0,0.0,0.0,284.0,0.0,97.45564770765797,0
C642,1.0,1.0,0.0,0.0,72.0,0.0,0.0,0
C6421,5.0,5.0,0.0,0.0,0.0,0.0,178.8483559971372,0
C643,0.0,0.0,0.0,0.0,81.0,0.0,0.0,0
C6433,45.0,13.0,0.0,0.0,0.0,0.0,0.0,0
C644,0.0,0.0,0.0,0.0,77.0,0.0,0.0,0
C6440,68.0,19.0,0.0,0.0,0.0,0.0,96.08558918873405,0
C6442,428.0,21.0,1.0,0.0,0.0,0.0,0.9995790005472993,0
C6445,20.0,9.0,0.0,0.0,0.0,0.0,91.23938028880562,0
C6449,5.0,3.0,0.0,0.0,0.0,0.0,86.46356249736876,0
C645,0.0,0.0,0.0,0.0,94.0,0.0,10.257483265271755,0
C6458,25.0,12.0,0.0,0.0,0.0,0.0,0.9131057129625731,0
C646,0.0,0.0,0.0,0.0,141.0,0.0,0.0,0
C6466,11.0,1.0,0.0,0.0,0.0,0.0,0.0,0
C647,2.0,2.0,0.0,0.0,112.0,0.0,0.0,0
C648,0.0,0.0,0.0,0.0,138.0,0.0,0.0,0
C649,0.0,0.0,0.0,0.0,77.0,0.0,32.84010440786427,0
C6492,12.0,6.0,0.0,0.0,0.0,0.0,18.227423904348925,0
C6495,19.0,6.0,0.0,0.0,0.0,0.0,0.9196312044794341,0
C65,0.0,0.0,0.0,0.0,101.0,0.0,0.0,0
C650,0.0,0.0,0.0,0.0,116.0,0.0,0.3660169241779986,0
C6503,80.0,19.0,0.0,0.0,0.0,0.0,11.84604050014735,0
C6507,87.0,15.0,0.0,0.0,0.0,0.0,18.670483728371153,0
C6509,670.0,25.0,1.0,0.0,0.0,0.0,2267.339367658822,0
C651,6.0,5.0,0.0,0.0,118.0,0.0,0.0,0
C652,13.0,8.0,0.0,0.0,78.0,0.0,0.0,0
C653,0.0,0.0,0.0,0.0,98.0,0.0,0.0,0
C6530,36.0,17.0,0.0,0.0,0.0,0.0,0.943207173830674,0
C6537,779.0,32.0,1.0,0.0,0.0,0.0,0.2854376289310824,0
C6538,11.0,7.0,0.0,0.0,0.0,0.0,122.72327705973983,0
C654,37.0,9.0,0.0,0.0,110.0,0.0,0.0,0
C6542,83.0,18.0,0.0,0.0,0.0,0.0,0.4813707742179935,0
C655,0.0,0.0,0.0,0.0,65.0,0.0,0.0,0
C656,0.0,0.0,0.0,0.0,124.0,0.0,0.0,0
C6563,9.0,7.0,0.0,0.0,0.0,0.0,8629.307582200143,0
C657,3419.0,33.0,1.0,0.0,226.0,0.0,0.0,0
C6572,59.0,7.0,0.0,0.0,0.0,0.0,0.5165242285185029,0
C6574,37.0,15.0,0.0,0.0,0.0,0.0,0.12364753925819896,0
C6578,35.0,17.0,0.0,0.0,0.0,0.0,73.50957773754894,0
C658,0.0,0.0,0.0,0.0,130.0,0.0,0.0,0
C6586,2.0,2.0,0.0,0.0,0.0,0.0,47.547593988127815,0
C6587,37.0,10.0,0.0,0.0,0.0,0.0,9.903506925440997,0
C659,0.0,0.0,0.0,0.0,196.0,0.0,0.33890455942407277,0
C6598,15.0,9.0,0.0,0.0,0.0,0.0,62.00698859091483,0
C66,0.0,0.0,0.0,0.0,97.0,0.0,0.0,0
C660,0.0,0.0,0.0,0.0,63.0,0.0,3.462678398518082,0
C6604,117.0,16.0,0.0,0.0,0.0,0.0,0.0,0
C6609,58.0,14.0,0.0,0.0,0.0,0.0,0.0,0
C661,0.0,0.0,0.0,0.0,93.0,0.0,52.198753841620004,0
C6615,30.0,6.0,0.0,0.0,0.0,0.0,0.0,0
C662,0.0,0.0,0.0,0.0,138.0,0.0,0.0,0
C6621,10.0,8.0,0.0,0.0,0.0,0.0,0.0,0
C6623,1.0,1.0,0.0,0.0,0.0,0.0,121.7761966909443,0
C6629,23.0,12.0,0.0,0.0,0.0,0.0,115.79291036921651,0
C663,0.0,0.0,0.0,0.0,344.0,0.0,0.0,0
C664,0.0,0.0,0.0,0.0,110.0,0.0,0.33890455942407277,0
C6641,9.0,6.0,0.0,0.0,0.0,0.0,8.499515850629393,0
C6645,3.0,2.0,0.0,0.0,0.0,0.0,163.8451143013514,0
C665,0.0,0.0,0.0,0.0,90.0,0.0,7.5344588052035535,0
C6655,5.0,5.0,0.0,0.0,0.0,0.0,112.66383193701849,0
C6657,4.0,2.0,0.0,0.0,0.0,0.0,0.4151475603081716,0
C6659,10.0,6.0,0.0,0.0,0.0,0.0,0.7671031027659664,0
C6665,49.0,9.0,0.0,0.0,0.0,0.0,44.77076579800446,0
C667,0.0,0.0,0.0,0.0,186.0,0.0,36.10567086262788,0
C6673,6.0,6.0,0.0,0.0,0.0,0.0,6.806677051319833,0
C6675,8.0,5.0,0.0,0.0,0.0,0.0,3.1699995790005473,0
C6679,50.0,19.0,0.0,0.0,0.0,0.0,0.6370984717719868,0
C668,0.0,0.0,0.0,0.0,152.0,0.0,0.33890455942407277,0
C6689,33.0,12.0,0.0,0.0,0.0,0.0,19.33751526123016,0
C669,0.0,0.0,0.0,0.0,119.0,0.0,0.0,0
C6699,21.0,15.0,0.0,0.0,0.0,0.0,0.0,0
C67,2.0,2.0,0.0,0.0,116.0,0.0,0.0,0
C670,0.0,0.0,0.0,0.0,168.0,0.0,0.7320338483559972,0
C671,0.0,0.0,0.0,0.0,191.0,0.0,1.259209363027828,0
C672,0.0,0.0,0.0,0.0,113.0,0.0,0.0,0
C6725,3.0,2.0,0.0,0.0,0.0,0.0,55.90093882877952,0
C6729,11.0,9.0,0.0,0.0,0.0,0.0,15.097377173409674,0
C673,0.0,0.0,0.0,0.0,184.0,0.0,0.0,0
C6737,47.0,15.0,0.0,0.0,0.0,0.0,51.11160695491096,0
C6739,8.0,4.0,0.0,0.0,0.0,0.0,13.565023365469624,0
C674,0.0,0.0,0.0,0.0,104.0,0.0,0.6778091188481455,0
C6741,8.0,5.0,0.0,0.0,0.0,0.0,0.0,0
C6747,1.0,1.0,0.0,0.0,0.0,0.0,9.121584641939965,0
C675,1.0,1.0,0.0,0.0,109.0,0.0,0.0,0
C6752,40.0,17.0,0.0,0.0,0.0,0.0,12.446427819643834,0
C6758,2257.0,33.0,1.0,0.0,0.0,0.0,0.80474045383741,0
C676,0.0,0.0,0.0,0.0,73.0,0.0,4.247842377804909,0
C677,34.0,16.0,0.0,0.0,118.0,0.0,0.0,0
C678,0.0,0.0,0.0,0.0,65.0,0.0,0.0,0
C6781,4.0,4.0,0.0,0.0,0.0,0.0,33.958321054182626,0
C6785,9.0,5.0,0.0,0.0,0.0,0.0,0.5822001431398139,0
C679,49.0,12.0,0.0,0.0,178.0,0.0,48.14057171725677,0
C6793,9.0,7.0,0.0,0.0,0.0,0.0,0.4433124236938492,0
C6795,14.0,8.0,0.0,0.0,0.0,0.0,4.471435187134257,0
C68,48.0,10.0,0.0,0.0,106.0,0.0,0.0,0
C680,3.0,3.0,0.0,0.0,66.0,0.0,0.0,0
C6801,5.0,4.0,0.0,0.0,0.0,0.0,3.7104365764324507,0
C6806,6.0,4.0,0.0,0.0,0.0,0.0,13.749631625478887,0
C681,0.0,0.0,0.0,0.0,130.0,0.0,0.0,0
C6810,10807.0,28.0,1.0,0.0,0.0,0.0,62.73262324758978,0
C6815,8.0,5.0,0.0,0.0,0.0,0.0,38.2712078474298,0
C6817,6.0,3.0,0.0,0.0,0.0,0.0,0.0,0
C682,0.0,0.0,0.0,0.0,84.0,0.0,0.0,0
C6823,4.0,4.0,0.0,0.0,0.0,0.0,47.832779017387274,0
C6826,10.0,9.0,0.0,0.0,0.0,0.0,10.057129625731486,0
C683,0.0,0.0,0.0,0.0,121.0,0.0,88.32875847261398,0
C6837,4.0,3.0,0.0,0.0,0.0,0.0,6.08874668462931,0
C684,0.0,0.0,0.0,0.0,182.0,0.0,47.87487896265735,0
C6841,3.0,2.0,0.0,0.0,0.0,0.0,0.0,0
C6846,12.0,7.0,0.0,0.0,0.0,0.0,0.0,0
C6847,36.0,14.0,0.0,0.0,0.0,0.0,0.8156443396623584,0
C685,0.0,0.0,0.0,0.0,95.0,0.0,0.0,0
C6855,15.0,2.0,0.0,0.0,0.0,0.0,4.540984296720414,0
C6857,2183.0,27.0,1.0,0.0,0.0,0.0,18.907380120405843,0
C686,0.0,0.0,0.0,0.0,197.0,0.0,0.3660169241779986,0
C687,0.0,0.0,0.0,0.0,51.0,0.0,0.0,0
C6871,14.0,7.0,0.0,0.0,0.0,0.0,3.6879552056582328,0
C6876,6.0,5.0,0.0,0.0,0.0,0.0,0.8696585694438598,0
C688,0.0,0.0,0.0,0.0,70.0,0.0,4.150802003957395,0
C6889,27.0,11.0,0.0,0.0,0.0,0.0,13.451269313349894,0
C689,0.0,0.0,0.0,0.0,66.0,0.0,4.887214246621479,0
C6895,5.0,4.0,0.0,0.0,0.0,0.0,2.0434471435187134,0
C6897,1442.0,28.0,1.0,0.0,0.0,0.0,10.980002525996715,0
C69,0.0,0.0,0.0,0.0,70.0,0.0,1.8528606912811014,0
C690,0.0,0.0,0.0,0.0,170.0,0.0,0.0,0
C6909,46.0,13.0,0.0,0.0,0.0,0.0,2.838041510546036,0
C691,28.0,10.0,0.0,0.0,98.0,0.0,0.0,0
C6917,13.0,7.0,0.0,0.0,0.0,0.0,6.184987159516693,0
C6918,20.0,12.0,0.0,0.0,0.0,0.0,37.77476529280512,0
C692,0.0,0.0,0.0,0.0,66.0,0.0,3.500442049425336,0
C6920,1.0,1.0,0.0,0.0,0.0,0.0,0.0,0
C6928,10.0,8.0,0.0,0.0,0.0,0.0,0.19113375152612302,0
C693,0.0,0.0,0.0,0.0,62.0,0.0,0.0,0
C6931,19.0,10.0,0.0,0.0,0.0,0.0,60.21946701469288,0
C6937,25.0,12.0,0.0,0.0,0.0,0.0,2.8297057213825623,0
C694,0.0,0.0,0.0,0.0,90.0,0.0,0.0,0
C695,14.0,3.0,0.0,0.0,81.0,0.0,0.0,0
C6957,7.0,4.0,0.0,0.0,0.0,0.0,0.43051404033174756,0
C697,120.0,23.0,1.0,0.0,93.0,0.0,0.0,0
C698,0.0,0.0,0.0,0.0,239.0,0.0,0.0,0
C6984,4.0,4.0,0.0,0.0,0.0,0.0,28.130888729844653,0
C6988,18.0,12.0,0.0,0.0,0.0,0.0,0.6790300172609776,0
C699,6.0,4.0,0.0,0.0,101.0,0.0,96.50814633940976,0
C6992,99.0,10.0,0.0,0.0,0.0,0.0,0.2983623121289942,0
C7,0.0,0.0,0.0,0.0,8643.0,0.0,0.0,0
C70,0.0,0.0,0.0,0.0,201.0,0.0,0.0,0
C700,2.0,1.0,0.0,0.0,153.0,0.0,3.51479813076243,0
C7008,1.0,1.0,0.0,0.0,0.0,0.0,0.0,0
C7009,8.0,6.0,0.0,0.0,0.0,0.0,0.6288889824443228,0
C701,0.0,0.0,0.0,0.0,79.0,0.0,0.0,0
C7011,24.0,12.0,0.0,0.0,0.0,0.0,13.083021092072581,0
C702,0.0,0.0,0.0,0.0,124.0,0.0,4.399317980886625,0
C7024,2.0,1.0,0.0,0.0,0.0,0.0,0.0,0
C7027,7.0,3.0,0.0,0.0,0.0,0.0,1.3918241906285522,0
C703,0.0,0.0,0.0,0.0,63.0,0.0,0.0,0
C7036,20.0,10.0,0.0,0.0,0.0,0.0,80.21668841830505,0
C7038,4.0,3.0,0.0,0.0,0.0,0.0,0.0,0
C704,0.0,0.0,0.0,0.0,125.0,0.0,0.12659453542710394,0
C7040,130.0,11.0,0.0,0.0,0.0,0.0,1.9559634572475055,0
C7046,50.0,10.0,0.0,0.0,0.0,0.0,15.560223971708837,0
C705,1.0,1.0,0.0,0.0,131.0,0.0,36.67220982612723,0
C706,1.0,1.0,0.0,0.0,406.0,0.0,89643.17244137582,0
C7063,88.0,7.0,0.0,0.0,0.0,0.0,2.257609565107565,0
C7065,2.0,2.0,0.0,0.0,0.0,0.0,2.9972214036121754,0
C7069,47.0,10.0,0.0,0.0,0.0,0.0,15.731781248684376,0
C707,8.0,8.0,0.0,0.0,91.0,0.0,394.4795183766261,0
C7073,32.0,14.0,0.0,0.0,0.0,0.0,14.776322990780113,0
C7075,29.0,4.0,0.0,0.0,0.0,0.0,2.093419778554288,0
C708,0.0,0.0,0.0,0.0,65.0,0.0,3.7083315791689473,0
C7081,15.0,10.0,0.0,0.0,0.0,0.0,34.108828358523134,0
C7083,7.0,7.0,0.0,0.0,0.0,0.0,15.575632551677684,0
C709,1618.0,21.0,1.0,0.0,80.0,0.0,29.471898286532227,0
C7093,102.0,21.0,1.0,0.0,0.0,0.0,0.9586578537447902,0
C7095,1.0,1.0,0.0,0.0,0.0,0.0,134.25567296762515,0
C71,0.0,0.0,0.0,0.0,89.0,0.0,0.0,0
C710,0.0,0.0,0.0,0.0,157.0,0.0,39.32054898328632,0
C7102,40.0,9.0,0.0,0.0,0.0,0.0,12.206121332042269,0
C7109,15.0,8.0,0.0,0.0,0.0,0.0,16.489369763819308,0
C711,0.0,0.0,0.0,0.0,71.0,0.0,0.0,0
C7115,6.0,4.0,0.0,0.0,0.0,0.0,7.907211720624764,0
C7119,9.0,6.0,0.0,0.0,0.0,0.0,0.0,0
C712,0.0,0.0,0.0,0.0,94.0,0.0,71.29697301393509,0
C713,0.0,0.0,0.0,0.0,87.0,0.0,0.0,0
C7137,2.0,2.0,0.0,0.0,0.0,0.0,91.12011114385551,0
C714,0.0,0.0,0.0,0.0,69.0,0.0,5.039910748116028,0
C7141,3.0,3.0,0.0,0.0,0.0,0.0,0.0,0
C715,171.0,13.0,0.0,0.0,127.0,0.0,0.0,0
C7158,47.0,10.0,0.0,0.0,0.0,0.0,3.8169073380204606,0
C716,3.0,2.0,0.0,0.0,97.0,0.0,0.0,0
C7160,15.0,6.0,0.0,0.0,0.0,0.0,0.592304130004631,0
C7162,4.0,4.0,0.0,0.0,0.0,0.0,0.6440870626868185,0
C7166,1.0,1.0,0.0,0.0,0.0,0.0,1032.2217404117375,0
C717,0.0,0.0,0.0,0.0,71.0,0.0,3.4611207005430895,0
C7176,13.0,5.0,0.0,0.0,0.0,0.0,14.020123773839094,0
C718,0.0,0.0,0.0,0.0,121.0,0.0,1.8274323243379784,0
C7182,6.0,4.0,0.0,0.0,0.0,0.0,0.0,0
C7184,8.0,6.0,0.0,0.0,0.0,0.0,18.050730434050436,0
C719,2.0,1.0,0.0,0.0,95.0,0.0,18.67999831600219,0
C7190,7.0,6.0,0.0,0.0,0.0,0.0,0.7191512651033554,0
C7196,1.0,1.0,0.0,0.0,0.0,0.0,0.7476529280511935,0
C72,1.0,1.0,0.0,0.0,679.0,0.0,0.0,0
C720,0.0,0.0,0.0,0.0,200.0,0.0,4.654022649770555,0
C721,6.0,4.0,0.0,0.0,100.0,0.0,50.27251294573317,0
C7211,8.0,6.0,0.0,0.0,0.0,0.0,12.310992295710015,0
C7217,5.0,3.0,0.0,0.0,0.0,0.0,8.7576306150802,0
C722,0.0,0.0,0.0,0.0,90.0,0.0,0.0,0
C7221,26.0,15.0,0.0,0.0,0.0,0.0,0.9438386730097251,0
C7223,10.0,6.0,0.0,0.0,0.0,0.0,88.13046773039196,0
C7227,9.0,5.0,0.0,0.0,0.0,0.0,1.2346650949353766,0
C723,0.0,0.0,0.0,0.0,144.0,0.0,0.0,0
C7237,522.0,23.0,1.0,0.0,0.0,0.0,64.94943796573064,0
C724,0.0,0.0,0.0,0.0,69.0,0.0,0.0,0
C7244,7.0,4.0,0.0,0.0,0.0,0.0,28011.408916768407,0
C725,0.0,0.0,0.0,0.0,94.0,0.0,0.0,0
C7251,6.0,6.0,0.0,0.0,0.0,0.0,79.236475392582,0
C726,1.0,1.0,0.0,0.0,98.0,0.0,0.0,0
C7262,13.0,10.0,0.0,0.0,0.0,0.0,4.7322443480823475,0
C727,0.0,0.0,0.0,0.0,97.0,0.0,0.6809245147981308,0
C7276,4.0,3.0,0.0,0.0,0.0,0.0,0.0,0
C7277,9.0,4.0,0.0,0.0,0.0,0.0,0.0,0
C728,1.0,1.0,0.0,0.0,134.0,0.0,0.0,0
C7286,3.0,3.0,0.0,0.0,0.0,0.0,11.608470508988338,0
C7288,6.0,6.0,0.0,0.0,0.0,0.0,352.96518334526166,0
C729,0.0,0.0,0.0,0.0,177.0,0.0,0.3660169241779986,0
C7298,2790.0,85.0,1.0,0.0,0.0,0.0,0.9423651749252726,0
C73,4.0,3.0,0.0,0.0,96.0,0.0,0.0,0
C730,7.0,5.0,0.0,0.0,119.0,0.0,0.7350650444154423,0
C731,0.0,0.0,0.0,0.0,85.0,0.0,4.069549109586157,0
C7310,8.0,6.0,0.0,0.0,0.0,0.0,84.91129541531596,0
C7312,1054.0,21.0,1.0,0.0,0.0,0.0,22.40302277607039,0
C732,0.0,0.0,0.0,0.0,83.0,0.0,5.341262156359197,0
C733,0.0,0.0,0.0,0.0,68.0,0.0,0.14937060581821243,0
C734,0.0,0.0,0.0,0.0,4.0,0.0,0.0,0
C7344,15.0,11.0,0.0,0.0,0.0,0.0,0.11354355239338189,0
C735,0.0,0.0,0.0,0.0,101.0,0.0,47.673009725087354,0
C7350,22.0,5.0,0.0,0.0,0.0,0.0,0.7513156232896897,0
C7352,6.0,6.0,0.0,0.0,0.0,0.0,0.0,0
C7356,3.0,2.0,0.0,0.0,0.0,0.0,25.02378646907759,0
C736,0.0,0.0,0.0,0.0,80.0,0.0,0.0,0
C737,0.0,0.0,0.0,0.0,80.0,0.0,3.441417926156696,0
C7373,3.0,2.0,0.0,0.0,0.0,0.0,0.9878752157622195,0
C738,0.0,0.0,0.0,0.0,60.0,0.0,0.0,0
C7384,7.0,6.0,0.0,0.0,0.0,0.0,189.39384498800152,0
C7388,22.0,9.0,0.0,0.0,0.0,0.0,0.0,0
C739,0.0,0.0,0.0,0.0,158.0,0.0,32.40100197869743,0
C74,2.0,2.0,0.0,0.0,95.0,0.0,0.0,0
C740,48.0,7.0,0.0,0.0,132.0,0.0,0.0,0
C7409,7.0,7.0,0.0,0.0,0.0,0.0,1.8225908306319203,0
C741,0.0,0.0,0.0,0.0,103.0,0.0,0.0,0
C7411,19.0,14.0,0.0,0.0,0.0,0.0,7.345682650612554,0
C7414,2.0,2.0,0.0,0.0,0.0,0.0,3.3901822927630194,0
C742,0.0,0.0,0.0,1.0,452.0,0.0,75.05207763229907,0
C7426,2.0,2.0,0.0,0.0,0.0,0.0,0.0,0
C743,3.0,2.0,0.0,30.0,10444.0,0.0,126.04929903591125,0
C7438,76.0,16.0,0.0,0.0,0.0,0.0,0.0,0
C7446,1.0,1.0,0.0,0.0,0.0,0.0,1.6155432997937103,0
C745,16.0,13.0,0.0,0.0,75.0,0.0,18.807013850881994,0
C746,0.0,0.0,0.0,0.0,173.0,0.0,5.512608933608386,0
C747,1.0,1.0,0.0,0.0,74.0,0.0,0.0,0
C7474,13.0,7.0,0.0,0.0,0.0,0.0,9.563802467056792,0
C748,2.0,2.0,0.0,0.0,136.0,0.0,0.0,0
C7485,14.0,9.0,0.0,0.0,0.0,0.0,1.6541068496610953,0
C7489,1308.0,13.0,0.0,0.0,0.0,0.0,0.0,0
C749,0.0,0.0,0.0,0.0,122.0,0.0,241.5649391655791,0
C7491,18.0,12.0,0.0,0.0,0.0,0.0,43.09261987959415,0
C7499,6.0,5.0,0.0,0.0,0.0,0.0,0.8586283837831011,0
C75,0.0,0.0,0.0,0.0,80.0,0.0,0.0,0
C750,0.0,0.0,0.0,0.0,126.0,0.0,141.11720624763188,0
C7505,4.0,3.0,0.0,0.0,0.0,0.0,55.208184229360505,0
C751,26.0,20.0,0.0,0.0,104.0,0.0,1.554372079316297,0
C7511,20.0,4.0,0.0,0.0,0.0,0.0,11.820064833915715,0
C7517,14.0,10.0,0.0,0.0,0.0,0.0,1.560392371489917,0
C752,23.0,10.0,0.0,0.0,103.0,0.0,0.0,0
C753,0.0,0.0,0.0,0.0,55.0,0.0,3.357975834631415,0
C7533,65.0,20.0,0.0,0.0,0.0,0.0,112.55403527975413,0
C754,0.0,0.0,0.0,0.0,141.0,0.0,38644.703153285904,0
C755,0.0,0.0,0.0,0.0,90.0,0.0,0.0,0
C7550,7.0,5.0,0.0,0.0,0.0,0.0,1.7796067865111775,0
C756,0.0,0.0,0.0,0.0,69.0,0.0,0.0,0
C7560,61.0,6.0,0.0,0.0,0.0,0.0,2.6203426935544982,0
C757,0.0,0.0,0.0,0.0,69.0,0.0,0.0,0
C758,0.0,0.0,0.0,0.0,108.0,0.0,0.0,0
C7581,6.0,6.0,0.0,0.0,0.0,0.0,129.74100113669851,0
C759,0.0,0.0,0.0,0.0,95.0,0.0,0.0,0
C7597,22.0,5.0,0.0,0.0,0.0,0.0,0.681598113922452,0
C7599,6.0,4.0,0.0,0.0,0.0,0.0,0.608891508441039,0
C76,0.0,0.0,0.0,0.0,144.0,0.0,0.33890455942407277,0
C760,0.0,0.0,0.0,0.0,66.0,0.0,0.0,0
C761,0.0,0.0,0.0,0.0,208.0,0.0,0.0,0
C7612,12.0,12.0,0.0,0.0,0.0,0.0,0.0,0
C7616,2.0,2.0,0.0,0.0,0.0,0.0,2.8730686650107353,0
C762,0.0,0.0,0.0,0.0,83.0,0.0,0.0,0
C763,0.0,0.0,0.0,0.0,125.0,0.0,0.0,0
C764,73.0,13.0,0.0,0.0,90.0,0.0,0.0,0
C7643,12.0,8.0,0.0,0.0,0.0,0.0,46.73258114764451,0
C7645,10.0,9.0,0.0,0.0,0.0,0.0,5.560434471435187,0
C7647,6.0,4.0,0.0,0.0,0.0,0.0,0.7283290531722308,0
C765,2.0,2.0,0.0,0.0,179.0,0.0,0.0,0
C7650,100.0,13.0,0.0,0.0,0.0,0.0,0.0,0
C7654,17.0,13.0,0.0,0.0,0.0,0.0,0.2898581231844399,0
C766,0.0,0.0,0.0,0.0,54.0,0.0,0.0,0
C7662,31.0,18.0,0.0,0.0,0.0,0.0,122.0751063023618,0
C767,0.0,0.0,0.0,0.0,152.0,0.0,0.14671830926619794,0
C7670,17.0,10.0,0.0,0.0,0.0,0.0,17.659664042436745,0
C768,5907.0,22.0,1.0,0.0,389.0,0.0,91.22039321348882,0
C7685,2.0,2.0,0.0,0.0,0.0,0.0,0.7590199132741128,0
C769,0.0,0.0,0.0,0.0,116.0,0.0,0.0,0
C77,0.0,0.0,0.0,0.0,119.0,0.0,0.0,0
C770,0.0,0.0,0.0,0.0,154.0,0.0,6.459436702732287,0
C7709,53.0,15.0,0.0,0.0,0.0,0.0,2.5311329095272175,0
C771,0.0,0.0,0.0,0.0,141.0,0.0,125.9295246916179,0
C772,22.0,11.0,0.0,0.0,75.0,0.0,30.00063149917905,0
C7720,8.0,6.0,0.0,0.0,0.0,0.0,59.11901654527849,0
C7722,16.0,6.0,0.0,0.0,0.0,0.0,3.960257651665053,0
C7724,16.0,12.0,0.0,0.0,0.0,0.0,1.040710647076159,0
C7728,8.0,3.0,0.0,0.0,0.0,0.0,1.130762430008841,0
C773,0.0,0.0,0.0,0.0,130.0,0.0,18388.925735696543,0
C774,22.0,9.0,0.0,0.0,108.0,0.0,0.0,0
C775,0.0,0.0,0.0,0.0,75.0,0.0,14.297015113880352,0
C776,0.0,0.0,0.0,0.0,75.0,0.0,155.70521618321897,0
C7765,8.0,3.0,0.0,0.0,0.0,0.0,140.3696796194165,0
C7767,19.0,13.0,0.0,0.0,0.0,0.0,2.402980676125121,0
C777,0.0,0.0,0.0,0.0,76.0,0.0,0.0,0
C7774,17.0,9.0,0.0,0.0,0.0,0.0,3.6024923167599883,0
C7778,99.0,11.0,0.0,0.0,0.0,0.0,0.5990401212478423,0
C778,1.0,1.0,0.0,0.0,116.0,0.0,0.0,0
C7782,24.0,9.0,0.0,0.0,0.0,0.0,1.5948301267208354,0
C779,2.0,2.0,0.0,0.0,257.0,0.0,0.0,0
C7792,6.0,6.0,0.0,0.0,0.0,0.0,83.56536016503179,0
C7798,13.0,8.0,0.0,0.0,0.0,0.0,2.1565275965141244,0
C78,0.0,0.0,0.0,0.0,197.0,0.0,0.0,0
C780,0.0,0.0,0.0,0.0,90.0,0.0,19.606912811013345,0
C781,0.0,0.0,0.0,0.0,149.0,0.0,0.0,0
C782,69.0,20.0,0.0,0.0,81.0,0.0,4.186755357218035,0
C7820,2.0,2.0,0.0,0.0,0.0,0.0,19.962404748873826,0
C7828,3.0,2.0,0.0,0.0,0.0,0.0,0.6208057929524692,0
C783,0.0,0.0,0.0,0.0,66.0,0.0,0.0,0
C7833,6.0,4.0,0.0,0.0,0.0,0.0,0.0,0
C784,0.0,0.0,0.0,0.0,158.0,0.0,0.0,0
C7842,7.0,4.0,0.0,0.0,0.0,0.0,74.4646149960005,0
C785,3.0,2.0,0.0,0.0,164.0,0.0,0.0,0
C7852,99.0,7.0,0.0,0.0,0.0,0.0,0.9483854670988928,0
C7856,19.0,16.0,0.0,0.0,0.0,0.0,774.3478718477666,0
C7858,4.0,4.0,0.0,0.0,0.0,0.0,4.001852397591883,0
C786,0.0,0.0,0.0,0.0,86.0,0.0,7.2131099229571,0
C7863,868.0,21.0,1.0,0.0,0.0,0.0,0.4426809245147981,0
C787,0.0,0.0,0.0,0.0,125.0,0.0,4.542794594367027,0
C788,0.0,0.0,0.0,0.0,187.0,0.0,7.590072832905317,0
C7882,11.0,9.0,0.0,0.0,0.0,0.0,1024.404075274702,0
C7886,5.0,3.0,0.0,0.0,0.0,0.0,7.111691154801499,0
C789,10.0,5.0,0.0,0.0,135.0,0.0,4.621900391529491,0
C7895,4.0,1.0,0.0,0.0,0.0,0.0,0.0,0
C7898,20.0,10.0,0.0,0.0,0.0,0.0,13.009977687029007,0
C79,0.0,0.0,0.0,0.0,84.0,0.0,0.14204521534122005,0
C790,23.0,11.0,0.0,0.0,156.0,0.0,0.0,0
C7902,5.0,4.0,0.0,0.0,0.0,0.0,1.3597440323327579,0
C7904,1023.0,18.0,0.0,0.0,0.0,0.0,21.285058729423653,0
C791,0.0,0.0,0.0,0.0,188.0,0.0,0.0,0
C7918,94.0,16.0,0.0,0.0,0.0,0.0,152.42617774596894,0
C792,0.0,0.0,0.0,0.0,108.0,0.0,4.425419946954069,0
C7920,1.0,1.0,0.0,0.0,0.0,0.0,0.0,0
C7922,12.0,8.0,0.0,0.0,0.0,0.0,0.9169789079274197,0
C7926,2.0,2.0,0.0,0.0,0.0,0.0,0.5438891929440491,0
C793,0.0,0.0,0.0,0.0,276.0,0.0,966.7828063823517,0
C7932,9.0,6.0,0.0,0.0,0.0,0.0,0.0,0
C7938,5.0,3.0,0.0,0.0,0.0,0.0,75.22809750347325,0
C794,0.0,0.0,0.0,0.0,117.0,0.0,23.837620511093334,0
C7940,6.0,5.0,0.0,0.0,0.0,0.0,0.7246242579884646,0
C7944,36.0,18.0,0.0,0.0,0.0,0.0,43.39005599292721,0
C795,0.0,0.0,0.0,0.0,76.0,0.0,0.0,0
C7954,60.0,5.0,0.0,0.0,0.0,0.0,2.0511093335578665,0
C7955,642.0,23.0,1.0,0.0,0.0,0.0,0.7428535342904055,0
C796,0.0,0.0,0.0,0.0,115.0,0.0,6.8784153580600345,0
C7968,9.0,6.0,0.0,0.0,0.0,0.0,4.2778175388371995,0
C797,0.0,0.0,0.0,0.0,138.0,0.0,40.85416578958447,0
C7976,17.0,8.0,0.0,0.0,0.0,0.0,0.0,0
C798,1.0,1.0,0.0,0.0,243.0,0.0,0.0,0
C7984,4.0,4.0,0.0,0.0,0.0,0.0,0.0,0
C7986,1.0,1.0,0.0,0.0,0.0,0.0,0.0,0
C799,0.0,0.0,0.0,0.0,72.0,0.0,0.0,0
C7991,92.0,17.0,0.0,0.0,0.0,0.0,14.117290447522418,0
C8,0.0,0.0,0.0,0.0,73.0,0.0,22.95945775270492,0
C80,0.0,0.0,0.0,0.0,59.0,0.0,0.0,0
C800,0.0,0.0,0.0,0.0,86.0,0.0,0.3660169241779986,0
C801,2.0,2.0,0.0,0.0,1142.0,0.0,8.082179093167179,0
C8015,46.0,13.0,0.0,0.0,0.0,0.0,0.6722940260177662,0
C8017,14.0,5.0,0.0,0.0,0.0,0.0,151.91832610617607,0
C802,0.0,0.0,0.0,0.0,83.0,0.0,0.0,0
C8026,7.0,4.0,0.0,0.0,0.0,0.0,83.57243295583716,0
C803,0.0,0.0,0.0,0.0,108.0,0.0,0.0,0
C8030,18.0,12.0,0.0,0.0,0.0,0.0,9.89954953058561,0
C8038,32.0,9.0,0.0,0.0,0.0,0.0,14.191133751526124,0
C804,0.0,0.0,0.0,0.0,84.0,0.0,0.2808066349513746,0
C8040,2.0,2.0,0.0,0.0,0.0,0.0,0.5878415358060034,0
C8044,51.0,16.0,0.0,0.0,0.0,0.0,5.958026354565739,0
C805,0.0,0.0,0.0,0.0,84.0,0.0,0.0,0
C8054,85.0,16.0,0.0,0.0,0.0,0.0,14.790552772281396,0
C806,1360.0,25.0,1.0,0.0,73.0,0.0,0.0,0
C807,0.0,0.0,0.0,0.0,154.0,0.0,0.33890455942407277,0
C8076,11.0,9.0,0.0,0.0,0.0,0.0,92.34446175219972,0
C8078,15.0,8.0,0.0,0.0,0.0,0.0,0.3033722056161327,0
C808,0.0,0.0,0.0,0.0,132.0,0.0,0.0,0
C8080,8.0,5.0,0.0,0.0,0.0,0.0,0.3226539805498253,0
C809,40.0,18.0,0.0,0.0,111.0,0.0,0.7345598450722014,0
C8097,17.0,10.0,0.0,0.0,0.0,0.0,10.358986233317896,0
C81,19.0,7.0,0.0,0.0,153.0,0.0,4.6622321390982195,0
C810,7.0,5.0,0.0,0.0,184.0,0.0,54.19648044457542,0
C8107,5.0,4.0,0.0,0.0,0.0,0.0,94.04630993979708,0
C811,0.0,0.0,0.0,0.0,171.0,0.0,7.418389256093967,0
C8119,6.0,3.0,0.0,0.0,0.0,0.0,0.26569275459941905,0
C812,8.0,3.0,0.0,0.0,178.0,0.0,49.200606239211886,0
C8124,86.0,12.0,0.0,0.0,0.0,0.0,0.42394644886961647,0
C8129,9.0,5.0,0.0,0.0,0.0,0.0,14.057466425293647,0
C813,0.0,0.0,0.0,0.0,162.0,0.0,35.722982360122934,0
C8131,12.0,4.0,0.0,0.0,0.0,0.0,11.64572896055235,0
C8133,900.0,17.0,0.0,0.0,0.0,0.0,0.0,0
C814,2097.0,22.0,1.0,0.0,102.0,0.0,38.68425041047447,0
C8143,56.0,20.0,0.0,0.0,0.0,0.0,14.191554750978824,0
C8147,1109.0,19.0,0.0,0.0,0.0,0.0,89.35216604218415,0
C815,27.0,9.0,0.0,0.0,748.0,0.0,102.8446933018987,0
C816,0.0,0.0,0.0,0.0,85.0,0.0,0.7049214836020713,0
C8169,8.0,6.0,0.0,0.0,0.0,0.0,49.855723487559466,0
C817,0.0,0.0,0.0,0.0,156.0,0.0,0.0,0
C818,5.0,5.0,0.0,0.0,77.0,0.0,0.0,0
C8182,1.0,1.0,0.0,0.0,0.0,0.0,1.08289479223677,0
C819,0.0,0.0,0.0,0.0,106.0,0.0,0.3660169241779986,0
C8194,20.0,8.0,0.0,0.0,0.0,0.0,0.6871553066981013,0
C82,0.0,0.0,0.0,0.0,69.0,0.0,0.0,0
C820,14.0,3.0,0.0,0.0,82.0,0.0,20.011451185113458,0
C8209,7.0,6.0,0.0,0.0,0.0,0.0,0.0,0
C821,0.0,0.0,0.0,0.0,134.0,0.0,0.18010356586536438,0
C8213,32.0,19.0,0.0,0.0,0.0,0.0,82.56397086683788,0
C8217,6.0,5.0,0.0,0.0,0.0,0.0,0.0,0
C8219,27.0,7.0,0.0,0.0,0.0,0.0,8.844777501789247,0
C822,0.0,0.0,0.0,0.0,93.0,0.0,5.624215888519345,0
C8227,5.0,3.0,0.0,0.0,0.0,0.0,86.20561613269902,0
C823,6.0,5.0,0.0,0.0,68.0,0.0,0.0,0
C824,3.0,1.0,0.0,0.0,210.0,0.0,0.0,0
C8240,5.0,3.0,0.0,0.0,0.0,0.0,0.6051025133667326,0
C8242,6.0,5.0,0.0,0.0,0.0,0.0,1.6065760114511851,0
C825,0.0,0.0,0.0,0.0,127.0,0.0,0.3660169241779986,0
C8251,11.0,7.0,0.0,0.0,0.0,0.0,6.973013935081885,0
C8257,12.0,5.0,0.0,0.0,0.0,0.0,11.36142803014356,0
C826,0.0,0.0,0.0,0.0,144.0,0.0,0.0,0
C8268,21.0,10.0,0.0,0.0,0.0,0.0,0.8008672588725635,0
C827,0.0,0.0,0.0,0.0,98.0,0.0,21.636845872100366,0
C828,0.0,0.0,0.0,0.0,140.0,0.0,0.0,0
C829,0.0,0.0,0.0,0.0,186.0,0.0,45.942912474213784,0
C8293,36.0,4.0,0.0,0.0,0.0,0.0,0.9049383235801793,0
C8297,1.0,1.0,0.0,0.0,0.0,0.0,0.0,0
C83,0.0,0.0,0.0,0.0,437.0,0.0,0.0,0
C830,0.0,0.0,0.0,0.0,112.0,0.0,4.496695154296299,0
C831,2021.0,23.0,1.0,0.0,89.0,0.0,25.878499557950576,0
C8310,686.0,34.0,1.0,0.0,0.0,0.0,1.1874289563423568,0
C8312,2.0,2.0,0.0,0.0,0.0,0.0,0.0,0
C8318,5.0,4.0,0.0,0.0,0.0,0.0,117.77623879088958,0
C832,1.0,1.0,0.0,0.0,1526.0,0.0,0.0,0
C8329,4.0,4.0,0.0,0.0,0.0,0.0,0.6051446133120026,0
C833,24.0,12.0,0.0,0.0,122.0,0.0,0.0,0
C8333,3.0,3.0,0.0,0.0,0.0,0.0,62.014650780953986,0
C8335,24.0,13.0,0.0,0.0,0.0,0.0,150.58426304045804,0
C834,2.0,2.0,0.0,0.0,109.0,0.0,0.0,0
C835,0.0,0.0,0.0,0.0,135.0,0.0,39.58796783564181,0
C8350,1.0,1.0,0.0,0.0,0.0,0.0,0.31377089209784026,0
C8355,13.0,7.0,0.0,0.0,0.0,0.0,0.26038816149539007,0
C8357,25.0,11.0,0.0,0.0,0.0,0.0,1.7220140613817203,0
C8359,235.0,21.0,1.0,0.0,0.0,0.0,39.54203679535217,0
C836,65.0,12.0,0.0,0.0,106.0,0.0,0.0,0
C8363,4.0,3.0,0.0,0.0,0.0,0.0,0.0,0
C837,0.0,0.0,0.0,0.0,185.0,0.0,1.9815181240264388,0
C8371,669.0,22.0,1.0,0.0,0.0,0.0,125.06129752031322,0
C8377,2.0,2.0,0.0,0.0,0.0,0.0,9.56173956973856,0
C838,0.0,0.0,0.0,0.0,146.0,0.0,0.14692880899254832,0
C8386,6.0,4.0,0.0,0.0,0.0,0.0,1.2713762472108787,0
C8388,1090.0,22.0,1.0,0.0,0.0,0.0,67.4110217656717,0
C839,0.0,0.0,0.0,0.0,68.0,0.0,0.0,0
C84,0.0,0.0,0.0,0.0,107.0,0.0,4.990148612806803,0
C840,6.0,4.0,0.0,0.0,64.0,0.0,0.0,0
C8400,82.0,9.0,0.0,0.0,0.0,0.0,0.39304508904138424,0
C841,83.0,18.0,0.0,0.0,637.0,0.0,0.0,0
C8410,42.0,12.0,0.0,0.0,0.0,0.0,0.0,0
C8416,4.0,3.0,0.0,0.0,0.0,0.0,6.403570075358902,0
C8418,41.0,7.0,0.0,0.0,0.0,0.0,0.0,0
C842,0.0,0.0,0.0,0.0,98.0,0.0,1.7754388919294406,0
C843,1549.0,23.0,1.0,0.0,77.0,0.0,25.199343240853786,0
C8431,2890.0,15.0,0.0,0.0,0.0,0.0,18.215214920220603,0
C844,0.0,0.0,0.0,0.0,82.0,0.0,0.0,0
C8443,295.0,14.0,0.0,0.0,0.0,0.0,13.13017303077506,0
C8448,9.0,6.0,0.0,0.0,0.0,0.0,0.5617816696838294,0
C845,0.0,0.0,0.0,0.0,60.0,0.0,0.0,0
C8450,48.0,14.0,0.0,0.0,0.0,0.0,0.4703405885572349,0
C846,13.0,4.0,0.0,0.0,148.0,0.0,12.11821664631836,0
C847,0.0,0.0,0.0,0.0,171.0,0.0,0.7320338483559972,0
C848,0.0,0.0,0.0,0.0,102.0,0.0,0.0,0
C8483,183.0,25.0,1.0,0.0,0.0,0.0,14.133456826506125,0
C849,0.0,0.0,0.0,441.0,1506.0,0.0,0.0,0
C8492,13.0,9.0,0.0,0.0,0.0,0.0,43.170252178672165,0
C8497,9.0,7.0,0.0,0.0,0.0,0.0,0.4642781964383446,0
C8498,9.0,6.0,0.0,0.0,0.0,0.0,10.125457836904811,0
C85,19.0,9.0,0.0,0.0,70.0,0.0,7.9277143939712875,0
C850,0.0,0.0,0.0,0.0,88.0,0.0,0.0,0
C8508,32.0,12.0,0.0,0.0,0.0,0.0,0.0,0
C851,4.0,4.0,0.0,0.0,67.0,0.0,0.7986780617185197,0
C852,0.0,0.0,0.0,0.0,121.0,0.0,0.33890455942407277,0
C8522,2.0,2.0,0.0,0.0,0.0,0.0,0.409464067696712,0
C853,0.0,0.0,0.0,0.0,64.0,0.0,17.878331158169495,0
C8533,11.0,9.0,0.0,0.0,0.0,0.0,0.0,0
C854,29.0,12.0,0.0,0.0,119.0,0.0,0.0,0
C8540,21.0,8.0,0.0,0.0,0.0,0.0,0.0,0
C8542,1.0,1.0,0.0,0.0,0.0,0.0,415740.6025344167,0
C855,114.0,13.0,0.0,0.0,103.0,0.0,6.806340251757673,0
C8555,10.0,5.0,0.0,0.0,0.0,0.0,0.5843893402938576,0
C8559,839.0,28.0,1.0,0.0,0.0,0.0,1.0119563844567,0
C856,0.0,0.0,0.0,0.0,75.0,0.0,1.551593482928472,0
C857,0.0,0.0,0.0,0.0,90.0,0.0,43.09670357428536,0
C8573,8.0,6.0,0.0,0.0,0.0,0.0,80.63638277270239,0
C858,0.0,0.0,0.0,0.0,111.0,0.0,0.0,0
C8581,9.0,7.0,0.0,0.0,0.0,0.0,0.0,0
C8583,1.0,1.0,0.0,0.0,0.0,0.0,181.73986443817623,0
C8589,4.0,4.0,0.0,0.0,0.0,0.0,144.6317517787227,0
C859,0.0,0.0,0.0,0.0,100.0,0.0,0.0,0
C8593,8.0,7.0,0.0,0.0,0.0,0.0,14.913989811813245,0
C8599,4.0,3.0,0.0,0.0,0.0,0.0,0.0,0
C86,5.0,4.0,0.0,0.0,104.0,0.0,0.14937060581821243,0
C860,0.0,0.0,0.0,0.0,132.0,0.0,0.0,0
C861,0.0,0.0,0.0,0.0,147.0,0.0,436.6248473876984,0
C8613,13.0,5.0,0.0,0.0,0.0,0.0,29.81059234622995,0
C8617,30.0,17.0,0.0,0.0,0.0,0.0,11.92299920010104,0
C862,0.0,0.0,0.0,0.0,147.0,0.0,0.0,0
C8623,75.0,20.0,0.0,0.0,0.0,0.0,14.788868774470593,0
C863,0.0,0.0,0.0,0.0,114.0,0.0,4.542163095187976,0
C864,5.0,2.0,0.0,0.0,67.0,0.0,0.0,0
C865,0.0,0.0,0.0,0.0,120.0,0.0,0.3660169241779986,0
C866,0.0,0.0,0.0,0.0,145.0,0.0,8.807013850881994,0
C8666,15.0,11.0,0.0,0.0,0.0,0.0,0.8860354481539174,0
C867,0.0,0.0,0.0,0.0,116.0,0.0,31.99355870837368,0
C8672,119.0,6.0,0.0,0.0,0.0,0.0,0.020207973729634152,0
C8675,2.0,2.0,0.0,0.0,0.0,0.0,2.1103860564981267,0
C868,0.0,0.0,0.0,0.0,679.0,0.0,4.250999873700164,0
C8685,9.0,4.0,0.0,0.0,0.0,0.0,6.210289226624005,0
C8688,7.0,4.0,0.0,0.0,0.0,0.0,15.285185029259463,0
C869,0.0,0.0,0.0,0.0,78.0,0.0,0.0,0
C8693,35.0,13.0,0.0,0.0,0.0,0.0,0.7311076495600556,0
C87,0.0,0.0,0.0,0.0,176.0,0.0,0.0,0
C870,3.0,3.0,0.0,0.0,86.0,0.0,0.0,0
C8700,2.0,2.0,0.0,0.0,0.0,0.0,16.26118806045552,0
C871,0.0,0.0,0.0,0.0,113.0,0.0,105.97419273354944,0
C8711,40.0,15.0,0.0,0.0,0.0,0.0,1.2143308213699322,0
C8713,6.0,5.0,0.0,0.0,0.0,0.0,21.901780827684924,0
C872,0.0,0.0,0.0,0.0,140.0,0.0,0.0,0
C8723,20.0,5.0,0.0,0.0,0.0,0.0,8.695112196354145,0
C873,0.0,0.0,0.0,0.0,128.0,0.0,4.7350650444154425,0
C8732,8.0,7.0,0.0,0.0,0.0,0.0,0.6398349682145413,0
C874,0.0,0.0,0.0,0.0,129.0,0.0,0.3660169241779986,0
C8743,49.0,6.0,0.0,0.0,0.0,0.0,0.3900138929819391,0
C875,52.0,13.0,0.0,0.0,63.0,0.0,6.729802551256683,0
C876,0.0,0.0,0.0,0.0,155.0,0.0,192.23529659411443,0
C8761,4.0,2.0,0.0,0.0,0.0,0.0,8.789331873868564,0
C8768,757.0,26.0,1.0,0.0,0.0,0.0,7920.400412579464,0
C877,19.0,11.0,0.0,0.0,96.0,0.0,0.0,0
C8772,9.0,5.0,0.0,0.0,0.0,0.0,14.555761377510208,0
C8774,21.0,11.0,0.0,0.0,0.0,0.0,13.886835347114049,0
C878,0.0,0.0,0.0,0.0,79.0,0.0,3.4434387235296593,0
C8784,769.0,26.0,1.0,0.0,0.0,0.0,29.46726729255252,0
C879,25.0,16.0,0.0,0.0,83.0,0.0,0.0,0
C8799,8.0,3.0,0.0,0.0,0.0,0.0,16.695743695533196,0
C88,0.0,0.0,0.0,0.0,100.0,0.0,5.771986696417295,0
C880,0.0,0.0,0.0,0.0,138.0,0.0,4.697217193617648,0
C8806,2.0,2.0,0.0,0.0,0.0,0.0,2.561402770176399,0
C881,1102.0,20.0,0.0,0.0,61.0,0.0,0.0,0
C8818,11.0,4.0,0.0,0.0,0.0,0.0,3.9705721382562205,0
C882,0.0,0.0,0.0,0.0,57.0,0.0,0.0,0
C883,2.0,2.0,0.0,0.0,55.0,0.0,0.0,0
C8833,51.0,13.0,0.0,0.0,0.0,0.0,1.0566665263335158,0
C884,0.0,0.0,0.0,0.0,87.0,0.0,0.0,0
C8846,2.0,2.0,0.0,0.0,0.0,0.0,23.352334441965226,0
C885,0.0,0.0,0.0,0.0,598.0,0.0,0.0,0
C886,0.0,0.0,0.0,0.0,116.0,0.0,0.0,0
C887,15.0,7.0,0.0,0.0,100.0,0.0,6.807350650444154,0
C8875,48.0,15.0,0.0,0.0,0.0,0.0,917.0850839893908,0
C888,0.0,0.0,0.0,0.0,190.0,0.0,5.039616048499137,0
C8882,56.0,11.0,0.0,0.0,0.0,0.0,56.74058013724582,0
C889,21.0,8.0,0.0,0.0,136.0,0.0,4.5091988380415104,0
C8895,56.0,6.0,0.0,0.0,0.0,0.0,1.321348882246453,0
C89,0.0,0.0,0.0,0.0,123.0,0.0,44.939333978865825,0
C890,0.0,0.0,0.0,0.0,97.0,0.0,36.06832821117332,0
C8901,29.0,11.0,0.0,0.0,0.0,0.0,0.8507556940175978,0
C891,0.0,0.0,0.0,0.0,60.0,0.0,0.0,0
C8910,19.0,9.0,0.0,0.0,0.0,0.0,0.2805961352250242,0
C8912,3.0,2.0,0.0,0.0,0.0,0.0,7948.165747484528,0
C8914,1075.0,22.0,1.0,0.0,0.0,0.0,1.4746347829747821,0
C892,0.0,0.0,0.0,0.0,85.0,0.0,0.0,0
C893,0.0,0.0,0.0,0.0,118.0,0.0,6.908937818380836,0
C8934,31.0,3.0,0.0,0.0,0.0,0.0,0.0,0
C894,1147.0,21.0,1.0,0.0,115.0,0.0,41.68538710899676,0
C895,0.0,0.0,0.0,0.0,182.0,0.0,0.3660169241779986,0
C8951,420.0,22.0,1.0,0.0,0.0,0.0,32.86511177535469,0
C8958,1520.0,27.0,1.0,0.0,0.0,0.0,1.0434471435187134,0
C896,0.0,0.0,0.0,0.0,88.0,0.0,12.942238875089462,0
C8968,39.0,6.0,0.0,0.0,0.0,0.0,0.3691744200732539,0
C897,0.0,0.0,0.0,0.0,100.0,0.0,0.0,0
C8972,72.0,15.0,0.0,0.0,0.0,0.0,0.0,0
C898,0.0,0.0,0.0,0.0,213.0,0.0,48.90135982823222,0
C8982,45.0,18.0,0.0,0.0,0.0,0.0,0.7251715572769756,0
C8988,1.0,1.0,0.0,0.0,0.0,0.0,0.11236475392581989,0
C899,0.0,0.0,0.0,0.0,86.0,0.0,0.0,0
C8990,5.0,3.0,0.0,0.0,0.0,0.0,0.2534837704710984,0
C9,0.0,0.0,0.0,0.0,186.0,0.0,0.0,0
C90,6.0,2.0,0.0,0.0,69.0,0.0,0.0,0
C900,0.0,0.0,0.0,0.0,67.0,0.0,0.0,0
C901,0.0,0.0,0.0,0.0,101.0,0.0,0.0,0
C9017,1.0,1.0,0.0,0.0,0.0,0.0,0.0,0
C902,1619.0,21.0,1.0,0.0,78.0,0.0,29.174293773418096,0
C903,0.0,0.0,0.0,0.0,156.0,0.0,31.23563339367659,0
C9030,19.0,13.0,0.0,0.0,0.0,0.0,3.0246705679282617,0
C904,0.0,0.0,0.0,0.0,3.0,0.0,6.403822675030522,0
C9042,5.0,4.0,0.0,0.0,0.0,0.0,0.5675072622405591,0
C9046,21.0,8.0,0.0,0.0,0.0,0.0,10.720287963625648,0
C905,0.0,0.0,0.0,0.0,85.0,0.0,0.0,0
C906,0.0,0.0,0.0,0.0,74.0,0.0,0.0,0
C9063,740.0,7.0,0.0,0.0,0.0,0.0,0.0,0
C9064,6.0,3.0,0.0,0.0,0.0,0.0,62.477960678651115,0
C9067,7.0,5.0,0.0,0.0,0.0,0.0,175.35987033216855,0
C907,0.0,0.0,0.0,0.0,72.0,0.0,0.0,0
C908,0.0,0.0,0.0,0.0,73.0,0.0,4.279375236812192,0
C9080,7.0,4.0,0.0,0.0,0.0,0.0,4157.963541447396,0
C9082,7.0,7.0,0.0,0.0,0.0,0.0,63.46154169999579,0
C909,0.0,0.0,0.0,0.0,95.0,0.0,4.182882162253189,0
C9091,24.0,7.0,0.0,0.0,0.0,0.0,52.05763482507473,0
C9095,16.0,9.0,0.0,0.0,0.0,0.0,0.0,0
C9099,3.0,3.0,0.0,0.0,0.0,0.0,0.0,0
C91,0.0,0.0,0.0,0.0,197.0,0.0,14.179893066139014,0
C910,0.0,0.0,0.0,0.0,142.0,0.0,0.0,0
C9101,9.0,5.0,0.0,0.0,0.0,0.0,0.8592177830168821,0
C911,0.0,0.0,0.0,0.0,10.0,0.0,0.0,0
C9110,4.0,4.0,0.0,0.0,0.0,0.0,0.0,0
C9119,13.0,9.0,0.0,0.0,0.0,0.0,41.657769544899594,0
C912,0.0,0.0,0.0,0.0,50.0,0.0,19.452742811434344,0
C9127,10.0,2.0,0.0,0.0,0.0,0.0,16.341346356249737,0
C9128,8.0,6.0,0.0,0.0,0.0,0.0,85.34214625520987,0
C913,0.0,0.0,0.0,0.0,109.0,0.0,0.0,0
C914,0.0,0.0,0.0,0.0,91.0,0.0,8.393760788110976,0
C9146,3.0,3.0,0.0,0.0,0.0,0.0,0.15640129667831432,0
C9148,15.0,9.0,0.0,0.0,0.0,0.0,51.95735275544142,0
C915,0.0,0.0,0.0,0.0,57.0,0.0,0.0,0
C916,9.0,3.0,0.0,0.0,120.0,0.0,6.645771060497621,0
C9165,5.0,4.0,0.0,0.0,0.0,0.0,1.0618027196564646,0
C9168,2.0,2.0,0.0,0.0,0.0,0.0,0.7463899296930914,0
C917,0.0,0.0,0.0,0.0,51.0,0.0,0.0,0
C918,0.0,0.0,0.0,0.0,91.0,0.0,0.0,0
C9188,3.0,3.0,0.0,0.0,0.0,0.0,1.8435987033216856,0
C919,0.0,0.0,0.0,0.0,438.0,0.0,5.252304972003536,0
C9194,2.0,2.0,0.0,0.0,0.0,0.0,0.0,0
C92,33.0,14.0,0.0,0.0,611.0,0.0,0.0,0
C920,2098.0,19.0,0.0,0.0,100.0,0.0,25.895802635456572,0
C9201,1106.0,6.0,0.0,0.0,0.0,0.0,0.0,0
C9204,32.0,18.0,0.0,0.0,0.0,0.0,10.125036837452111,0
C9209,22.0,11.0,0.0,0.0,0.0,0.0,0.0,0
C921,2.0,2.0,0.0,0.0,11070.0,0.0,0.0,0
C9211,3.0,3.0,0.0,0.0,0.0,0.0,11.867300972508735,0
C9219,1556.0,29.0,1.0,0.0,0.0,0.0,12.356670736328043,0
C922,45.0,12.0,0.0,0.0,102.0,0.0,0.0,0
C923,0.0,0.0,0.0,0.0,73.0,0.0,0.0,0
C924,0.0,0.0,0.0,0.0,112.0,0.0,438.9705721382562,0
C9244,8.0,5.0,0.0,0.0,0.0,0.0,0.0,0
C9246,25.0,16.0,0.0,0.0,0.0,0.0,0.0,0
C9248,32.0,12.0,0.0,0.0,0.0,0.0,7775.260682861112,0
C925,0.0,0.0,0.0,0.0,68.0,0.0,6.83450511514335,0
C9256,30.0,9.0,0.0,0.0,0.0,0.0,15.398265482254873,0
C926,2.0,2.0,0.0,0.0,195.0,0.0,0.0,0
C9262,24.0,12.0,0.0,0.0,0.0,0.0,0.37932050688334107,0
C9266,7.0,4.0,0.0,0.0,0.0,0.0,4.660337641561066,0
C927,0.0,0.0,0.0,0.0,204.0,0.0,0.0,0
C9270,11.0,7.0,0.0,0.0,0.0,0.0,1.6019871174167473,0
C9279,48.0,10.0,0.0,0.0,0.0,0.0,0.3021092072580306,0
C928,0.0,0.0,0.0,0.0,103.0,0.0,4.212520523723319,0
C9281,33.0,16.0,0.0,0.0,0.0,0.0,59.39889698143392,0
C9287,12.0,6.0,0.0,0.0,0.0,0.0,336.2641350566244,0
C9289,4.0,2.0,0.0,0.0,0.0,0.0,0.7641561065970615,0
C929,0.0,0.0,0.0,0.0,8.0,0.0,0.0,0
C9291,2.0,2.0,0.0,0.0,0.0,0.0,36.9291036921652,0
C9295,7.0,3.0,0.0,0.0,0.0,0.0,0.12061634319875385,0
C9297,2.0,2.0,0.0,0.0,0.0,0.0,1.7476529280511934,0
C9298,20.0,11.0,0.0,0.0,0.0,0.0,0.0,0
C93,1.0,1.0,0.0,0.0,53.0,0.0,0.0,0
C930,1.0,1.0,0.0,0.0,346.0,0.0,151.42630404580473,0
C9303,3.0,3.0,0.0,0.0,0.0,0.0,11.190039152949101,0
C931,0.0,0.0,0.0,0.0,83.0,0.0,0.0,0
C9315,34.0,8.0,0.0,0.0,0.0,0.0,0.3790258072664506,0
C9317,17.0,10.0,0.0,0.0,0.0,0.0,93.99566370563718,0
C9319,2.0,2.0,0.0,0.0,0.0,0.0,0.0,0
C932,0.0,0.0,0.0,0.0,80.0,0.0,4.57975834631415,0
C9323,36.0,12.0,0.0,0.0,0.0,0.0,1.3478718477665979,0
C9325,1.0,1.0,0.0,0.0,0.0,0.0,6.237485791268472,0
C9327,22.0,6.0,0.0,0.0,0.0,0.0,13.531217109417758,0
C933,0.0,0.0,0.0,0.0,138.0,0.0,0.0,0
C934,0.0,0.0,0.0,0.0,130.0,0.0,0.0,0
C9343,53.0,15.0,0.0,0.0,0.0,0.0,0.5790005472992885,0
C9345,54.0,17.0,0.0,0.0,0.0,0.0,0.0,0
C935,0.0,0.0,0.0,0.0,85.0,0.0,0.32193828148023407,0
C9353,8.0,5.0,0.0,0.0,0.0,0.0,0.26973434934534585,0
C9355,75.0,9.0,0.0,0.0,0.0,0.0,1.4501326148276008,0
C9359,20.0,9.0,0.0,0.0,0.0,0.0,0.32256978065928515,0
C936,1.0,1.0,0.0,0.0,494.0,0.0,17.32505367743022,0
C937,57.0,13.0,0.0,0.0,119.0,0.0,0.0,0
C9378,102.0,9.0,0.0,0.0,0.0,0.0,0.904096324674778,0
C938,11.0,7.0,0.0,0.0,168.0,0.0,0.0,0
C9388,22.0,2.0,0.0,0.0,0.0,0.0,132.98084452490212,0
C9389,17.0,15.0,0.0,0.0,0.0,0.0,1.7267713551972383,0
C939,3.0,1.0,0.0,0.0,109.0,0.0,0.0,0
C9394,6.0,4.0,0.0,0.0,0.0,0.0,0.0,0
C94,169.0,16.0,0.0,0.0,78.0,0.0,0.0,0
C940,0.0,0.0,0.0,0.0,138.0,0.0,6.381762303709005,0
C9402,8.0,4.0,0.0,0.0,0.0,0.0,351.8870458468404,0
C941,6.0,4.0,0.0,0.0,41.0,0.0,0.0,0
C9416,40.0,18.0,0.0,0.0,0.0,0.0,19.419315454889908,0
C942,0.0,0.0,0.0,0.0,204.0,0.0,0.0,0
C9420,1.0,1.0,0.0,0.0,0.0,0.0,0.0,0
C9426,673.0,15.0,0.0,0.0,0.0,0.0,42.86262787858376,0
C943,0.0,0.0,0.0,0.0,77.0,0.0,0.0,0
C9434,2.0,2.0,0.0,0.0,0.0,0.0,0.2075106302361807,0
C9439,13.0,10.0,0.0,0.0,0.0,0.0,2.7339283458931503,0
C944,0.0,0.0,0.0,0.0,105.0,0.0,0.0,0
C9441,1.0,1.0,0.0,0.0,0.0,0.0,0.0,0
C9443,6.0,6.0,0.0,0.0,0.0,0.0,738.4786342777754,0
C9445,53.0,15.0,0.0,0.0,0.0,0.0,2.289268723950659,0
C945,0.0,0.0,0.0,0.0,85.0,0.0,78.99768450301015,0
C9456,3.0,2.0,0.0,0.0,0.0,0.0,0.3873194964846546,0
C946,133.0,16.0,0.0,0.0,660.0,0.0,0.33890455942407277,0
C9464,121.0,14.0,0.0,0.0,0.0,0.0,35.749379025807265,0
C947,0.0,0.0,0.0,0.0,94.0,0.0,0.3660169241779986,0
C9479,13.0,5.0,0.0,0.0,0.0,0.0,10.367827221824612,0
C948,0.0,0.0,0.0,0.0,62.0,0.0,0.0,0
C9483,20.0,9.0,0.0,0.0,0.0,0.0,0.0,0
C9487,2.0,2.0,0.0,0.0,0.0,0.0,0.24767397802382857,0
C949,0.0,0.0,0.0,0.0,62.0,0.0,0.0,0
C9495,7.0,4.0,0.0,0.0,0.0,0.0,20.28404833073717,0
C95,0.0,0.0,0.0,0.0,77.0,0.0,3.4356923335999663,0
C950,0.0,0.0,0.0,0.0,74.0,0.0,0.0,0
C9506,4.0,2.0,0.0,0.0,0.0,0.0,1.1358144234412495,0
C951,31.0,9.0,0.0,0.0,124.0,0.0,0.0,0
C9518,10.0,2.0,0.0,0.0,0.0,0.0,40.436408032669554,0
C952,0.0,0.0,0.0,0.0,80.0,0.0,4.454637308971498,0
C9521,50.0,13.0,0.0,0.0,0.0,0.0,5.500568349261146,0
C9526,9.0,8.0,0.0,0.0,0.0,0.0,0.0,0
C9527,8.0,7.0,0.0,0.0,0.0,0.0,37.71616216898918,0
C953,0.0,0.0,0.0,0.0,183.0,0.0,2.9115059150423104,0
C9535,1005.0,25.0,1.0,0.0,0.0,0.0,3.7599040121247844,0
C954,0.0,0.0,0.0,0.0,104.0,0.0,0.0,0
C9549,20.0,11.0,0.0,0.0,0.0,0.0,0.0,0
C955,0.0,0.0,0.0,0.0,118.0,0.0,0.3660169241779986,0
C9557,1.0,1.0,0.0,0.0,0.0,0.0,0.0,0
C956,0.0,0.0,0.0,0.0,141.0,0.0,0.0,0
C957,2.0,2.0,0.0,0.0,163.0,0.0,0.0,0
C9570,19.0,8.0,0.0,0.0,0.0,0.0,11.158927293394518,0
C9578,808.0,29.0,1.0,0.0,0.0,0.0,0.24813707742179936,0
C958,0.0,0.0,0.0,0.0,130.0,0.0,27.20237443691323,0
C9585,3.0,1.0,0.0,0.0,0.0,0.0,27.76950279964636,0
C9589,6.0,5.0,0.0,0.0,0.0,0.0,3.551551382983202,0
C959,21.0,4.0,0.0,0.0,74.0,0.0,0.0,0
C9593,16.0,10.0,0.0,0.0,0.0,0.0,0.0,0
C9595,12.0,6.0,0.0,0.0,0.0,0.0,17.520018523975917,0
C9599,57.0,8.0,0.0,0.0,0.0,0.0,14.332210668126132,0
C96,0.0,0.0,0.0,0.0,65.0,0.0,0.0777585989138214,0
C960,0.0,0.0,0.0,0.0,100.0,0.0,0.0,0
C9603,1.0,1.0,0.0,0.0,0.0,0.0,0.0,0
C961,18.0,9.0,0.0,0.0,73.0,0.0,22.753210120826843,0
C9610,16.0,8.0,0.0,0.0,0.0,0.0,9425.521702521786,0
C962,0.0,0.0,0.0,0.0,72.0,0.0,15.665642234665095,0
C9621,2.0,2.0,0.0,0.0,0.0,0.0,2.3476192480949774,0
C9627,1138.0,27.0,1.0,0.0,0.0,0.0,82.97377173409674,0
C963,0.0,0.0,0.0,0.0,113.0,0.0,0.0,0
C964,0.0,0.0,0.0,0.0,98.0,0.0,0.0,0
C965,0.0,0.0,0.0,423.0,3788.0,0.0,0.0,0
C9651,19.0,11.0,0.0,0.0,0.0,0.0,9.078726897655033,0
C966,0.0,0.0,0.0,0.0,86.0,0.0,0.0,0
C9663,5.0,5.0,0.0,0.0,0.0,0.0,1.8740369637519472,0
C967,0.0,0.0,0.0,0.0,1696.0,0.0,4.382772702395487,0
C9679,2.0,2.0,0.0,0.0,0.0,0.0,114.41573695954196,0
C968,13.0,5.0,0.0,0.0,178.0,0.0,0.0,0
C969,0.0,0.0,0.0,0.0,100.0,0.0,0.0,0
C9696,1457.0,18.0,0.0,0.0,0.0,0.0,31.309897697132993,0
C97,37.0,12.0,0.0,0.0,99.0,0.0,0.0,0
C970,0.0,0.0,0.0,0.0,127.0,0.0,90.06588641434766,0
C9704,21.0,12.0,0.0,0.0,0.0,0.0,17.724413758262113,0
C9705,204.0,21.0,1.0,0.0,0.0,0.0,0.0,0
C971,0.0,0.0,0.0,0.0,77.0,0.0,0.0,0
C9711,11.0,9.0,0.0,0.0,0.0,0.0,0.0,0
C9715,611.0,23.0,1.0,0.0,0.0,0.0,0.39435018734475646,0
C9717,16.0,11.0,0.0,0.0,0.0,0.0,0.20831052919631204,0
C972,3.0,1.0,0.0,0.0,83.0,0.0,11.400707279080537,0
C9727,36.0,21.0,0.0,0.0,0.0,0.0,48.94918536605903,0
C973,0.0,0.0,0.0,0.0,61.0,0.0,0.0,0
C9731,1.0,1.0,0.0,0.0,0.0,0.0,0.0,0
C974,0.0,0.0,0.0,0.0,74.0,0.0,0.0,0
C9745,5.0,5.0,0.0,0.0,0.0,0.0,0.5782427482844272,0
C9747,4.0,3.0,0.0,0.0,0.0,0.0,2.3889613943501873,0
C9749,1.0,1.0,0.0,0.0,0.0,0.0,2.626152486001768,0
C975,0.0,0.0,0.0,0.0,83.0,0.0,0.0,0
C9756,13.0,2.0,0.0,0.0,0.0,0.0,1.237822590830632,0
C976,0.0,0.0,0.0,0.0,208.0,0.0,0.3660169241779986,0
C9762,8.0,7.0,0.0,0.0,0.0,0.0,79.57146465709594,0
C9764,1.0,1.0,0.0,0.0,0.0,0.0,2.850797793962868,0
C977,27.0,21.0,0.0,0.0,105.0,0.0,0.0,0
C9774,10.0,5.0,0.0,0.0,0.0,0.0,1.1398560181871764,0
C978,13.0,6.0,0.0,0.0,63.0,0.0,4.901275628341683,0
C9786,3.0,3.0,0.0,0.0,0.0,0.0,0.0,0
C9788,2.0,2.0,0.0,0.0,0.0,0.0,0.0,0
C979,0.0,0.0,0.0,0.0,251.0,0.0,80.90704332084368,0
C9793,2.0,2.0,0.0,0.0,0.0,0.0,75.2086052288132,0
C9799,20.0,8.0,0.0,0.0,0.0,0.0,0.14048751736622742,0
C98,0.0,0.0,0.0,0.0,66.0,0.0,0.0,0
C980,0.0,0.0,0.0,0.0,90.0,0.0,26.974529533111607,0
C9803,4.0,2.0,0.0,0.0,0.0,0.0,6.062139519218625,0
C9806,488.0,24.0,1.0,0.0,0.0,0.0,1.7749336925861996,0
C981,4.0,2.0,0.0,0.0,65.0,0.0,0.0,0
C9810,9.0,6.0,0.0,0.0,0.0,0.0,272.6802930156191,0
C9815,17.0,12.0,0.0,0.0,0.0,0.0,20.542710394476487,0
C9818,31.0,8.0,0.0,0.0,0.0,0.0,13.28985812318444,0
C982,0.0,0.0,0.0,0.0,63.0,0.0,0.0,0
C9829,58.0,10.0,0.0,0.0,0.0,0.0,11.864564476066182,0
C983,0.0,0.0,0.0,0.0,53.0,0.0,0.3105291963120448,0
C9835,802.0,18.0,0.0,0.0,0.0,0.0,0.23967498842251506,0
C984,0.0,0.0,0.0,0.0,139.0,0.0,4.221151012503684,0
C985,0.0,0.0,0.0,0.0,109.0,0.0,38.127815433839935,0
C986,0.0,0.0,0.0,0.0,203.0,0.0,6.8197701342988255,0
C9860,9.0,4.0,0.0,0.0,0.0,0.0,74.65347535048204,0
C9866,7.0,4.0,0.0,0.0,0.0,0.0,2.8708373679114216,0
C987,0.0,0.0,0.0,0.0,69.0,0.0,0.0,0
C9870,674.0,12.0,0.0,0.0,0.0,0.0,6.582284343030354,0
C9877,5.0,3.0,0.0,0.0,0.0,0.0,17.554077379699407,0
C988,0.0,0.0,0.0,32.0,9612.0,0.0,0.0,0
C9884,8.0,7.0,0.0,0.0,0.0,0.0,242.82200143139815,0
C989,0.0,0.0,0.0,0.0,166.0,0.0,5.703195385845999,0
C9897,13.0,6.0,0.0,0.0,0.0,0.0,0.5921357302235507,0
C99,3.0,2.0,0.0,0.0,98.0,0.0,0.0,0
C990,0.0,0.0,0.0,0.0,69.0,0.0,0.0,0
C991,0.0,0.0,0.0,0.0,77.0,0.0,3.275923041300046,0
C992,1617.0,22.0,1.0,15.0,169.0,0.0,43.29491011661685,0
C9921,523.0,27.0,1.0,0.0,0.0,0.0,1.9489327663874036,0
C9927,25.0,13.0,0.0,0.0,0.0,0.0,13.343872352965942,0
C993,0.0,0.0,0.0,0.0,69.0,0.0,5.507472740285437,0
C9935,1.0,1.0,0.0,0.0,0.0,0.0,61.27924893697638,0
C9939,1.0,1.0,0.0,0.0,0.0,0.0,0.9557950574664253,0
C994,0.0,0.0,0.0,0.0,105.0,0.0,4.7279501536648,0
C9943,29.0,14.0,0.0,0.0,0.0,0.0,15.494463857196985,0
C9945,11.0,8.0,0.0,0.0,0.0,0.0,51.56733886245948,0
C995,0.0,0.0,0.0,0.0,72.0,0.0,3.3392413589862335,0
C9950,21.0,13.0,0.0,0.0,0.0,0.0,68.4962741548436,0
C9954,13.0,8.0,0.0,0.0,0.0,0.0,36.38483559971372,0
C996,0.0,0.0,0.0,0.0,104.0,0.0,0.691702100787269,0
C9960,115.0,3.0,0.0,0.0,0.0,0.0,0.0,0
C9966,21.0,13.0,0.0,0.0,0.0,0.0,2.4176735570243757,0
C9968,17.0,11.0,0.0,0.0,0.0,0.0,0.0,0
C997,3.0,2.0,0.0,0.0,143.0,0.0,7.820864732875847,0
C9970,5.0,4.0,0.0,0.0,0.0,0.0,0.28808992548309686,0
C9972,43.0,18.0,0.0,0.0,0.0,0.0,12.911842714604472,0
C998,0.0,0.0,0.0,0.0,176.0,0.0,0.7286658527343914,0
C999,21.0,7.0,0.0,0.0,96.0,0.0,43.36450132614828,0
C9996,33.0,10.0,0.0,0.0,0.0,0.0,0.0,0
